id,produto_id,quantidade,data_compra,custo_total
1,454,93,2025-01-23 03:55:50.051533,20024.76
2,394,42,2025-05-30 23:24:29.732431,9712.92
3,491,53,2025-06-21 16:24:23.808410,2695.05
4,384,12,2025-01-13 18:55:38.864378,4085.16
5,388,87,2024-11-29 13:35:31.174950,29767.92
6,244,37,2025-03-29 10:13:24.477259,12486.02
7,100,32,2024-11-23 12:31:18.025733,349.12
8,104,69,2025-09-05 11:23:52.443507,10520.43
9,130,46,2024-12-27 15:39:02.779595,7194.86
10,213,79,2025-04-19 02:13:12.917033,8358.2
11,355,65,2025-06-15 14:18:26.019936,7042.1
12,222,72,2025-09-26 22:01:03.100698,26068.32
13,140,95,2025-07-04 19:10:09.174470,15501.15
14,53,66,2025-09-30 16:08:07.345359,9583.2
15,491,25,2025-05-21 10:01:36.143337,8137.0
16,358,73,2025-04-01 18:57:04.927269,7747.49
17,373,48,2025-07-11 20:55:51.843517,12351.36
18,35,82,2025-04-27 18:28:40.419838,4810.94
19,484,55,2025-04-28 09:03:40.454662,20051.35
20,9,82,2025-08-29 18:10:20.888976,12670.64
21,241,20,2024-11-10 21:16:24.728498,780.2
22,302,79,2024-11-11 13:42:32.509266,22703.02
23,497,52,2025-04-29 14:33:03.193125,2321.28
24,318,14,2025-04-10 04:56:43.436918,3095.82
25,464,61,2025-02-03 23:09:37.741709,1700.68
26,443,12,2025-10-29 07:42:52.920729,1955.64
27,450,46,2024-11-19 01:47:39.685547,14446.3
28,112,55,2025-10-24 01:04:39.537651,5899.3
29,406,65,2025-03-03 04:52:42.685563,23777.65
30,472,75,2024-11-13 20:11:47.013294,29365.5
31,381,16,2025-07-29 05:26:36.382864,4941.28
32,377,16,2025-02-02 03:49:54.226957,5688.16
33,379,57,2025-08-03 17:14:05.293829,18351.15
34,98,38,2025-09-12 23:26:12.586375,4472.6
35,157,46,2025-10-31 15:11:41.736762,6017.26
36,362,74,2025-07-31 00:30:28.211697,13156.46
37,159,50,2025-05-09 00:57:02.999528,13053.0
38,466,25,2025-10-29 10:55:28.600744,4308.5
39,189,71,2025-03-07 08:47:05.648411,13866.3
40,198,38,2025-02-03 10:48:27.654034,11236.98
41,251,81,2025-02-10 02:16:40.840847,30404.16
42,205,66,2025-05-12 11:34:05.735291,25304.4
43,86,45,2025-07-20 15:35:51.452756,4426.65
44,478,10,2025-07-28 19:29:16.233110,3842.7
45,395,11,2025-08-29 04:27:17.947438,1246.74
46,492,60,2025-01-14 15:20:06.635128,6952.2
47,291,93,2024-11-26 00:37:15.279505,11133.96
48,195,99,2025-04-01 20:53:54.617489,966.24
49,93,83,2025-01-09 04:42:37.730676,26964.21
50,429,84,2025-10-03 17:44:41.656726,1052.52
51,62,52,2025-10-26 12:44:13.239759,5881.2
52,190,99,2024-12-29 16:44:05.891784,28373.4
53,344,31,2025-06-06 10:41:50.433531,10272.47
54,304,49,2025-01-29 17:36:38.959013,12250.49
55,387,18,2025-06-15 17:56:21.799084,6014.7
56,65,83,2025-07-06 01:15:41.538059,2934.88
57,435,63,2025-08-14 15:11:11.242198,15706.53
58,37,47,2025-04-10 01:55:40.992908,385.4
59,86,70,2025-09-22 23:39:32.451839,20246.8
60,169,52,2025-01-19 18:31:07.269072,12864.28
61,377,72,2024-12-04 18:09:32.224131,1035.36
62,443,52,2025-10-10 17:27:06.171689,18631.08
63,8,32,2025-02-05 12:06:36.904228,8952.32
64,402,12,2025-09-15 23:09:12.570654,3412.08
65,386,46,2025-04-06 14:06:39.508592,7956.16
66,428,41,2024-12-19 09:12:23.876678,15973.19
67,226,80,2024-11-13 21:01:22.157397,5718.4
68,83,35,2025-02-08 12:27:03.000589,8787.8
69,161,81,2025-05-14 04:59:47.226621,30818.88
70,280,68,2025-07-14 04:04:14.307850,15120.48
71,152,32,2025-08-18 19:24:27.437254,12602.56
72,4,50,2025-07-31 01:57:22.366219,19850.5
73,326,29,2025-07-07 12:56:46.058716,2515.46
74,449,23,2025-04-19 09:56:07.723764,2138.77
75,351,97,2025-01-18 09:07:10.370805,12900.03
76,328,60,2024-11-22 16:27:47.871667,4716.0
77,49,76,2025-09-22 05:34:46.629304,8730.88
78,417,67,2025-11-06 01:09:29.895014,6803.85
79,6,30,2025-04-06 02:47:11.538529,310.5
80,169,72,2025-09-23 05:51:23.034353,14039.28
81,302,52,2025-02-27 20:37:46.661116,10218.0
82,453,96,2025-07-08 00:49:45.547136,33095.04
83,185,32,2024-11-10 11:45:02.870476,3709.12
84,267,14,2024-12-07 07:01:00.554831,3119.62
85,199,19,2024-12-07 05:17:56.318529,6347.33
86,370,38,2025-04-18 12:23:46.581091,13627.94
87,274,63,2025-07-20 07:54:19.579035,16848.09
88,275,87,2025-02-01 12:32:35.423275,10607.04
89,266,83,2025-06-29 05:18:20.030742,24367.97
90,284,32,2025-09-09 22:15:12.830012,10259.52
91,315,64,2025-10-27 19:48:19.542241,12148.48
92,354,95,2025-03-02 17:54:34.023599,20651.1
93,311,53,2025-04-25 02:13:28.314407,18930.54
94,397,16,2025-01-28 19:48:14.587772,5535.36
95,380,45,2024-11-20 19:01:31.894630,12337.65
96,357,80,2025-11-06 22:34:58.367532,18049.6
97,17,97,2025-10-09 18:55:02.550443,29333.77
98,286,42,2025-03-17 23:32:29.038999,3179.82
99,414,70,2024-12-23 07:19:08.955042,9864.4
100,313,97,2025-06-21 08:36:56.812334,6643.53
101,317,17,2025-06-20 01:15:37.969235,3764.31
102,4,34,2025-06-05 00:52:36.306570,5529.76
103,247,48,2025-09-25 23:58:57.548763,17392.8
104,165,72,2025-11-05 13:53:03.264322,20490.48
105,443,60,2025-03-19 12:33:42.498863,322.8
106,489,79,2025-10-22 18:51:11.965088,11319.91
107,489,52,2025-06-12 18:26:03.440469,19257.68
108,404,31,2025-01-20 02:08:29.949144,11510.92
109,297,33,2025-01-14 08:03:21.806237,3694.68
110,496,32,2025-01-29 16:37:45.293740,1727.68
111,325,48,2025-10-14 07:40:08.171573,13854.24
112,10,70,2025-06-10 03:35:38.642299,10366.3
113,277,63,2025-05-04 20:05:18.508779,18767.7
114,165,91,2025-03-01 22:05:58.472357,4206.93
115,334,46,2025-06-03 21:20:30.385581,3028.64
116,436,37,2025-03-20 13:05:09.526616,5305.8
117,26,95,2025-09-13 20:01:19.141446,13207.85
118,72,57,2025-01-19 22:43:50.608147,10320.42
119,20,71,2025-05-15 15:45:01.045642,1188.54
120,296,63,2025-02-10 22:26:44.982766,15956.01
121,195,33,2025-07-09 16:53:21.717788,11041.14
122,335,80,2024-11-07 17:43:40.960097,17315.2
123,244,16,2025-02-20 16:45:39.823995,3063.36
124,346,78,2025-01-04 23:21:50.492796,3579.42
125,118,68,2025-10-19 05:13:31.190948,15155.84
126,100,60,2025-11-02 01:23:21.008282,16944.6
127,460,97,2025-04-14 13:22:26.758157,25505.18
128,58,71,2025-04-10 21:52:15.004560,22673.85
129,452,17,2025-10-12 21:52:03.964583,6054.55
130,116,73,2025-04-19 21:33:53.754686,4665.43
131,12,88,2025-07-01 17:45:13.638008,22694.32
132,188,64,2025-03-29 00:09:28.335105,1197.44
133,50,19,2024-12-16 20:30:58.203024,4456.45
134,129,10,2025-04-29 23:34:27.693887,2224.2
135,201,19,2025-04-04 14:05:38.622960,7159.96
136,497,37,2025-08-13 04:00:08.582250,2039.07
137,87,87,2025-01-21 04:32:06.779369,29345.1
138,25,28,2025-02-17 22:42:44.268116,469.0
139,340,27,2025-09-09 03:27:26.544761,4690.98
140,122,19,2025-07-20 11:17:01.709747,704.9
141,219,49,2025-04-19 04:40:44.570312,8156.05
142,188,45,2025-10-05 08:00:36.262159,12294.0
143,202,50,2025-02-24 09:12:15.559416,11253.0
144,457,47,2025-03-22 01:13:40.083676,14865.16
145,293,93,2024-12-27 16:49:44.560119,22911.48
146,234,48,2025-05-19 04:17:19.003467,18355.2
147,27,64,2025-04-16 23:21:43.563998,20200.32
148,11,57,2024-12-05 09:47:23.696950,6327.0
149,73,41,2025-10-05 02:34:51.853937,3085.66
150,10,89,2025-07-02 19:46:10.977547,4853.17
151,434,64,2025-03-22 21:09:26.129187,6078.08
152,265,24,2025-09-08 17:38:41.122186,3459.84
153,351,92,2025-06-10 03:10:45.773042,8958.04
154,31,30,2025-07-11 05:13:24.902592,8315.7
155,66,78,2025-05-25 12:56:47.985995,7009.86
156,365,99,2024-12-16 11:39:44.167185,39238.65
157,32,83,2024-12-20 05:45:39.599160,1118.01
158,42,76,2025-05-04 03:26:51.071651,26957.96
159,51,68,2024-12-19 16:44:50.889668,2040.0
160,298,52,2025-02-25 13:38:59.376132,8561.8
161,408,75,2025-02-25 08:29:02.182223,27477.0
162,123,51,2024-12-21 10:45:33.381052,3454.74
163,37,73,2025-03-21 20:14:14.204847,14847.47
164,411,69,2025-05-10 10:18:06.624778,8059.2
165,458,56,2025-09-03 02:54:46.556132,6801.2
166,412,98,2025-07-22 20:45:49.858691,32351.76
167,272,73,2025-08-14 04:22:31.782600,10914.23
168,418,84,2025-07-25 07:30:43.096489,19616.52
169,469,82,2025-06-29 21:23:57.201178,26208.84
170,223,78,2025-03-29 05:34:49.189928,20742.54
171,271,49,2025-08-24 20:59:31.878592,19496.12
172,106,83,2025-08-16 15:23:09.337655,31535.85
173,299,20,2025-02-22 02:02:10.464586,3324.8
174,350,13,2025-10-19 02:55:38.686853,4631.9
175,96,91,2024-12-24 22:34:08.844616,12578.02
176,33,74,2025-02-09 05:47:20.404706,23699.98
177,253,26,2025-07-27 17:50:54.190503,7379.58
178,187,93,2025-06-21 02:55:25.020758,7288.41
179,135,90,2025-10-16 05:24:27.974041,10530.0
180,278,78,2025-05-03 03:47:55.330637,4077.06
181,241,52,2025-05-18 11:35:39.853847,13313.56
182,234,18,2024-11-23 00:07:14.944310,6201.0
183,436,34,2025-01-06 14:57:38.082612,1861.16
184,379,47,2024-12-06 06:26:09.239325,3304.57
185,249,47,2025-11-04 15:46:32.217618,9066.77
186,478,70,2025-01-13 23:10:27.593298,5938.8
187,40,31,2025-02-22 08:44:13.125906,7458.6
188,386,80,2025-02-04 14:24:15.117078,13260.8
189,22,58,2025-10-22 02:41:07.524043,17549.64
190,233,45,2025-02-03 10:01:44.205997,8655.3
191,246,40,2025-01-17 12:38:44.005109,7538.8
192,413,40,2025-07-09 05:32:56.027275,15403.6
193,457,89,2025-09-21 21:31:01.444567,6748.87
194,109,61,2025-04-14 23:30:52.201786,13703.65
195,46,48,2024-12-24 20:00:57.377233,6463.68
196,207,62,2025-08-19 00:18:38.492468,21764.48
197,156,63,2025-04-07 17:56:06.239082,22712.13
198,34,37,2025-02-20 10:51:50.362856,2520.44
199,170,44,2025-10-20 14:25:36.716509,11818.84
200,107,21,2025-08-22 16:09:22.765402,7631.19
201,49,92,2025-10-29 09:33:26.950203,30152.08
202,352,89,2025-07-26 04:50:31.009467,15576.78
203,233,38,2024-12-27 18:49:36.855881,6700.92
204,151,20,2025-05-11 08:29:12.855740,3775.2
205,326,34,2025-08-15 09:56:35.128356,5738.18
206,498,55,2024-12-22 06:36:29.772901,16181.0
207,118,88,2025-03-12 12:16:50.407460,9224.16
208,145,89,2025-08-11 05:23:14.661478,27210.86
209,146,63,2025-01-07 18:23:39.476795,19396.44
210,447,54,2025-02-08 11:06:18.125979,9916.02
211,90,37,2025-10-31 02:32:09.732964,12103.07
212,470,71,2025-06-22 23:14:29.234210,14129.71
213,329,71,2025-05-18 23:27:17.800126,5112.71
214,32,66,2025-02-06 03:35:36.274260,6105.66
215,493,62,2025-02-23 22:07:34.901028,7482.78
216,18,28,2025-04-29 23:11:37.884989,7707.84
217,87,87,2025-06-08 23:22:05.143929,12352.26
218,224,92,2025-03-10 00:10:47.750276,33715.24
219,6,84,2025-05-24 08:22:16.984270,22276.8
220,3,27,2025-01-25 16:09:42.700161,5779.35
221,25,83,2025-04-13 05:13:20.314769,29379.51
222,335,81,2025-05-14 04:34:46.835414,13392.54
223,282,11,2025-10-01 07:56:36.047874,2570.26
224,238,74,2025-04-05 16:37:13.619981,22892.64
225,3,88,2025-11-05 18:07:57.922401,31239.12
226,97,18,2024-12-07 14:39:34.850975,6172.92
227,426,66,2024-11-17 09:28:20.962256,3331.68
228,414,18,2025-09-22 12:38:56.949139,5279.76
229,142,36,2025-03-11 20:59:45.909364,5199.84
230,351,13,2025-07-01 23:07:45.434938,4210.96
231,131,93,2024-12-20 14:01:42.792853,26397.12
232,98,51,2025-05-31 14:56:35.468813,876.69
233,157,43,2024-12-17 08:50:56.280222,563.73
234,487,14,2025-07-18 13:58:58.335378,4813.48
235,156,90,2025-07-30 06:45:36.454819,19772.1
236,479,64,2025-08-25 00:21:57.483529,11773.44
237,422,86,2025-08-05 17:49:56.946496,9472.04
238,115,33,2024-12-31 03:25:27.542429,6121.17
239,163,60,2025-06-19 15:08:48.859975,20553.6
240,328,87,2025-03-25 15:43:25.140128,33456.72
241,409,15,2025-11-01 11:18:19.143563,5867.55
242,171,99,2025-02-24 19:01:49.705240,23244.21
243,245,34,2025-10-23 05:43:06.105253,5780.0
244,28,51,2024-12-27 15:04:14.936120,842.01
245,371,52,2025-07-15 13:41:58.905766,10000.12
246,172,41,2025-05-06 12:29:25.204734,7414.85
247,356,69,2025-03-17 08:10:05.553150,12115.71
248,270,35,2025-07-01 02:25:02.697039,5456.15
249,281,64,2025-07-07 16:48:01.060291,23808.64
250,312,53,2025-01-06 20:25:52.331114,7319.3
251,208,46,2025-07-25 01:35:50.932931,4601.38
252,75,35,2025-04-29 17:49:27.862444,6365.8
253,391,27,2025-06-23 05:36:53.471174,5717.52
254,41,83,2025-03-02 07:25:57.251980,27166.73
255,213,15,2025-06-30 15:36:11.917712,4558.95
256,388,42,2025-06-26 05:05:01.009622,3073.56
257,186,89,2024-12-06 01:52:56.625875,21645.69
258,192,48,2025-03-15 07:26:20.802535,14365.44
259,154,44,2025-09-02 16:08:34.194535,11948.2
260,40,40,2025-09-16 07:04:03.506141,12704.4
261,161,25,2025-07-02 18:29:27.849666,7929.25
262,484,23,2025-09-19 08:14:44.030609,8948.61
263,102,76,2025-08-05 04:31:21.713958,3097.76
264,91,44,2025-11-03 15:42:30.454418,6789.2
265,75,56,2025-09-12 13:36:14.171963,6606.32
266,177,76,2025-11-05 00:45:57.320601,10692.44
267,129,82,2025-03-23 05:31:00.504837,15299.56
268,259,27,2025-04-02 08:42:54.229811,7586.19
269,314,10,2025-07-06 06:47:16.732556,1869.8
270,488,33,2025-04-12 09:45:30.011107,7749.39
271,210,39,2025-07-19 04:28:04.086415,7670.13
272,313,90,2025-08-10 12:50:47.275525,3051.9
273,95,47,2025-10-20 00:13:05.875602,9069.12
274,251,65,2025-09-04 06:22:35.128334,7170.8
275,181,86,2025-04-29 12:18:30.843725,11641.82
276,431,62,2025-04-11 13:35:21.956808,8587.62
277,221,71,2024-12-21 14:17:25.604212,24321.05
278,420,48,2025-05-18 23:24:45.131356,3018.24
279,49,87,2025-03-05 16:52:23.852483,25973.85
280,301,17,2025-06-05 18:21:08.320677,4863.87
281,97,30,2025-06-17 09:58:45.457451,5096.4
282,216,25,2025-09-02 23:47:26.003231,5435.0
283,362,21,2024-11-12 12:52:26.775824,1112.79
284,498,51,2025-06-26 02:59:11.795618,5732.4
285,474,43,2025-04-27 16:00:10.570457,3273.16
286,134,17,2025-01-02 19:53:10.920415,6448.27
287,307,73,2025-09-19 01:28:00.873213,28197.71
288,390,77,2024-12-07 19:35:55.106746,20387.29
289,449,78,2025-07-16 08:43:04.449028,30040.92
290,117,69,2025-04-03 22:45:34.659663,1940.97
291,363,88,2025-05-15 10:47:18.862840,30285.2
292,447,30,2025-03-11 03:57:00.813268,8999.4
293,78,22,2025-05-11 00:34:01.615717,6125.46
294,216,87,2025-09-23 13:41:46.457517,18658.02
295,244,36,2024-12-21 22:14:23.912142,7120.8
296,233,53,2025-06-13 12:31:37.764969,4585.03
297,456,69,2024-12-03 00:40:55.372979,9103.17
298,18,47,2025-04-20 16:15:44.733863,14919.21
299,180,90,2025-04-03 08:43:03.177860,4667.4
300,277,93,2025-05-06 08:49:18.830926,20555.79
301,316,23,2025-10-18 02:33:05.015451,2852.23
302,256,45,2024-12-23 14:44:13.581247,9954.0
303,435,13,2025-02-24 10:13:36.093215,4737.2
304,432,79,2024-11-21 02:43:12.150882,27597.07
305,201,39,2025-07-16 21:41:30.976358,9536.28
306,235,67,2025-08-13 20:24:49.853860,22118.71
307,317,17,2025-02-23 15:55:17.196153,1262.93
308,19,55,2025-01-05 18:51:44.006241,1089.55
309,83,18,2025-02-22 14:40:23.626807,6925.5
310,496,57,2025-04-10 23:56:27.721109,14225.49
311,155,15,2024-11-29 18:59:12.001418,4339.35
312,432,47,2025-08-11 05:26:35.436200,10377.13
313,113,28,2024-12-13 00:45:53.453732,2336.04
314,133,41,2025-04-04 00:32:01.105023,11015.88
315,43,27,2025-07-17 12:13:18.889196,1088.64
316,244,79,2025-08-01 04:03:15.429371,20811.76
317,273,58,2025-05-04 03:24:10.357202,20708.9
318,154,44,2025-05-08 05:36:37.316654,15392.52
319,140,16,2024-11-20 16:55:03.729076,4806.4
320,452,28,2025-09-02 12:49:00.316734,7154.0
321,288,95,2025-04-21 00:52:25.801762,36826.75
322,195,48,2025-06-03 04:09:19.698966,13297.92
323,273,85,2025-01-04 04:18:32.240943,21808.45
324,112,40,2025-07-05 20:01:33.594091,4237.6
325,440,78,2025-05-31 17:58:32.403924,10160.28
326,75,79,2025-05-21 09:27:02.505736,647.8
327,33,75,2024-12-25 16:01:45.074632,12967.5
328,422,40,2025-07-11 20:53:47.981789,6452.0
329,199,24,2025-10-23 15:33:30.881334,5389.44
330,467,91,2024-12-12 17:33:52.452155,3990.35
331,333,29,2025-10-08 22:10:47.834174,9782.57
332,206,76,2025-06-06 04:37:53.745559,22773.4
333,32,69,2025-02-10 06:51:10.533423,16560.0
334,101,81,2025-07-09 05:41:46.885348,19178.37
335,245,19,2025-09-25 11:21:54.818184,6103.75
336,173,13,2025-02-16 17:04:42.217931,2689.18
337,57,70,2025-01-02 15:46:41.828146,25923.8
338,14,70,2025-06-02 14:42:07.065060,12980.8
339,193,80,2025-09-19 02:39:27.753055,25874.4
340,47,56,2024-12-18 09:23:17.008882,1258.88
341,8,80,2025-09-10 22:12:40.189013,29655.2
342,333,87,2025-07-05 02:33:37.507180,26896.92
343,344,63,2025-08-16 22:02:53.355939,4523.4
344,146,18,2025-01-29 21:32:13.087886,342.18
345,345,46,2025-09-04 23:46:54.252470,15920.14
346,6,52,2024-11-14 16:16:11.689282,16524.04
347,436,38,2025-08-10 02:38:44.510178,5790.44
348,479,68,2025-03-17 09:54:55.394153,18601.4
349,288,91,2025-09-01 21:59:09.480776,12832.82
350,65,85,2025-09-21 14:14:03.012653,14100.65
351,25,95,2025-07-30 01:55:29.646735,35131.0
352,313,17,2025-01-25 18:43:07.639608,5315.9
353,319,97,2025-02-11 02:35:04.634095,23301.34
354,392,88,2024-12-08 01:44:02.157207,4436.96
355,6,57,2025-11-02 09:05:27.989285,7566.75
356,94,28,2025-06-30 21:06:25.901165,9988.72
357,167,84,2025-07-17 07:44:54.356868,30117.36
358,96,58,2025-10-05 02:34:27.601754,7049.32
359,69,30,2025-03-31 18:16:34.122793,4034.1
360,159,96,2025-01-16 07:25:49.340604,7171.2
361,350,43,2024-11-20 17:43:51.392871,7856.96
362,135,52,2025-07-21 00:58:29.782397,8116.16
363,349,37,2025-04-08 14:40:53.429545,2608.5
364,421,27,2025-07-31 19:17:09.675402,8012.25
365,203,72,2025-09-19 11:56:22.916871,2797.92
366,496,22,2024-12-09 20:40:44.896581,4710.42
367,74,53,2025-03-09 01:24:31.763965,367.29
368,47,97,2025-03-18 14:13:10.873888,27992.26
369,436,67,2024-12-14 16:22:34.506650,18511.43
370,413,89,2025-03-07 20:30:15.200720,35441.58
371,290,86,2025-07-31 02:35:02.340026,12357.34
372,284,13,2025-07-09 09:54:26.641641,2511.21
373,115,47,2025-06-02 22:16:28.903536,17494.81
374,22,13,2025-05-30 13:08:34.957035,2551.25
375,191,20,2024-12-26 21:54:47.450918,6156.8
376,74,58,2025-05-20 02:21:50.499057,17742.78
377,384,95,2024-12-13 11:58:03.141754,22336.4
378,318,93,2025-03-23 21:37:48.780371,27430.35
379,87,10,2025-04-22 09:07:08.350824,2102.5
380,89,52,2025-01-26 05:04:38.646006,16384.68
381,237,98,2024-12-28 00:19:18.198104,20995.52
382,355,92,2025-02-25 15:19:17.640251,24630.24
383,63,28,2025-10-02 01:03:27.304006,8232.0
384,244,28,2025-06-23 18:50:23.987237,7361.48
385,298,79,2025-04-09 04:57:11.817624,15973.8
386,363,30,2025-08-08 03:03:20.115600,5011.5
387,340,49,2025-10-20 00:25:08.142587,11752.65
388,18,45,2024-12-03 03:14:28.435634,3540.6
389,232,28,2025-01-22 05:13:55.721988,8866.2
390,388,21,2025-08-29 02:00:51.587898,2973.18
391,500,49,2025-05-26 08:26:45.477442,5843.25
392,382,12,2025-06-03 07:09:06.091127,761.28
393,103,32,2025-06-09 07:56:41.729508,9626.88
394,164,25,2025-04-08 21:37:19.743763,1374.0
395,91,30,2025-04-06 10:40:06.929938,6861.0
396,25,44,2025-08-05 06:35:29.640444,17526.52
397,137,37,2025-02-22 14:26:13.023879,13494.64
398,350,62,2025-03-25 09:56:04.017706,15901.76
399,244,86,2025-09-30 05:01:09.993056,28489.22
400,16,67,2025-01-05 13:54:38.004605,20453.76
401,474,13,2025-02-14 07:38:04.882978,958.75
402,99,74,2024-11-10 05:15:10.234756,12131.56
403,29,59,2024-11-08 02:44:14.437733,19317.19
404,490,29,2025-03-16 06:05:46.253904,5563.94
405,389,36,2025-05-05 02:13:02.345586,985.32
406,83,36,2025-05-30 08:52:37.040281,8754.84
407,207,70,2025-06-08 06:08:53.231266,16753.8
408,178,28,2025-08-10 04:56:26.768541,6691.72
409,319,37,2025-05-15 06:37:48.974786,12648.82
410,409,75,2025-03-27 15:35:42.853209,6610.5
411,177,22,2025-04-14 21:06:37.717929,7279.14
412,467,42,2025-07-12 14:01:03.562388,3669.12
413,26,30,2025-01-01 00:35:21.352237,1681.5
414,222,27,2025-08-03 02:49:03.943298,9774.0
415,182,33,2025-08-11 20:11:33.682379,1816.32
416,193,67,2025-04-26 21:15:37.837721,17042.12
417,334,27,2025-09-21 20:59:05.662804,3577.23
418,269,93,2025-09-08 11:42:26.186258,5519.55
419,460,83,2025-06-05 02:56:45.511047,32413.16
420,479,92,2025-09-08 18:49:49.968964,6245.88
421,304,10,2025-05-30 20:45:31.536898,374.1
422,437,15,2025-10-25 19:08:54.978140,1794.6
423,353,10,2025-06-30 20:58:42.127866,3886.9
424,419,45,2025-02-03 08:19:11.797781,11100.6
425,87,36,2025-04-06 15:01:27.907476,9626.76
426,459,54,2025-02-28 19:10:52.276101,21131.82
427,104,66,2025-06-29 05:41:12.965958,15694.14
428,18,54,2025-10-16 16:41:54.426294,2356.02
429,252,98,2025-05-16 07:56:42.051175,26183.64
430,82,95,2025-07-23 10:34:47.147294,1482.95
431,412,54,2025-07-28 03:46:01.781239,922.86
432,155,67,2025-01-16 02:27:38.662599,25809.07
433,2,33,2025-06-11 00:00:18.081019,9867.66
434,216,27,2025-08-27 14:05:52.461148,8896.77
435,44,61,2024-12-25 14:00:18.515987,2693.15
436,438,65,2025-07-03 08:18:03.870437,22491.3
437,336,78,2025-10-14 11:39:29.532015,28396.68
438,128,45,2025-04-28 05:11:02.609720,11984.85
439,69,71,2025-04-08 08:21:48.501313,18459.29
440,355,28,2025-06-17 15:31:21.676245,2126.88
441,471,76,2025-06-02 16:31:28.221166,18313.72
442,2,73,2025-09-05 17:18:51.921935,447.49
443,403,12,2025-08-16 17:51:05.558282,3994.2
444,81,54,2025-03-10 16:32:12.116852,20518.38
445,60,98,2025-06-09 13:03:01.938940,35389.76
446,28,40,2024-12-12 09:48:15.015970,3732.8
447,244,25,2025-09-05 14:41:01.295053,6754.0
448,449,92,2025-04-15 11:54:16.077918,13815.64
449,408,59,2025-06-10 09:26:59.157026,21450.04
450,207,19,2025-04-06 06:13:44.983118,4873.88
451,273,87,2025-05-03 22:17:42.542576,27985.29
452,204,66,2025-04-26 06:31:15.724539,7541.16
453,250,11,2025-03-27 23:51:56.419328,2230.36
454,133,76,2025-08-18 07:17:06.161652,17723.2
455,52,90,2025-06-21 01:38:09.582985,26696.7
456,35,41,2025-03-07 06:44:16.457815,9944.96
457,173,31,2025-08-31 04:11:13.771124,7960.18
458,21,20,2025-01-07 14:39:42.957683,6900.0
459,213,60,2024-12-13 22:47:48.433427,20097.0
460,170,48,2025-09-25 17:04:53.754935,1292.64
461,196,32,2025-07-18 09:32:35.030533,7265.92
462,234,24,2025-03-23 14:05:54.970766,4210.08
463,90,99,2024-11-16 03:36:24.972161,9438.66
464,413,95,2025-01-28 15:03:12.688302,34256.05
465,5,33,2025-05-20 19:34:15.642738,5471.4
466,13,68,2025-02-17 04:58:23.173381,17561.68
467,367,42,2025-07-29 01:24:12.150000,10299.24
468,54,51,2025-07-10 19:38:06.751238,3548.58
469,122,47,2024-12-15 07:41:58.394411,8219.36
470,279,30,2025-01-18 18:20:11.495092,10190.1
471,227,22,2025-10-29 16:20:25.657421,3243.9
472,288,64,2025-07-19 03:07:46.384545,13801.6
473,436,64,2025-09-18 17:35:28.614586,1457.92
474,297,75,2025-08-10 01:13:00.579773,21153.0
475,255,99,2025-09-08 18:48:18.161097,20493.99
476,379,64,2025-04-01 07:48:12.801484,17614.08
477,77,87,2025-08-26 12:47:39.977221,9058.44
478,79,59,2025-09-26 19:14:54.091816,12187.04
479,310,92,2025-10-18 06:32:24.910426,21591.48
480,336,82,2025-05-06 09:02:33.873124,26059.6
481,432,95,2025-07-30 14:21:20.870052,6625.3
482,243,18,2025-10-16 06:21:40.595896,4501.26
483,9,85,2024-11-25 03:29:58.837470,22316.75
484,329,41,2025-03-29 09:55:59.644233,13181.5
485,210,58,2025-01-02 19:37:35.507509,11265.34
486,112,22,2025-04-06 20:05:21.821388,8161.78
487,223,65,2025-05-27 15:50:46.601561,12158.25
488,166,71,2025-09-18 12:58:09.461617,1841.74
489,6,10,2025-09-24 07:23:13.826773,3481.1
490,496,85,2024-12-20 17:44:32.344876,31807.0
491,426,89,2025-02-21 19:31:30.108600,28159.6
492,76,10,2024-12-09 18:50:11.360037,1729.0
493,182,46,2025-01-28 00:53:59.727736,2668.92
494,388,21,2025-02-18 10:56:28.821439,1119.51
495,147,30,2025-04-16 00:11:10.935167,2177.7
496,15,86,2024-12-22 07:44:59.327077,34042.24
497,306,75,2025-07-16 17:46:18.864021,20630.25
498,248,70,2025-02-20 03:52:52.092714,9546.6
499,53,51,2025-01-25 02:44:02.744128,19897.65
500,26,15,2025-07-08 14:37:57.718951,4739.25
501,497,11,2025-05-05 23:09:44.126000,1277.32
502,210,75,2024-11-08 03:47:53.776184,19599.75
503,167,54,2025-10-20 22:10:50.916059,5342.76
504,148,50,2025-03-04 02:29:37.246968,2290.0
505,491,60,2025-01-28 15:08:15.480689,12661.2
506,262,14,2025-02-20 14:59:48.041856,2959.74
507,481,78,2025-03-10 15:18:04.575379,14207.7
508,281,10,2025-01-23 03:58:59.091650,3175.0
509,154,90,2025-02-18 14:18:54.926980,20356.2
510,326,57,2025-11-06 00:55:30.556622,9614.19
511,47,90,2024-12-31 06:59:05.096672,7418.7
512,280,31,2025-08-15 02:37:04.079288,11277.49
513,342,60,2024-12-20 05:46:03.544658,23308.8
514,19,37,2025-05-29 19:54:30.884334,9723.23
515,113,94,2025-08-02 12:51:20.438075,24508.62
516,16,67,2025-10-30 15:32:35.320640,9966.92
517,216,48,2025-10-06 05:34:05.795843,16185.6
518,446,17,2025-09-09 05:17:33.878841,2224.45
519,145,25,2025-02-18 16:07:49.925975,8731.0
520,393,86,2025-02-03 12:47:34.457870,33392.94
521,180,19,2025-02-03 20:50:18.161990,612.56
522,94,55,2025-07-05 11:01:54.481345,6947.6
523,407,28,2024-12-13 06:07:31.235226,5487.16
524,90,11,2025-08-30 23:25:20.540323,3920.62
525,55,98,2024-12-26 01:37:28.928950,12542.04
526,497,28,2025-03-03 16:01:33.451602,7605.08
527,429,14,2024-12-11 04:01:35.294517,787.22
528,325,71,2025-01-06 04:41:38.407511,7229.93
529,17,47,2025-01-09 00:39:38.121731,17895.72
530,317,49,2025-10-01 14:14:15.664821,19082.07
531,114,15,2025-04-04 00:03:45.379875,2437.95
532,330,55,2025-01-19 09:45:14.763317,11923.45
533,251,19,2024-11-25 16:23:04.219475,6445.56
534,256,39,2024-11-30 09:24:31.096967,336.96
535,163,57,2024-12-18 01:50:21.637099,12542.85
536,488,60,2025-05-17 20:25:34.486860,14852.4
537,386,62,2025-09-26 07:56:20.759548,21054.58
538,419,98,2025-07-07 14:25:06.771474,23792.44
539,94,14,2025-04-29 16:42:38.891182,5342.26
540,430,51,2025-06-21 22:07:21.061158,1535.1
541,500,28,2025-06-02 21:51:33.095586,1214.08
542,125,97,2024-11-16 03:54:35.157850,12771.99
543,151,98,2025-09-15 11:11:15.365954,30853.34
544,182,57,2025-01-12 11:12:38.950006,13481.07
545,178,13,2025-06-30 11:51:48.649393,618.8
546,201,70,2025-07-25 18:59:14.189345,529.9
547,490,42,2024-12-30 17:32:52.301537,6965.28
548,333,62,2025-06-22 15:06:28.573203,19924.32
549,236,19,2025-01-26 16:12:33.823695,3297.64
550,194,95,2025-03-17 06:27:56.014767,28006.0
551,302,76,2025-07-21 01:45:57.343106,14167.16
552,45,64,2025-09-15 17:30:05.293046,24476.8
553,456,20,2025-03-22 02:54:26.757381,634.0
554,250,79,2025-04-24 06:41:14.589318,25235.76
555,241,99,2025-03-11 05:03:46.025609,13403.61
556,297,95,2025-09-13 04:16:11.095603,29696.05
557,427,25,2025-03-23 13:32:48.178288,5114.0
558,155,37,2025-01-19 10:57:49.338372,3717.76
559,167,53,2024-12-11 12:21:44.228508,7764.5
560,310,72,2025-10-15 00:20:16.110774,6387.84
561,471,64,2025-08-30 03:17:38.883568,17059.84
562,142,70,2025-09-01 14:12:21.973969,27278.3
563,123,31,2025-08-10 23:58:51.580651,1504.12
564,102,73,2025-05-22 02:39:26.310763,5837.81
565,273,91,2024-12-16 22:44:13.823122,21820.89
566,301,86,2024-12-21 01:47:44.479090,5729.32
567,307,52,2025-07-22 08:59:04.928537,11776.96
568,430,69,2025-01-16 18:51:19.509288,21120.9
569,333,24,2025-03-07 17:55:07.288574,4282.08
570,282,84,2025-07-19 06:22:02.150688,33155.64
571,475,43,2025-09-20 23:09:56.448501,11302.12
572,297,95,2025-03-11 23:49:35.362730,15586.65
573,429,41,2025-09-20 19:47:16.987996,15215.92
574,245,45,2025-05-09 23:04:56.197946,3945.6
575,291,13,2024-11-23 11:05:50.062971,1606.41
576,231,27,2025-04-28 20:33:19.209103,7460.64
577,474,50,2025-06-03 23:21:58.215482,14537.5
578,140,67,2025-09-26 21:42:33.417406,10105.61
579,73,57,2025-11-01 19:53:04.459053,8042.7
580,259,75,2025-07-11 19:10:40.822181,4644.75
581,446,21,2025-02-07 23:06:28.774574,7371.84
582,324,83,2025-05-14 06:37:18.034052,30443.57
583,455,54,2025-06-23 13:42:35.300605,17442.0
584,98,90,2024-12-09 19:42:56.857722,2947.5
585,193,17,2024-11-27 12:27:24.729156,1809.48
586,313,32,2025-04-20 04:39:40.949316,3995.2
587,408,99,2025-04-30 08:53:27.930090,16037.01
588,3,60,2025-09-09 22:49:27.631085,11803.8
589,461,17,2025-04-10 17:19:27.102771,1200.88
590,297,78,2025-06-27 18:11:42.915006,3959.28
591,21,14,2024-11-10 08:51:28.653028,1816.36
592,356,62,2025-05-15 00:10:43.083230,6087.78
593,375,15,2025-09-01 03:42:40.950476,568.8
594,21,72,2025-07-02 14:53:05.610846,9411.84
595,391,26,2025-04-09 03:25:24.847904,5985.72
596,105,71,2025-01-06 10:09:06.505326,9893.85
597,12,58,2025-05-16 14:05:06.763716,665.84
598,474,23,2025-08-05 14:14:57.204067,3073.26
599,213,52,2025-06-25 18:35:28.649096,2920.84
600,488,13,2024-12-09 00:30:56.744657,3191.11
601,421,16,2025-02-14 18:03:27.017514,1818.88
602,485,64,2025-01-27 22:16:33.395360,10737.28
603,358,66,2024-12-16 02:37:59.972540,5032.5
604,176,63,2025-10-12 00:40:04.120426,11170.53
605,338,16,2025-07-25 03:26:16.138610,1472.0
606,434,45,2025-09-26 06:26:40.798921,12946.5
607,16,89,2025-06-13 00:27:28.881140,29716.21
608,269,30,2025-02-03 10:37:50.925670,833.1
609,81,17,2025-01-14 12:06:22.780617,5535.37
610,474,88,2025-06-27 23:09:47.536993,32146.4
611,45,71,2025-10-11 22:06:34.788948,19436.25
612,268,33,2025-04-06 08:42:26.627600,11838.09
613,354,10,2025-09-26 02:18:10.717401,849.6
614,37,82,2025-05-15 16:13:00.452002,12745.26
615,344,49,2025-01-01 09:13:34.194237,13939.03
616,169,43,2025-11-05 20:17:52.846601,2595.91
617,165,28,2025-08-15 14:53:50.412221,11144.84
618,329,86,2025-03-19 00:14:43.701665,16236.8
619,419,94,2024-11-21 23:04:26.921566,30515.22
620,216,34,2025-01-12 22:48:25.292292,12565.72
621,70,71,2024-11-12 03:06:15.160583,10076.32
622,121,24,2025-08-14 03:46:15.120556,2831.52
623,410,37,2025-09-21 04:49:30.132948,13808.4
624,449,86,2024-11-17 13:54:58.106853,6476.66
625,236,48,2024-11-22 02:42:54.370385,17304.48
626,269,41,2025-07-28 03:16:01.865240,3225.06
627,470,97,2025-08-05 07:07:56.442624,16600.58
628,63,39,2025-10-21 11:43:59.317879,12599.73
629,393,14,2025-01-23 07:39:59.554919,1731.66
630,430,96,2025-08-04 11:30:33.430344,36392.64
631,400,68,2024-12-03 15:06:56.539985,1448.4
632,6,87,2025-09-05 03:04:58.897424,27021.33
633,30,80,2025-05-02 10:03:06.957276,26060.0
634,122,63,2025-04-15 03:48:41.311734,7912.17
635,109,68,2025-01-26 05:02:37.231469,6307.0
636,445,11,2025-04-29 10:22:26.956299,3019.94
637,269,11,2025-09-08 00:52:15.496448,2861.43
638,387,92,2025-11-05 00:50:04.386503,20313.6
639,437,78,2025-03-30 09:56:55.329996,10643.1
640,77,41,2025-01-27 21:31:28.331036,12481.63
641,188,43,2025-05-26 21:06:38.585796,13727.32
642,447,30,2025-08-21 02:49:41.675406,3234.3
643,60,12,2025-04-08 11:45:34.262425,824.4
644,172,60,2025-09-26 22:02:11.604569,648.6
645,179,70,2025-09-13 17:26:35.423806,8530.9
646,483,91,2025-01-08 02:47:09.347924,14884.87
647,329,15,2025-06-27 23:44:50.497905,4289.4
648,432,68,2025-05-28 15:23:39.103922,11096.92
649,60,79,2025-02-12 17:03:29.802431,7836.01
650,233,69,2024-12-04 02:39:06.930543,6410.79
651,224,26,2025-02-09 09:49:36.977395,2643.68
652,445,24,2025-04-05 19:32:52.725932,8553.6
653,115,82,2025-05-15 13:14:06.267896,7254.54
654,141,83,2025-02-27 15:05:23.922592,2888.4
655,11,13,2025-08-23 12:56:03.497718,3139.76
656,244,15,2025-02-07 03:18:36.834916,2740.65
657,419,65,2025-09-08 22:45:20.771899,20762.95
658,416,53,2025-07-17 22:38:39.042857,2702.47
659,184,52,2025-08-04 13:16:56.621332,13773.76
660,1,89,2025-10-15 16:35:28.062353,15519.82
661,60,60,2025-01-09 14:40:15.343722,4418.4
662,29,82,2025-01-25 20:22:02.570681,26827.12
663,182,31,2025-07-18 14:22:19.830028,10910.14
664,183,20,2025-08-19 00:51:03.341182,2782.4
665,358,54,2025-01-17 18:44:34.511932,13312.08
666,155,41,2025-04-19 01:03:01.592507,7061.43
667,380,54,2025-04-08 02:42:05.161777,16080.66
668,313,45,2024-11-18 14:21:55.537399,3074.85
669,233,70,2025-01-29 07:46:18.627979,11913.3
670,15,77,2025-06-18 22:15:36.353247,8915.06
671,468,91,2025-11-05 11:42:02.987962,17713.15
672,26,55,2024-12-04 08:49:14.427336,13795.1
673,391,32,2025-05-22 03:33:58.103294,7704.32
674,391,12,2025-07-07 11:25:54.827448,3653.28
675,3,79,2025-03-18 14:38:40.243716,25415.09
676,126,13,2025-09-18 00:10:44.216704,4787.38
677,67,31,2025-02-06 21:06:23.525067,4431.45
678,317,37,2025-10-03 17:42:12.016141,1501.09
679,301,65,2025-10-06 02:38:12.353051,22848.15
680,453,93,2025-03-07 17:30:54.445649,619.38
681,489,28,2025-05-05 23:59:32.072700,9002.84
682,372,12,2025-04-02 09:12:29.420436,3121.32
683,100,19,2025-05-25 06:27:28.233752,6196.85
684,324,38,2025-10-06 14:52:46.666039,10388.44
685,261,34,2025-11-05 19:08:22.856649,1816.62
686,197,16,2025-10-20 16:12:00.682249,5295.84
687,243,39,2024-12-26 20:41:21.863158,2650.83
688,190,92,2025-10-05 10:01:00.193329,12888.28
689,343,42,2025-03-22 03:09:14.399461,13370.7
690,13,58,2025-04-19 06:36:56.775299,1026.6
691,286,67,2025-03-22 19:32:28.541605,2574.14
692,319,21,2025-01-09 17:53:38.380485,4122.3
693,28,75,2024-11-10 05:19:07.012684,28805.25
694,204,58,2024-11-20 04:30:43.787893,13264.02
695,171,64,2025-08-01 11:37:03.934502,14413.44
696,104,11,2025-10-29 17:45:31.600785,1402.94
697,474,19,2025-01-28 05:00:19.143109,4443.72
698,464,40,2024-12-21 10:29:45.758175,3256.0
699,487,52,2025-01-27 04:42:49.397821,19887.4
700,237,91,2024-12-07 20:10:28.654340,25773.93
701,129,88,2025-10-22 06:21:43.188239,31818.16
702,39,32,2025-08-02 22:07:39.626302,8086.08
703,463,25,2025-09-03 04:35:52.101723,5454.5
704,165,59,2025-09-28 18:49:26.163937,10320.28
705,412,57,2025-03-26 21:25:21.367179,10987.89
706,98,39,2024-12-22 03:32:59.129189,11487.45
707,256,83,2025-07-13 23:41:14.029376,13656.82
708,313,49,2025-08-18 09:53:42.710095,4980.85
709,396,55,2025-09-24 18:37:17.443179,5170.55
710,443,99,2025-01-31 19:13:00.453840,5608.35
711,167,73,2025-05-27 22:02:30.058193,25565.33
712,75,37,2024-11-26 12:15:04.438565,4264.25
713,61,49,2025-01-27 11:04:11.008297,5957.42
714,354,61,2024-12-02 19:20:58.662731,15927.71
715,406,37,2025-09-05 10:13:20.838800,5854.14
716,106,61,2024-12-21 22:32:43.483962,22338.2
717,161,27,2025-06-25 19:09:55.853244,7264.35
718,352,65,2025-03-30 19:04:11.260052,4863.95
719,29,32,2025-03-23 01:06:21.051065,4413.76
720,481,18,2025-06-18 03:35:52.802384,454.5
721,322,17,2024-12-30 23:34:41.712058,5661.17
722,435,33,2025-01-31 07:33:14.987334,5262.84
723,383,98,2025-02-13 00:28:02.172980,29314.74
724,293,98,2025-09-08 00:25:23.459839,24686.2
725,46,67,2025-01-22 18:17:24.865268,13135.35
726,261,31,2025-07-28 14:23:54.833780,6461.95
727,355,76,2025-02-07 11:51:44.008938,15979.0
728,66,66,2025-03-23 12:31:02.103960,20782.74
729,17,14,2025-01-27 14:07:46.904510,1693.3
730,483,43,2025-08-16 14:23:51.138963,11701.59
731,436,18,2024-11-23 17:30:09.565860,3548.16
732,400,11,2025-09-05 08:35:08.288111,1498.09
733,393,59,2025-02-14 21:53:21.823071,10378.1
734,321,58,2025-02-06 10:07:03.356976,19733.92
735,332,31,2025-06-09 12:41:02.914109,4784.23
736,19,49,2025-06-17 15:49:55.860737,11090.66
737,250,86,2025-03-19 17:54:04.310125,19821.28
738,162,85,2025-04-29 07:03:22.967764,25562.05
739,80,16,2025-05-02 04:28:11.597951,2533.28
740,81,67,2025-01-06 00:07:10.671330,26012.08
741,477,37,2025-04-30 08:00:31.449535,10019.6
742,47,71,2025-01-03 19:00:12.633265,23276.64
743,6,82,2025-05-29 12:11:42.156449,3895.82
744,65,34,2025-03-27 18:39:36.875651,3393.54
745,410,86,2024-11-23 18:56:52.748566,7810.52
746,190,97,2025-06-12 15:49:34.501996,33594.01
747,92,12,2025-10-14 15:32:38.368271,548.16
748,405,42,2025-08-17 02:50:12.757437,8218.14
749,168,68,2025-09-03 09:34:00.909049,10678.72
750,277,24,2025-01-27 02:33:48.216736,7101.84
751,424,70,2024-11-16 18:18:48.981492,14842.1
752,405,54,2024-12-26 16:57:02.749730,2903.04
753,261,59,2025-01-05 06:55:50.705073,18072.29
754,472,12,2025-05-12 23:18:43.487022,2196.96
755,105,79,2025-01-30 07:46:02.618181,30123.49
756,237,61,2025-01-07 01:00:45.983247,1913.57
757,114,46,2025-07-03 19:14:38.940464,292.56
758,473,78,2025-08-11 01:02:52.777959,23776.74
759,390,54,2025-05-23 20:10:01.486289,4892.94
760,82,39,2025-05-29 17:08:15.230103,11462.1
761,452,80,2025-04-13 23:52:39.735363,18820.0
762,155,17,2024-12-25 06:15:37.390790,2739.55
763,425,41,2025-09-13 19:06:25.945554,12132.72
764,217,54,2025-04-29 04:19:04.537534,7300.8
765,44,33,2025-10-09 07:47:44.608092,12285.9
766,111,42,2025-07-20 05:23:23.913347,1500.24
767,71,10,2025-09-17 12:01:21.585240,3492.5
768,242,84,2025-08-17 15:09:38.463741,4861.08
769,374,45,2025-02-21 22:55:36.073958,10887.75
770,89,94,2025-06-19 10:02:40.085190,9782.58
771,244,33,2025-07-23 20:04:50.819701,6525.75
772,93,72,2025-07-09 21:45:58.888258,15410.16
773,98,67,2025-05-31 04:32:38.062179,2018.04
774,292,30,2025-04-14 19:55:27.610397,2804.4
775,251,63,2025-02-23 12:46:01.017348,6191.64
776,96,81,2025-07-27 09:58:53.783211,11957.22
777,137,50,2025-01-01 11:37:27.693691,7723.0
778,175,88,2025-06-17 23:20:43.417302,28566.56
779,216,34,2025-05-04 04:50:37.520350,1005.38
780,496,33,2025-01-15 15:14:30.419649,6332.04
781,266,99,2024-12-01 05:58:22.554979,33187.77
782,446,85,2025-03-03 17:10:20.301529,24389.9
783,277,75,2024-12-31 18:23:15.830237,3411.75
784,18,77,2025-09-21 03:12:19.985742,5095.09
785,405,78,2025-06-03 05:45:02.474710,30178.2
786,239,90,2025-03-21 21:49:11.134547,7299.0
787,71,92,2025-09-18 07:10:36.099358,14427.44
788,108,54,2025-09-19 15:07:18.096851,14555.7
789,309,67,2025-02-14 12:03:30.094804,3870.59
790,93,55,2025-08-18 13:01:26.963362,7201.7
791,147,36,2025-08-05 02:14:26.689480,3969.36
792,185,56,2025-10-12 10:34:16.469103,5747.84
793,429,42,2025-07-21 08:33:33.740643,296.94
794,51,80,2025-07-16 07:42:02.614716,6012.0
795,45,97,2025-09-23 14:08:11.865688,22679.57
796,226,77,2025-06-14 18:30:43.939241,29949.92
797,453,78,2025-06-11 12:37:37.925334,29950.44
798,255,13,2025-03-03 06:17:53.663616,2978.17
799,10,14,2024-12-26 22:50:15.485936,114.24
800,305,73,2025-06-17 08:59:44.154794,26488.05
801,471,16,2025-03-19 07:34:31.838478,5473.28
802,195,34,2024-12-25 23:16:45.842727,2544.22
803,165,45,2025-04-21 17:29:08.542129,1515.6
804,488,92,2025-07-10 19:27:48.436502,31127.28
805,282,70,2025-05-08 12:35:44.950745,3523.1
806,297,29,2025-07-02 09:16:38.107490,1273.39
807,461,93,2025-03-17 13:08:29.281638,32907.12
808,104,62,2025-02-23 03:48:36.505303,17807.02
809,85,96,2025-07-12 15:38:43.896984,23472.0
810,407,10,2025-05-30 02:30:40.502271,2016.3
811,26,40,2025-05-30 11:37:14.377791,11239.2
812,468,53,2025-10-15 21:31:52.854246,8029.5
813,468,88,2025-04-24 14:05:29.145060,26532.0
814,306,63,2025-05-23 08:12:36.929298,17811.36
815,338,53,2025-03-16 20:54:17.103935,9761.01
816,401,26,2025-03-05 18:17:44.731112,7704.58
817,148,32,2025-02-11 06:53:34.250905,2400.32
818,149,18,2025-05-09 00:44:08.823103,4762.08
819,388,15,2025-07-28 20:40:04.251579,5037.0
820,399,40,2025-08-16 08:22:17.458522,9104.8
821,408,91,2025-04-25 19:37:22.147617,8864.31
822,134,92,2025-01-01 22:55:56.729260,6361.8
823,448,67,2025-11-05 01:20:05.766388,4699.38
824,460,83,2025-06-20 04:07:16.330424,18841.83
825,471,90,2025-08-03 17:48:56.380681,1175.4
826,387,33,2024-11-11 12:49:50.259936,11801.13
827,93,51,2025-08-25 00:21:43.094663,12002.34
828,92,89,2025-09-05 21:03:13.658931,12091.54
829,338,29,2025-05-25 06:06:23.781126,1434.34
830,278,89,2025-08-22 09:37:13.788794,27092.49
831,355,39,2025-08-19 23:43:19.803361,10067.07
832,118,85,2025-07-04 00:26:40.399914,27185.55
833,48,47,2025-08-17 12:10:21.835345,438.51
834,428,94,2025-05-05 05:53:45.044587,33330.52
835,398,80,2025-02-15 14:35:10.462063,19297.6
836,304,91,2025-05-17 05:53:44.999527,6837.74
837,390,54,2025-03-06 04:52:40.866043,4817.34
838,495,78,2025-09-25 10:37:53.801423,13753.74
839,246,36,2025-07-27 01:12:16.100982,6840.0
840,26,76,2025-02-20 07:26:07.378302,20635.52
841,29,91,2025-09-21 20:12:31.909043,8499.4
842,435,96,2025-02-08 04:45:35.065691,23760.0
843,82,22,2024-11-19 23:40:38.366647,7726.62
844,173,74,2024-12-03 21:22:37.983360,13909.78
845,108,36,2024-11-09 11:29:27.758099,8589.24
846,275,31,2025-09-18 12:38:45.358851,11244.01
847,411,70,2024-11-26 13:28:05.095453,9377.9
848,380,66,2025-02-06 08:16:39.195168,13033.68
849,324,76,2025-06-13 07:41:06.953227,5262.24
850,192,58,2025-08-12 12:17:13.686478,3232.34
851,323,53,2025-02-23 19:57:51.072527,18600.88
852,366,49,2025-10-10 08:24:54.705727,12001.08
853,62,90,2025-08-04 19:52:54.739364,9655.2
854,366,44,2025-04-15 13:29:55.061588,8861.6
855,28,86,2025-05-31 00:24:43.431715,2946.36
856,74,43,2025-02-13 08:52:04.262805,4277.21
857,56,49,2025-01-20 00:29:43.010170,9763.25
858,262,14,2025-11-05 15:45:37.707493,2180.5
859,158,22,2025-03-05 01:51:59.275319,5888.74
860,344,43,2024-12-11 22:37:27.563149,6085.79
861,19,35,2025-04-04 02:10:55.526944,10253.25
862,210,24,2025-09-03 21:40:38.472806,758.88
863,279,64,2025-10-01 22:00:34.436653,12931.2
864,52,24,2025-08-17 21:23:50.136143,908.4
865,265,41,2025-07-20 09:59:30.573948,1710.93
866,309,14,2025-06-08 14:10:31.486573,2226.56
867,378,97,2025-08-12 19:08:11.766714,24251.94
868,398,22,2025-01-26 18:15:31.751708,161.04
869,127,70,2025-02-26 12:47:07.196512,4104.1
870,94,99,2025-05-14 01:44:11.367720,3792.69
871,485,82,2025-05-13 09:54:57.118032,12607.5
872,53,78,2025-11-04 00:53:28.394288,26735.28
873,69,82,2025-05-17 01:22:25.088528,15484.88
874,491,35,2025-01-28 19:01:48.765577,8280.3
875,251,97,2025-05-23 08:57:48.283770,12175.44
876,33,89,2025-04-02 20:13:53.120038,14859.44
877,371,93,2025-05-13 04:54:36.788273,14423.37
878,314,49,2025-03-17 23:24:02.328378,7160.86
879,317,66,2025-08-18 06:53:45.342924,20986.68
880,119,43,2025-06-14 23:55:11.438645,9704.67
881,359,51,2024-12-30 11:43:28.877153,6614.19
882,38,24,2025-03-26 01:42:13.084550,1934.88
883,151,47,2025-09-25 22:01:01.999224,7619.17
884,389,14,2025-10-23 09:32:22.293186,1540.42
885,148,37,2025-06-29 00:44:38.692735,5700.59
886,153,30,2025-04-20 08:44:22.400017,11478.0
887,60,21,2025-04-28 02:45:52.365319,6084.33
888,85,72,2025-02-09 14:14:24.924363,3759.84
889,182,43,2024-12-19 08:34:50.010696,14750.72
890,410,84,2025-01-25 02:43:25.743656,15114.96
891,185,41,2025-09-10 18:12:17.309619,15627.15
892,60,70,2025-05-20 23:19:34.155647,16825.9
893,368,82,2024-11-29 08:30:13.004209,15368.44
894,305,11,2025-10-04 06:37:16.048524,3209.69
895,363,60,2025-03-25 18:48:31.954098,14106.0
896,176,42,2025-07-29 06:12:02.460206,4793.04
897,324,11,2025-05-07 09:10:46.394670,1759.67
898,322,70,2025-10-02 15:23:33.626111,17040.1
899,32,29,2025-05-13 02:12:46.157246,1324.43
900,266,96,2025-10-03 00:41:25.249234,24384.96
901,110,53,2025-06-23 12:20:41.705156,1596.89
902,27,72,2025-07-29 11:28:09.077296,14543.28
903,240,14,2025-08-16 22:53:38.449258,518.0
904,383,10,2025-10-24 18:27:49.844808,814.9
905,207,40,2025-03-03 08:35:58.127728,8658.8
906,448,67,2025-06-13 23:26:00.420507,24153.5
907,267,42,2025-06-08 00:11:03.582141,3140.76
908,405,45,2025-06-08 22:21:19.169508,17716.05
909,212,51,2025-04-08 23:57:20.270923,16252.68
910,173,74,2025-05-15 17:53:47.217477,16611.52
911,264,24,2024-11-30 05:03:47.848122,6791.52
912,50,28,2025-09-19 01:54:23.503134,3585.12
913,280,13,2025-07-02 13:15:49.003306,4086.03
914,26,42,2025-04-12 05:08:22.600182,7754.46
915,236,11,2025-05-12 05:17:45.989038,3465.55
916,384,42,2024-12-16 09:41:29.865447,5736.36
917,346,44,2025-04-24 17:03:24.751814,13252.8
918,179,98,2025-03-05 06:03:02.301634,31361.96
919,285,14,2025-06-20 07:18:05.286835,596.82
920,449,59,2025-04-25 22:37:18.635571,7423.38
921,95,69,2025-02-11 06:21:00.025998,15967.29
922,265,16,2024-12-15 23:26:35.580632,1733.12
923,219,27,2025-03-02 19:08:03.096221,10522.98
924,296,23,2025-02-12 16:32:38.150614,8993.69
925,407,59,2024-12-26 22:57:07.260441,17240.98
926,221,53,2025-01-31 06:52:21.242964,16926.08
927,436,32,2025-07-07 22:08:02.868051,10366.4
928,10,39,2025-04-26 02:02:37.525764,11321.31
929,272,35,2025-10-18 02:39:31.684395,2807.7
930,313,69,2025-05-27 15:35:00.344909,8056.44
931,278,93,2024-11-17 05:35:37.538960,20440.47
932,241,89,2025-04-09 17:29:44.554422,27022.18
933,187,78,2025-08-21 11:45:22.975441,30519.84
934,75,37,2025-06-22 05:49:06.367256,2141.56
935,211,13,2025-02-11 05:42:17.972819,2940.47
936,456,23,2025-03-29 20:52:19.354625,5353.02
937,279,13,2025-04-17 19:13:29.789363,1532.44
938,274,49,2025-02-14 13:21:19.694472,12235.3
939,179,42,2025-01-13 17:28:46.456910,7151.76
940,405,13,2025-03-10 22:14:54.139987,367.51
941,309,94,2025-07-27 07:41:05.598002,17380.6
942,491,28,2024-12-21 16:19:21.976549,1911.28
943,408,61,2025-02-28 10:27:38.491785,15112.14
944,51,10,2024-12-26 04:05:38.354015,2541.0
945,227,19,2025-03-12 05:47:15.771052,7157.68
946,461,81,2025-05-21 07:56:50.133774,13734.36
947,416,94,2024-12-22 02:40:10.767172,20772.12
948,92,32,2024-11-17 07:18:10.861516,9008.32
949,143,31,2025-07-27 18:29:31.332423,10738.4
950,145,67,2025-02-08 03:08:33.620389,13678.05
951,454,88,2025-04-22 00:53:12.719457,13635.6
952,254,57,2025-05-27 01:23:55.106578,13962.15
953,317,69,2025-08-23 06:19:55.375070,26798.22
954,112,53,2024-11-22 02:33:39.984433,18210.27
955,275,11,2025-01-09 18:25:22.908816,626.78
956,219,88,2025-09-07 04:52:57.517329,28438.08
957,322,32,2025-06-13 22:35:05.291524,11427.84
958,351,24,2025-10-07 23:55:10.946110,522.72
959,108,86,2025-09-14 21:17:02.093180,7863.84
960,472,50,2025-07-05 05:54:00.317826,2820.5
961,184,36,2025-02-01 09:11:31.150736,4995.0
962,475,89,2025-07-05 20:11:04.593610,22767.09
963,195,56,2024-12-18 15:24:40.074459,8504.72
964,196,14,2025-05-19 08:04:17.314016,4582.34
965,151,89,2025-03-31 02:27:16.496601,5676.42
966,133,70,2025-07-11 02:43:34.266062,22222.9
967,17,99,2025-04-16 05:33:10.156096,35077.68
968,43,20,2025-10-10 02:23:51.473326,1465.4
969,204,27,2025-04-20 08:18:57.357826,7264.62
970,147,11,2025-09-22 06:17:00.294156,3460.05
971,10,71,2025-02-19 02:23:07.925366,5861.05
972,438,57,2025-10-07 22:53:10.797421,18213.78
973,194,30,2025-04-17 16:44:13.010145,11656.5
974,36,77,2025-08-14 16:04:21.059988,8171.24
975,354,60,2025-03-04 20:24:45.509032,11693.4
976,399,12,2025-07-03 08:25:28.151729,567.48
977,401,93,2025-04-05 17:55:18.657106,17587.23
978,499,20,2025-08-19 01:21:30.881953,6222.6
979,359,48,2025-05-31 06:56:35.889352,4330.08
980,498,87,2024-12-29 02:17:29.931937,22889.7
981,404,10,2025-11-02 06:38:07.543419,2210.7
982,123,71,2025-08-15 21:14:54.219080,22988.38
983,233,41,2025-10-26 07:28:33.286130,12169.62
984,69,77,2025-03-30 16:26:01.760374,17469.76
985,195,44,2025-04-01 20:54:45.763659,14050.52
986,415,11,2024-11-08 11:27:10.809828,1033.01
987,211,58,2025-10-14 23:41:34.226467,11885.94
988,62,27,2024-11-12 06:21:27.097851,2451.33
989,138,33,2025-03-11 06:44:25.971232,4915.02
990,139,52,2025-10-10 01:31:30.570828,15198.56
991,376,55,2025-06-24 13:01:57.881215,6801.3
992,336,13,2025-04-16 22:05:00.402555,1128.4
993,327,15,2024-12-07 12:42:20.753320,4198.5
994,417,88,2025-11-05 05:00:12.032909,9936.08
995,264,26,2025-05-06 12:25:51.116674,2202.72
996,47,32,2025-08-26 14:05:27.401206,7864.0
997,120,47,2024-12-17 05:04:53.761718,4913.85
998,117,67,2025-05-29 00:27:43.638293,7128.13
999,383,13,2025-02-07 12:30:26.368933,223.47
1000,171,49,2024-12-11 03:11:22.050993,3095.33
1001,198,41,2025-07-30 22:49:13.316485,10731.34
1002,474,59,2025-09-08 13:49:24.024272,9514.93
1003,30,55,2025-02-12 10:26:30.264787,5669.4
1004,458,72,2025-06-27 12:00:53.433882,3161.52
1005,327,32,2025-03-28 13:34:23.760648,8046.4
1006,280,84,2024-11-10 06:33:17.420633,923.16
1007,263,61,2025-07-17 11:29:45.801429,15392.74
1008,315,53,2025-04-05 13:43:17.405638,6104.54
1009,343,50,2025-06-24 17:28:12.170379,13234.0
1010,264,26,2025-09-05 08:57:22.607885,9009.78
1011,262,14,2024-11-17 18:08:38.442387,3767.26
1012,28,72,2025-07-16 16:58:28.977592,2266.56
1013,61,60,2025-07-25 20:34:54.420537,12397.8
1014,159,23,2025-02-15 10:26:53.016142,1301.57
1015,25,94,2025-02-02 11:21:11.792220,11963.38
1016,242,16,2025-06-20 11:52:50.664747,4222.56
1017,415,35,2025-06-10 00:18:33.140973,5574.1
1018,121,52,2025-04-23 20:30:28.555662,17605.64
1019,405,41,2025-07-09 11:30:32.614513,13094.17
1020,118,22,2025-09-16 17:04:04.483882,5743.1
1021,107,57,2025-02-20 20:06:47.018372,13874.37
1022,466,63,2025-06-11 14:26:07.416973,14832.72
1023,108,32,2025-04-20 15:08:51.935383,7213.76
1024,387,25,2025-08-24 20:08:36.379964,6669.5
1025,34,51,2025-10-28 02:27:27.695901,8469.57
1026,198,44,2025-07-09 09:00:28.221139,14868.48
1027,289,55,2025-04-15 20:58:35.942450,8138.9
1028,347,27,2025-02-02 19:46:45.133929,8742.06
1029,75,13,2024-11-29 06:11:56.393393,1053.39
1030,270,73,2025-04-30 17:34:15.739042,11296.75
1031,47,11,2025-04-16 07:58:50.134990,2260.28
1032,128,82,2025-02-20 00:02:23.367120,3708.86
1033,37,64,2025-07-08 05:41:28.316421,21906.56
1034,500,77,2025-08-25 11:28:28.843230,22875.16
1035,28,90,2025-06-19 15:39:11.182225,10462.5
1036,283,29,2025-02-21 21:51:42.188800,1143.18
1037,335,36,2025-10-24 01:51:42.594453,5938.92
1038,155,65,2025-01-08 01:24:34.532432,3584.75
1039,252,28,2025-04-05 18:52:52.328685,5430.32
1040,265,87,2025-06-10 20:05:40.975778,11597.1
1041,170,54,2025-03-23 15:29:50.647803,5226.66
1042,154,89,2025-04-05 03:04:46.108182,16784.51
1043,56,19,2025-03-20 11:14:04.806918,3031.26
1044,214,59,2024-11-22 23:27:44.501053,19091.81
1045,306,69,2024-12-02 11:37:24.082921,3843.3
1046,224,83,2025-04-04 16:13:26.033018,22380.95
1047,480,79,2025-04-07 23:52:28.656911,9698.83
1048,360,94,2025-09-10 15:19:25.780685,25146.88
1049,63,71,2025-09-22 09:10:34.890078,13275.58
1050,376,39,2024-11-27 13:21:17.464899,2362.23
1051,258,14,2025-05-15 20:55:04.945491,1555.68
1052,500,80,2025-02-14 16:12:55.883050,24755.2
1053,114,25,2024-11-15 03:11:12.170255,8155.25
1054,193,76,2024-11-24 04:50:55.584858,22030.88
1055,277,19,2025-05-19 11:35:06.458742,2124.77
1056,392,75,2025-01-21 05:57:59.607409,12414.75
1057,217,38,2025-02-03 12:01:02.899517,10907.14
1058,8,14,2024-12-27 23:46:52.782427,3026.94
1059,279,48,2024-11-09 07:30:01.837910,15642.72
1060,78,83,2025-02-07 11:23:22.585038,28884.0
1061,435,55,2025-03-10 00:36:42.471957,4327.95
1062,284,41,2024-12-07 06:19:27.650078,10199.57
1063,47,97,2025-07-31 17:42:45.195928,14701.32
1064,286,13,2025-10-26 13:00:17.193496,1333.93
1065,285,11,2025-08-31 14:41:02.797874,3586.99
1066,315,48,2025-09-29 09:05:59.266744,4103.52
1067,288,90,2024-11-08 08:33:20.655047,30771.9
1068,92,69,2025-07-02 10:37:00.820721,21608.04
1069,116,36,2025-10-30 17:21:09.027165,2607.84
1070,108,54,2025-07-04 12:20:53.913955,2000.7
1071,390,34,2025-10-17 09:24:58.816982,8625.46
1072,198,24,2025-07-10 10:47:43.994927,2295.12
1073,232,72,2025-02-03 14:07:20.286677,3513.6
1074,469,87,2025-02-12 21:57:14.948843,5503.62
1075,431,86,2025-05-27 01:03:47.685380,9715.42
1076,488,25,2025-07-09 03:16:08.165231,759.5
1077,179,76,2024-12-20 10:19:37.521801,4893.64
1078,432,77,2025-08-20 03:24:08.146528,1144.99
1079,246,69,2025-09-26 23:00:42.628627,998.43
1080,381,61,2024-12-15 16:43:32.676287,16301.64
1081,24,59,2025-10-05 17:32:58.537972,4269.83
1082,146,75,2025-10-18 19:29:40.206074,3430.5
1083,137,93,2025-03-19 10:07:56.289498,25300.65
1084,316,97,2025-07-25 18:09:43.214421,998.13
1085,159,66,2025-09-16 09:38:05.079918,18307.74
1086,275,75,2025-04-10 22:16:06.144167,22810.5
1087,211,79,2025-04-17 21:15:33.585927,26318.85
1088,19,57,2025-08-17 06:25:41.659093,15051.42
1089,111,62,2025-05-21 22:18:24.375755,10158.7
1090,409,97,2025-03-03 18:32:28.650424,21831.79
1091,387,64,2025-04-01 00:59:23.727194,13812.48
1092,397,95,2025-08-08 21:46:05.840236,6405.85
1093,322,87,2025-10-02 11:18:45.391145,8688.69
1094,228,88,2024-11-08 21:23:00.655930,33353.76
1095,454,76,2025-01-18 04:13:03.356791,9503.04
1096,48,13,2025-01-12 13:18:41.936476,3244.54
1097,356,98,2025-07-13 17:38:26.080544,10260.6
1098,315,40,2024-11-13 14:24:18.197097,13688.4
1099,437,56,2025-06-05 01:25:08.555111,4608.24
1100,262,78,2025-01-04 19:32:47.109851,15663.18
1101,61,21,2025-07-18 10:56:14.239630,8318.73
1102,108,73,2025-01-28 11:19:34.043603,7857.72
1103,262,49,2025-06-26 07:44:35.700013,19559.82
1104,133,99,2025-04-29 04:06:12.602359,17857.62
1105,306,52,2025-04-28 04:58:36.857463,4670.12
1106,62,19,2025-10-30 16:03:54.737814,631.75
1107,385,51,2025-02-22 15:47:55.978620,3165.06
1108,167,20,2025-07-18 16:07:32.452211,4430.2
1109,51,23,2025-03-23 10:16:27.245732,3432.98
1110,230,77,2025-02-11 11:42:14.149198,9745.89
1111,244,14,2025-02-18 03:25:46.720990,3459.26
1112,103,16,2024-12-01 17:29:19.741196,3510.72
1113,29,16,2025-01-31 04:04:59.840093,5267.04
1114,3,15,2025-02-28 20:49:35.821939,5428.95
1115,248,85,2025-03-20 00:04:03.167787,9933.1
1116,308,87,2025-05-02 04:57:56.519944,9943.23
1117,490,94,2024-12-08 16:48:29.424816,17750.96
1118,167,12,2025-08-27 11:52:17.681732,3060.0
1119,378,76,2025-04-27 11:11:50.696318,4010.52
1120,147,53,2025-03-21 01:36:44.343786,18672.43
1121,309,81,2025-05-27 15:05:14.160506,6892.29
1122,167,86,2025-10-12 01:05:09.742480,31177.58
1123,134,29,2025-06-07 04:38:09.006427,11032.18
1124,110,12,2025-10-03 22:04:43.630188,729.6
1125,489,98,2025-07-18 19:32:02.914779,8244.74
1126,183,94,2025-09-27 11:51:56.701935,28763.06
1127,196,83,2025-01-28 17:19:11.174651,23657.49
1128,315,29,2025-10-09 23:11:04.247410,9449.94
1129,365,54,2025-10-10 23:03:14.527162,10523.52
1130,228,57,2025-07-24 19:41:10.471191,21820.74
1131,71,82,2025-07-03 14:44:04.544575,16581.22
1132,215,70,2025-10-26 07:55:45.519795,26086.9
1133,14,53,2024-12-23 20:29:56.319330,17348.49
1134,116,31,2025-04-07 15:58:21.580384,2108.31
1135,395,98,2025-02-09 09:15:48.545651,14463.82
1136,399,59,2025-08-26 02:39:03.858302,5751.91
1137,470,89,2025-01-21 22:11:11.058704,2661.99
1138,115,64,2025-09-22 06:40:16.635742,11475.2
1139,100,78,2025-06-25 03:39:17.186538,16532.1
1140,434,73,2024-12-23 19:51:57.819450,7242.33
1141,423,68,2025-11-01 04:28:13.170354,1425.28
1142,265,88,2025-09-01 22:02:54.540778,3931.84
1143,465,63,2025-10-18 14:34:54.234041,2349.27
1144,119,12,2025-02-27 07:43:48.550704,4164.0
1145,406,80,2025-02-07 09:58:03.935292,15930.4
1146,372,96,2025-03-17 02:18:43.055057,23784.0
1147,171,91,2025-08-18 14:55:05.120634,28935.27
1148,197,45,2024-11-14 08:53:13.689237,2624.4
1149,454,84,2025-07-13 08:06:53.950288,20807.64
1150,277,64,2025-07-10 07:47:42.856774,24819.84
1151,223,49,2025-03-04 04:41:37.811500,14039.48
1152,200,17,2025-06-20 10:38:21.327613,3128.68
1153,385,96,2025-05-15 01:34:21.558865,5482.56
1154,457,26,2025-06-15 10:18:39.424050,9796.02
1155,442,77,2025-05-04 16:23:57.745028,15498.56
1156,434,72,2025-09-23 16:51:02.805072,22214.16
1157,218,77,2025-09-05 11:33:01.909622,1638.56
1158,295,23,2025-05-13 07:07:31.581001,691.15
1159,322,37,2025-02-05 05:21:40.636146,4603.54
1160,432,94,2025-10-30 23:01:09.048058,31519.14
1161,49,77,2024-12-16 22:49:17.939854,2912.91
1162,8,60,2024-12-18 04:30:49.591334,17380.8
1163,278,33,2025-03-23 20:51:01.693650,4435.86
1164,87,97,2025-11-06 08:29:55.678694,10567.18
1165,70,42,2025-03-05 02:05:30.841108,908.04
1166,214,81,2024-12-02 05:34:25.793648,11747.43
1167,274,47,2025-02-04 16:56:53.951339,17435.59
1168,498,14,2025-01-23 00:56:57.619447,1497.44
1169,314,63,2025-04-01 05:39:27.692048,12186.09
1170,7,72,2025-04-19 15:31:59.500223,3670.56
1171,461,76,2025-06-12 15:53:12.099932,20542.04
1172,364,55,2025-03-12 23:13:30.304274,13955.15
1173,479,60,2024-12-30 03:03:42.701270,2490.0
1174,225,23,2025-02-12 04:19:55.839385,263.58
1175,143,66,2025-07-10 19:28:29.129626,21810.36
1176,414,87,2025-11-02 15:04:07.100514,7469.82
1177,477,92,2025-03-25 17:26:55.797723,35385.96
1178,102,71,2024-12-16 02:37:16.270725,26586.66
1179,386,33,2025-03-15 02:29:26.589872,4675.11
1180,136,73,2025-05-04 12:06:19.289514,21625.52
1181,111,37,2025-08-30 17:48:11.543079,2315.83
1182,371,96,2025-06-04 17:20:58.565106,14005.44
1183,117,92,2025-09-29 10:27:11.110615,25553.0
1184,485,10,2025-06-28 20:33:11.165130,3622.9
1185,333,77,2025-05-28 07:01:02.250081,473.55
1186,85,39,2025-02-24 20:45:36.477975,14468.61
1187,156,61,2025-05-07 14:39:25.249669,16086.92
1188,68,52,2025-05-05 11:46:43.212033,11301.68
1189,432,13,2025-05-18 02:06:05.543597,3374.8
1190,394,67,2025-01-04 02:32:52.594121,25819.79
1191,102,82,2025-02-24 07:44:35.655262,3005.3
1192,388,40,2025-07-18 04:59:55.689554,12003.6
1193,424,85,2025-08-28 08:21:33.859104,19515.15
1194,229,44,2024-11-07 01:46:07.783556,1607.76
1195,318,77,2025-01-04 21:25:15.833470,7214.13
1196,326,98,2025-05-05 21:23:36.254872,7224.56
1197,146,15,2025-05-12 08:14:43.569849,4883.4
1198,424,94,2025-06-12 20:49:04.604739,28669.06
1199,376,98,2025-05-15 19:28:46.664921,27674.22
1200,45,51,2025-08-10 04:21:10.441913,6871.74
1201,49,51,2025-05-25 09:11:24.022245,8468.55
1202,127,94,2025-05-12 05:52:21.889523,16543.06
1203,35,50,2024-11-16 22:36:48.485636,14865.0
1204,107,63,2025-08-16 13:53:36.587120,19135.62
1205,263,58,2025-08-18 20:33:53.254155,4513.56
1206,17,34,2025-06-04 11:27:48.398252,4355.74
1207,446,39,2025-02-04 03:45:44.184229,15346.89
1208,444,39,2025-01-17 03:34:02.440946,14090.7
1209,16,59,2025-01-19 18:07:34.809758,17707.08
1210,25,34,2025-07-25 13:10:15.489704,12883.28
1211,12,51,2025-07-15 21:17:50.312723,2456.67
1212,386,70,2025-05-06 23:05:37.828067,13358.1
1213,419,77,2025-01-18 08:08:32.004796,5899.74
1214,297,19,2025-06-21 18:47:31.531963,6049.6
1215,204,68,2024-12-14 09:36:41.014229,8718.96
1216,258,84,2025-09-13 04:45:35.412046,31361.4
1217,55,44,2025-11-03 13:00:11.979596,9237.8
1218,111,22,2025-05-21 04:41:24.281061,665.5
1219,197,28,2025-03-12 02:57:17.011054,4571.56
1220,246,28,2025-11-05 22:15:38.054394,2389.24
1221,309,92,2025-11-04 01:12:02.372188,3106.84
1222,80,79,2024-12-21 08:48:39.131522,14378.79
1223,198,54,2025-04-15 19:54:37.112371,4304.88
1224,141,33,2025-07-25 00:12:14.071069,9887.46
1225,443,10,2025-01-03 00:07:03.058706,1916.9
1226,455,14,2025-10-15 05:51:33.677539,4658.5
1227,375,31,2025-03-18 10:31:50.802752,10067.56
1228,276,39,2025-05-01 11:11:56.870355,6451.38
1229,23,49,2025-10-18 00:59:33.460769,12862.01
1230,191,92,2024-12-19 19:07:31.230631,25822.56
1231,367,67,2025-04-12 13:57:54.339402,5219.97
1232,85,73,2025-10-04 20:48:42.954193,18696.03
1233,392,17,2025-08-03 11:45:12.585715,5058.18
1234,479,75,2025-07-10 13:31:31.496258,7767.75
1235,329,12,2025-04-14 05:36:52.647124,943.92
1236,363,54,2025-01-24 05:41:43.769958,9549.36
1237,14,87,2025-06-24 01:08:38.214637,15115.38
1238,195,49,2025-05-28 11:15:31.136037,14334.95
1239,286,59,2025-01-21 10:30:45.424567,4829.74
1240,55,69,2025-05-07 06:56:29.276126,440.22
1241,424,71,2025-08-15 02:19:23.762336,2682.38
1242,385,35,2025-09-18 22:21:42.106038,471.8
1243,307,30,2025-05-23 08:45:09.449107,9837.0
1244,162,32,2024-11-27 09:29:19.165901,6455.04
1245,47,61,2025-07-13 22:40:55.094169,8216.09
1246,248,29,2024-11-20 11:40:44.355237,10348.94
1247,122,54,2025-10-25 06:29:17.879667,9135.18
1248,238,51,2025-01-22 11:20:47.625463,9877.17
1249,409,35,2025-05-20 19:24:55.163755,12888.75
1250,351,12,2025-05-17 17:13:17.996508,704.52
1251,438,35,2025-09-21 04:56:20.043733,8653.05
1252,17,49,2025-08-06 07:58:44.390629,18871.86
1253,410,50,2025-07-27 20:43:29.505708,10474.0
1254,10,29,2025-02-28 10:02:12.344202,3424.9
1255,394,62,2025-10-19 03:45:32.180748,22801.12
1256,50,16,2025-08-23 02:58:48.811838,5280.0
1257,93,55,2025-05-16 19:48:03.646233,21082.6
1258,79,41,2025-04-30 09:31:04.994179,11547.65
1259,325,90,2025-02-25 23:04:07.719812,1134.9
1260,211,35,2025-06-25 02:26:44.960505,2342.2
1261,356,30,2025-10-12 21:17:43.877532,10785.9
1262,184,70,2025-07-07 02:16:07.170569,6806.8
1263,288,82,2025-09-11 04:02:19.494751,20317.96
1264,482,57,2025-04-19 15:13:37.199151,18080.4
1265,51,27,2025-01-06 13:42:12.413596,3764.07
1266,389,47,2025-02-21 20:53:21.570956,12143.86
1267,390,98,2025-01-09 16:45:12.599259,14017.92
1268,231,25,2025-09-16 17:23:24.390792,4408.75
1269,413,16,2025-04-17 02:14:25.622093,383.2
1270,220,33,2025-01-27 11:06:58.306018,7604.52
1271,220,63,2024-12-02 16:22:21.335465,11706.66
1272,345,40,2025-02-10 17:30:38.835329,15990.8
1273,172,44,2025-10-13 22:41:38.396257,366.96
1274,217,17,2025-10-21 19:02:07.949823,2675.46
1275,177,51,2025-07-17 04:44:24.394013,1894.14
1276,52,26,2025-01-04 20:57:59.659881,761.28
1277,174,47,2024-11-08 21:58:39.061352,15021.2
1278,427,95,2025-10-25 21:02:07.495553,18848.0
1279,421,60,2025-01-30 00:54:18.659881,16686.0
1280,417,97,2024-12-08 21:50:51.449590,26774.91
1281,456,87,2025-04-09 00:04:04.031963,20912.19
1282,445,33,2025-02-15 12:12:19.714126,1633.83
1283,445,23,2024-12-18 16:51:59.516645,3139.04
1284,174,29,2025-08-23 19:30:04.324198,3290.34
1285,390,37,2025-09-15 23:43:01.192805,6409.14
1286,456,20,2025-01-03 05:50:29.667609,7689.6
1287,408,54,2024-12-16 16:44:50.474891,10753.02
1288,99,93,2025-07-13 00:19:27.222172,18879.0
1289,331,27,2025-08-29 07:31:02.633707,2011.5
1290,348,98,2025-02-10 12:34:09.590284,597.8
1291,151,76,2025-02-25 12:59:16.874291,5785.88
1292,390,47,2024-12-05 05:19:29.080501,10966.51
1293,284,64,2024-11-26 22:20:32.904594,5357.44
1294,165,87,2025-01-28 12:52:30.156617,12271.35
1295,188,43,2025-02-11 17:28:18.412159,685.42
1296,23,94,2025-07-03 13:01:01.836983,35261.28
1297,489,55,2025-07-28 03:30:21.065301,19982.05
1298,139,25,2025-05-18 10:43:39.703843,9390.5
1299,155,97,2025-10-14 14:25:54.077373,14997.17
1300,338,92,2025-07-17 22:17:38.873149,2046.08
1301,209,92,2025-09-28 00:15:13.228064,15745.8
1302,440,83,2025-03-26 21:10:09.116515,17329.57
1303,71,98,2025-02-23 18:59:37.684709,4406.08
1304,186,72,2025-08-14 06:17:57.440876,11916.72
1305,488,30,2025-09-07 23:49:00.779436,11314.5
1306,180,73,2024-12-18 17:18:32.448853,24783.5
1307,471,12,2025-08-24 18:42:35.355497,645.12
1308,341,33,2025-07-18 01:27:25.832309,4428.6
1309,240,73,2025-05-15 10:19:55.839320,22143.82
1310,366,90,2025-10-14 23:45:06.920441,4273.2
1311,56,61,2025-08-08 02:59:47.706941,1926.38
1312,24,32,2025-05-14 03:14:58.226967,1908.48
1313,53,31,2025-01-23 04:57:53.866907,4229.02
1314,312,84,2025-09-03 23:30:49.025664,4908.96
1315,258,73,2025-10-13 03:55:43.845242,11744.24
1316,185,96,2025-03-02 06:41:09.620746,28388.16
1317,434,86,2025-06-22 14:30:38.901757,19754.2
1318,236,35,2024-12-06 05:29:54.049195,839.65
1319,392,40,2025-09-25 19:04:01.809089,3996.0
1320,266,73,2025-03-07 17:45:30.472714,19456.69
1321,17,54,2025-01-04 09:50:03.879010,10042.92
1322,176,75,2025-09-14 18:02:42.616404,17370.0
1323,497,70,2025-01-24 19:41:08.561331,7705.6
1324,92,49,2025-01-16 05:42:10.786545,6910.47
1325,174,90,2025-08-20 00:53:07.545077,27222.3
1326,420,31,2025-08-20 11:06:12.815650,2806.12
1327,427,87,2025-03-20 20:33:52.470232,27612.06
1328,266,32,2025-04-21 19:59:43.169997,7502.72
1329,314,79,2025-06-01 07:10:03.840627,22901.31
1330,13,26,2025-01-24 08:30:00.909751,7919.34
1331,450,70,2025-05-26 18:26:58.514916,7250.6
1332,416,71,2025-06-04 21:47:01.913807,24132.9
1333,124,25,2025-09-21 19:11:07.131967,6136.25
1334,148,90,2025-02-11 03:54:43.202944,14347.8
1335,465,77,2025-02-08 21:33:57.626601,30467.36
1336,251,98,2025-06-14 06:20:34.766594,5876.08
1337,498,43,2025-07-02 13:16:23.463610,6087.08
1338,218,36,2024-11-20 19:19:43.087166,1230.84
1339,190,86,2025-08-02 23:57:43.866566,10861.8
1340,24,31,2025-10-09 23:58:10.571407,8292.5
1341,119,24,2025-07-09 11:55:46.011326,4799.28
1342,60,99,2025-07-12 00:04:19.577504,14825.25
1343,79,49,2025-10-30 16:22:12.339100,17173.03
1344,224,72,2025-11-03 01:41:26.381426,4265.28
1345,453,59,2025-08-27 13:32:50.164557,17327.12
1346,59,69,2025-08-25 06:33:19.056213,21804.0
1347,186,99,2025-04-14 20:57:29.091969,7744.77
1348,251,72,2025-05-29 01:42:33.460209,27099.36
1349,418,69,2025-03-05 03:57:45.623546,14113.95
1350,345,41,2025-07-29 09:34:27.138830,239.85
1351,20,48,2025-02-10 00:15:44.876911,9266.88
1352,211,15,2025-06-17 05:33:40.881706,4803.75
1353,161,59,2025-06-08 09:06:15.747319,14292.75
1354,206,14,2025-02-19 19:04:47.568762,4625.32
1355,408,16,2025-10-23 05:38:27.054705,4964.32
1356,426,31,2025-03-19 11:52:19.741700,3564.38
1357,456,20,2025-09-13 14:14:10.221280,1374.6
1358,268,66,2025-04-20 01:19:01.880579,20017.14
1359,332,94,2025-07-21 00:30:12.194833,29530.1
1360,153,45,2025-08-26 20:58:32.257836,1910.7
1361,168,12,2025-04-26 23:27:33.197659,4541.76
1362,342,38,2025-10-02 12:42:34.498126,8058.66
1363,34,97,2025-06-09 20:51:31.160872,38785.45
1364,4,77,2025-05-26 13:45:13.223077,26729.78
1365,387,44,2025-03-12 01:46:46.045780,11498.08
1366,393,41,2025-07-17 13:33:24.603411,10045.41
1367,197,44,2025-03-26 19:59:31.570079,10466.28
1368,115,85,2025-06-18 05:04:35.915956,21225.35
1369,86,51,2025-01-27 19:28:41.947958,7440.9
1370,312,23,2025-08-08 08:34:07.070130,1475.22
1371,119,67,2025-08-12 22:42:41.929853,21850.04
1372,241,98,2025-08-26 06:33:31.226923,5527.2
1373,277,41,2025-03-12 12:45:39.402470,6710.06
1374,411,76,2025-10-08 20:16:21.479271,6852.92
1375,383,85,2025-07-29 16:47:34.221928,33236.7
1376,387,87,2025-01-22 23:08:17.306711,13586.79
1377,381,59,2025-10-28 17:53:51.756726,8133.15
1378,271,75,2025-10-24 01:58:00.194531,27469.5
1379,497,32,2025-06-17 18:06:55.034853,2425.6
1380,18,75,2025-10-25 09:24:24.583312,6996.75
1381,153,43,2025-10-19 21:19:18.285083,8070.67
1382,233,99,2025-03-30 09:50:33.765434,31186.98
1383,261,68,2024-12-11 01:05:48.204728,12163.16
1384,477,81,2025-04-04 10:33:07.647210,5003.37
1385,303,89,2025-03-25 09:43:50.911970,27751.09
1386,488,62,2025-04-13 14:03:44.042310,2287.8
1387,364,85,2025-09-04 07:35:44.889775,524.45
1388,334,83,2025-06-25 04:18:34.868938,18739.74
1389,380,51,2025-08-04 11:11:15.471321,15751.86
1390,108,44,2025-02-24 23:34:38.631458,10996.48
1391,111,61,2025-07-16 11:30:49.858272,13169.9
1392,150,66,2025-03-11 09:47:28.434216,25966.38
1393,376,57,2025-09-12 17:26:38.580765,12499.53
1394,180,76,2025-08-10 08:30:53.076636,14387.56
1395,276,91,2024-11-25 13:11:21.090898,30315.74
1396,193,69,2025-09-12 18:01:37.540419,8828.55
1397,484,33,2025-01-02 05:38:00.778356,4319.7
1398,333,10,2025-03-18 15:59:35.196371,2381.2
1399,445,15,2025-10-07 00:21:14.399558,1272.0
1400,331,85,2025-07-18 02:04:30.574452,4504.15
1401,240,92,2025-01-01 22:57:59.587445,21283.28
1402,74,38,2025-06-19 08:46:00.474944,9564.6
1403,228,46,2025-07-14 19:26:12.526722,18060.98
1404,436,74,2025-01-28 14:30:06.326344,5379.8
1405,66,94,2025-01-30 02:19:24.928591,19759.74
1406,180,35,2025-09-20 04:49:36.976498,7964.25
1407,280,15,2024-11-15 18:58:46.276628,4898.7
1408,43,86,2025-01-06 04:03:12.264854,5153.12
1409,292,13,2025-01-30 00:39:22.679955,3228.16
1410,95,77,2025-09-20 02:02:51.022260,5745.74
1411,459,39,2025-03-31 12:00:07.280480,5140.2
1412,409,40,2025-06-22 09:39:03.122038,15325.2
1413,420,72,2025-05-15 11:21:52.386199,21027.6
1414,168,70,2025-01-24 08:30:50.719531,14249.2
1415,241,65,2025-02-17 21:27:47.424009,15224.95
1416,63,24,2025-09-01 01:19:37.827069,6794.4
1417,185,83,2025-02-28 11:04:11.917566,11506.29
1418,226,46,2025-10-15 09:21:35.082949,706.56
1419,49,93,2025-06-27 00:44:29.455650,2060.88
1420,288,77,2025-11-02 11:42:35.519978,16700.53
1421,267,98,2025-04-03 17:28:59.264600,25284.98
1422,421,63,2024-12-21 21:04:30.991813,13228.11
1423,36,12,2025-05-26 10:09:46.648397,3504.0
1424,253,66,2025-06-23 19:24:51.760234,24881.34
1425,421,61,2025-08-16 19:30:37.753261,772.87
1426,103,83,2025-08-06 12:40:06.898573,32105.23
1427,240,31,2025-01-25 05:06:06.693533,12286.54
1428,137,36,2025-05-04 11:28:17.787558,13156.2
1429,193,96,2025-05-02 09:49:26.499063,32196.48
1430,297,70,2025-06-27 03:34:30.220861,21130.9
1431,335,42,2025-08-08 05:03:33.585075,3170.16
1432,126,61,2025-07-31 15:24:22.924041,2350.94
1433,478,92,2025-05-21 09:04:09.128602,32306.72
1434,174,20,2025-01-27 06:43:56.613147,7144.8
1435,389,35,2025-04-24 18:58:11.996505,5872.3
1436,352,82,2025-06-30 13:49:51.574944,32594.18
1437,80,27,2025-11-05 15:53:29.969338,2505.6
1438,418,34,2025-07-14 18:32:55.674294,8237.18
1439,362,34,2024-11-08 03:36:55.719471,10853.14
1440,489,40,2025-05-09 20:01:47.540369,11496.8
1441,359,55,2025-06-02 02:33:24.592969,2095.5
1442,410,48,2024-11-21 06:53:47.260260,12693.12
1443,54,71,2025-08-16 15:07:33.300430,2029.89
1444,306,81,2025-09-15 02:10:32.582874,16960.59
1445,408,10,2025-04-19 01:56:42.348696,2876.2
1446,417,82,2025-08-27 08:35:56.558137,27858.68
1447,426,29,2025-04-16 17:02:09.934947,5492.02
1448,71,22,2025-10-09 17:08:34.150637,2287.12
1449,229,47,2025-06-10 20:18:58.289575,11116.44
1450,384,72,2025-08-27 12:43:26.211242,649.44
1451,449,28,2025-04-15 23:37:17.105564,4021.64
1452,400,34,2025-03-14 20:27:42.313896,7709.84
1453,199,91,2024-12-16 07:06:34.363459,31656.17
1454,386,69,2025-09-18 11:57:29.146765,15884.49
1455,39,34,2025-09-11 23:13:30.933680,7821.7
1456,81,62,2025-05-05 12:21:26.879161,23018.74
1457,299,73,2024-12-11 11:50:50.702424,10263.07
1458,141,41,2025-03-05 11:41:11.265657,5716.22
1459,14,57,2025-05-09 00:10:02.862666,6177.09
1460,54,76,2025-07-30 05:36:54.898541,14240.88
1461,357,41,2025-06-23 10:04:43.666339,5018.4
1462,132,62,2024-11-29 20:29:47.846959,724.16
1463,342,46,2025-09-12 07:21:14.542425,15713.6
1464,108,17,2025-04-19 17:48:46.145332,2883.88
1465,211,42,2025-01-15 20:07:33.203377,6966.12
1466,181,84,2025-02-13 14:59:41.555772,4070.64
1467,87,30,2025-06-14 19:07:22.272220,10425.9
1468,463,20,2024-12-29 16:18:18.272094,4281.4
1469,7,39,2025-04-20 22:14:56.722506,13995.54
1470,131,18,2025-01-17 09:45:19.933389,4615.2
1471,50,95,2025-01-15 04:52:53.040587,33620.5
1472,227,99,2024-11-28 17:19:28.131789,11861.19
1473,375,69,2025-08-19 08:17:11.057847,17910.33
1474,50,88,2024-11-17 06:02:08.889766,15964.08
1475,315,59,2025-05-09 17:40:37.420033,18285.28
1476,337,73,2024-12-22 16:52:52.970853,8114.68
1477,102,84,2024-11-27 02:42:08.154346,17430.84
1478,66,14,2024-12-11 07:44:00.752965,3082.52
1479,288,74,2025-04-26 05:24:03.088098,6574.9
1480,120,45,2024-12-25 12:13:58.683338,14468.4
1481,70,87,2025-10-18 11:03:01.495209,27538.11
1482,450,61,2025-06-30 20:56:29.580998,9909.45
1483,395,54,2025-04-16 03:13:07.641285,2168.64
1484,117,21,2025-03-24 10:00:29.488750,2394.42
1485,321,81,2025-02-02 08:57:15.014260,8034.39
1486,81,11,2025-08-23 06:33:03.121370,945.56
1487,200,68,2025-09-12 18:55:48.754489,13622.44
1488,229,17,2025-10-24 15:16:55.662300,2751.11
1489,60,19,2025-09-01 00:21:50.211600,3333.55
1490,422,62,2025-08-08 07:37:44.657312,5850.32
1491,233,88,2025-09-27 16:38:18.587647,2729.76
1492,437,72,2025-04-03 04:32:13.589706,4975.92
1493,471,82,2024-11-15 11:44:47.906518,13004.38
1494,178,12,2025-05-05 03:12:59.729780,309.96
1495,194,18,2025-05-17 18:43:45.878145,2354.94
1496,422,42,2025-05-11 04:59:41.579501,16260.72
1497,17,75,2025-01-06 13:06:52.066302,21424.5
1498,389,36,2025-10-01 10:52:01.237832,11552.04
1499,464,68,2025-08-01 06:44:43.904832,16775.6
1500,303,19,2025-08-05 18:37:05.005277,6192.1
1501,235,85,2025-02-24 14:13:24.975080,14328.45
1502,492,40,2025-11-04 04:30:10.340481,13686.8
1503,27,60,2024-12-17 08:37:39.849612,8343.6
1504,14,95,2025-01-04 15:59:36.194184,31417.45
1505,379,12,2025-02-17 19:55:12.718034,2440.44
1506,460,40,2025-03-08 20:06:48.215789,7332.4
1507,393,85,2025-10-09 16:04:36.851013,24395.0
1508,251,31,2025-10-05 08:23:54.987347,9664.87
1509,487,87,2025-09-06 20:16:21.712789,20872.17
1510,166,56,2025-04-30 03:56:42.263971,12790.96
1511,49,46,2024-12-09 04:40:19.781329,17262.42
1512,68,86,2025-09-24 14:45:52.029199,23452.2
1513,76,44,2025-11-02 11:36:14.340760,563.64
1514,199,33,2025-01-29 18:57:34.654481,12654.84
1515,314,53,2025-03-25 15:30:46.470752,12045.31
1516,467,22,2025-10-07 00:43:28.271518,8759.52
1517,328,88,2025-02-05 04:30:11.655153,4651.68
1518,392,91,2025-06-12 02:41:38.626209,16642.08
1519,22,32,2025-10-22 08:00:58.254729,10282.56
1520,78,38,2025-06-27 12:01:34.436661,6942.22
1521,489,77,2025-03-12 10:35:30.597699,16087.61
1522,391,68,2025-10-10 00:58:13.221614,12166.56
1523,119,48,2025-03-24 16:08:58.883491,17403.36
1524,50,23,2025-07-01 08:51:58.033005,1902.1
1525,410,84,2025-04-13 13:16:29.065640,9817.08
1526,246,97,2025-05-04 09:35:41.225294,27465.55
1527,74,19,2024-11-21 19:47:10.611166,5977.4
1528,372,11,2025-10-22 09:29:10.487591,3603.16
1529,164,71,2025-06-24 13:42:55.586551,7944.19
1530,231,45,2024-11-29 16:26:14.691103,12638.7
1531,54,53,2025-04-17 11:34:16.015978,2400.37
1532,105,14,2025-07-25 03:22:34.587703,4482.1
1533,261,57,2025-05-31 11:25:21.226524,19948.86
1534,300,39,2024-11-26 21:17:45.032006,14281.02
1535,58,98,2024-11-26 03:48:57.093268,35078.12
1536,259,33,2025-03-19 17:58:21.836513,1506.12
1537,93,26,2025-10-07 14:35:19.232158,4687.28
1538,116,12,2024-12-11 14:55:28.948262,2331.0
1539,196,60,2025-08-12 21:38:48.836910,8554.8
1540,197,84,2025-10-13 22:15:16.110118,4543.56
1541,281,60,2025-08-13 19:45:30.296214,4789.8
1542,221,88,2025-10-27 09:55:14.139112,13229.92
1543,202,92,2025-04-19 17:07:10.797458,34861.56
1544,157,22,2025-07-03 14:32:18.208872,6584.38
1545,56,30,2025-09-22 18:24:08.646620,389.7
1546,101,60,2025-09-02 22:37:05.567307,352.2
1547,411,79,2025-09-27 01:21:57.128140,23519.09
1548,196,40,2025-04-04 05:09:07.931122,4315.2
1549,455,55,2025-07-26 06:45:56.101686,20536.45
1550,179,39,2025-09-22 19:33:49.097571,13055.64
1551,389,72,2025-06-21 19:12:50.963911,9460.08
1552,427,25,2025-01-11 03:19:41.603504,2446.0
1553,410,63,2025-02-19 12:38:24.347380,17476.83
1554,333,96,2025-05-21 20:51:45.604985,20693.76
1555,304,64,2025-10-01 04:13:45.463747,15077.76
1556,185,31,2025-04-18 09:50:10.111145,6886.34
1557,472,24,2025-08-02 09:09:52.028168,5063.52
1558,220,53,2025-08-24 19:47:42.442826,3227.17
1559,362,96,2025-05-23 22:17:50.261822,8064.0
1560,121,71,2025-10-19 15:41:20.945018,9437.32
1561,416,11,2025-05-28 13:15:58.896404,396.77
1562,322,13,2025-06-30 01:29:25.978068,2533.83
1563,317,67,2025-10-20 05:02:24.070971,12165.86
1564,173,84,2024-11-11 00:24:16.737016,20748.0
1565,24,21,2025-10-13 00:16:57.706704,7776.3
1566,23,30,2025-03-27 07:39:30.545920,11990.4
1567,36,96,2025-08-18 22:32:19.998042,13376.64
1568,288,49,2024-12-14 06:10:09.220298,14933.73
1569,229,39,2025-08-29 21:07:23.821215,14460.81
1570,13,45,2025-08-17 14:04:34.034431,15546.15
1571,250,99,2024-11-20 04:22:40.624260,19115.91
1572,394,85,2025-07-22 05:30:24.427062,33019.95
1573,48,30,2025-09-16 18:01:56.728006,6997.5
1574,161,39,2025-03-14 23:03:10.159949,10989.42
1575,417,44,2025-01-27 18:57:27.299804,6419.6
1576,108,30,2025-08-24 12:14:45.354789,8976.3
1577,384,46,2025-03-08 04:49:59.669419,9341.68
1578,278,54,2025-10-11 18:45:09.339405,10105.02
1579,467,66,2025-05-31 22:50:04.826222,9059.82
1580,471,55,2024-11-12 09:08:01.473301,20076.1
1581,30,67,2025-10-06 00:37:44.834612,7554.25
1582,342,32,2025-05-04 18:32:41.818019,1587.52
1583,390,70,2025-11-05 20:44:52.814750,19193.3
1584,262,98,2025-07-14 19:11:10.320981,1368.08
1585,205,20,2025-07-28 04:18:47.482135,6688.2
1586,385,81,2025-04-03 03:38:21.103121,8897.85
1587,117,47,2025-09-29 17:08:51.203405,16622.02
1588,324,67,2025-05-20 22:41:58.952227,6368.35
1589,107,19,2024-11-19 11:11:49.766977,4991.68
1590,485,56,2024-12-14 09:47:50.848847,20194.16
1591,388,24,2025-07-10 02:23:04.629014,3587.04
1592,335,30,2025-08-07 11:55:27.381389,6616.8
1593,426,82,2025-05-14 04:59:21.825092,20123.62
1594,131,21,2025-07-29 16:50:09.849541,1962.24
1595,17,25,2025-10-24 02:43:44.763608,1289.25
1596,236,46,2025-04-29 14:48:25.331167,948.52
1597,29,61,2025-03-16 18:25:23.489466,11203.87
1598,200,31,2025-08-23 01:56:20.330661,3925.84
1599,68,88,2025-03-03 23:43:42.838959,5206.96
1600,144,32,2025-03-13 20:19:57.636493,1930.88
1601,62,83,2025-07-13 23:43:39.939588,11145.24
1602,127,22,2025-08-09 07:32:19.497780,6363.94
1603,186,80,2025-05-28 07:51:47.235477,17777.6
1604,185,26,2025-07-08 07:49:15.074476,1090.44
1605,67,73,2024-11-15 16:56:46.228086,13815.25
1606,41,28,2025-02-05 06:52:06.551629,1048.32
1607,294,80,2024-11-27 19:11:16.328857,7640.8
1608,147,84,2025-05-13 09:53:21.638923,12841.92
1609,426,95,2025-06-03 12:20:19.297200,15694.95
1610,26,14,2025-07-09 08:44:46.356917,297.78
1611,47,23,2025-03-09 20:09:57.370893,966.0
1612,279,83,2025-04-12 11:37:07.714970,16228.99
1613,6,89,2025-06-21 00:55:13.904335,17622.0
1614,129,70,2025-09-22 16:48:24.506222,1647.8
1615,48,99,2025-07-31 05:30:16.639940,36582.48
1616,76,13,2025-10-16 14:30:02.479236,1466.79
1617,70,14,2025-05-13 23:10:20.594629,3924.06
1618,382,55,2025-06-26 20:26:03.093252,19137.25
1619,196,82,2025-07-25 14:44:12.235867,32701.6
1620,94,88,2024-12-03 18:45:55.680143,15237.2
1621,471,41,2025-08-03 13:25:16.727408,6502.6
1622,115,59,2025-07-06 14:47:02.101853,10649.5
1623,432,12,2025-05-08 04:59:33.383225,1278.0
1624,339,83,2024-11-16 17:43:13.833330,15423.06
1625,97,69,2025-08-06 08:17:21.891707,21691.53
1626,226,89,2025-07-27 23:44:26.748491,23373.18
1627,319,82,2025-05-17 04:22:15.446018,15053.56
1628,446,46,2024-12-24 08:06:25.389930,5492.4
1629,143,87,2025-06-26 18:08:47.091612,27447.63
1630,30,13,2025-05-21 16:58:44.703798,716.82
1631,279,13,2025-06-02 19:25:00.281887,2902.77
1632,477,59,2025-01-22 09:30:29.010055,6458.14
1633,229,63,2025-01-29 15:10:06.463528,5275.62
1634,365,76,2025-08-19 02:15:56.871727,4534.16
1635,394,27,2025-06-23 13:17:13.646843,4539.78
1636,465,58,2025-05-17 13:58:40.090707,7642.08
1637,498,70,2025-06-24 18:20:33.520612,4372.2
1638,278,54,2025-07-24 11:35:58.752239,16528.32
1639,165,99,2025-06-07 05:40:49.661050,38664.45
1640,125,12,2025-07-29 11:06:29.011835,3162.36
1641,175,34,2025-10-12 01:10:18.290725,6229.48
1642,58,69,2025-05-21 21:04:36.689732,7546.53
1643,236,25,2024-12-05 05:38:06.478850,4627.0
1644,66,13,2025-09-06 00:10:26.733095,625.3
1645,133,32,2025-08-12 21:33:21.737246,2613.76
1646,127,65,2025-03-21 19:50:03.471963,15305.55
1647,349,97,2024-12-07 03:09:39.558113,20991.77
1648,384,60,2025-01-27 00:51:58.341071,13484.4
1649,225,96,2025-01-16 10:51:51.574481,15498.24
1650,171,50,2025-08-22 05:47:12.944186,18316.0
1651,84,58,2024-12-03 05:39:18.708579,7724.44
1652,231,78,2024-11-07 20:36:42.098646,1854.84
1653,25,68,2025-05-21 13:41:46.595422,26061.68
1654,237,75,2025-06-04 04:11:27.491971,16786.5
1655,19,32,2025-01-11 06:53:11.043321,11034.56
1656,63,63,2025-10-30 17:14:46.210693,16482.06
1657,381,55,2025-03-15 06:59:03.844477,5136.45
1658,61,91,2025-07-13 13:41:59.773772,20980.96
1659,176,29,2025-05-15 00:04:18.236307,10299.35
1660,425,73,2025-06-14 11:48:12.368387,21986.14
1661,19,93,2024-12-02 15:32:01.593046,12898.17
1662,187,36,2024-11-17 10:48:30.163691,7864.2
1663,466,68,2025-01-13 19:48:45.446997,11668.8
1664,197,96,2024-11-16 06:26:58.453286,37634.88
1665,197,99,2025-06-30 07:14:29.997664,29622.78
1666,330,64,2025-05-23 22:11:22.827347,773.12
1667,447,40,2025-05-02 14:21:12.342284,7911.6
1668,313,66,2025-05-30 11:48:08.206874,26324.1
1669,246,62,2025-05-10 02:41:47.679759,4070.3
1670,143,19,2025-08-10 19:34:37.658108,3946.68
1671,499,66,2025-07-20 05:18:51.562223,4443.78
1672,390,57,2024-12-01 04:46:53.565295,17373.03
1673,347,36,2024-11-20 03:15:55.976274,10464.48
1674,319,62,2025-07-17 04:56:48.108690,7843.62
1675,236,75,2025-03-14 19:34:55.760516,1867.5
1676,167,59,2025-07-21 16:22:31.930511,23209.42
1677,418,48,2025-02-10 07:32:02.058522,4612.8
1678,130,55,2025-03-08 13:49:25.963783,16185.4
1679,424,38,2025-10-18 17:49:19.515640,9040.58
1680,358,13,2025-07-25 02:50:22.821889,2287.09
1681,224,37,2025-03-05 05:12:39.832150,8600.65
1682,165,46,2025-08-02 19:58:18.577565,5623.5
1683,174,42,2025-07-30 05:50:13.581374,13193.46
1684,182,36,2025-05-23 14:57:12.789324,4422.96
1685,189,81,2025-08-08 16:32:50.088611,13283.19
1686,392,90,2025-07-11 08:56:40.547278,13835.7
1687,31,41,2025-10-18 02:37:13.916713,6571.48
1688,118,52,2025-07-18 12:48:48.490308,9786.4
1689,288,43,2025-03-22 06:38:01.336613,12798.52
1690,288,39,2025-03-21 04:24:47.491501,3628.56
1691,199,40,2025-05-19 21:45:31.154626,14083.6
1692,87,91,2025-05-31 17:13:16.857159,4154.15
1693,194,71,2025-02-06 17:23:14.356221,28209.72
1694,418,39,2025-04-18 16:47:43.314111,1608.36
1695,325,96,2025-08-18 14:02:25.327039,6002.88
1696,90,94,2025-10-18 12:30:18.594247,16974.52
1697,210,39,2025-05-20 04:45:14.176090,14834.82
1698,326,57,2024-11-19 13:45:37.594453,10276.53
1699,404,88,2025-01-05 06:18:38.926847,29578.56
1700,231,63,2025-08-17 18:45:02.441333,14695.38
1701,110,65,2025-03-18 22:48:22.227214,16080.35
1702,140,81,2025-05-31 15:03:20.379874,20576.43
1703,225,11,2025-05-17 14:18:30.784435,3428.48
1704,156,17,2025-09-17 03:08:24.341966,965.26
1705,382,60,2024-11-13 14:45:54.767096,18850.2
1706,75,15,2025-02-06 04:02:04.609287,4095.75
1707,492,11,2025-09-06 01:47:04.734322,1848.55
1708,194,77,2025-08-28 17:04:47.343585,2792.79
1709,293,34,2025-05-18 20:33:40.866027,1017.28
1710,140,62,2025-05-18 11:01:39.482331,6488.92
1711,458,92,2025-09-08 16:53:00.637374,29413.32
1712,177,67,2025-06-02 03:13:40.146909,757.77
1713,49,85,2025-07-27 16:53:39.939684,13867.75
1714,106,33,2025-04-21 23:52:37.961954,3257.43
1715,349,33,2025-03-07 00:45:18.917889,4387.35
1716,395,89,2025-06-04 14:41:37.974319,26851.3
1717,342,33,2025-04-05 01:29:12.785801,1121.01
1718,15,26,2025-07-27 01:30:58.638064,1309.62
1719,410,11,2024-11-16 22:29:24.927283,1417.24
1720,21,39,2025-07-31 22:28:57.996395,7711.47
1721,248,25,2025-02-01 13:39:02.561677,1763.5
1722,229,88,2025-09-06 06:29:01.092062,25966.16
1723,57,95,2025-08-25 19:13:07.420042,25802.0
1724,48,51,2025-08-03 14:22:46.545523,9484.98
1725,111,32,2025-03-17 20:14:04.763268,9142.08
1726,315,11,2025-07-28 20:15:13.344933,2979.02
1727,120,68,2025-04-23 06:00:31.714927,21612.44
1728,180,75,2025-08-06 10:36:16.130978,15123.0
1729,466,62,2025-10-09 14:04:41.979340,5720.74
1730,339,33,2025-05-09 19:33:58.169638,8096.22
1731,409,76,2024-12-03 08:46:58.389548,5016.76
1732,9,57,2025-09-23 05:23:42.531702,12928.17
1733,171,14,2025-02-01 05:52:00.259154,250.6
1734,489,80,2025-04-30 16:52:36.830208,10045.6
1735,194,24,2025-01-09 00:07:45.916352,4099.2
1736,497,44,2025-02-03 18:13:02.928063,6353.6
1737,371,39,2025-05-07 14:23:49.899582,14769.69
1738,21,76,2025-05-01 11:46:12.602368,26880.44
1739,15,16,2025-08-05 15:35:05.305715,4980.32
1740,39,53,2025-09-01 13:18:50.103509,19015.34
1741,303,47,2025-10-09 20:52:17.930401,952.69
1742,260,71,2025-01-22 15:28:28.703693,28001.69
1743,308,17,2025-02-26 14:42:32.679208,3159.96
1744,165,42,2025-06-18 11:00:57.694828,3120.18
1745,493,88,2025-01-26 17:32:12.135778,29354.16
1746,215,61,2025-09-25 05:05:11.633766,3455.65
1747,1,22,2025-08-31 00:37:17.521725,2880.9
1748,258,28,2025-04-17 01:45:50.423560,9014.88
1749,403,36,2025-03-26 10:35:28.181077,2787.84
1750,350,25,2025-03-13 13:12:46.251935,4047.5
1751,366,70,2025-04-30 19:14:38.476991,26695.9
1752,345,19,2025-09-24 14:17:45.584047,5364.84
1753,215,20,2024-12-30 03:55:11.986682,3350.8
1754,458,15,2025-11-06 15:21:38.875416,2009.4
1755,354,28,2025-10-29 00:15:11.405814,10774.96
1756,337,23,2025-07-28 20:47:03.021204,8214.68
1757,321,11,2025-09-10 11:04:12.572583,2931.83
1758,470,20,2025-02-19 20:44:07.481787,6794.0
1759,77,61,2025-08-18 18:34:37.087584,7555.46
1760,29,95,2025-03-02 21:03:53.825510,36109.5
1761,309,88,2025-01-20 20:30:26.060817,24028.4
1762,363,68,2025-11-04 07:58:28.637996,26726.72
1763,196,48,2025-04-19 09:31:39.343417,1363.68
1764,144,13,2024-12-17 19:19:53.307071,898.3
1765,132,89,2025-02-06 10:24:16.625415,32634.52
1766,26,17,2025-03-10 20:22:29.558333,4535.09
1767,302,92,2025-02-19 11:07:28.597830,24755.36
1768,93,85,2025-05-13 18:39:43.455100,29050.45
1769,230,90,2025-09-03 19:03:01.583990,25866.0
1770,238,47,2025-10-30 05:46:13.539213,1569.8
1771,439,21,2025-09-30 14:15:28.690878,7197.12
1772,147,90,2024-11-10 23:32:35.231022,30060.0
1773,296,90,2024-11-14 16:45:57.026387,23865.3
1774,362,92,2025-08-17 00:14:20.885721,35878.16
1775,39,83,2025-06-23 04:17:44.745429,24708.27
1776,287,19,2025-02-17 07:38:41.869530,6042.76
1777,191,89,2025-05-01 03:24:09.161691,13047.4
1778,451,32,2025-07-31 20:51:28.969048,10735.36
1779,231,55,2025-07-08 21:59:51.844913,11888.8
1780,124,66,2025-08-24 22:53:33.590158,5140.08
1781,227,99,2025-03-04 03:46:02.110542,29952.45
1782,475,49,2025-06-27 08:04:56.198706,13454.42
1783,15,37,2025-03-23 01:05:31.314369,2548.93
1784,90,35,2025-07-07 16:27:03.161753,13846.35
1785,259,42,2025-10-26 23:44:06.364871,16556.4
1786,151,62,2025-05-24 13:24:56.783175,9089.82
1787,198,56,2025-10-25 10:41:58.933216,20843.76
1788,151,50,2025-03-08 17:30:13.773102,12189.0
1789,96,14,2025-03-25 12:32:33.908471,3435.88
1790,353,60,2025-05-20 08:22:15.646879,15363.6
1791,295,98,2025-08-26 21:06:14.121748,23294.6
1792,324,63,2025-05-11 12:00:17.792791,2249.73
1793,493,87,2025-01-22 05:39:22.242104,10774.08
1794,500,71,2024-12-19 23:56:02.627753,6230.96
1795,379,77,2025-04-08 02:36:07.280004,17915.59
1796,467,44,2025-07-28 14:54:08.208390,12169.52
1797,223,33,2025-01-20 13:48:54.696881,2643.3
1798,407,59,2025-11-05 07:18:07.424739,16092.25
1799,148,11,2025-02-12 04:57:16.600881,1098.13
1800,95,28,2025-10-24 01:31:53.886701,6767.88
1801,150,67,2024-12-19 08:07:50.361722,4462.87
1802,441,56,2025-01-09 15:58:59.487604,338.24
1803,110,13,2025-03-18 03:47:16.875674,4158.83
1804,4,33,2025-02-23 15:49:40.214617,6337.65
1805,90,76,2025-10-21 03:30:54.083363,11846.88
1806,11,31,2025-05-18 20:08:28.704419,11533.86
1807,433,60,2024-12-25 10:54:03.398117,17894.4
1808,380,38,2025-05-24 22:36:02.709240,3279.02
1809,140,58,2025-05-04 13:51:15.920636,21212.34
1810,443,34,2025-09-18 09:55:18.987194,10829.68
1811,132,38,2024-11-18 06:18:22.086996,5222.34
1812,218,62,2025-10-11 10:14:46.940570,18846.14
1813,69,23,2025-10-29 21:09:12.780982,1749.38
1814,461,82,2025-03-30 03:37:23.386900,31606.9
1815,104,65,2025-01-08 19:00:22.260846,18324.8
1816,375,80,2025-01-27 14:46:56.881278,17441.6
1817,253,38,2025-05-21 15:21:32.405603,3861.94
1818,108,39,2025-02-03 18:06:07.316690,8911.89
1819,253,46,2025-09-09 18:24:55.700092,5159.36
1820,333,87,2025-05-11 16:34:15.487406,19495.83
1821,309,85,2025-05-23 16:51:45.476686,1034.45
1822,17,75,2025-01-05 01:25:21.419473,481.5
1823,115,99,2025-10-22 13:03:09.014595,3766.95
1824,139,65,2025-05-24 11:08:46.093583,25136.8
1825,152,18,2025-06-29 22:46:07.045651,1150.02
1826,109,22,2024-11-15 12:24:42.804625,5787.76
1827,414,40,2025-08-30 17:16:54.475909,7478.8
1828,149,19,2025-02-13 05:04:30.189774,829.92
1829,164,99,2025-01-21 13:14:47.558488,34668.81
1830,426,35,2025-10-23 08:13:46.421059,5113.5
1831,355,80,2025-07-22 18:22:59.884822,27296.0
1832,330,93,2025-10-11 23:37:02.349198,27525.21
1833,80,67,2025-07-02 05:01:30.780206,12542.4
1834,147,45,2025-01-08 06:12:03.685691,5446.35
1835,53,60,2025-05-16 04:53:00.733305,19046.4
1836,305,78,2025-11-01 05:21:01.878331,16146.78
1837,290,10,2025-06-21 13:45:06.585909,3535.9
1838,388,83,2025-09-14 02:48:30.265769,1303.1
1839,359,23,2024-11-24 09:00:37.991764,945.07
1840,368,10,2025-01-02 09:37:59.909664,181.1
1841,365,29,2025-10-21 02:05:25.084937,11053.64
1842,193,47,2025-03-15 13:34:20.538052,1225.29
1843,331,84,2024-11-19 15:19:11.656319,20049.12
1844,213,69,2025-07-26 20:20:08.447212,13430.85
1845,369,33,2025-07-17 00:07:12.499491,7534.23
1846,169,98,2025-05-01 05:02:09.644850,38587.5
1847,394,15,2025-05-11 19:22:51.606512,546.15
1848,244,77,2025-04-09 08:20:26.539215,22656.48
1849,428,88,2025-08-14 21:06:12.765900,11388.96
1850,245,85,2025-08-28 18:48:42.243616,28304.15
1851,414,75,2025-03-31 16:47:44.544019,23589.0
1852,323,20,2025-02-10 23:56:50.164807,6523.2
1853,136,67,2025-10-04 20:07:05.203203,11231.88
1854,18,63,2025-05-26 10:52:32.310989,9325.89
1855,93,26,2025-03-11 20:07:15.568606,8096.4
1856,491,54,2025-10-26 10:03:02.881293,15549.3
1857,39,56,2025-09-17 00:53:00.560922,10210.48
1858,468,95,2025-09-02 23:33:44.165111,5709.5
1859,406,66,2025-04-19 07:41:29.257703,24600.84
1860,332,21,2025-10-06 00:03:44.811481,5566.47
1861,106,32,2025-05-05 13:40:55.360867,7635.52
1862,224,42,2025-05-04 01:11:13.527872,9919.98
1863,436,57,2025-10-18 04:50:10.011963,3112.2
1864,88,11,2025-03-12 13:30:22.155897,3011.47
1865,83,59,2025-01-09 03:58:53.300686,21605.21
1866,266,45,2025-07-04 07:34:24.553283,14224.05
1867,65,34,2025-03-28 23:38:21.249229,8009.72
1868,299,65,2025-06-08 03:43:14.448868,23333.7
1869,89,21,2025-08-16 15:25:05.734623,6088.11
1870,150,33,2024-12-17 21:53:20.237368,8047.05
1871,379,50,2025-02-27 02:44:14.491075,17925.0
1872,181,86,2025-03-28 22:04:27.543015,6050.96
1873,69,15,2025-06-15 09:21:37.976239,5604.75
1874,142,52,2025-04-26 03:12:46.953398,12389.52
1875,462,61,2024-12-14 21:56:19.178031,10337.67
1876,105,44,2025-01-23 23:56:07.186641,6764.56
1877,372,90,2025-10-19 16:25:43.213064,26932.5
1878,24,31,2025-08-01 13:16:12.558312,7092.8
1879,304,77,2024-11-25 00:53:22.076749,29714.3
1880,386,59,2025-06-10 10:51:44.731786,14583.62
1881,363,71,2024-12-17 10:59:06.184007,14200.71
1882,265,25,2025-08-08 17:49:34.685170,3405.75
1883,412,87,2025-08-20 23:46:59.117420,18298.71
1884,450,12,2025-09-26 22:31:18.871551,2534.4
1885,56,72,2025-01-26 02:15:49.827155,2972.16
1886,312,65,2024-12-26 00:41:21.754024,21508.5
1887,244,90,2024-11-14 07:28:33.684557,21195.9
1888,464,72,2024-11-17 13:53:27.483215,19578.24
1889,490,70,2025-07-05 06:02:35.613452,9282.7
1890,145,93,2025-04-29 02:29:33.681106,32363.07
1891,164,72,2025-05-27 14:03:25.914430,21799.44
1892,316,56,2025-06-16 04:14:14.930499,16218.72
1893,439,62,2025-07-12 01:34:45.275818,5743.06
1894,385,47,2025-07-29 09:09:57.870054,11078.37
1895,387,31,2025-02-09 15:01:04.794727,7665.68
1896,84,40,2025-08-04 18:48:19.798363,9332.0
1897,193,20,2025-09-16 13:29:51.340032,7514.0
1898,86,33,2025-02-09 11:42:37.773484,12578.61
1899,287,98,2025-03-28 11:42:45.429147,36160.04
1900,137,15,2025-01-09 15:25:54.384396,1103.7
1901,365,61,2025-02-27 18:11:55.861320,8305.76
1902,28,41,2025-09-04 01:00:58.419448,259.53
1903,325,33,2024-12-22 16:24:50.155559,10818.06
1904,411,45,2025-01-06 11:42:46.574154,5173.65
1905,155,30,2025-02-09 16:29:41.041816,4124.1
1906,429,39,2025-06-10 21:38:59.130998,3017.04
1907,163,24,2025-08-10 02:34:23.452368,6574.08
1908,473,53,2025-07-30 05:18:32.920453,17679.21
1909,296,89,2025-09-30 02:28:21.169391,30965.77
1910,98,58,2025-07-30 02:07:06.035010,14005.84
1911,300,35,2025-04-14 00:31:06.895488,13878.9
1912,137,61,2025-02-22 08:39:04.554228,21511.65
1913,145,42,2025-10-15 03:37:29.669962,12978.42
1914,435,22,2025-06-20 22:15:09.353065,7820.12
1915,348,51,2025-05-07 23:06:23.551013,3777.57
1916,497,71,2025-08-27 10:12:35.186739,2012.85
1917,154,59,2025-03-28 02:31:29.715394,6228.63
1918,332,35,2025-07-12 05:26:49.325019,8382.15
1919,313,72,2025-06-03 10:25:30.498928,17202.24
1920,68,26,2025-10-13 20:35:17.551112,1069.38
1921,366,51,2025-04-20 02:23:35.596465,4649.16
1922,363,24,2025-04-06 06:56:17.735898,1564.32
1923,200,66,2025-06-29 16:30:37.022262,21622.26
1924,493,74,2025-08-26 04:59:17.993199,8501.12
1925,105,83,2024-12-19 06:46:12.136172,20279.39
1926,487,97,2025-03-10 08:36:21.016470,27235.66
1927,98,21,2025-03-09 10:04:01.508704,5707.59
1928,164,12,2024-12-22 06:53:43.408987,1576.8
1929,131,43,2025-01-07 22:36:19.470161,5960.66
1930,177,33,2025-05-21 19:27:37.330549,9009.99
1931,119,44,2024-12-29 15:05:19.727874,11828.96
1932,422,85,2024-12-25 18:46:02.993173,32961.3
1933,100,27,2024-12-04 14:53:58.622315,4290.3
1934,380,94,2025-04-07 10:10:20.826499,16521.44
1935,437,53,2025-04-14 06:27:52.463629,12914.51
1936,267,54,2025-07-29 13:18:58.507040,5375.16
1937,101,89,2025-03-21 05:27:08.985606,14206.18
1938,43,37,2025-06-08 14:23:39.887757,7266.43
1939,250,84,2025-05-08 16:17:44.830565,22047.48
1940,457,83,2025-04-27 17:28:53.041174,1800.27
1941,79,40,2025-03-28 14:47:03.840666,11496.0
1942,145,84,2025-09-24 02:03:05.185351,6998.04
1943,289,77,2025-01-11 18:00:51.024070,13831.51
1944,360,37,2024-11-07 03:58:13.618712,11160.68
1945,258,18,2025-08-18 00:21:30.813828,6814.62
1946,349,67,2025-05-16 03:54:50.979370,2531.93
1947,468,64,2025-09-22 16:34:55.417513,4443.52
1948,363,67,2025-10-12 10:33:56.806732,12876.73
1949,424,42,2025-07-26 20:39:37.021131,11638.2
1950,449,45,2025-10-19 23:53:51.193221,3636.9
1951,427,83,2024-12-26 09:19:42.569266,10244.69
1952,414,76,2025-11-02 05:11:01.568513,7752.0
1953,44,22,2025-05-10 03:32:14.219830,8763.92
1954,453,34,2025-10-06 09:02:26.467871,2943.38
1955,498,29,2025-01-29 06:55:40.204701,1732.75
1956,153,24,2025-09-22 09:28:50.996175,7379.52
1957,2,70,2025-07-14 18:17:26.632917,25942.7
1958,342,76,2025-07-14 18:28:56.940059,26052.04
1959,352,37,2025-01-13 17:06:43.893667,10641.57
1960,338,70,2024-12-22 15:20:38.752811,24322.9
1961,482,30,2025-06-28 21:33:43.611453,6923.1
1962,238,24,2025-08-28 02:20:13.257741,6732.96
1963,357,54,2025-10-07 14:33:15.170990,15976.98
1964,159,79,2025-09-19 04:28:21.591782,13168.51
1965,416,85,2025-03-10 09:48:05.091408,7950.9
1966,461,73,2025-03-10 12:02:57.805723,2092.91
1967,223,36,2025-06-18 13:47:47.640654,9474.48
1968,233,57,2025-06-27 02:14:50.887846,10275.96
1969,195,26,2025-10-31 12:13:20.316554,9178.52
1970,388,13,2025-08-10 23:16:01.927497,2705.95
1971,231,63,2025-08-10 08:24:41.964366,24192.0
1972,431,33,2025-09-14 17:04:56.475119,2703.69
1973,329,37,2025-07-11 06:34:13.302607,12220.73
1974,177,62,2025-11-04 04:37:12.478199,3416.82
1975,191,26,2025-06-24 09:10:14.251442,8142.94
1976,264,65,2025-02-19 01:50:52.640946,5363.8
1977,459,76,2025-01-17 09:16:46.978979,17264.92
1978,158,61,2025-04-19 22:14:10.130175,17447.83
1979,317,93,2025-10-24 00:58:32.795312,19835.97
1980,180,39,2025-04-02 15:56:40.824064,4281.03
1981,235,23,2025-07-07 23:25:21.291588,7010.17
1982,325,65,2025-10-09 11:47:28.321811,15663.05
1983,116,30,2025-02-06 01:31:15.172406,10945.2
1984,376,75,2025-04-17 14:14:26.683359,25479.0
1985,375,97,2025-06-28 02:13:20.919493,23709.71
1986,317,52,2025-07-01 14:29:24.924318,1024.4
1987,234,10,2025-10-01 03:04:00.161976,2384.9
1988,451,38,2025-04-27 09:41:49.519092,13034.76
1989,340,66,2025-02-04 09:56:45.941806,8652.6
1990,432,17,2025-09-14 22:23:53.632343,3438.25
1991,122,22,2025-06-15 14:40:18.758891,5041.08
1992,181,98,2025-05-17 06:47:20.077525,15070.44
1993,358,63,2025-01-03 05:23:12.142764,13210.47
1994,349,74,2025-04-04 17:58:37.292520,2155.62
1995,378,28,2024-11-07 16:53:25.066841,7878.64
1996,277,42,2025-01-16 09:29:15.363935,13310.22
1997,221,21,2024-11-09 08:37:31.321563,8278.83
1998,465,77,2025-01-04 07:04:40.564728,11593.12
1999,300,98,2025-06-28 14:24:55.094897,36941.1
2000,188,28,2025-02-14 11:31:12.321965,9123.24
2001,102,52,2025-10-06 11:56:53.674581,7516.6
2002,364,11,2025-03-14 02:23:16.330051,1517.23
2003,81,19,2025-03-01 00:04:21.179040,4391.09
2004,294,50,2025-08-16 06:37:13.512048,4542.0
2005,143,75,2025-09-02 11:09:00.924821,27406.5
2006,337,28,2025-04-24 04:44:18.881303,3824.24
2007,127,64,2024-12-22 20:49:31.043653,16814.72
2008,325,41,2025-05-12 06:35:06.128794,11013.01
2009,58,85,2025-09-16 07:32:40.158196,28305.0
2010,301,77,2025-04-24 13:36:58.171081,9212.28
2011,468,50,2025-05-10 21:25:41.901644,14604.5
2012,383,62,2025-10-06 04:26:36.640879,23731.12
2013,290,77,2025-04-27 01:15:58.898577,24092.53
2014,121,54,2025-02-12 20:58:06.329010,6012.36
2015,386,75,2025-04-25 21:10:13.682594,5712.0
2016,421,44,2025-07-16 14:23:27.241188,16928.12
2017,438,48,2025-10-28 21:39:49.500880,7181.28
2018,295,17,2025-02-27 08:58:06.536607,6243.08
2019,178,58,2025-09-27 16:14:43.885293,12398.08
2020,160,42,2024-11-17 11:34:22.746239,4024.86
2021,371,69,2025-03-22 18:11:42.454585,8228.25
2022,21,46,2024-12-23 03:57:33.493740,11827.98
2023,7,40,2025-04-13 15:33:15.930993,12611.2
2024,107,10,2025-01-18 10:04:11.349214,3695.0
2025,345,32,2025-06-26 10:15:18.405311,4075.52
2026,243,52,2025-01-06 06:54:14.425737,9405.76
2027,450,43,2025-04-18 07:12:56.966744,16714.1
2028,57,77,2024-12-07 17:51:52.195424,29924.51
2029,131,16,2025-05-16 20:11:09.833186,5579.2
2030,90,28,2025-10-05 10:50:05.755936,10755.08
2031,193,32,2024-11-14 21:22:20.886156,11181.44
2032,120,87,2025-09-18 22:04:38.450753,17970.72
2033,138,85,2025-03-24 08:29:02.955347,8190.6
2034,17,15,2025-09-28 16:57:52.399110,3580.8
2035,334,28,2025-04-03 11:09:13.006544,344.96
2036,287,11,2025-08-23 21:29:09.073690,2195.27
2037,400,71,2025-02-24 23:02:19.491067,5712.66
2038,88,22,2024-12-28 20:54:05.150144,7122.72
2039,49,32,2025-04-20 02:13:59.097280,2018.56
2040,242,43,2025-04-25 01:22:31.530979,5040.03
2041,2,93,2025-01-07 11:39:24.777678,31998.51
2042,277,49,2025-03-22 01:31:05.973901,6170.08
2043,77,54,2025-10-14 22:16:38.038391,16299.9
2044,349,27,2025-06-01 20:26:27.786317,8255.79
2045,93,88,2025-05-21 18:05:36.545960,12334.96
2046,468,23,2025-06-12 17:47:54.574376,2382.57
2047,184,10,2025-01-10 11:34:13.493061,825.4
2048,174,86,2025-09-27 16:32:41.946225,26091.54
2049,252,43,2025-07-07 12:30:40.995568,16102.64
2050,345,16,2025-10-29 07:22:37.299171,5819.36
2051,24,90,2025-04-25 22:05:15.255500,35294.4
2052,119,30,2024-12-26 13:51:33.340317,9144.3
2053,283,74,2025-08-29 12:11:57.777070,26452.78
2054,278,89,2025-06-14 06:10:55.646489,817.02
2055,422,40,2025-05-01 06:37:06.733423,13964.0
2056,110,63,2025-01-14 04:53:51.340444,24297.21
2057,323,38,2025-10-26 20:46:08.770721,5998.68
2058,414,60,2025-03-29 18:41:20.618451,3610.8
2059,444,50,2025-10-22 00:02:12.093818,17314.5
2060,252,39,2025-04-07 15:17:47.262141,11297.13
2061,326,80,2025-02-26 22:37:17.126097,21962.4
2062,322,15,2025-06-14 20:03:32.570607,1459.8
2063,11,47,2025-06-20 07:45:53.111810,1677.43
2064,138,60,2025-04-15 03:39:43.705645,10968.0
2065,250,51,2024-12-18 15:23:11.867224,7616.85
2066,430,86,2025-08-29 08:58:01.980142,32286.98
2067,299,16,2025-06-05 16:53:27.731334,4533.76
2068,305,26,2025-10-14 23:50:54.192617,7593.82
2069,162,22,2025-02-05 17:21:23.652814,4551.58
2070,117,36,2025-10-15 13:29:18.596320,6901.56
2071,293,34,2025-07-09 00:02:59.323410,12420.54
2072,206,40,2025-07-21 19:11:18.609612,14123.2
2073,15,16,2024-12-27 23:51:35.063129,5348.0
2074,175,46,2025-11-04 16:36:48.924577,13476.62
2075,238,75,2025-03-18 21:51:25.775645,12792.0
2076,89,83,2025-04-10 21:28:53.376141,25104.18
2077,472,20,2025-01-16 20:45:19.187132,4520.4
2078,317,36,2025-08-16 00:40:59.542193,14044.32
2079,125,91,2025-06-22 19:51:15.698676,7950.67
2080,483,33,2025-07-07 16:22:15.042437,1761.54
2081,497,16,2025-06-09 05:32:00.349560,4696.0
2082,13,47,2025-02-11 22:42:24.888629,5385.73
2083,22,75,2025-08-06 03:04:51.753776,18882.0
2084,435,71,2025-07-02 17:13:28.399039,13734.24
2085,83,57,2024-11-09 11:29:22.846572,13332.87
2086,45,16,2025-07-20 03:20:30.026720,1141.76
2087,85,68,2025-06-03 17:34:55.099541,13330.72
2088,227,42,2024-11-14 10:41:37.250777,6968.64
2089,214,14,2025-03-11 18:38:42.738433,1888.04
2090,475,98,2025-04-27 06:16:28.612312,961.38
2091,377,37,2025-08-21 13:24:05.521416,10667.1
2092,151,12,2025-04-01 13:05:09.039509,3368.28
2093,412,56,2025-10-21 21:18:40.025132,8148.0
2094,469,94,2024-12-31 00:03:31.998908,5311.0
2095,4,13,2025-03-11 08:22:09.320246,120.12
2096,48,21,2025-07-30 10:21:19.962214,5529.3
2097,134,80,2025-01-04 08:28:25.165124,5873.6
2098,400,61,2025-02-22 17:28:01.634007,23569.79
2099,314,53,2025-06-01 04:50:25.436076,20938.71
2100,139,52,2025-04-19 09:57:11.601117,4554.16
2101,289,14,2025-11-01 00:27:16.818727,1711.92
2102,78,64,2025-06-12 11:25:27.570783,14320.64
2103,29,19,2025-04-06 22:09:38.722749,3807.79
2104,239,97,2025-05-13 15:13:07.716699,23412.89
2105,170,58,2025-03-05 03:35:05.864748,19895.16
2106,380,60,2024-12-20 07:41:26.803749,3215.4
2107,14,40,2025-06-04 11:32:42.273150,10577.2
2108,128,43,2025-01-18 21:32:37.016340,7387.4
2109,443,41,2024-11-21 19:19:59.605122,14246.27
2110,119,33,2025-03-07 20:35:39.247352,1726.56
2111,464,49,2025-08-30 21:00:36.036744,15544.27
2112,142,49,2024-12-16 23:40:19.793127,11869.76
2113,402,78,2025-06-20 15:29:44.236020,27196.26
2114,497,13,2025-10-06 11:30:15.037357,2444.26
2115,37,70,2025-10-09 17:57:20.596603,5481.0
2116,312,40,2025-10-09 09:27:23.999390,3782.4
2117,48,29,2025-09-07 01:36:17.680775,9989.92
2118,438,82,2025-04-04 15:02:34.147766,1885.18
2119,279,63,2025-06-05 17:30:42.963874,22773.24
2120,489,79,2025-08-22 08:54:17.682397,1861.24
2121,29,20,2025-08-19 19:45:21.844823,3642.4
2122,450,28,2025-09-25 01:10:25.827376,3615.64
2123,174,29,2025-01-24 13:04:14.419676,893.49
2124,155,73,2024-11-17 02:38:58.037614,9152.74
2125,79,75,2025-10-23 04:18:43.473773,15736.5
2126,105,47,2025-01-10 04:56:46.119514,17428.54
2127,91,72,2025-03-01 23:26:01.989587,15446.16
2128,254,73,2025-08-17 04:54:52.222837,16556.4
2129,439,60,2025-09-21 13:12:39.033692,9330.6
2130,325,35,2025-10-06 21:16:31.764745,12097.75
2131,132,86,2025-09-22 15:51:44.945573,24005.18
2132,288,55,2025-11-04 18:54:32.522337,14094.85
2133,396,19,2025-08-08 07:37:36.034677,5846.87
2134,164,94,2025-01-03 18:39:38.791398,26014.5
2135,189,67,2025-03-10 12:02:45.513845,9763.24
2136,393,45,2025-09-07 04:21:15.432204,8733.15
2137,427,52,2024-11-21 09:03:18.336999,9941.36
2138,300,67,2025-09-26 15:07:19.690716,17404.59
2139,500,11,2024-11-14 06:26:32.400559,227.04
2140,93,98,2025-07-31 18:08:01.592515,29856.68
2141,1,21,2024-11-26 22:33:32.023958,7157.85
2142,140,53,2025-06-22 21:40:36.371425,8821.85
2143,249,29,2025-03-06 03:46:49.323957,470.09
2144,310,78,2025-05-16 17:11:33.441649,3619.2
2145,166,11,2025-02-13 03:36:10.274176,2109.91
2146,176,52,2025-10-14 23:57:40.286908,17233.32
2147,387,44,2025-01-28 09:13:01.656713,16902.6
2148,487,37,2025-07-28 19:41:27.889042,9919.33
2149,177,83,2025-09-20 19:56:17.370167,13271.7
2150,487,62,2025-06-02 21:47:04.141471,15623.38
2151,457,45,2025-10-01 13:15:18.064825,11349.9
2152,52,94,2025-03-10 14:19:43.377789,26899.98
2153,276,81,2025-05-15 20:38:33.710561,18432.36
2154,38,54,2025-03-02 04:58:53.330640,6630.66
2155,453,74,2025-04-13 17:38:56.487576,1018.98
2156,139,51,2024-12-04 10:45:44.484985,2063.46
2157,494,51,2025-01-09 15:25:09.188337,16288.38
2158,363,82,2025-09-09 19:52:39.834490,27105.92
2159,267,33,2025-03-30 15:56:58.777428,830.94
2160,113,17,2025-07-31 10:37:02.226420,696.66
2161,483,32,2025-03-11 12:08:07.395835,12608.32
2162,447,40,2025-08-20 15:21:26.925138,8448.4
2163,459,13,2025-05-22 21:10:50.884700,2671.63
2164,352,61,2024-11-22 20:59:48.664142,2871.27
2165,67,22,2025-07-29 18:31:47.952682,5187.6
2166,323,72,2025-07-31 08:40:26.696058,28338.48
2167,285,46,2025-03-17 02:38:22.071729,12458.18
2168,232,46,2025-10-11 16:13:39.079365,5904.1
2169,342,58,2025-07-25 23:17:52.372277,17786.28
2170,370,79,2025-08-25 07:27:20.500197,14922.31
2171,178,74,2025-05-11 03:53:55.543861,3092.46
2172,308,76,2025-01-07 17:56:16.749381,11828.64
2173,90,68,2025-01-16 01:28:47.953382,4781.76
2174,73,73,2025-07-24 02:10:36.030653,14173.68
2175,218,99,2025-01-21 16:38:00.271983,35865.72
2176,104,77,2025-04-26 09:38:11.160799,28227.43
2177,109,49,2025-03-21 12:16:44.958106,16219.0
2178,354,38,2025-05-19 20:33:25.405917,1154.44
2179,179,38,2025-06-06 11:31:18.326744,3811.4
2180,58,31,2025-06-07 00:35:40.348384,543.74
2181,148,29,2025-08-08 14:18:07.065575,4694.81
2182,24,27,2025-07-31 01:53:17.475646,645.84
2183,284,83,2025-09-23 16:23:01.120548,13792.94
2184,349,84,2025-06-03 06:42:30.720186,6583.92
2185,383,40,2025-06-19 03:03:29.758321,5443.2
2186,221,95,2025-08-17 20:19:26.353639,24676.25
2187,190,20,2025-06-10 14:31:24.393558,7314.8
2188,204,17,2025-09-18 05:12:48.519295,4731.95
2189,498,38,2025-08-12 16:56:52.366657,6826.7
2190,448,27,2024-11-28 18:51:56.821499,2482.65
2191,354,89,2024-12-31 19:41:25.185169,4102.01
2192,182,34,2025-04-28 21:33:44.379403,11556.6
2193,483,18,2025-05-07 17:18:03.108951,1255.32
2194,456,15,2025-07-03 15:18:01.294364,2478.9
2195,171,37,2025-07-19 14:28:17.151242,4593.55
2196,179,99,2025-03-31 17:45:50.023015,25530.12
2197,472,24,2025-09-08 03:21:45.765227,2709.36
2198,39,22,2025-10-08 12:08:20.137353,5774.56
2199,227,69,2025-03-24 17:04:29.544355,15760.98
2200,311,87,2025-02-07 22:31:45.112117,25211.73
2201,222,28,2025-03-29 22:56:33.759371,5643.68
2202,299,45,2025-03-06 17:04:01.668534,7506.0
2203,134,65,2025-09-06 12:44:45.663918,9497.8
2204,12,30,2025-06-27 13:40:22.597963,9476.1
2205,51,73,2025-01-23 08:06:10.778732,5774.3
2206,212,52,2025-02-05 07:24:34.942871,6667.96
2207,108,45,2025-02-19 12:58:06.310792,3118.95
2208,405,71,2025-07-26 02:38:50.896379,27161.05
2209,56,82,2025-06-04 09:07:58.442945,13131.48
2210,481,48,2024-12-30 10:03:03.164319,16974.24
2211,498,34,2025-09-29 15:27:52.081872,8555.42
2212,344,31,2025-04-15 15:03:16.515093,7209.67
2213,274,57,2025-09-20 12:39:54.580890,2411.67
2214,184,61,2025-09-18 18:45:50.414198,2705.96
2215,307,18,2025-09-17 17:57:40.640051,6253.56
2216,356,30,2025-08-17 16:28:40.525303,7124.7
2217,16,11,2025-06-01 23:13:36.143854,2292.29
2218,294,77,2025-05-20 05:39:06.260166,15189.02
2219,413,51,2025-02-09 20:59:30.271852,8146.74
2220,146,20,2025-01-01 11:46:03.154025,7633.0
2221,444,43,2024-11-15 15:33:34.145236,2506.04
2222,301,71,2024-12-29 05:56:26.600811,13317.47
2223,364,86,2025-03-12 23:35:16.728528,31402.04
2224,130,95,2025-02-10 13:15:30.182269,30298.35
2225,413,26,2025-09-07 21:15:11.806959,4187.56
2226,195,42,2024-12-16 02:24:36.085379,4101.3
2227,400,54,2025-05-16 08:41:20.678056,3894.48
2228,416,73,2024-12-16 22:25:03.431020,22362.09
2229,468,84,2025-07-13 15:09:26.479314,30637.32
2230,488,36,2025-09-05 13:32:56.540763,13591.08
2231,415,89,2025-06-05 18:35:54.513093,9546.14
2232,403,33,2025-02-18 09:24:03.043791,10404.24
2233,200,23,2025-02-24 08:38:21.804525,7879.8
2234,233,20,2024-12-11 18:01:39.605305,7248.4
2235,115,87,2025-10-10 07:11:56.291882,9069.75
2236,63,48,2025-08-02 05:10:43.434183,14665.92
2237,75,10,2025-06-19 14:39:23.375990,1372.8
2238,408,52,2025-09-10 16:48:56.930350,4927.0
2239,302,48,2025-03-21 00:56:45.482632,16561.44
2240,37,27,2025-10-30 14:29:20.515099,4345.38
2241,250,23,2024-12-22 07:27:19.931200,6329.6
2242,311,60,2025-05-23 06:18:07.101080,7921.8
2243,338,29,2024-12-04 23:02:02.983659,4046.95
2244,426,91,2024-11-07 16:19:50.496793,13096.72
2245,165,40,2025-05-29 18:54:57.926570,12802.4
2246,499,61,2024-12-20 14:49:53.645388,23806.47
2247,377,28,2025-08-26 03:26:29.905176,5444.88
2248,263,58,2025-03-08 16:00:28.791979,13042.46
2249,299,60,2025-10-02 07:02:50.189929,22071.6
2250,447,12,2025-09-20 02:04:21.987045,3802.08
2251,135,67,2025-10-25 19:24:01.749974,16786.85
2252,8,50,2025-01-11 09:34:08.094480,3393.0
2253,182,52,2025-03-10 20:28:45.151499,6375.72
2254,2,11,2025-01-30 11:02:49.276114,1990.23
2255,452,34,2025-09-30 01:03:06.936710,13137.94
2256,357,88,2025-01-31 15:41:24.458833,12484.56
2257,33,29,2025-01-28 15:16:48.903930,3873.24
2258,141,62,2025-06-08 14:16:58.657031,17844.22
2259,410,70,2025-05-28 19:25:50.389139,23498.3
2260,92,73,2024-12-29 22:29:01.558018,527.06
2261,417,13,2025-06-05 13:21:42.412996,3845.66
2262,44,98,2025-07-26 15:02:50.679757,13141.8
2263,145,35,2024-12-05 05:00:26.511897,3711.75
2264,500,38,2024-11-17 00:49:13.012925,2495.46
2265,429,13,2025-03-29 01:54:12.771290,2120.82
2266,214,55,2025-04-06 06:53:48.435879,21827.85
2267,53,68,2025-07-16 10:13:02.605759,17644.64
2268,179,67,2025-10-06 10:46:57.792719,7804.83
2269,332,71,2025-08-27 23:23:38.567329,14309.34
2270,481,79,2025-04-13 16:55:05.459338,29877.8
2271,133,49,2024-11-26 19:15:17.881833,11994.22
2272,433,50,2025-06-28 13:44:18.743098,9709.5
2273,409,59,2025-10-06 01:46:05.639526,5382.57
2274,185,11,2024-11-13 05:58:15.597034,3930.63
2275,210,62,2025-10-03 10:25:17.440239,13560.02
2276,84,70,2024-11-29 09:45:52.266829,22844.5
2277,222,44,2025-05-13 15:57:42.320066,7305.32
2278,28,22,2024-11-13 06:55:27.628506,895.4
2279,459,66,2024-11-28 14:04:27.418808,16486.8
2280,44,90,2024-12-13 17:06:06.076686,11334.6
2281,145,36,2025-04-20 12:42:28.050129,7452.0
2282,3,21,2025-01-24 04:17:51.886592,2473.8
2283,9,96,2025-06-28 06:35:56.139242,3964.8
2284,370,60,2025-08-12 04:03:46.619456,16353.0
2285,444,89,2025-03-11 06:22:43.557579,9677.86
2286,89,23,2025-02-23 18:42:54.689663,3489.33
2287,317,28,2025-01-16 05:54:03.841227,8214.08
2288,46,62,2025-06-08 11:05:42.815851,24346.78
2289,128,44,2025-05-28 09:30:35.475563,7893.6
2290,116,99,2025-02-02 09:22:50.242939,17585.37
2291,105,82,2025-04-16 16:35:49.089556,1411.22
2292,89,76,2025-01-01 19:44:57.795154,3017.96
2293,287,22,2025-09-22 14:06:25.316344,7457.78
2294,129,55,2025-10-25 05:32:03.116760,21370.25
2295,158,28,2024-12-10 23:30:37.384228,7442.4
2296,443,38,2025-07-20 19:49:14.434904,14006.04
2297,255,18,2025-06-12 12:57:05.860698,4084.56
2298,261,75,2025-01-16 17:58:53.799062,23764.5
2299,329,96,2025-09-30 08:36:22.924433,22632.96
2300,184,64,2025-01-11 03:11:48.046201,19379.84
2301,64,42,2025-10-19 21:18:22.628475,5666.22
2302,333,89,2025-09-16 13:21:54.718264,4610.2
2303,294,36,2025-02-19 11:00:56.516599,3800.16
2304,281,74,2024-12-19 17:44:54.682669,19334.72
2305,111,82,2025-10-15 21:39:09.075412,27162.5
2306,269,11,2024-12-13 20:31:24.421364,2289.1
2307,29,88,2025-06-04 14:36:07.709119,16993.68
2308,358,39,2025-03-05 06:47:30.543797,4132.05
2309,51,98,2024-11-26 18:07:50.570363,4047.4
2310,365,22,2025-09-14 18:53:49.412735,4044.92
2311,136,81,2024-12-31 18:36:09.828909,4506.03
2312,283,50,2024-12-27 14:09:59.723424,2084.5
2313,383,34,2025-09-18 16:48:52.082414,8562.56
2314,129,27,2024-11-26 22:06:11.519798,7055.37
2315,487,13,2025-10-02 17:31:36.153398,3106.74
2316,245,64,2025-09-10 19:01:48.214340,19778.56
2317,438,64,2025-05-16 09:15:25.991429,16217.6
2318,169,27,2025-07-28 18:59:03.220985,1875.42
2319,316,10,2025-02-20 03:18:39.429498,1054.8
2320,369,55,2024-11-30 19:37:16.339584,17714.95
2321,450,18,2025-09-13 04:50:37.293554,1103.76
2322,20,61,2025-07-28 10:37:22.907687,20442.32
2323,208,81,2025-05-15 16:50:08.287326,27109.08
2324,493,82,2025-08-21 04:18:03.426935,22675.46
2325,278,54,2025-06-24 21:59:24.250301,6802.38
2326,37,51,2025-07-28 17:39:49.993268,5821.65
2327,17,12,2025-05-05 12:37:54.032977,3662.04
2328,241,47,2025-04-17 08:03:08.463498,12014.61
2329,431,68,2025-08-06 04:59:08.109051,24476.6
2330,31,93,2025-07-18 08:57:05.818938,4491.9
2331,307,26,2025-02-10 03:23:24.603691,3767.4
2332,155,71,2025-02-05 17:20:13.376031,22360.74
2333,423,70,2025-04-07 21:13:10.233412,9870.7
2334,461,12,2025-08-09 03:27:04.948958,2667.72
2335,216,54,2025-07-27 18:14:30.357872,14509.26
2336,160,13,2024-12-02 20:51:34.124510,3102.58
2337,270,62,2025-01-15 14:50:22.099261,4832.9
2338,164,59,2024-11-23 14:40:40.543684,15438.53
2339,102,10,2025-10-26 01:24:16.041075,149.4
2340,283,69,2025-01-24 03:20:13.303885,16733.19
2341,276,12,2024-11-19 00:45:37.203207,3521.4
2342,466,39,2025-04-05 20:18:13.526131,517.14
2343,492,40,2025-05-02 16:53:40.675662,2993.2
2344,30,81,2024-12-27 12:10:13.581994,3598.02
2345,261,28,2025-10-01 03:29:05.490165,3979.64
2346,433,20,2025-07-04 22:10:01.986096,5874.2
2347,125,58,2025-08-23 20:13:18.522428,20592.9
2348,265,26,2025-10-30 21:17:50.436087,234.0
2349,150,73,2025-02-01 02:55:17.027558,7131.37
2350,17,14,2025-11-03 00:35:56.815276,4334.4
2351,275,43,2024-12-07 14:12:32.815617,13493.83
2352,3,53,2025-06-04 13:03:40.717143,4198.13
2353,455,53,2025-04-17 10:33:46.408652,5024.93
2354,48,41,2025-06-25 05:57:21.763729,15651.75
2355,481,28,2025-03-09 04:48:17.818592,8669.92
2356,466,81,2024-12-26 23:16:51.263674,26633.61
2357,320,21,2025-05-23 04:56:37.502463,3815.07
2358,333,90,2024-11-26 20:34:38.356741,19853.1
2359,246,59,2024-11-30 15:28:53.371172,18800.35
2360,450,28,2025-03-03 06:11:24.141069,9327.36
2361,28,47,2025-01-22 16:00:04.241943,6364.27
2362,443,95,2025-06-09 09:05:30.476263,9790.7
2363,494,75,2025-03-17 19:30:30.993946,5966.25
2364,364,69,2025-02-23 16:19:30.269722,26142.72
2365,384,97,2025-01-24 13:42:38.314761,15321.15
2366,7,85,2025-09-28 05:50:05.836707,26410.35
2367,468,37,2025-02-05 10:03:27.234028,6573.42
2368,169,64,2025-10-09 10:46:20.686365,1454.72
2369,406,24,2025-08-21 21:51:22.009018,1073.76
2370,228,28,2025-07-31 13:48:48.346196,4957.4
2371,463,15,2024-11-22 08:31:55.881280,2209.8
2372,298,41,2025-03-24 20:30:21.509850,1097.57
2373,246,32,2025-03-14 20:16:53.869816,9079.68
2374,141,91,2025-07-02 12:24:08.822816,13701.87
2375,104,28,2025-04-04 11:58:01.438878,3802.12
2376,371,73,2025-07-02 17:58:48.140824,10668.22
2377,395,26,2025-01-15 09:41:39.009376,6719.7
2378,328,13,2025-05-24 17:56:55.099626,5106.92
2379,77,82,2025-10-10 13:50:02.794892,24622.96
2380,373,86,2025-08-25 18:52:35.485299,13984.46
2381,344,66,2025-11-06 05:38:00.930904,15373.38
2382,403,91,2025-10-23 06:12:33.190592,11809.07
2383,363,35,2025-01-24 05:26:04.436360,4293.45
2384,447,19,2025-03-10 00:24:46.255421,1352.23
2385,77,72,2025-01-21 00:17:42.470043,9221.04
2386,371,46,2025-03-17 18:04:06.681245,11283.8
2387,121,73,2025-08-15 03:49:05.970209,13391.85
2388,425,34,2025-08-24 20:08:02.712237,2853.96
2389,166,52,2025-03-15 19:28:31.958456,19843.2
2390,204,16,2025-01-07 02:29:14.772782,986.72
2391,35,86,2025-06-15 05:56:38.189505,22622.3
2392,386,41,2025-01-03 17:23:28.416157,12994.95
2393,288,67,2025-08-19 12:33:58.734129,2239.81
2394,457,31,2025-02-11 21:31:30.836662,1118.17
2395,428,97,2024-12-24 16:11:27.993125,5887.9
2396,76,55,2025-04-14 12:07:31.689864,8886.9
2397,314,80,2025-09-09 17:51:50.300352,2611.2
2398,490,75,2024-12-17 08:54:35.916016,12786.75
2399,167,14,2025-07-11 09:07:36.412916,4694.2
2400,395,56,2025-02-21 01:34:30.851191,11861.36
2401,240,25,2025-01-15 09:30:17.410131,6526.0
2402,396,13,2025-06-29 08:15:29.827271,5143.45
2403,162,98,2025-04-15 02:00:31.363122,27955.48
2404,45,79,2025-03-17 22:57:09.306202,13828.95
2405,489,63,2025-08-13 15:13:20.317605,20743.38
2406,300,64,2025-11-02 02:09:18.483054,15013.12
2407,350,87,2025-09-12 01:53:11.061998,4470.93
2408,209,43,2025-03-02 18:26:52.097335,390.44
2409,113,48,2025-02-03 00:53:19.181597,18785.28
2410,215,64,2025-07-03 22:35:51.206371,3512.96
2411,279,36,2025-09-01 12:52:18.425925,8364.96
2412,477,58,2024-12-31 04:32:19.251112,8192.5
2413,331,49,2025-07-11 20:25:00.776761,5240.06
2414,126,14,2025-10-11 09:56:56.925487,3523.8
2415,246,81,2025-04-04 06:22:54.490288,12022.83
2416,302,36,2025-06-03 05:21:01.901961,7137.0
2417,376,86,2025-06-11 06:07:25.413230,32298.16
2418,499,84,2024-12-11 14:45:42.636632,20387.64
2419,114,12,2024-12-16 08:53:26.857599,328.08
2420,497,61,2025-10-04 14:07:24.186768,3558.74
2421,105,88,2025-08-26 16:46:38.382463,846.56
2422,356,20,2025-03-27 03:22:02.924936,7249.4
2423,158,68,2025-09-18 19:03:55.198911,4842.96
2424,223,94,2024-12-02 23:29:12.173157,26435.62
2425,499,43,2025-10-06 06:37:01.168964,5431.33
2426,160,44,2025-07-11 22:49:22.800833,12213.52
2427,183,18,2025-05-16 17:14:48.012977,2317.86
2428,451,54,2025-03-18 18:23:12.448172,7580.52
2429,209,30,2025-10-28 05:16:46.666431,1972.5
2430,324,63,2024-12-27 07:46:34.328291,3938.76
2431,108,61,2025-03-17 10:43:35.040534,13416.95
2432,294,32,2025-09-13 20:24:22.367067,4363.84
2433,70,40,2025-01-05 10:03:04.318447,10000.4
2434,432,29,2025-02-05 16:07:44.525154,5411.11
2435,476,58,2025-04-02 17:34:22.361016,18092.52
2436,383,77,2025-08-05 05:50:08.422722,15823.5
2437,65,46,2025-05-16 13:50:55.701868,17785.9
2438,10,32,2025-01-02 08:28:30.644232,12152.32
2439,126,90,2025-07-25 06:02:36.698533,6876.0
2440,424,91,2025-04-01 19:43:47.812271,19777.94
2441,169,19,2025-03-20 05:43:56.591022,5000.04
2442,61,28,2025-10-05 17:04:53.174072,3782.24
2443,42,29,2024-12-11 21:01:40.103138,9323.79
2444,438,99,2025-01-17 17:54:53.343902,24394.59
2445,359,41,2025-06-03 00:21:22.163005,3978.23
2446,130,36,2025-01-19 01:04:14.471306,10952.28
2447,208,90,2024-11-12 06:23:40.907066,20167.2
2448,58,81,2025-06-01 20:33:27.496537,27568.35
2449,201,57,2025-10-31 08:10:52.220375,6417.06
2450,390,82,2025-08-10 04:32:08.351115,24873.06
2451,129,70,2025-07-10 03:23:32.209743,11453.4
2452,188,82,2025-09-06 08:31:18.978582,27022.28
2453,224,92,2025-08-20 01:00:23.566559,28198.92
2454,45,71,2025-09-19 14:36:45.478873,14430.04
2455,50,70,2025-04-26 02:01:27.431903,1259.3
2456,387,75,2025-10-03 03:37:29.737738,25959.0
2457,108,52,2025-02-24 21:38:04.111928,4321.72
2458,131,84,2025-01-18 08:47:40.011855,19509.84
2459,334,30,2025-10-13 21:02:58.241410,6633.6
2460,75,76,2025-03-07 07:25:25.206543,20992.72
2461,434,74,2025-01-01 08:16:39.985308,455.1
2462,20,97,2024-12-09 07:05:45.112388,986.49
2463,46,89,2025-01-09 00:46:29.432102,28072.38
2464,46,37,2025-06-15 09:38:57.580376,12958.14
2465,138,76,2025-03-24 00:08:25.143684,4682.36
2466,475,85,2025-02-07 03:04:58.742678,20107.6
2467,172,20,2025-02-22 16:11:38.521005,6127.6
2468,237,14,2025-09-30 18:23:02.393439,1148.7
2469,285,52,2025-05-08 23:57:52.363712,6419.92
2470,466,76,2025-01-16 01:11:52.722119,13676.96
2471,434,74,2025-07-13 21:52:05.917509,4810.74
2472,362,11,2025-04-24 05:37:26.315914,3290.76
2473,304,93,2025-08-20 19:54:25.868243,14865.12
2474,122,13,2024-12-09 17:00:56.601174,2796.43
2475,452,34,2025-01-14 21:14:54.304131,6519.84
2476,444,73,2025-03-08 14:24:22.502511,18874.15
2477,124,92,2025-05-28 14:20:02.978546,4733.4
2478,79,18,2025-10-22 06:34:18.852593,841.14
2479,293,74,2025-08-30 12:15:08.301088,27585.72
2480,426,89,2025-06-18 02:40:22.593866,22649.61
2481,188,14,2025-11-03 04:08:34.384989,2491.44
2482,232,80,2025-03-06 08:36:15.252764,10172.8
2483,224,20,2025-09-22 00:14:19.637992,3245.4
2484,228,89,2025-05-15 15:37:12.949755,23034.09
2485,163,45,2025-09-28 09:24:36.268820,17505.45
2486,340,17,2025-05-14 22:54:38.518636,238.17
2487,56,57,2025-01-10 02:32:05.107659,2252.64
2488,473,43,2024-12-02 04:03:51.665061,15586.21
2489,111,17,2025-04-27 21:32:53.097329,2496.11
2490,299,59,2024-12-03 07:46:54.750817,21452.4
2491,423,63,2024-11-23 04:10:10.349781,19207.44
2492,120,19,2025-04-19 04:37:40.824617,1026.19
2493,383,49,2025-08-09 09:23:08.616553,2470.58
2494,79,15,2025-05-05 02:53:28.228822,4533.3
2495,123,86,2025-01-16 06:16:53.787158,12358.2
2496,279,26,2025-01-30 11:01:07.417096,598.78
2497,194,39,2025-03-16 11:31:31.071100,12880.53
2498,30,59,2025-09-15 00:58:23.974965,6786.18
2499,365,47,2025-04-26 13:54:59.134362,13548.22
2500,289,69,2025-05-21 12:37:02.574182,14162.25
