id,cliente_id,produto_id,quantidade,data_venda,valor_total,margem_lucro,mes_venda
1,874,197,1,2025-07-11 06:42:53.762786,446.46,89.292,2025-07
2,78,59,8,2025-07-06 11:47:24.688513,2326.72,465.344,2025-07
3,387,304,9,2025-04-20 00:39:18.952264,2122.11,424.422,2025-04
4,644,69,8,2025-02-03 09:58:21.228285,897.6,179.52,2025-02
5,665,336,4,2025-11-02 17:25:47.862013,1336.44,267.288,2025-11
6,968,31,2,2025-01-24 19:12:20.151744,385.2,77.04,2025-01
7,748,82,7,2025-03-22 16:24:59.589325,3349.99,669.998,2025-03
8,106,28,1,2025-11-06 15:26:10.048977,90.86,18.172,2025-11
9,941,159,7,2025-07-12 09:07:54.199293,3243.24,648.648,2025-07
10,479,82,3,2025-04-23 23:26:46.497429,1435.71,287.142,2025-04
11,744,362,9,2025-05-29 12:15:24.780332,2499.57,499.91400000000004,2025-05
12,613,195,8,2025-09-24 05:59:23.915627,1404.08,280.816,2025-09
13,854,40,4,2025-01-28 19:01:25.297819,773.16,154.632,2025-01
14,848,151,9,2025-07-25 06:36:21.596768,831.42,166.284,2025-07
15,161,79,6,2025-07-21 21:06:29.519823,1711.1399999999999,342.228,2025-07
16,32,339,4,2025-01-03 17:57:23.921713,221.84,44.368,2025-01
17,961,385,5,2024-12-05 14:30:07.180780,1290.8000000000002,258.16,2024-12
18,365,240,8,2024-11-17 05:23:50.721842,3737.52,747.504,2024-11
19,777,193,9,2025-03-19 10:05:08.002860,1765.08,353.016,2025-03
20,72,126,7,2025-04-10 04:04:41.024261,2384.69,476.93800000000005,2025-04
21,898,386,1,2025-08-14 16:11:51.752949,490.7,98.14,2025-08
22,892,466,4,2025-02-08 14:20:58.822711,1746.32,349.264,2025-02
23,949,461,1,2025-03-03 00:43:45.648426,237.29,47.458,2025-03
24,634,132,7,2025-09-26 16:35:02.934855,158.34,31.668000000000003,2025-09
25,383,113,3,2024-11-12 16:40:06.819079,194.85000000000002,38.970000000000006,2024-11
26,195,110,7,2025-08-18 12:47:48.315494,2512.02,502.404,2025-08
27,215,306,6,2025-05-17 13:24:29.578517,1489.68,297.93600000000004,2025-05
28,901,259,8,2025-07-26 23:53:34.435161,2938.48,587.696,2025-07
29,989,44,5,2025-04-22 17:23:06.140568,858.8,171.76,2025-04
30,151,311,2,2024-11-23 18:05:40.981771,424.98,84.99600000000001,2024-11
31,804,445,8,2025-05-04 02:22:26.671800,1745.52,349.10400000000004,2025-05
32,671,40,1,2025-02-06 19:13:44.035889,193.29,38.658,2025-02
33,121,341,9,2025-04-25 23:03:52.722719,2994.93,598.986,2025-04
34,546,82,4,2025-06-05 06:04:52.802883,1914.28,382.856,2025-06
35,210,160,7,2025-09-24 23:16:34.374020,3113.46,622.692,2025-09
36,250,40,7,2025-09-15 21:27:18.640906,1353.03,270.606,2025-09
37,25,162,7,2025-09-03 22:39:42.322659,1525.72,305.144,2025-09
38,324,463,4,2025-02-26 22:14:21.153301,567.6,113.52000000000001,2025-02
39,474,413,5,2024-11-22 22:14:39.746556,1184.0,236.8,2024-11
40,667,196,9,2025-09-13 09:10:15.436741,4066.65,813.33,2025-09
41,782,116,7,2025-10-01 06:15:16.878253,3345.09,669.018,2025-10
42,543,283,1,2025-01-03 07:10:19.543993,186.5,37.300000000000004,2025-01
43,902,196,7,2025-04-02 07:54:26.285682,3162.9500000000003,632.5900000000001,2025-04
44,869,440,9,2024-11-22 03:47:01.890846,1435.05,287.01,2024-11
45,702,454,4,2025-07-31 20:15:47.460031,1526.88,305.37600000000003,2025-07
46,66,12,9,2024-11-10 01:15:22.081787,1711.2599999999998,342.25199999999995,2024-11
47,549,111,7,2025-08-08 06:20:57.599547,2129.75,425.95000000000005,2025-08
48,909,288,5,2025-02-10 09:15:34.522950,1718.25,343.65000000000003,2025-02
49,223,371,6,2025-06-30 00:14:22.814584,652.08,130.41600000000003,2025-06
50,68,471,1,2025-02-23 13:30:32.440727,169.32,33.864,2025-02
51,763,279,1,2024-12-20 03:45:55.814186,63.8,12.76,2024-12
52,818,468,3,2025-10-19 00:18:57.298285,1442.91,288.58200000000005,2025-10
53,99,412,9,2024-12-05 00:29:20.709978,4482.2699999999995,896.454,2024-12
54,778,364,9,2025-10-03 22:01:14.194345,462.51,92.50200000000001,2025-10
55,939,358,4,2025-05-23 04:49:52.682844,350.8,70.16000000000001,2025-05
56,341,383,3,2024-12-18 13:09:10.382078,732.5699999999999,146.51399999999998,2024-12
57,629,459,2,2025-06-08 04:49:23.903497,737.8,147.56,2025-06
58,133,136,6,2025-01-29 10:44:46.302415,1136.76,227.352,2025-01
59,275,307,4,2025-02-25 16:58:42.516495,426.48,85.296,2025-02
60,644,221,1,2025-04-18 10:47:15.493241,85.71,17.142,2025-04
61,166,414,7,2025-03-22 20:07:58.942249,3390.3799999999997,678.076,2025-03
62,550,260,3,2025-03-03 21:21:23.070163,1303.59,260.718,2025-03
63,331,182,5,2025-05-16 08:55:48.558099,2010.25,402.05,2025-05
64,278,391,1,2025-07-02 19:52:11.276155,122.64,24.528000000000002,2025-07
65,494,342,4,2025-05-16 14:45:32.248424,1659.08,331.81600000000003,2025-05
66,775,276,4,2025-09-08 23:28:27.025284,1111.88,222.37600000000003,2025-09
67,860,462,1,2025-08-04 23:45:38.921323,36.77,7.354000000000001,2025-08
68,62,363,9,2025-08-13 04:13:04.666508,948.6,189.72000000000003,2025-08
69,857,394,6,2025-06-07 02:06:28.525780,504.29999999999995,100.86,2025-06
70,214,425,8,2025-05-22 08:20:38.642445,3859.84,771.9680000000001,2025-05
71,488,48,7,2025-02-03 08:44:20.191025,3222.3799999999997,644.476,2025-02
72,985,23,6,2025-02-07 21:36:01.577223,2726.94,545.388,2025-02
73,325,50,5,2025-07-26 20:49:30.024636,394.75,78.95,2025-07
74,972,4,1,2024-12-03 22:15:54.613101,112.96,22.592,2024-12
75,30,134,5,2025-06-28 15:46:48.455689,835.5500000000001,167.11,2025-06
76,37,188,5,2025-05-02 19:15:35.110178,1816.55,363.31,2025-05
77,150,378,9,2025-09-28 14:38:54.514035,4094.28,818.8560000000001,2025-09
78,937,356,7,2025-07-05 01:34:46.121408,296.45,59.29,2025-07
79,198,168,3,2025-06-17 14:50:02.553965,774.24,154.848,2025-06
80,334,94,3,2025-04-03 02:02:24.253240,256.89,51.378,2025-04
81,245,276,7,2025-03-23 05:29:45.161864,1945.7900000000002,389.1580000000001,2025-03
82,112,439,9,2025-04-26 02:15:23.403262,977.3100000000001,195.46200000000002,2025-04
83,77,127,7,2025-07-25 01:10:46.985569,3220.91,644.182,2025-07
84,567,260,6,2025-01-03 01:44:05.828284,2607.18,521.436,2025-01
85,33,57,7,2024-12-18 19:19:06.880585,3407.8799999999997,681.576,2024-12
86,363,61,8,2025-04-16 05:01:18.351043,3893.12,778.624,2025-04
87,165,451,2,2025-10-22 17:40:29.696025,324.3,64.86,2025-10
88,709,1,6,2025-01-23 20:50:18.081311,473.04,94.608,2025-01
89,88,183,5,2024-12-25 16:49:16.879529,1406.6,281.32,2024-12
90,725,433,1,2024-11-24 23:00:42.410714,260.5,52.1,2024-11
91,135,286,9,2025-10-24 04:34:41.768276,2699.19,539.8380000000001,2025-10
92,693,327,5,2024-12-12 16:45:59.098825,2416.5,483.3,2024-12
93,94,4,3,2025-01-05 09:31:33.779966,338.88,67.776,2025-01
94,590,170,8,2025-08-12 13:16:59.932672,387.12,77.424,2025-08
95,574,1,8,2025-10-19 08:42:19.843539,630.72,126.144,2025-10
96,745,96,2,2025-09-06 00:15:39.498275,674.94,134.98800000000003,2025-09
97,974,305,3,2025-09-29 20:19:24.877838,1124.01,224.80200000000002,2025-09
98,613,201,3,2024-11-14 20:43:49.635483,838.89,167.77800000000002,2024-11
99,311,391,1,2025-10-03 22:58:11.925181,122.64,24.528000000000002,2025-10
100,215,312,5,2025-08-17 08:56:03.200654,593.5,118.7,2025-08
101,347,416,4,2025-09-18 05:37:46.262272,1966.28,393.25600000000003,2025-09
102,743,158,9,2025-09-11 19:21:05.068659,1198.2599999999998,239.65199999999996,2025-09
103,603,262,7,2025-08-22 17:21:14.889786,1256.8500000000001,251.37000000000003,2025-08
104,859,179,2,2025-02-09 13:57:28.366014,274.32,54.864000000000004,2025-02
105,517,309,8,2025-08-20 23:05:11.995572,3444.48,688.8960000000001,2025-08
106,330,165,4,2025-08-01 04:47:29.508254,90.72,18.144000000000002,2025-08
107,981,402,8,2025-10-16 05:09:12.952231,966.48,193.29600000000002,2025-10
108,306,409,5,2025-07-19 14:57:04.795561,1503.5,300.7,2025-07
109,836,498,1,2025-09-02 00:37:58.265685,396.63,79.32600000000001,2025-09
110,506,116,7,2025-09-25 21:56:50.397408,3345.09,669.018,2025-09
111,948,200,8,2025-06-30 17:04:04.710576,2345.92,469.184,2025-06
112,76,51,5,2025-04-07 07:32:02.274632,1046.75,209.35000000000002,2025-04
113,529,153,3,2025-09-27 09:57:30.952184,575.64,115.128,2025-09
114,573,480,5,2025-06-17 21:42:28.629821,2477.45,495.49,2025-06
115,142,55,4,2025-06-12 08:40:09.286295,729.6,145.92000000000002,2025-06
116,246,257,3,2025-05-25 18:20:58.060850,461.54999999999995,92.31,2025-05
117,408,403,4,2025-02-13 07:21:18.254719,1432.04,286.408,2025-02
118,638,3,9,2025-09-30 16:09:48.175527,2416.68,483.336,2025-09
119,393,101,6,2025-09-25 18:08:53.190689,1525.56,305.112,2025-09
120,287,244,5,2025-08-05 14:40:17.613145,1384.8500000000001,276.97,2025-08
121,911,468,9,2025-05-15 19:07:28.878227,4328.7300000000005,865.7460000000001,2025-05
122,626,372,6,2025-02-13 00:45:38.963489,235.5,47.1,2025-02
123,866,434,2,2024-11-15 22:07:14.527109,715.56,143.112,2024-11
124,472,386,2,2025-03-25 23:49:17.592613,981.4,196.28,2025-03
125,103,85,2,2025-10-24 00:00:28.953568,202.38,40.476,2025-10
126,345,409,2,2025-01-05 00:14:35.515645,601.4,120.28,2025-01
127,29,100,8,2025-10-15 18:04:56.109238,170.48,34.096,2025-10
128,837,492,5,2025-04-08 18:32:28.759057,613.4000000000001,122.68000000000002,2025-04
129,722,217,6,2025-01-03 01:57:05.007617,1639.38,327.87600000000003,2025-01
130,221,71,7,2025-03-30 13:00:11.328520,2858.59,571.7180000000001,2025-03
131,230,360,7,2024-12-18 06:40:38.307563,1258.18,251.63600000000002,2024-12
132,174,245,8,2025-07-17 01:53:20.808253,1325.44,265.088,2025-07
133,65,495,1,2025-08-22 03:57:10.508489,12.57,2.5140000000000002,2025-08
134,741,29,8,2025-08-07 04:37:58.357384,1321.52,264.30400000000003,2025-08
135,865,318,7,2025-05-16 17:38:27.774562,261.17,52.23400000000001,2025-05
136,190,316,7,2025-04-19 12:40:15.254135,2467.85,493.57,2025-04
137,729,33,7,2025-09-11 10:07:58.349300,2117.29,423.458,2025-09
138,535,75,9,2025-05-22 04:33:09.317020,2849.04,569.808,2025-05
139,509,32,4,2025-04-26 13:52:36.795499,1723.6,344.72,2025-04
140,402,494,8,2025-04-07 13:28:19.425405,1027.36,205.47199999999998,2025-04
141,847,248,6,2025-06-24 12:49:08.759751,1612.2599999999998,322.452,2025-06
142,720,274,6,2025-09-15 12:36:34.004181,1393.8600000000001,278.77200000000005,2025-09
143,809,320,7,2025-07-03 04:34:51.709941,1842.1200000000001,368.42400000000004,2025-07
144,48,460,4,2025-08-21 07:01:51.680006,859.08,171.81600000000003,2025-08
145,213,450,2,2025-04-29 15:13:44.693269,652.98,130.596,2025-04
146,764,20,5,2025-05-06 11:51:20.408224,159.85,31.97,2025-05
147,483,112,3,2025-05-28 02:22:19.569271,590.8499999999999,118.16999999999999,2025-05
148,403,358,7,2025-03-04 08:11:15.803828,613.9,122.78,2025-03
149,772,6,8,2024-12-11 12:44:49.507305,807.04,161.40800000000002,2024-12
150,301,244,2,2025-08-26 17:48:17.682571,553.94,110.78800000000001,2025-08
151,316,263,3,2025-06-26 07:28:37.509111,728.4000000000001,145.68000000000004,2025-06
152,702,33,9,2025-04-22 00:40:49.539069,2722.2300000000005,544.4460000000001,2025-04
153,944,32,1,2025-10-21 07:46:26.070562,430.9,86.18,2025-10
154,71,448,4,2025-08-24 16:06:59.174898,1419.36,283.872,2025-08
155,148,160,6,2025-05-24 18:11:54.049845,2668.68,533.736,2025-05
156,227,358,4,2025-10-10 01:36:11.269366,350.8,70.16000000000001,2025-10
157,84,382,4,2025-04-22 15:26:09.977440,580.0,116.0,2025-04
158,882,425,2,2025-08-25 08:26:21.189946,964.96,192.99200000000002,2025-08
159,228,151,1,2025-03-01 17:08:21.455089,92.38,18.476,2025-03
160,915,105,4,2025-03-27 07:36:36.647790,1073.52,214.704,2025-03
161,345,450,5,2024-12-26 07:34:10.824648,1632.45,326.49,2024-12
162,986,345,1,2025-09-19 04:33:06.825319,341.88,68.376,2025-09
163,149,404,9,2025-10-13 11:54:03.496551,3425.4900000000002,685.0980000000001,2025-10
164,513,453,4,2025-09-01 07:00:49.556942,1749.4,349.88000000000005,2025-09
165,46,324,1,2025-06-30 12:43:00.918589,357.41,71.48200000000001,2025-06
166,17,334,3,2025-04-13 15:30:35.804394,556.77,111.354,2025-04
167,759,473,6,2025-06-16 12:43:58.324754,718.92,143.784,2025-06
168,558,439,5,2025-05-16 13:01:54.577653,542.95,108.59000000000002,2025-05
169,962,336,9,2025-07-24 12:06:54.134093,3006.9900000000002,601.398,2025-07
170,580,172,7,2024-12-27 11:32:38.185090,2221.1,444.22,2024-12
171,753,172,2,2024-12-05 14:16:46.591994,634.6,126.92000000000002,2024-12
172,116,89,5,2025-04-29 21:24:31.436154,1891.05,378.21000000000004,2025-04
173,504,493,3,2025-07-08 15:36:47.445931,1082.6399999999999,216.528,2025-07
174,212,284,1,2025-02-04 05:31:07.059707,76.06,15.212000000000002,2025-02
175,421,104,4,2025-04-06 23:42:49.545219,1087.12,217.42399999999998,2025-04
176,381,338,9,2025-08-13 22:00:28.403560,2547.18,509.436,2025-08
177,622,473,3,2025-02-03 05:39:01.738772,359.46,71.892,2025-02
178,866,292,6,2025-03-15 11:26:24.726225,1870.98,374.196,2025-03
179,867,396,8,2025-05-13 17:21:15.367353,1519.28,303.856,2025-05
180,121,117,2,2024-12-01 17:53:53.345990,497.2,99.44,2024-12
181,698,317,2,2025-08-02 19:02:10.522830,867.0,173.4,2025-08
182,77,142,9,2025-03-19 13:07:58.366343,3603.6,720.72,2025-03
183,613,213,9,2024-12-15 04:29:48.233269,1161.45,232.29000000000002,2024-12
184,363,4,4,2025-10-16 20:10:05.851278,451.84,90.368,2025-10
185,388,477,9,2025-07-09 02:30:46.501378,4342.139999999999,868.4279999999999,2025-07
186,101,275,6,2025-02-19 11:22:41.576605,1272.54,254.508,2025-02
187,419,353,3,2025-09-10 03:29:57.576020,917.8799999999999,183.576,2025-09
188,4,286,6,2025-01-04 18:04:54.335341,1799.46,359.89200000000005,2025-01
189,40,410,6,2025-05-09 12:37:47.408873,2070.54,414.108,2025-05
190,395,262,2,2025-01-17 23:33:08.631091,359.1,71.82000000000001,2025-01
191,308,344,1,2024-12-07 00:59:21.683400,384.01,76.802,2024-12
192,180,380,8,2025-02-25 01:25:00.345211,1303.84,260.768,2025-02
193,463,405,3,2025-04-13 01:13:44.252504,1059.27,211.854,2025-04
194,200,43,2,2025-06-23 23:43:03.318418,24.78,4.956,2025-06
195,97,412,2,2025-03-20 11:02:23.965121,996.06,199.212,2025-03
196,323,155,5,2025-01-15 08:25:38.916475,1828.95,365.79,2025-01
197,680,219,2,2025-06-09 12:26:50.352769,63.08,12.616,2025-06
198,907,51,3,2025-06-06 04:42:11.567528,628.05,125.61,2025-06
199,229,452,5,2025-07-16 17:23:43.309693,459.5,91.9,2025-07
200,792,71,2,2025-08-23 16:16:57.870880,816.74,163.348,2025-08
201,225,389,9,2024-12-14 11:28:30.461164,1073.79,214.758,2024-12
202,788,394,2,2024-11-12 15:41:20.817498,168.1,33.62,2024-11
203,468,119,9,2025-08-24 05:44:35.857875,3283.65,656.73,2025-08
204,856,218,7,2025-07-02 01:40:14.507760,2919.77,583.9540000000001,2025-07
205,102,474,5,2025-04-09 21:53:10.154392,799.6500000000001,159.93000000000004,2025-04
206,488,134,8,2025-09-12 23:16:06.597334,1336.88,267.37600000000003,2025-09
207,391,342,1,2025-08-31 14:51:14.683569,414.77,82.95400000000001,2025-08
208,975,160,9,2025-06-10 01:01:14.703533,4003.0199999999995,800.6039999999999,2025-06
209,762,220,8,2025-07-10 07:54:37.172950,2235.36,447.07200000000006,2025-07
210,789,378,9,2025-02-11 17:21:13.944106,4094.28,818.8560000000001,2025-02
211,175,200,3,2025-08-11 12:53:13.628109,879.72,175.94400000000002,2025-08
212,524,482,9,2025-08-10 20:47:35.561711,1971.36,394.272,2025-08
213,419,87,4,2025-07-07 17:25:38.255299,1764.52,352.904,2025-07
214,185,57,3,2025-04-19 05:22:26.023978,1460.52,292.104,2025-04
215,575,165,8,2025-06-23 15:13:10.530595,181.44,36.288000000000004,2025-06
216,605,233,8,2025-09-10 11:14:41.289490,1139.84,227.968,2025-09
217,957,7,3,2024-12-15 07:09:45.114470,446.76,89.352,2024-12
218,737,417,5,2025-06-16 22:41:44.072588,1380.8500000000001,276.17,2025-06
219,984,269,9,2025-09-28 18:18:04.327837,1243.44,248.68800000000002,2025-09
220,943,266,5,2025-04-19 20:25:44.984764,1034.65,206.93000000000004,2025-04
221,289,434,9,2025-08-14 09:43:00.815177,3220.0199999999995,644.0039999999999,2025-08
222,786,46,4,2025-08-13 11:51:08.809151,442.44,88.488,2025-08
223,208,50,9,2025-03-28 16:15:18.924540,710.5500000000001,142.11,2025-03
224,58,204,8,2025-01-08 15:55:25.498371,563.12,112.62400000000001,2025-01
225,39,59,1,2025-02-02 00:35:36.238685,290.84,58.168,2025-02
226,412,243,1,2025-09-22 19:28:59.446003,135.64,27.128,2025-09
227,986,463,1,2025-05-30 01:44:12.465289,141.9,28.380000000000003,2025-05
228,283,177,1,2025-03-19 21:14:17.774254,450.53,90.106,2025-03
229,254,323,7,2025-01-24 11:36:10.150119,2654.33,530.866,2025-01
230,963,101,6,2024-12-06 23:52:56.578934,1525.56,305.112,2024-12
231,63,369,7,2025-11-05 23:59:02.589954,461.92999999999995,92.386,2025-11
232,325,321,5,2025-10-05 23:55:28.895405,915.5500000000001,183.11,2025-10
233,216,452,5,2025-06-09 17:52:46.400008,459.5,91.9,2025-06
234,906,178,2,2024-12-30 06:35:41.827721,39.8,7.96,2024-12
235,718,68,1,2024-12-27 22:18:49.740551,178.39,35.678,2024-12
236,945,71,9,2025-09-05 21:21:28.149359,3675.33,735.066,2025-09
237,725,231,2,2025-07-04 21:45:16.757790,338.94,67.788,2025-07
238,900,98,3,2025-06-15 17:13:56.698829,1491.33,298.266,2025-06
239,519,416,8,2025-11-03 22:32:41.853032,3932.56,786.5120000000001,2025-11
240,324,407,6,2025-06-20 08:04:21.826165,986.1600000000001,197.23200000000003,2025-06
241,484,343,6,2025-05-05 01:17:11.692415,1418.6399999999999,283.728,2025-05
242,149,79,7,2025-09-22 12:08:27.303754,1996.33,399.266,2025-09
243,250,380,4,2025-01-12 04:31:58.859395,651.92,130.384,2025-01
244,846,306,6,2025-06-14 11:43:24.442839,1489.68,297.93600000000004,2025-06
245,837,58,9,2025-07-16 08:21:45.850957,1515.69,303.13800000000003,2025-07
246,607,362,4,2025-07-25 12:07:24.845152,1110.92,222.18400000000003,2025-07
247,922,37,7,2025-06-03 23:58:34.881461,2618.56,523.712,2025-06
248,746,70,2,2024-12-08 15:46:34.383696,306.88,61.376000000000005,2024-12
249,113,61,7,2025-03-24 00:53:01.571756,3406.48,681.296,2025-03
250,745,177,4,2025-07-31 13:52:55.362605,1802.12,360.424,2025-07
251,623,490,5,2025-07-09 12:54:26.003773,2324.35,464.87,2025-07
252,823,458,1,2025-10-03 14:09:46.924418,34.72,6.944,2025-10
253,288,76,7,2025-09-18 20:05:29.493863,3314.92,662.984,2025-09
254,655,442,6,2025-08-27 11:48:16.671664,1217.82,243.564,2025-08
255,270,36,3,2025-10-05 14:52:53.458883,592.3199999999999,118.464,2025-10
256,477,494,5,2025-03-07 20:35:57.532211,642.0999999999999,128.42,2025-03
257,834,413,3,2025-09-20 15:48:07.278492,710.4000000000001,142.08,2025-09
258,482,231,6,2025-01-06 08:44:19.485207,1016.8199999999999,203.364,2025-01
259,324,327,8,2025-06-11 02:53:58.236919,3866.4,773.2800000000001,2025-06
260,548,76,4,2025-11-03 17:09:41.039609,1894.24,378.848,2025-11
261,894,45,5,2025-04-15 17:18:52.619662,1926.15,385.23,2025-04
262,904,402,7,2025-01-28 00:36:04.983910,845.6700000000001,169.13400000000001,2025-01
263,855,296,6,2025-04-30 14:14:43.202626,1817.58,363.516,2025-04
264,430,65,3,2024-12-09 06:39:59.484704,1035.84,207.168,2024-12
265,579,2,3,2025-05-28 02:47:47.002329,1022.4000000000001,204.48000000000002,2025-05
266,687,430,9,2025-07-27 00:56:05.222202,1238.94,247.788,2025-07
267,48,299,2,2025-04-06 16:31:30.155154,368.42,73.68400000000001,2025-04
268,485,383,5,2024-12-26 19:32:05.344339,1220.95,244.19000000000003,2024-12
269,370,201,1,2025-07-09 10:58:28.894935,279.63,55.926,2025-07
270,199,439,2,2025-02-13 00:40:59.357470,217.18,43.43600000000001,2025-02
271,453,429,7,2025-10-16 22:11:45.898762,3126.5499999999997,625.31,2025-10
272,538,287,3,2025-11-03 18:12:31.022200,182.43,36.486000000000004,2025-11
273,214,431,3,2025-02-15 20:57:56.724849,748.3199999999999,149.664,2025-02
274,953,153,6,2024-11-27 10:40:19.391948,1151.28,230.256,2024-11
275,763,480,7,2025-05-04 02:45:33.925287,3468.4300000000003,693.6860000000001,2025-05
276,145,301,9,2025-10-13 17:27:57.184663,3973.9500000000003,794.7900000000001,2025-10
277,454,296,1,2025-02-14 19:34:45.683622,302.93,60.586000000000006,2025-02
278,781,271,6,2024-12-17 21:57:10.989957,2504.64,500.928,2024-12
279,765,304,4,2024-11-07 22:59:34.145416,943.16,188.632,2024-11
280,708,309,9,2025-10-04 02:09:46.753783,3875.04,775.008,2025-10
281,324,145,9,2025-05-16 18:30:12.305835,1829.61,365.922,2025-05
282,190,165,7,2025-06-22 17:38:04.314875,158.76,31.752,2025-06
283,309,188,7,2025-10-29 17:27:14.690932,2543.17,508.634,2025-10
284,224,318,6,2025-01-18 07:14:41.911361,223.86,44.772000000000006,2025-01
285,773,424,5,2025-05-23 08:40:34.018090,551.25,110.25,2025-05
286,705,35,2,2025-05-07 23:33:17.112981,550.26,110.052,2025-05
287,408,436,2,2025-10-30 02:57:10.540858,880.46,176.092,2025-10
288,508,357,8,2025-05-14 14:00:33.844592,1774.64,354.92800000000005,2025-05
289,885,303,1,2025-04-04 19:36:46.813872,185.17,37.034,2025-04
290,526,370,3,2025-05-30 08:54:07.476890,1111.08,222.216,2025-05
291,476,445,2,2025-05-24 13:17:01.411788,436.38,87.27600000000001,2025-05
292,237,107,5,2025-02-27 07:00:24.038415,1160.85,232.17,2025-02
293,452,101,2,2025-07-15 05:02:24.301764,508.52,101.70400000000001,2025-07
294,767,271,6,2025-02-06 04:38:14.934344,2504.64,500.928,2025-02
295,203,484,1,2025-10-16 19:35:42.974714,323.83,64.766,2025-10
296,636,464,7,2025-07-22 08:45:12.734009,1068.0600000000002,213.61200000000005,2025-07
297,747,253,4,2025-07-08 21:00:41.677824,1437.2,287.44,2025-07
298,175,304,7,2025-10-08 12:19:16.641516,1650.53,330.106,2025-10
299,709,35,4,2025-02-17 19:39:54.143652,1100.52,220.104,2025-02
300,433,214,3,2024-12-09 10:31:35.626952,966.0899999999999,193.218,2024-12
301,333,261,1,2025-01-14 06:25:42.549192,11.87,2.374,2025-01
302,793,34,3,2025-08-16 04:46:44.155767,469.56000000000006,93.91200000000002,2025-08
303,164,22,5,2025-07-13 13:45:04.571236,218.95,43.79,2025-07
304,790,464,9,2025-02-23 15:13:19.607892,1373.22,274.644,2025-02
305,822,246,2,2025-02-22 21:18:55.564795,139.18,27.836000000000002,2025-02
306,189,282,3,2025-01-15 05:26:34.278259,180.57,36.114,2025-01
307,484,156,8,2024-11-28 18:05:39.907614,3815.36,763.0720000000001,2024-11
308,442,125,7,2025-07-28 23:27:57.003877,735.49,147.098,2025-07
309,771,187,2,2025-10-30 05:53:50.457453,242.98,48.596000000000004,2025-10
310,952,127,2,2025-10-18 19:17:26.654928,920.26,184.05200000000002,2025-10
311,778,451,8,2025-08-26 17:14:13.693851,1297.2,259.44,2025-08
312,869,463,5,2025-06-16 03:43:25.438497,709.5,141.9,2025-06
313,704,245,3,2024-12-14 09:07:37.246400,497.04,99.40800000000002,2024-12
314,849,148,6,2025-10-27 06:21:41.691155,1978.56,395.712,2025-10
315,143,343,5,2025-09-24 11:23:14.586608,1182.2,236.44000000000003,2025-09
316,9,115,9,2025-05-04 23:07:51.221003,2498.04,499.608,2025-05
317,202,226,1,2025-04-07 14:31:33.950639,346.77,69.354,2025-04
318,732,348,8,2024-11-10 06:34:54.441525,1216.16,243.23200000000003,2024-11
319,124,464,2,2024-11-23 15:54:32.076496,305.16,61.03200000000001,2024-11
320,228,437,7,2025-03-22 18:20:28.244663,2128.49,425.698,2025-03
321,815,311,9,2025-03-15 16:14:29.959261,1912.41,382.482,2025-03
322,956,279,6,2024-12-24 03:45:23.796061,382.79999999999995,76.55999999999999,2024-12
323,529,146,7,2025-01-21 15:03:41.980461,1721.79,344.358,2025-01
324,753,88,5,2025-08-21 17:25:15.347820,1444.3000000000002,288.86000000000007,2025-08
325,758,299,3,2025-08-02 08:45:11.123112,552.63,110.52600000000001,2025-08
326,389,387,9,2025-07-27 17:17:42.492652,1013.49,202.698,2025-07
327,635,297,6,2025-10-17 00:21:22.200385,2807.58,561.516,2025-10
328,300,367,2,2024-11-20 08:44:23.386970,112.92,22.584000000000003,2024-11
329,318,491,5,2025-03-27 15:50:44.858510,805.95,161.19000000000003,2025-03
330,685,450,2,2025-10-08 21:28:48.216981,652.98,130.596,2025-10
331,719,157,3,2024-11-19 13:32:41.791851,827.76,165.55200000000002,2024-11
332,7,157,8,2025-06-06 06:09:47.529033,2207.36,441.47200000000004,2025-06
333,293,477,9,2024-12-14 18:58:39.547055,4342.139999999999,868.4279999999999,2024-12
334,74,300,9,2025-06-13 21:59:58.317121,1882.44,376.48800000000006,2025-06
335,627,190,3,2025-04-11 17:55:58.080072,53.88,10.776000000000002,2025-04
336,532,387,4,2025-09-10 07:14:46.593994,450.44,90.08800000000001,2025-09
337,154,415,2,2025-01-13 00:42:21.072901,896.38,179.276,2025-01
338,413,72,1,2025-10-23 04:34:57.054128,308.33,61.666,2025-10
339,338,390,2,2025-03-14 04:08:38.748794,683.08,136.616,2025-03
340,174,62,3,2025-06-27 15:21:53.296341,1151.79,230.358,2025-06
341,518,320,4,2025-09-13 12:44:13.647555,1052.64,210.52800000000002,2025-09
342,419,493,8,2025-09-16 04:18:58.950619,2887.04,577.408,2025-09
343,781,348,7,2025-05-22 18:12:58.784236,1064.14,212.82800000000003,2025-05
344,487,289,8,2025-04-20 06:18:48.328664,2761.44,552.288,2025-04
345,582,109,6,2025-07-16 00:02:05.761207,521.16,104.232,2025-07
346,607,450,5,2025-10-18 15:39:52.182797,1632.45,326.49,2025-10
347,437,383,8,2025-05-30 10:45:35.188797,1953.52,390.704,2025-05
348,648,402,8,2025-02-22 16:41:07.812974,966.48,193.29600000000002,2025-02
349,307,299,5,2025-01-30 14:59:40.519305,921.0500000000001,184.21000000000004,2025-01
350,294,143,9,2025-01-07 18:14:44.860158,3263.22,652.644,2025-01
351,141,40,1,2025-03-20 15:09:26.240967,193.29,38.658,2025-03
352,453,363,1,2025-04-11 07:31:29.445841,105.4,21.080000000000002,2025-04
353,226,440,9,2025-10-24 08:12:11.586587,1435.05,287.01,2025-10
354,806,94,8,2025-09-30 08:20:01.596708,685.04,137.008,2025-09
355,986,38,3,2025-06-24 20:27:22.376513,295.14,59.028,2025-06
356,356,39,8,2024-11-06 20:57:45.839469,2406.64,481.328,2024-11
357,467,319,7,2025-09-22 18:58:54.515389,1445.64,289.12800000000004,2025-09
358,784,89,8,2025-10-08 12:36:13.637740,3025.68,605.136,2025-10
359,873,266,9,2025-01-07 22:29:23.806463,1862.3700000000001,372.47400000000005,2025-01
360,461,422,9,2025-02-19 02:20:21.861877,1060.92,212.18400000000003,2025-02
361,338,35,6,2025-04-08 12:04:07.596886,1650.78,330.156,2025-04
362,623,492,3,2025-06-03 10:38:54.403781,368.04,73.608,2025-06
363,482,353,6,2025-07-10 22:21:54.426416,1835.7599999999998,367.152,2025-07
364,146,45,9,2025-03-12 12:23:01.968660,3467.07,693.4140000000001,2025-03
365,339,241,8,2024-12-23 07:44:13.905973,3227.36,645.4720000000001,2024-12
366,237,350,2,2025-04-03 16:58:55.970620,817.78,163.556,2025-04
367,916,42,4,2025-05-02 12:12:34.469110,1640.28,328.05600000000004,2025-05
368,486,430,8,2025-03-12 02:21:30.797450,1101.28,220.256,2025-03
369,658,463,5,2025-06-09 11:39:45.804853,709.5,141.9,2025-06
370,201,421,7,2024-11-22 14:07:28.584367,2287.39,457.478,2024-11
371,305,308,5,2024-11-13 17:31:13.997009,1934.1,386.82,2024-11
372,764,42,1,2025-08-03 20:11:11.048540,410.07,82.01400000000001,2025-08
373,393,156,9,2025-07-29 22:43:27.269431,4292.28,858.456,2025-07
374,829,167,2,2025-03-30 22:33:36.096371,120.62,24.124000000000002,2025-03
375,247,79,9,2025-10-15 23:39:08.801772,2566.71,513.342,2025-10
376,141,311,5,2024-11-30 14:21:39.784848,1062.45,212.49,2024-11
377,991,490,1,2025-03-31 05:26:42.844432,464.87,92.974,2025-03
378,181,65,7,2025-08-31 10:53:11.774346,2416.96,483.39200000000005,2025-08
379,365,391,6,2025-05-19 12:08:05.918844,735.84,147.168,2025-05
380,252,464,4,2024-12-12 03:08:27.929806,610.32,122.06400000000002,2024-12
381,731,168,6,2025-02-10 20:21:40.020265,1548.48,309.696,2025-02
382,559,364,8,2025-03-26 23:41:40.857970,411.12,82.224,2025-03
383,395,74,6,2025-03-31 23:34:14.653839,211.74,42.348000000000006,2025-03
384,582,114,8,2025-01-27 21:11:54.837464,3722.24,744.448,2025-01
385,382,80,3,2025-08-04 14:08:50.931080,343.44,68.688,2025-08
386,312,98,8,2025-04-16 10:56:08.100982,3976.88,795.3760000000001,2025-04
387,817,288,7,2024-12-30 20:31:27.091278,2405.5499999999997,481.10999999999996,2024-12
388,994,296,4,2025-10-07 00:56:42.026431,1211.72,242.34400000000002,2025-10
389,235,12,4,2025-03-23 07:03:59.927153,760.56,152.112,2025-03
390,505,109,6,2025-08-25 09:55:05.758919,521.16,104.232,2025-08
391,451,214,6,2025-08-09 13:34:20.595901,1932.1799999999998,386.436,2025-08
392,59,202,1,2025-05-07 16:30:34.348104,401.45,80.29,2025-05
393,440,186,9,2025-06-21 05:24:23.163775,1081.44,216.288,2025-06
394,892,45,1,2025-02-13 06:15:04.758248,385.23,77.046,2025-02
395,213,176,1,2025-04-27 10:42:46.510887,347.01,69.402,2025-04
396,440,438,9,2025-10-03 22:16:23.924431,715.5,143.1,2025-10
397,665,488,1,2024-11-22 03:33:27.778649,320.4,64.08,2024-11
398,501,383,5,2025-03-15 01:10:57.115649,1220.95,244.19000000000003,2025-03
399,125,284,7,2025-08-26 14:18:59.179487,532.4200000000001,106.48400000000002,2025-08
400,505,247,2,2025-10-20 05:21:47.262160,197.62,39.524,2025-10
401,30,170,4,2025-04-02 10:44:40.213358,193.56,38.712,2025-04
402,572,387,4,2025-07-14 05:11:48.087632,450.44,90.08800000000001,2025-07
403,309,207,6,2025-05-18 14:08:50.872664,2529.0,505.8,2025-05
404,302,168,8,2025-05-18 05:38:58.961851,2064.64,412.928,2025-05
405,980,69,3,2025-04-25 12:21:39.550824,336.6,67.32000000000001,2025-04
406,37,203,7,2024-11-08 19:47:20.228479,1629.8100000000002,325.96200000000005,2024-11
407,188,102,4,2025-05-17 10:39:48.571228,1454.92,290.98400000000004,2025-05
408,105,325,7,2025-02-10 15:48:23.515664,1943.6200000000001,388.72400000000005,2025-02
409,779,293,8,2025-09-02 19:10:58.478481,2013.04,402.608,2025-09
410,324,224,6,2025-02-19 17:40:42.041767,1206.54,241.308,2025-02
411,399,34,7,2025-03-09 00:37:52.825369,1095.64,219.12800000000004,2025-03
412,31,5,8,2025-06-29 03:01:03.376489,2156.64,431.328,2025-06
413,793,380,9,2024-11-07 06:02:05.222661,1466.82,293.364,2024-11
414,52,457,3,2025-09-23 08:18:39.016729,60.300000000000004,12.060000000000002,2025-09
415,405,114,5,2024-12-27 22:37:36.913289,2326.3999999999996,465.28,2024-12
416,726,39,6,2025-08-09 11:36:27.315122,1804.98,360.99600000000004,2025-08
417,172,211,3,2025-01-21 09:46:04.243253,626.46,125.29200000000002,2025-01
418,416,208,3,2024-12-14 20:49:42.723276,851.1600000000001,170.23200000000003,2024-12
419,545,313,2,2025-03-06 11:06:19.893674,126.44,25.288,2025-03
420,395,484,6,2025-11-06 04:47:28.939153,1942.98,388.596,2025-11
421,884,453,3,2025-02-28 10:56:13.709649,1312.0500000000002,262.41,2025-02
422,733,57,3,2025-08-18 07:52:46.234836,1460.52,292.104,2025-08
423,949,37,7,2025-10-28 22:23:04.507511,2618.56,523.712,2025-10
424,208,369,8,2025-05-25 01:47:35.535153,527.92,105.584,2025-05
425,987,402,7,2024-12-14 15:32:38.266313,845.6700000000001,169.13400000000001,2024-12
426,906,417,4,2025-05-08 14:56:09.320603,1104.68,220.93600000000004,2025-05
427,620,153,3,2025-08-23 05:00:38.364515,575.64,115.128,2025-08
428,917,401,2,2024-12-05 00:27:23.627348,816.66,163.332,2024-12
429,844,10,6,2025-10-24 08:30:42.583671,2075.7,415.14,2025-10
430,814,355,7,2025-03-19 23:24:02.681014,1819.02,363.80400000000003,2025-03
431,923,461,3,2025-04-06 22:37:34.049216,711.87,142.374,2025-04
432,497,38,2,2025-01-10 11:07:48.400559,196.76,39.352000000000004,2025-01
433,130,95,8,2025-05-09 13:22:53.161337,1499.44,299.88800000000003,2025-05
434,384,192,5,2025-09-04 12:31:40.578572,754.4,150.88,2025-09
435,640,456,3,2025-03-09 09:26:45.474416,120.12,24.024,2025-03
436,628,116,5,2024-11-20 10:27:24.575525,2389.35,477.87,2024-11
437,188,52,4,2025-04-23 12:43:07.553488,484.0,96.80000000000001,2025-04
438,172,249,5,2025-07-12 09:58:29.055331,1174.8999999999999,234.98,2025-07
439,636,448,2,2025-10-22 02:53:39.771572,709.68,141.936,2025-10
440,85,121,3,2025-05-30 02:52:41.456748,267.9,53.58,2025-05
441,850,478,4,2024-11-20 23:24:04.179437,1767.24,353.44800000000004,2024-11
442,992,226,3,2025-06-26 05:55:50.104090,1040.31,208.062,2025-06
443,609,260,1,2025-08-17 19:55:45.564871,434.53,86.906,2025-08
444,850,412,5,2025-08-27 05:40:39.772784,2490.1499999999996,498.03,2025-08
445,474,459,6,2025-08-30 23:40:18.318840,2213.3999999999996,442.67999999999995,2025-08
446,340,495,4,2025-04-11 01:32:14.654226,50.28,10.056000000000001,2025-04
447,461,209,7,2024-12-07 04:05:06.969649,2095.52,419.10400000000004,2024-12
448,981,310,2,2025-07-29 14:54:03.072067,895.84,179.168,2025-07
449,504,214,7,2025-04-02 07:18:32.350438,2254.21,450.84200000000004,2025-04
450,947,346,5,2025-01-24 09:53:13.648687,1712.3500000000001,342.47,2025-01
451,96,120,4,2025-08-09 02:03:31.488562,1576.52,315.30400000000003,2025-08
452,329,151,9,2025-01-20 13:30:26.280419,831.42,166.284,2025-01
453,677,429,5,2025-04-13 10:13:49.483061,2233.25,446.65000000000003,2025-04
454,113,443,9,2025-08-18 01:23:24.463694,836.73,167.346,2025-08
455,564,222,7,2024-11-29 17:51:09.979806,925.1899999999999,185.038,2024-11
456,853,122,5,2025-10-10 05:55:19.603213,561.5,112.30000000000001,2025-10
457,998,105,9,2025-01-05 15:46:41.882543,2415.42,483.08400000000006,2025-01
458,221,272,7,2025-04-07 05:35:37.664810,2260.44,452.088,2025-04
459,788,282,3,2025-04-04 04:01:59.576457,180.57,36.114,2025-04
460,139,181,6,2025-03-09 04:46:38.007954,961.74,192.348,2025-03
461,550,466,1,2024-12-17 12:39:45.820264,436.58,87.316,2024-12
462,280,62,4,2025-01-19 08:48:54.507472,1535.72,307.144,2025-01
463,727,29,3,2025-09-07 02:17:36.706049,495.57,99.114,2025-09
464,429,348,9,2025-08-25 01:06:03.147422,1368.18,273.636,2025-08
465,201,342,1,2025-08-07 23:01:43.334707,414.77,82.95400000000001,2025-08
466,338,127,8,2025-10-21 22:01:14.247395,3681.04,736.2080000000001,2025-10
467,706,277,6,2025-06-24 12:36:41.459041,1083.9,216.78000000000003,2025-06
468,112,218,7,2025-04-15 14:38:47.437484,2919.77,583.9540000000001,2025-04
469,225,309,8,2025-01-11 06:04:44.163158,3444.48,688.8960000000001,2025-01
470,161,225,3,2025-01-04 17:53:51.847304,346.98,69.396,2025-01
471,781,21,4,2025-06-08 22:28:23.596282,465.64,93.128,2025-06
472,235,382,4,2025-04-09 22:49:30.742439,580.0,116.0,2025-04
473,880,138,6,2025-07-22 12:59:41.304086,2217.12,443.424,2025-07
474,848,428,4,2025-03-12 07:28:46.896226,549.24,109.84800000000001,2025-03
475,917,400,3,2024-11-20 22:58:01.462852,241.20000000000002,48.24000000000001,2024-11
476,790,156,9,2025-02-16 12:05:39.378185,4292.28,858.456,2025-02
477,239,227,6,2025-09-14 04:09:34.098569,1627.02,325.404,2025-09
478,701,108,6,2025-09-25 18:31:59.020600,590.0999999999999,118.01999999999998,2025-09
479,147,371,1,2024-11-26 04:52:35.035624,108.68,21.736000000000004,2024-11
480,537,423,2,2024-11-13 17:24:56.116657,955.98,191.19600000000003,2024-11
481,929,77,5,2024-12-24 13:24:46.326143,1587.55,317.51,2024-12
482,875,396,3,2025-08-03 22:24:18.085572,569.73,113.94600000000001,2025-08
483,896,256,9,2025-04-13 14:40:45.833048,212.58,42.516000000000005,2025-04
484,542,40,7,2025-07-10 15:44:59.715842,1353.03,270.606,2025-07
485,322,410,3,2025-08-30 11:23:58.546071,1035.27,207.054,2025-08
486,728,84,8,2025-07-28 04:05:49.985899,2307.68,461.536,2025-07
487,463,484,6,2024-12-08 02:20:53.105973,1942.98,388.596,2024-12
488,103,19,9,2025-06-18 02:25:20.677619,2396.34,479.26800000000003,2025-06
489,744,243,9,2025-07-27 07:23:11.992715,1220.7599999999998,244.15199999999996,2025-07
490,489,382,4,2025-05-12 15:11:26.781477,580.0,116.0,2025-05
491,516,353,6,2025-06-09 00:37:33.493551,1835.7599999999998,367.152,2025-06
492,856,282,5,2025-10-07 11:26:45.634313,300.95,60.19,2025-10
493,184,84,6,2025-01-16 03:54:59.012693,1730.7599999999998,346.152,2025-01
494,870,41,8,2024-12-28 07:09:53.724601,3970.24,794.048,2024-12
495,377,271,7,2025-07-01 08:13:54.175688,2922.08,584.416,2025-07
496,258,283,1,2025-01-20 21:15:02.095660,186.5,37.300000000000004,2025-01
497,64,366,9,2025-07-07 12:03:37.596739,692.73,138.54600000000002,2025-07
498,409,71,7,2025-01-18 21:14:04.186279,2858.59,571.7180000000001,2025-01
499,513,425,5,2025-05-13 06:16:40.762590,2412.4,482.48,2025-05
500,265,103,1,2025-02-09 08:47:13.531617,83.55,16.71,2025-02
501,356,22,9,2025-07-19 15:17:30.642715,394.11,78.822,2025-07
502,276,110,4,2025-04-23 10:31:57.544523,1435.44,287.088,2025-04
503,560,218,3,2024-12-17 03:47:54.641545,1251.33,250.266,2024-12
504,238,156,5,2025-08-17 08:53:42.511816,2384.6,476.92,2025-08
505,461,336,1,2025-01-29 12:43:26.549288,334.11,66.822,2025-01
506,25,380,5,2025-06-27 12:49:57.326354,814.9,162.98000000000002,2025-06
507,390,127,8,2025-04-01 02:34:33.076574,3681.04,736.2080000000001,2025-04
508,934,49,7,2025-04-08 16:15:43.481539,331.38,66.276,2025-04
509,505,247,3,2025-04-16 10:32:59.845063,296.43,59.286,2025-04
510,81,269,9,2025-02-10 16:49:03.635763,1243.44,248.68800000000002,2025-02
511,370,82,1,2025-07-10 04:24:49.456062,478.57,95.714,2025-07
512,105,96,1,2025-01-26 03:44:49.727242,337.47,67.49400000000001,2025-01
513,240,498,1,2025-10-05 23:54:08.719092,396.63,79.32600000000001,2025-10
514,583,123,4,2025-08-31 07:16:28.908705,1705.64,341.12800000000004,2025-08
515,190,317,8,2025-10-27 15:34:58.969384,3468.0,693.6,2025-10
516,47,275,9,2025-01-09 03:12:05.626193,1908.81,381.762,2025-01
517,528,322,9,2025-01-30 01:22:10.032195,1515.2400000000002,303.04800000000006,2025-01
518,142,130,5,2025-05-31 13:18:09.912597,1830.05,366.01,2025-05
519,888,18,5,2024-12-06 21:45:25.854542,2038.8999999999999,407.78,2024-12
520,428,292,1,2024-12-12 19:04:02.637277,311.83,62.366,2024-12
521,418,248,5,2025-07-29 05:14:58.840980,1343.55,268.71,2025-07
522,705,467,5,2025-08-05 10:35:10.247937,1275.6,255.12,2025-08
523,758,264,3,2025-01-11 18:48:12.445036,1493.52,298.704,2025-01
524,183,324,1,2025-03-10 20:52:36.600995,357.41,71.48200000000001,2025-03
525,204,171,5,2025-07-07 03:45:21.953282,1442.6,288.52,2025-07
526,124,427,7,2025-10-31 08:16:56.699489,3143.49,628.698,2025-10
527,383,483,9,2025-08-25 08:35:59.611707,111.33,22.266000000000002,2025-08
528,545,35,5,2024-11-12 08:43:12.310248,1375.65,275.13000000000005,2024-11
529,291,202,8,2025-09-24 08:53:33.286097,3211.6,642.32,2025-09
530,478,364,1,2025-03-14 11:03:38.579016,51.39,10.278,2025-03
531,516,444,3,2024-11-15 20:02:33.206502,1211.97,242.394,2024-11
532,826,383,7,2025-01-07 11:27:48.549125,1709.33,341.866,2025-01
533,107,151,2,2025-04-12 17:27:34.141442,184.76,36.952,2025-04
534,863,492,5,2025-09-16 08:47:55.440877,613.4000000000001,122.68000000000002,2025-09
535,208,273,4,2024-12-04 02:00:14.649671,1622.72,324.54400000000004,2024-12
536,832,13,9,2024-11-09 07:05:19.102175,3195.18,639.0360000000001,2024-11
537,228,85,4,2025-01-18 10:44:57.981865,404.76,80.952,2025-01
538,847,219,4,2025-02-26 02:39:45.730532,126.16,25.232,2025-02
539,897,234,8,2025-01-24 09:25:06.617813,2953.12,590.624,2025-01
540,459,332,4,2025-08-24 05:15:16.164294,1747.52,349.504,2025-08
541,229,212,6,2025-10-29 04:39:21.031830,2322.0,464.40000000000003,2025-10
542,48,246,1,2025-02-18 05:27:19.895949,69.59,13.918000000000001,2025-02
543,160,341,8,2025-09-19 20:17:46.503745,2662.16,532.432,2025-09
544,758,8,9,2025-05-01 07:47:53.874629,2054.34,410.86800000000005,2025-05
545,14,93,7,2025-03-16 07:59:47.249387,313.59999999999997,62.72,2025-03
546,107,13,1,2025-02-21 05:57:33.087447,355.02,71.004,2025-02
547,68,278,1,2025-11-03 00:40:07.711216,289.17,57.834,2025-11
548,79,447,4,2025-09-11 01:45:18.117212,498.84,99.768,2025-09
549,856,120,8,2024-11-12 19:52:30.850396,3153.04,630.6080000000001,2024-11
550,476,29,6,2025-01-25 05:32:52.957075,991.14,198.228,2025-01
551,416,259,3,2024-12-04 03:24:45.481483,1101.93,220.38600000000002,2024-12
552,571,158,5,2024-12-11 05:58:47.753770,665.6999999999999,133.14,2024-12
553,389,327,2,2025-08-11 21:52:40.213625,966.6,193.32000000000002,2025-08
554,670,152,9,2024-12-28 02:06:29.346356,2909.79,581.958,2024-12
555,310,252,3,2025-03-21 20:12:09.988415,269.21999999999997,53.843999999999994,2025-03
556,495,198,5,2025-03-21 06:04:54.711377,1662.3500000000001,332.47,2025-03
557,163,370,4,2024-12-09 19:13:43.052117,1481.44,296.288,2024-12
558,785,204,4,2025-01-15 00:28:38.986820,281.56,56.312000000000005,2025-01
559,773,355,2,2025-09-07 08:42:26.566341,519.72,103.94400000000002,2025-09
560,176,344,7,2025-01-19 16:07:39.474930,2688.0699999999997,537.6139999999999,2025-01
561,678,10,8,2024-11-16 14:21:48.090668,2767.6,553.52,2024-11
562,499,240,2,2025-02-15 10:28:07.617365,934.38,186.876,2025-02
563,218,493,8,2025-01-07 16:19:18.221448,2887.04,577.408,2025-01
564,94,218,2,2025-01-18 05:07:10.291608,834.22,166.84400000000002,2025-01
565,168,403,9,2025-08-07 20:04:49.040440,3222.09,644.4180000000001,2025-08
566,311,144,7,2025-01-01 00:19:42.963101,2039.94,407.98800000000006,2025-01
567,10,237,8,2025-03-19 21:22:34.639598,602.96,120.59200000000001,2025-03
568,728,29,9,2025-03-05 16:19:32.974004,1486.71,297.34200000000004,2025-03
569,865,200,1,2025-07-04 03:26:12.799815,293.24,58.648,2025-07
570,624,159,5,2024-12-18 06:03:38.666383,2316.6,463.32,2024-12
571,790,290,3,2025-10-29 00:42:52.620633,529.02,105.804,2025-10
572,174,282,1,2025-03-15 20:38:43.107595,60.19,12.038,2025-03
573,695,392,9,2025-02-14 08:51:40.871648,743.76,148.752,2025-02
574,124,191,6,2025-08-23 11:38:54.049408,2952.0,590.4,2025-08
575,849,285,5,2025-01-08 07:57:40.179845,2314.6,462.92,2025-01
576,386,195,3,2025-07-15 09:23:56.874763,526.53,105.306,2025-07
577,224,139,3,2025-01-04 01:24:16.421367,286.83,57.366,2025-01
578,25,272,9,2025-08-18 23:27:29.737945,2906.28,581.2560000000001,2025-08
579,286,129,1,2025-01-23 20:15:25.947532,465.03,93.006,2025-01
580,114,159,3,2025-10-10 16:43:01.459188,1389.96,277.992,2025-10
581,291,81,5,2025-04-15 23:08:14.003445,284.9,56.98,2025-04
582,68,342,7,2025-01-27 14:41:34.323658,2903.39,580.678,2025-01
583,972,216,8,2025-07-22 08:38:16.026442,611.76,122.352,2025-07
584,420,30,3,2025-03-19 23:07:53.782401,1241.52,248.304,2025-03
585,60,193,5,2025-02-26 10:49:51.593695,980.6,196.12,2025-02
586,356,76,2,2025-02-24 10:35:02.324148,947.12,189.424,2025-02
587,343,232,3,2024-12-31 00:25:24.443609,269.79,53.958000000000006,2024-12
588,375,361,5,2025-04-12 04:49:29.995522,2134.5,426.90000000000003,2025-04
589,143,176,7,2025-04-21 11:02:39.801640,2429.0699999999997,485.81399999999996,2025-04
590,149,348,5,2025-01-04 18:58:01.983507,760.1,152.02,2025-01
591,599,57,7,2025-09-08 06:46:19.831910,3407.8799999999997,681.576,2025-09
592,632,254,6,2025-07-11 12:46:38.683056,1952.34,390.468,2025-07
593,728,407,7,2025-08-05 13:29:49.868574,1150.52,230.104,2025-08
594,853,212,5,2025-05-23 02:42:27.529851,1935.0,387.0,2025-05
595,444,447,9,2025-05-11 16:42:14.583012,1122.3899999999999,224.47799999999998,2025-05
596,240,299,9,2025-02-09 20:20:08.993088,1657.89,331.57800000000003,2025-02
597,612,352,4,2025-04-01 11:43:30.357448,1327.6,265.52,2025-04
598,408,294,8,2025-03-16 13:40:17.180897,449.04,89.808,2025-03
599,561,369,3,2025-04-21 20:47:48.233272,197.96999999999997,39.593999999999994,2025-04
600,746,76,8,2025-07-07 04:54:04.347084,3788.48,757.696,2025-07
601,846,355,9,2025-10-25 12:46:32.569352,2338.7400000000002,467.74800000000005,2025-10
602,60,122,6,2025-01-23 14:17:39.661522,673.8,134.76,2025-01
603,624,374,9,2025-08-20 08:39:58.469048,3042.9900000000002,608.5980000000001,2025-08
604,27,396,4,2025-07-29 04:21:26.964448,759.64,151.928,2025-07
605,448,441,6,2024-11-10 02:23:20.228110,1063.68,212.73600000000002,2024-11
606,968,309,7,2025-06-24 10:00:23.003475,3013.92,602.784,2025-06
607,84,392,3,2025-08-16 00:35:37.190092,247.92000000000002,49.584,2025-08
608,480,320,7,2025-04-27 02:43:53.091532,1842.1200000000001,368.42400000000004,2025-04
609,52,333,5,2025-01-27 01:08:30.738911,1908.0,381.6,2025-01
610,927,125,5,2025-08-19 11:32:53.173950,525.3499999999999,105.07,2025-08
611,578,361,5,2024-12-23 05:20:51.757250,2134.5,426.90000000000003,2024-12
612,358,167,3,2025-03-12 20:54:21.155163,180.93,36.186,2025-03
613,480,233,7,2025-01-22 01:25:31.999655,997.3599999999999,199.47199999999998,2025-01
614,985,405,7,2025-10-22 18:54:33.511062,2471.6299999999997,494.32599999999996,2025-10
615,64,461,2,2025-02-11 06:26:50.372438,474.58,94.916,2025-02
616,616,193,5,2025-01-24 11:44:32.606694,980.6,196.12,2025-01
617,736,32,6,2025-07-19 21:01:27.259020,2585.3999999999996,517.0799999999999,2025-07
618,131,194,7,2025-10-10 13:52:49.516979,1403.99,280.798,2025-10
619,559,326,2,2025-04-10 00:23:04.108420,975.54,195.108,2025-04
620,848,165,2,2025-10-22 21:00:41.159058,45.36,9.072000000000001,2025-10
621,230,151,8,2025-06-08 01:12:14.064380,739.04,147.808,2025-06
622,898,437,3,2025-06-15 02:57:50.662494,912.21,182.442,2025-06
623,116,429,6,2025-08-05 02:13:57.781237,2679.8999999999996,535.9799999999999,2025-08
624,307,196,4,2025-06-25 20:08:55.633754,1807.4,361.48,2025-06
625,677,313,9,2025-10-31 17:48:58.060689,568.98,113.796,2025-10
626,219,315,4,2025-05-14 23:03:09.134491,757.48,151.496,2025-05
627,705,391,3,2025-08-22 22:20:00.244096,367.92,73.584,2025-08
628,262,351,4,2025-10-12 06:05:00.438448,249.96,49.992000000000004,2025-10
629,825,309,8,2025-08-05 20:39:18.183543,3444.48,688.8960000000001,2025-08
630,470,134,9,2025-05-26 07:21:50.908350,1503.9900000000002,300.79800000000006,2025-05
631,388,57,2,2024-11-08 08:23:19.644856,973.68,194.736,2024-11
632,989,298,4,2025-07-14 02:31:27.741546,1726.52,345.30400000000003,2025-07
633,419,95,8,2025-03-11 10:24:13.652667,1499.44,299.88800000000003,2025-03
634,654,476,9,2025-01-30 13:45:30.805221,150.66,30.132,2025-01
635,395,326,4,2025-02-27 12:26:05.933249,1951.08,390.216,2025-02
636,501,488,4,2025-07-05 17:49:46.862329,1281.6,256.32,2025-07
637,231,147,4,2024-11-19 11:00:06.223933,1441.36,288.272,2024-11
638,610,90,4,2025-07-23 05:00:11.753175,1311.88,262.37600000000003,2025-07
639,272,344,3,2025-03-25 10:33:51.522614,1152.03,230.406,2025-03
640,899,458,2,2025-01-31 07:27:56.982772,69.44,13.888,2025-01
641,977,265,9,2025-04-18 12:04:10.911163,4417.38,883.4760000000001,2025-04
642,230,382,9,2025-05-07 14:22:27.349616,1305.0,261.0,2025-05
643,470,423,6,2025-08-26 22:37:19.854774,2867.94,573.5880000000001,2025-08
644,22,273,4,2025-03-08 09:55:30.726196,1622.72,324.54400000000004,2025-03
645,444,259,8,2024-11-12 07:18:23.969157,2938.48,587.696,2024-11
646,992,31,8,2025-02-14 03:00:54.040690,1540.8,308.16,2025-02
647,734,324,3,2025-10-23 07:42:03.477646,1072.23,214.44600000000003,2025-10
648,746,148,6,2025-08-24 18:06:07.542451,1978.56,395.712,2025-08
649,817,176,6,2025-04-02 06:24:47.668333,2082.06,416.41200000000003,2025-04
650,860,135,8,2025-01-24 11:21:51.257126,340.08,68.016,2025-01
651,788,101,7,2025-05-08 15:04:53.400786,1779.82,355.964,2025-05
652,231,321,7,2025-01-18 19:19:29.388951,1281.77,256.354,2025-01
653,927,372,1,2025-10-29 05:20:02.874728,39.25,7.8500000000000005,2025-10
654,51,489,2,2025-07-23 17:55:22.861105,267.5,53.5,2025-07
655,158,363,1,2025-01-08 17:40:22.305395,105.4,21.080000000000002,2025-01
656,284,58,8,2024-11-11 13:42:01.115871,1347.28,269.456,2024-11
657,661,427,9,2025-05-09 04:19:17.742704,4041.63,808.326,2025-05
658,32,328,2,2025-09-25 03:05:40.471104,351.48,70.296,2025-09
659,6,355,2,2025-10-06 14:12:03.375457,519.72,103.94400000000002,2025-10
660,284,335,6,2025-05-18 23:09:40.198516,2279.3999999999996,455.87999999999994,2025-05
661,900,469,3,2025-09-11 04:43:35.200075,78.92999999999999,15.786,2025-09
662,131,209,2,2025-07-06 13:24:57.713030,598.72,119.74400000000001,2025-07
663,664,315,8,2024-12-29 03:50:11.226367,1514.96,302.992,2024-12
664,628,375,2,2024-12-13 13:43:55.985346,119.04,23.808000000000003,2024-12
665,376,89,4,2025-10-24 09:19:05.024170,1512.84,302.568,2025-10
666,749,204,8,2025-03-21 01:48:41.527219,563.12,112.62400000000001,2025-03
667,832,435,5,2025-07-05 17:40:02.971212,2359.9,471.98,2025-07
668,666,19,1,2024-11-10 01:14:19.804280,266.26,53.252,2024-11
669,276,382,2,2025-05-13 20:45:46.498106,290.0,58.0,2025-05
670,363,218,9,2025-04-24 23:16:38.891394,3753.9900000000002,750.7980000000001,2025-04
671,792,400,8,2025-10-20 16:17:48.711494,643.2,128.64000000000001,2025-10
672,682,82,1,2025-03-31 17:17:43.074541,478.57,95.714,2025-03
673,162,400,9,2025-07-20 19:06:46.365504,723.6,144.72,2025-07
674,333,337,6,2025-05-13 06:41:43.207599,2580.42,516.0840000000001,2025-05
675,567,369,3,2025-02-25 23:53:39.982133,197.96999999999997,39.593999999999994,2025-02
676,946,17,1,2025-09-11 06:05:58.018520,175.38,35.076,2025-09
677,55,96,7,2025-07-20 05:18:40.422186,2362.29,472.458,2025-07
678,953,73,9,2025-09-30 21:17:18.424654,2243.0699999999997,448.614,2025-09
679,750,25,3,2025-10-16 11:17:44.198451,1309.32,261.864,2025-10
680,305,319,7,2025-09-21 01:35:51.424011,1445.64,289.12800000000004,2025-09
681,870,477,6,2025-07-03 14:52:52.665527,2894.7599999999998,578.952,2025-07
682,918,180,1,2024-12-12 08:20:24.585453,378.13,75.626,2024-12
683,845,275,8,2024-12-12 09:57:17.889824,1696.72,339.34400000000005,2024-12
684,560,426,4,2025-09-30 06:17:33.771601,990.88,198.17600000000002,2025-09
685,866,295,3,2025-04-07 14:50:03.365740,426.54,85.308,2025-04
686,763,103,3,2025-10-13 01:33:24.624785,250.64999999999998,50.129999999999995,2025-10
687,420,384,6,2024-12-07 18:25:22.958960,2701.38,540.2760000000001,2024-12
688,713,376,1,2025-01-02 11:44:12.279630,57.35,11.47,2025-01
689,800,140,3,2025-07-11 00:15:11.010676,239.21999999999997,47.843999999999994,2025-07
690,133,469,7,2025-06-26 18:03:13.247948,184.17,36.833999999999996,2025-06
691,51,188,4,2025-06-26 17:56:47.671766,1453.24,290.648,2025-06
692,570,407,9,2025-05-08 19:59:23.400087,1479.2400000000002,295.84800000000007,2025-05
693,528,407,1,2025-07-11 11:56:37.009570,164.36,32.87200000000001,2025-07
694,586,349,8,2025-07-16 09:23:39.255376,1572.88,314.576,2025-07
695,115,291,5,2025-07-08 13:20:14.318178,1417.4,283.48,2025-07
696,125,274,2,2025-10-08 03:13:47.956530,464.62,92.924,2025-10
697,880,182,5,2025-09-28 05:39:19.204112,2010.25,402.05,2025-09
698,887,142,9,2025-09-10 11:05:10.777216,3603.6,720.72,2025-09
699,246,461,7,2025-01-12 03:30:45.240409,1661.03,332.206,2025-01
700,334,348,7,2025-07-16 08:41:48.284583,1064.14,212.82800000000003,2025-07
701,328,349,4,2025-03-23 01:59:02.899515,786.44,157.288,2025-03
702,411,158,9,2025-11-02 11:46:55.034029,1198.2599999999998,239.65199999999996,2025-11
703,512,394,7,2025-01-06 08:02:02.593950,588.35,117.67000000000002,2025-01
704,177,100,7,2024-11-20 10:56:11.565974,149.17,29.834,2024-11
705,343,350,4,2025-05-09 17:42:28.948384,1635.56,327.112,2025-05
706,765,258,8,2024-12-16 19:40:06.175918,2972.96,594.592,2024-12
707,156,56,5,2025-08-16 08:19:20.174313,215.85000000000002,43.17000000000001,2025-08
708,484,4,7,2025-03-02 15:39:50.805861,790.7199999999999,158.144,2025-03
709,800,426,8,2025-07-17 07:25:35.619182,1981.76,396.35200000000003,2025-07
710,71,252,5,2024-11-10 16:40:02.483816,448.7,89.74000000000001,2024-11
711,143,359,9,2024-12-23 12:30:38.973179,2312.5499999999997,462.51,2024-12
712,225,103,4,2024-11-29 08:46:09.175436,334.2,66.84,2024-11
713,854,278,6,2025-08-10 07:31:15.872195,1735.02,347.004,2025-08
714,995,342,7,2025-02-13 13:41:29.286177,2903.39,580.678,2025-02
715,223,33,1,2025-04-12 13:52:36.457047,302.47,60.49400000000001,2025-04
716,721,262,7,2025-07-10 14:31:07.996608,1256.8500000000001,251.37000000000003,2025-07
717,153,369,5,2025-01-25 10:41:04.887556,329.95,65.99,2025-01
718,679,362,4,2025-02-26 20:46:06.204410,1110.92,222.18400000000003,2025-02
719,373,76,2,2025-03-09 08:52:42.073270,947.12,189.424,2025-03
720,875,284,2,2025-05-03 08:32:53.027063,152.12,30.424000000000003,2025-05
721,719,173,4,2025-02-23 15:55:23.026624,1703.96,340.79200000000003,2025-02
722,663,415,9,2025-09-05 22:08:08.392897,4033.71,806.7420000000001,2025-09
723,915,302,8,2025-01-24 05:47:51.478850,1955.04,391.00800000000004,2025-01
724,546,75,9,2024-11-22 05:49:35.393320,2849.04,569.808,2024-11
725,166,213,9,2025-05-07 00:23:20.628969,1161.45,232.29000000000002,2025-05
726,10,280,2,2025-10-06 14:58:45.369929,356.98,71.396,2025-10
727,37,319,5,2024-11-11 08:05:27.136062,1032.6000000000001,206.52000000000004,2024-11
728,410,83,7,2025-01-02 18:06:44.283367,456.12,91.224,2025-01
729,695,288,7,2025-01-18 01:50:44.485397,2405.5499999999997,481.10999999999996,2025-01
730,536,247,4,2025-06-30 19:40:24.715403,395.24,79.048,2025-06
731,520,368,2,2025-01-05 05:41:07.040683,871.16,174.232,2025-01
732,250,198,6,2024-11-10 23:58:24.089530,1994.8200000000002,398.96400000000006,2024-11
733,492,305,4,2025-03-07 19:21:58.397580,1498.68,299.73600000000005,2025-03
734,666,328,2,2025-06-17 20:02:36.761060,351.48,70.296,2025-06
735,648,248,2,2025-01-12 11:03:14.932077,537.42,107.484,2025-01
736,199,433,5,2025-05-25 13:04:24.135555,1302.5,260.5,2025-05
737,426,500,4,2025-04-29 08:04:08.198292,1656.96,331.39200000000005,2025-04
738,78,306,1,2025-03-21 02:12:53.303315,248.28,49.656000000000006,2025-03
739,28,47,2,2025-05-18 07:38:22.358875,130.76,26.152,2025-05
740,682,347,8,2025-09-11 08:02:36.564530,1303.6,260.71999999999997,2025-09
741,978,47,7,2025-08-19 03:45:10.152724,457.65999999999997,91.532,2025-08
742,512,199,5,2025-03-03 12:57:46.433354,269.95,53.99,2025-03
743,361,478,5,2025-03-16 22:50:45.727271,2209.05,441.81000000000006,2025-03
744,411,322,7,2024-11-23 23:32:36.887969,1178.52,235.704,2024-11
745,316,299,1,2025-06-02 20:22:04.202621,184.21,36.842000000000006,2025-06
746,889,414,2,2025-06-24 05:59:58.564869,968.68,193.736,2025-06
747,977,297,1,2024-12-28 20:02:42.948069,467.93,93.58600000000001,2024-12
748,406,285,3,2025-04-26 00:51:54.859978,1388.76,277.752,2025-04
749,738,190,4,2024-12-22 04:57:08.824142,71.84,14.368000000000002,2024-12
750,288,395,1,2025-01-04 21:23:42.868797,397.91,79.58200000000001,2025-01
751,739,327,9,2025-02-12 05:26:56.485998,4349.7,869.94,2025-02
752,564,186,9,2025-09-28 18:12:27.649565,1081.44,216.288,2025-09
753,819,290,8,2025-06-05 02:30:22.861689,1410.72,282.144,2025-06
754,730,346,2,2025-02-19 13:59:00.813808,684.94,136.98800000000003,2025-02
755,298,308,3,2025-11-06 18:31:51.014047,1160.46,232.092,2025-11
756,703,332,3,2025-04-23 08:03:12.889993,1310.6399999999999,262.128,2025-04
757,639,291,5,2025-10-12 01:03:24.682802,1417.4,283.48,2025-10
758,387,106,7,2025-01-31 14:18:05.221202,1563.3100000000002,312.66200000000003,2025-01
759,869,329,4,2025-06-30 20:32:21.726704,775.92,155.184,2025-06
760,202,394,3,2024-11-08 14:16:44.071965,252.14999999999998,50.43,2024-11
761,906,279,4,2025-02-03 16:04:14.313240,255.2,51.04,2025-02
762,208,235,5,2025-06-18 05:04:54.822313,738.9,147.78,2025-06
763,349,2,7,2025-07-08 21:28:06.383990,2385.6,477.12,2025-07
764,458,359,8,2025-09-06 16:21:55.157189,2055.6,411.12,2025-09
765,776,60,6,2025-06-07 03:16:27.961961,841.3199999999999,168.264,2025-06
766,818,464,7,2025-06-21 09:54:02.501760,1068.0600000000002,213.61200000000005,2025-06
767,176,486,1,2025-07-11 04:12:28.779207,228.73,45.746,2025-07
768,521,57,7,2025-02-28 16:27:28.409319,3407.8799999999997,681.576,2025-02
769,470,253,1,2025-05-07 05:01:10.132902,359.3,71.86,2025-05
770,746,443,2,2024-12-26 05:28:20.839574,185.94,37.188,2024-12
771,884,398,8,2025-08-09 15:30:38.269007,2146.8,429.36000000000007,2025-08
772,939,128,6,2024-12-17 03:04:11.750713,366.18,73.236,2024-12
773,918,265,1,2025-08-14 04:44:00.838233,490.82,98.164,2025-08
774,868,49,2,2025-03-20 08:19:03.630469,94.68,18.936000000000003,2025-03
775,857,109,6,2025-10-29 21:42:12.400584,521.16,104.232,2025-10
776,156,337,8,2025-07-17 13:14:32.359902,3440.56,688.1120000000001,2025-07
777,893,403,6,2025-02-15 14:10:19.292872,2148.06,429.612,2025-02
778,265,467,2,2025-09-20 04:25:24.518421,510.24,102.048,2025-09
779,984,265,7,2025-07-30 10:55:33.259903,3435.74,687.148,2025-07
780,98,371,9,2025-06-23 22:22:00.064108,978.1200000000001,195.62400000000002,2025-06
781,444,320,3,2025-04-04 18:08:43.841001,789.48,157.89600000000002,2025-04
782,979,316,8,2025-03-21 08:01:28.590460,2820.4,564.08,2025-03
783,734,342,4,2025-03-19 08:24:20.203228,1659.08,331.81600000000003,2025-03
784,723,34,2,2025-04-03 00:45:12.235933,313.04,62.608000000000004,2025-04
785,961,381,5,2025-06-09 05:27:05.650970,866.2,173.24,2025-06
786,541,448,1,2025-06-13 13:33:14.611548,354.84,70.968,2025-06
787,244,6,2,2025-07-01 08:22:20.184431,201.76,40.352000000000004,2025-07
788,158,449,3,2025-02-14 20:40:13.147074,412.23,82.44600000000001,2025-02
789,557,110,3,2024-12-31 07:21:55.237914,1076.58,215.316,2024-12
790,694,4,7,2025-02-27 12:20:53.733659,790.7199999999999,158.144,2025-02
791,173,166,7,2024-12-27 15:11:20.155978,508.55000000000007,101.71000000000002,2024-12
792,348,338,3,2025-11-06 03:01:10.365804,849.06,169.812,2025-11
793,599,146,4,2025-06-15 16:25:31.683727,983.88,196.776,2025-06
794,50,218,2,2025-06-13 19:22:29.727154,834.22,166.84400000000002,2025-06
795,970,488,9,2025-09-20 17:13:00.534396,2883.6,576.72,2025-09
796,27,284,7,2025-02-01 08:37:13.134558,532.4200000000001,106.48400000000002,2025-02
797,165,477,2,2025-11-04 17:06:00.794856,964.92,192.984,2025-11
798,838,467,2,2024-12-19 01:25:22.082453,510.24,102.048,2024-12
799,365,392,1,2025-07-26 16:20:17.109069,82.64,16.528000000000002,2025-07
800,497,142,2,2025-06-22 18:57:47.803516,800.8,160.16,2025-06
801,265,386,8,2025-03-12 13:53:20.852074,3925.6,785.12,2025-03
802,453,425,2,2025-02-25 16:22:23.919659,964.96,192.99200000000002,2025-02
803,920,280,4,2024-11-20 01:27:51.026489,713.96,142.792,2024-11
804,996,401,1,2025-02-13 21:10:02.255157,408.33,81.666,2025-02
805,293,24,9,2025-07-15 13:54:49.422458,3703.14,740.628,2025-07
806,636,456,7,2025-08-26 15:56:01.354405,280.28,56.056,2025-08
807,487,288,3,2025-06-17 23:07:40.854611,1030.9499999999998,206.18999999999997,2025-06
808,761,375,3,2025-10-14 14:09:01.802927,178.56,35.712,2025-10
809,44,413,1,2024-12-28 08:42:18.925026,236.8,47.36000000000001,2024-12
810,530,259,5,2025-01-18 07:06:06.177043,1836.55,367.31,2025-01
811,495,15,6,2025-05-23 14:37:53.304889,2196.0,439.20000000000005,2025-05
812,49,468,4,2025-08-29 03:33:48.468294,1923.88,384.77600000000007,2025-08
813,511,49,5,2024-11-08 13:01:50.252140,236.70000000000002,47.34,2024-11
814,542,103,8,2025-02-18 07:07:14.758116,668.4,133.68,2025-02
815,873,456,1,2025-01-18 02:44:29.093771,40.04,8.008000000000001,2025-01
816,459,354,8,2024-12-24 15:20:13.448640,1800.16,360.03200000000004,2024-12
817,673,196,9,2025-05-01 21:15:55.206572,4066.65,813.33,2025-05
818,769,144,1,2025-03-14 22:12:48.410907,291.42,58.284000000000006,2025-03
819,545,10,3,2025-01-03 16:50:13.194153,1037.85,207.57,2025-01
820,781,87,7,2025-06-08 03:29:49.005437,3087.91,617.582,2025-06
821,754,453,3,2025-11-03 07:15:38.322641,1312.0500000000002,262.41,2025-11
822,441,433,4,2024-11-19 20:07:25.796174,1042.0,208.4,2024-11
823,590,257,8,2025-02-15 08:44:35.442922,1230.8,246.16,2025-02
824,343,392,9,2024-11-23 02:15:19.223933,743.76,148.752,2024-11
825,277,28,1,2025-08-09 13:07:39.661061,90.86,18.172,2025-08
826,559,472,6,2025-10-08 13:09:18.754001,419.34000000000003,83.86800000000001,2025-10
827,219,307,9,2025-10-04 06:32:59.663290,959.58,191.91600000000003,2025-10
828,980,332,5,2025-08-30 08:59:00.666694,2184.4,436.88000000000005,2025-08
829,796,488,1,2025-09-26 21:09:10.448176,320.4,64.08,2025-09
830,609,284,1,2024-12-21 22:10:38.370656,76.06,15.212000000000002,2024-12
831,67,175,7,2025-03-08 08:48:29.663824,913.5699999999999,182.714,2025-03
832,565,12,9,2025-09-27 17:33:20.854669,1711.2599999999998,342.25199999999995,2025-09
833,944,278,4,2025-01-12 01:33:41.439736,1156.68,231.336,2025-01
834,255,150,9,2025-02-15 14:31:35.481638,3595.32,719.0640000000001,2025-02
835,848,392,9,2025-01-24 15:38:47.358710,743.76,148.752,2025-01
836,622,118,9,2025-06-13 19:54:07.584509,1136.43,227.28600000000003,2025-06
837,607,259,6,2025-03-24 22:24:53.163637,2203.86,440.77200000000005,2025-03
838,466,97,7,2025-03-18 01:54:20.824983,567.98,113.596,2025-03
839,209,264,9,2025-03-16 18:02:34.198226,4480.5599999999995,896.112,2025-03
840,572,254,3,2024-12-13 22:00:19.206820,976.17,195.234,2024-12
841,748,377,6,2025-07-13 17:52:09.747822,1807.8600000000001,361.57200000000006,2025-07
842,369,494,1,2025-06-06 12:14:56.877450,128.42,25.683999999999997,2025-06
843,528,193,7,2025-10-11 20:39:21.535965,1372.8400000000001,274.56800000000004,2025-10
844,612,219,3,2025-01-30 11:28:07.996840,94.62,18.924000000000003,2025-01
845,39,323,1,2025-06-25 05:27:56.752773,379.19,75.83800000000001,2025-06
846,754,418,6,2025-02-08 18:47:48.848909,2255.88,451.17600000000004,2025-02
847,137,251,3,2025-04-03 16:06:59.584661,776.61,155.322,2025-04
848,335,229,3,2025-10-18 15:09:17.438853,1402.77,280.55400000000003,2025-10
849,149,127,3,2025-01-18 09:38:08.339046,1380.3899999999999,276.078,2025-01
850,497,306,2,2025-02-25 18:26:06.815994,496.56,99.31200000000001,2025-02
851,673,152,3,2025-05-28 03:53:40.965361,969.9300000000001,193.98600000000002,2025-05
852,413,224,9,2025-06-27 07:23:50.002149,1809.81,361.962,2025-06
853,343,130,6,2025-02-20 23:50:32.778926,2196.06,439.212,2025-02
854,438,433,2,2025-01-24 07:57:43.375181,521.0,104.2,2025-01
855,76,344,5,2025-02-26 09:51:40.800936,1920.05,384.01,2025-02
856,325,383,9,2025-01-30 22:33:09.696507,2197.71,439.54200000000003,2025-01
857,821,142,1,2024-12-19 16:51:54.428785,400.4,80.08,2024-12
858,302,423,8,2025-04-24 05:44:37.194255,3823.92,764.7840000000001,2025-04
859,757,208,7,2025-04-08 22:06:24.859544,1986.0400000000002,397.2080000000001,2025-04
860,214,438,3,2025-03-31 06:35:17.680013,238.5,47.7,2025-03
861,48,37,5,2025-03-23 10:48:05.709370,1870.3999999999999,374.08,2025-03
862,779,476,7,2024-12-15 07:31:42.280740,117.17999999999999,23.436,2024-12
863,931,150,7,2025-05-31 12:44:25.869416,2796.36,559.272,2025-05
864,151,500,7,2025-07-12 22:24:24.657549,2899.6800000000003,579.936,2025-07
865,743,230,3,2025-05-13 03:22:17.212731,500.15999999999997,100.032,2025-05
866,726,297,3,2025-06-22 04:55:56.791240,1403.79,280.758,2025-06
867,279,289,2,2025-01-19 01:38:39.756642,690.36,138.072,2025-01
868,649,360,8,2024-11-25 09:30:53.869531,1437.92,287.584,2024-11
869,480,304,7,2025-04-30 21:38:00.378398,1650.53,330.106,2025-04
870,193,364,1,2025-07-09 20:09:32.259867,51.39,10.278,2025-07
871,205,335,7,2025-07-05 19:44:23.292973,2659.2999999999997,531.86,2025-07
872,937,301,8,2025-06-24 21:11:34.035573,3532.4,706.48,2025-06
873,779,219,6,2025-05-14 00:34:45.201946,189.24,37.848000000000006,2025-05
874,270,55,1,2025-01-07 12:32:30.694547,182.4,36.480000000000004,2025-01
875,468,415,1,2025-05-28 21:43:14.226069,448.19,89.638,2025-05
876,196,325,6,2025-09-09 18:12:38.397721,1665.96,333.192,2025-09
877,541,314,5,2025-02-07 09:48:50.054573,1052.3,210.46,2025-02
878,713,463,9,2025-04-10 02:39:13.330901,1277.1000000000001,255.42000000000004,2025-04
879,464,216,8,2024-12-09 03:39:42.128934,611.76,122.352,2024-12
880,365,430,2,2024-11-18 13:44:23.377929,275.32,55.064,2024-11
881,684,19,6,2025-08-08 21:20:12.745338,1597.56,319.512,2025-08
882,697,71,9,2025-02-27 10:58:23.477302,3675.33,735.066,2025-02
883,855,5,3,2025-06-22 07:59:55.755752,808.74,161.74800000000002,2025-06
884,340,216,3,2025-01-10 06:12:19.528467,229.41,45.882000000000005,2025-01
885,39,74,8,2025-01-09 15:54:57.215057,282.32,56.464,2025-01
886,264,332,7,2024-12-24 05:50:15.863424,3058.16,611.632,2024-12
887,601,162,7,2024-11-07 09:14:15.140123,1525.72,305.144,2024-11
888,515,352,5,2025-05-08 21:57:06.896000,1659.5,331.90000000000003,2025-05
889,89,264,9,2025-08-04 04:52:55.997360,4480.5599999999995,896.112,2025-08
890,749,306,9,2025-01-31 17:36:10.845760,2234.52,446.904,2025-01
891,30,343,6,2025-04-24 08:24:06.845261,1418.6399999999999,283.728,2025-04
892,389,234,1,2025-04-22 16:54:19.306354,369.14,73.828,2025-04
893,632,13,3,2025-02-11 04:12:15.293920,1065.06,213.012,2025-02
894,558,103,3,2025-07-22 16:00:28.738381,250.64999999999998,50.129999999999995,2025-07
895,809,329,2,2025-07-21 21:37:19.762355,387.96,77.592,2025-07
896,952,320,2,2025-10-21 01:37:29.485817,526.32,105.26400000000001,2025-10
897,780,397,8,2025-04-02 16:49:25.698802,3752.48,750.4960000000001,2025-04
898,764,386,4,2025-10-29 19:34:32.731027,1962.8,392.56,2025-10
899,921,108,6,2025-05-25 15:15:06.352937,590.0999999999999,118.01999999999998,2025-05
900,695,149,5,2025-07-21 15:13:15.087916,407.84999999999997,81.57,2025-07
901,47,98,4,2025-06-26 07:17:21.154860,1988.44,397.68800000000005,2025-06
902,356,199,7,2025-05-09 22:58:35.290958,377.93,75.586,2025-05
903,201,170,9,2025-09-07 17:02:05.356686,435.51,87.102,2025-09
904,482,4,8,2025-07-31 21:42:55.950746,903.68,180.736,2025-07
905,385,397,8,2024-12-23 21:01:54.226816,3752.48,750.4960000000001,2024-12
906,72,273,3,2025-01-05 00:31:35.624741,1217.04,243.40800000000002,2025-01
907,444,218,5,2025-08-19 18:12:51.466800,2085.55,417.11000000000007,2025-08
908,528,428,7,2025-08-08 04:06:09.535254,961.1700000000001,192.23400000000004,2025-08
909,190,299,9,2025-07-05 07:53:35.691440,1657.89,331.57800000000003,2025-07
910,749,295,6,2024-12-20 22:08:03.929230,853.08,170.616,2024-12
911,779,132,4,2025-09-10 10:41:04.522515,90.48,18.096,2025-09
912,780,18,8,2024-12-16 17:47:48.510899,3262.24,652.448,2024-12
913,179,248,1,2025-03-02 19:17:20.553646,268.71,53.742,2025-03
914,492,464,4,2025-02-12 02:23:57.149687,610.32,122.06400000000002,2025-02
915,38,483,2,2025-07-12 00:53:14.977296,24.74,4.948,2025-07
916,107,104,5,2025-09-23 18:11:21.427617,1358.8999999999999,271.78,2025-09
917,160,401,9,2025-05-23 18:21:46.439963,3674.97,734.994,2025-05
918,771,196,1,2025-01-13 13:09:14.611726,451.85,90.37,2025-01
919,578,382,7,2025-05-29 20:16:32.618577,1015.0,203.0,2025-05
920,569,34,9,2024-12-25 21:14:39.833200,1408.68,281.73600000000005,2024-12
921,998,38,7,2025-05-01 10:12:30.245008,688.66,137.732,2025-05
922,893,166,1,2025-06-28 07:21:42.880865,72.65,14.530000000000001,2025-06
923,488,169,5,2024-12-23 15:24:10.257620,2094.35,418.87,2024-12
924,512,112,5,2025-08-12 22:03:19.943021,984.75,196.95000000000002,2025-08
925,825,241,1,2025-05-16 19:46:40.199497,403.42,80.68400000000001,2025-05
926,250,458,7,2024-12-16 22:42:11.525543,243.04,48.608000000000004,2024-12
927,985,434,3,2025-02-07 08:13:36.578847,1073.34,214.668,2025-02
928,2,236,6,2024-11-30 19:46:21.171395,478.32,95.664,2024-11
929,806,346,7,2025-03-12 07:22:27.095383,2397.29,479.458,2025-03
930,816,462,8,2024-11-25 09:27:44.492465,294.16,58.83200000000001,2024-11
931,952,124,4,2024-11-18 23:03:01.268226,1881.68,376.336,2024-11
932,671,104,1,2025-06-10 21:13:04.396311,271.78,54.355999999999995,2025-06
933,358,440,2,2025-08-11 13:29:52.075414,318.9,63.78,2025-08
934,717,97,1,2025-06-25 15:52:40.247544,81.14,16.228,2025-06
935,923,379,2,2025-01-23 20:18:50.753105,729.3,145.85999999999999,2025-01
936,480,133,5,2025-09-02 22:05:32.519322,1035.3,207.06,2025-09
937,783,350,6,2024-11-11 15:51:00.891917,2453.34,490.66800000000006,2024-11
938,195,435,7,2024-11-27 02:11:43.996933,3303.86,660.772,2024-11
939,148,477,3,2025-06-04 07:08:31.332025,1447.3799999999999,289.476,2025-06
940,88,56,9,2025-01-27 21:04:49.360519,388.53000000000003,77.70600000000002,2025-01
941,929,366,2,2025-10-27 18:48:46.949869,153.94,30.788,2025-10
942,186,436,3,2025-04-18 13:34:28.065308,1320.69,264.13800000000003,2025-04
943,109,283,9,2025-08-10 13:54:55.777850,1678.5,335.70000000000005,2025-08
944,505,258,6,2025-08-18 13:49:20.977117,2229.7200000000003,445.9440000000001,2025-08
945,860,73,2,2025-06-24 04:19:19.056449,498.46,99.69200000000001,2025-06
946,521,293,4,2025-03-06 22:48:33.234324,1006.52,201.304,2025-03
947,900,337,3,2025-08-14 04:50:36.128620,1290.21,258.04200000000003,2025-08
948,938,95,2,2025-08-18 02:26:04.524423,374.86,74.97200000000001,2025-08
949,408,113,7,2025-09-02 02:47:04.025857,454.65000000000003,90.93,2025-09
950,77,43,5,2024-11-12 12:44:07.686600,61.95,12.39,2024-11
951,207,376,1,2025-01-23 14:26:45.414511,57.35,11.47,2025-01
952,744,29,7,2025-08-21 09:46:51.719542,1156.33,231.266,2025-08
953,214,81,3,2025-03-20 05:26:44.060870,170.94,34.188,2025-03
954,962,234,4,2025-02-02 15:25:27.027824,1476.56,295.312,2025-02
955,574,264,2,2025-03-06 14:48:13.968505,995.68,199.136,2025-03
956,929,495,3,2025-09-05 02:16:42.166796,37.71,7.542000000000001,2025-09
957,37,226,4,2025-04-24 08:06:04.482229,1387.08,277.416,2025-04
958,846,59,2,2025-08-02 13:06:12.408485,581.68,116.336,2025-08
959,264,482,8,2025-09-13 12:57:51.539512,1752.32,350.464,2025-09
960,363,107,2,2025-09-07 18:10:16.468761,464.34,92.868,2025-09
961,318,271,5,2025-03-26 23:15:52.205307,2087.2,417.44,2025-03
962,398,25,9,2025-09-29 13:49:43.644568,3927.96,785.5920000000001,2025-09
963,476,87,4,2025-07-04 09:09:05.714276,1764.52,352.904,2025-07
964,532,498,2,2025-10-05 19:00:13.842778,793.26,158.65200000000002,2025-10
965,345,140,9,2025-05-17 10:18:33.553440,717.66,143.532,2025-05
966,621,177,4,2025-04-08 09:45:23.320226,1802.12,360.424,2025-04
967,555,230,2,2025-10-23 14:46:03.823776,333.44,66.688,2025-10
968,696,263,7,2024-11-11 07:36:23.680986,1699.6000000000001,339.9200000000001,2024-11
969,326,105,9,2025-05-26 01:19:38.527292,2415.42,483.08400000000006,2025-05
970,214,403,2,2025-06-28 10:48:59.897827,716.02,143.204,2025-06
971,417,74,4,2025-06-01 22:49:43.861049,141.16,28.232,2025-06
972,850,47,6,2024-11-08 02:10:33.477732,392.28,78.456,2024-11
973,707,250,9,2025-06-10 19:38:51.460829,883.35,176.67000000000002,2025-06
974,735,310,6,2025-08-21 03:10:36.585406,2687.52,537.504,2025-08
975,70,132,1,2025-03-30 05:48:12.602904,22.62,4.524,2025-03
976,927,160,3,2025-10-17 08:27:30.657045,1334.34,266.868,2025-10
977,982,278,7,2025-10-24 17:22:10.620758,2024.19,404.838,2025-10
978,784,414,3,2025-02-10 20:12:01.877686,1453.02,290.604,2025-02
979,487,326,1,2024-11-21 06:32:02.553817,487.77,97.554,2024-11
980,707,62,8,2025-03-22 21:27:58.353868,3071.44,614.288,2025-03
981,99,189,7,2025-01-25 03:01:04.261203,1025.29,205.058,2025-01
982,662,343,1,2025-09-09 22:48:40.231448,236.44,47.288000000000004,2025-09
983,303,91,6,2025-03-29 13:09:28.749968,1501.8600000000001,300.372,2025-03
984,787,76,1,2025-09-19 07:39:09.570101,473.56,94.712,2025-09
985,161,439,1,2025-09-08 22:54:41.673707,108.59,21.718000000000004,2025-09
986,633,41,8,2024-12-21 04:27:54.403038,3970.24,794.048,2024-12
987,62,468,1,2024-12-07 21:11:45.025143,480.97,96.19400000000002,2024-12
988,755,423,3,2025-01-28 03:09:24.864111,1433.97,286.79400000000004,2025-01
989,392,218,1,2024-12-29 21:05:38.972221,417.11,83.42200000000001,2024-12
990,372,341,5,2025-08-27 14:22:01.100158,1663.85,332.77,2025-08
991,923,458,8,2025-08-12 20:56:52.964442,277.76,55.552,2025-08
992,515,25,5,2025-05-21 16:53:00.247668,2182.2,436.44,2025-05
993,7,6,5,2025-06-02 19:33:17.731860,504.4,100.88,2025-06
994,806,460,4,2025-03-17 01:09:19.933937,859.08,171.81600000000003,2025-03
995,24,386,4,2025-06-28 21:17:49.619560,1962.8,392.56,2025-06
996,256,83,3,2024-12-20 16:09:11.232666,195.48,39.096000000000004,2024-12
997,657,206,7,2025-03-05 03:31:02.358801,1885.94,377.18800000000005,2025-03
998,728,181,3,2025-02-02 03:15:50.790485,480.87,96.174,2025-02
999,519,284,9,2025-02-25 01:51:49.939339,684.54,136.908,2025-02
1000,402,425,5,2025-07-08 19:05:06.856250,2412.4,482.48,2025-07
1001,299,433,8,2025-04-18 02:54:44.171414,2084.0,416.8,2025-04
1002,524,234,4,2025-04-16 11:27:28.102837,1476.56,295.312,2025-04
1003,644,232,7,2024-12-18 11:11:58.541115,629.51,125.902,2024-12
1004,310,253,6,2025-07-21 20:29:00.771616,2155.8,431.1600000000001,2025-07
1005,122,403,2,2025-09-26 20:07:42.802794,716.02,143.204,2025-09
1006,117,332,3,2025-08-17 12:35:47.091988,1310.6399999999999,262.128,2025-08
1007,130,204,6,2025-08-13 15:41:58.293043,422.34000000000003,84.46800000000002,2025-08
1008,255,61,8,2025-04-06 01:30:33.726738,3893.12,778.624,2025-04
1009,344,123,6,2025-02-12 04:38:13.798377,2558.46,511.692,2025-02
1010,391,6,2,2025-03-01 04:24:30.597539,201.76,40.352000000000004,2025-03
1011,722,72,6,2025-06-19 02:26:47.762224,1849.98,369.99600000000004,2025-06
1012,143,79,2,2025-06-11 15:29:21.179624,570.38,114.07600000000001,2025-06
1013,561,401,3,2025-08-28 13:05:20.531836,1224.99,244.99800000000002,2025-08
1014,913,235,7,2025-03-25 23:42:08.076295,1034.46,206.89200000000002,2025-03
1015,308,226,5,2025-10-12 22:31:56.094327,1733.85,346.77,2025-10
1016,271,30,9,2024-11-21 10:18:43.693656,3724.56,744.912,2024-11
1017,494,472,3,2025-04-03 03:46:21.513180,209.67000000000002,41.934000000000005,2025-04
1018,388,229,1,2025-03-12 17:34:15.952782,467.59,93.518,2025-03
1019,839,176,1,2025-09-10 13:10:36.426743,347.01,69.402,2025-09
1020,393,412,1,2025-02-09 12:36:01.701365,498.03,99.606,2025-02
1021,105,429,8,2025-03-08 17:42:41.768921,3573.2,714.64,2025-03
1022,269,257,1,2024-11-13 06:22:31.047989,153.85,30.77,2024-11
1023,854,105,5,2025-09-08 03:16:31.952864,1341.9,268.38000000000005,2025-09
1024,135,428,5,2024-12-22 04:16:18.699433,686.55,137.31,2024-12
1025,49,383,1,2024-11-26 07:20:32.476902,244.19,48.838,2024-11
1026,1,169,1,2025-07-28 07:34:45.095679,418.87,83.774,2025-07
1027,118,63,5,2025-09-18 17:22:58.234031,1553.25,310.65000000000003,2025-09
1028,680,352,2,2024-11-28 09:04:08.539939,663.8,132.76,2024-11
1029,236,443,3,2025-05-18 16:01:48.447913,278.90999999999997,55.782,2025-05
1030,299,475,6,2025-07-23 12:46:57.037911,2611.62,522.324,2025-07
1031,748,143,1,2025-08-04 14:11:40.141299,362.58,72.516,2025-08
1032,903,165,3,2025-05-29 16:03:30.553254,68.03999999999999,13.607999999999999,2025-05
1033,145,10,5,2025-06-02 13:42:09.217864,1729.75,345.95000000000005,2025-06
1034,868,443,2,2025-10-17 02:47:26.015793,185.94,37.188,2025-10
1035,256,387,9,2025-02-08 15:34:09.505790,1013.49,202.698,2025-02
1036,839,64,6,2025-01-02 13:55:43.740964,2082.42,416.48400000000004,2025-01
1037,395,102,6,2025-11-01 21:57:53.291469,2182.38,436.47600000000006,2025-11
1038,215,485,2,2024-11-10 14:53:34.992695,822.76,164.55200000000002,2024-11
1039,883,3,3,2025-10-16 15:18:36.776904,805.56,161.112,2025-10
1040,189,383,2,2025-02-16 04:07:50.222717,488.38,97.676,2025-02
1041,11,481,2,2025-01-17 15:34:14.248136,95.66,19.132,2025-01
1042,636,491,9,2024-11-20 11:24:29.822145,1450.71,290.142,2024-11
1043,296,424,9,2025-05-28 07:21:33.015357,992.25,198.45000000000002,2025-05
1044,463,335,2,2025-07-15 14:53:53.230236,759.8,151.96,2025-07
1045,79,460,3,2025-10-28 20:37:35.154058,644.3100000000001,128.86200000000002,2025-10
1046,104,253,1,2025-09-08 05:14:56.499931,359.3,71.86,2025-09
1047,380,246,9,2024-12-18 15:08:29.177382,626.3100000000001,125.26200000000001,2024-12
1048,544,477,3,2024-11-14 22:04:46.472302,1447.3799999999999,289.476,2024-11
1049,543,211,9,2024-11-11 00:07:35.358382,1879.3799999999999,375.876,2024-11
1050,94,219,5,2025-08-15 13:44:09.189853,157.7,31.54,2025-08
1051,162,293,2,2025-09-23 23:33:28.717510,503.26,100.652,2025-09
1052,702,161,6,2024-12-30 23:45:01.124829,1506.3000000000002,301.26000000000005,2024-12
1053,606,349,5,2025-05-13 06:12:10.626899,983.0500000000001,196.61,2025-05
1054,28,66,3,2025-07-06 20:31:10.230778,495.87,99.174,2025-07
1055,188,369,2,2025-09-01 06:26:49.392051,131.98,26.396,2025-09
1056,621,130,1,2024-12-05 18:05:00.749906,366.01,73.202,2024-12
1057,109,211,9,2025-04-12 03:58:25.181427,1879.3799999999999,375.876,2025-04
1058,366,358,6,2025-03-22 04:49:12.538702,526.2,105.24000000000001,2025-03
1059,748,360,6,2025-07-31 10:54:14.911408,1078.44,215.68800000000002,2025-07
1060,527,164,5,2025-05-10 20:04:12.284148,2199.3,439.86000000000007,2025-05
1061,610,339,6,2025-01-19 06:13:25.666750,332.76,66.552,2025-01
1062,547,374,6,2025-04-20 04:57:55.567888,2028.66,405.732,2025-04
1063,557,213,1,2025-10-21 05:44:37.396935,129.05,25.810000000000002,2025-10
1064,722,264,6,2025-04-15 22:34:16.866236,2987.04,597.408,2025-04
1065,763,28,1,2025-07-17 20:53:48.597844,90.86,18.172,2025-07
1066,95,265,6,2025-04-27 08:31:17.681594,2944.92,588.984,2025-04
1067,256,316,5,2025-03-26 14:26:38.296147,1762.75,352.55,2025-03
1068,620,148,8,2025-09-14 03:02:22.133414,2638.08,527.616,2025-09
1069,28,142,8,2025-04-12 01:08:18.305022,3203.2,640.64,2025-04
1070,881,413,3,2025-03-13 10:25:46.213826,710.4000000000001,142.08,2025-03
1071,412,381,1,2024-11-27 04:33:21.441655,173.24,34.648,2024-11
1072,679,177,3,2025-09-05 01:56:56.182249,1351.59,270.318,2025-09
1073,838,499,9,2025-04-29 14:49:02.815670,2133.9900000000002,426.79800000000006,2025-04
1074,773,102,6,2025-02-13 11:50:03.357118,2182.38,436.47600000000006,2025-02
1075,354,231,5,2025-02-27 22:09:38.447290,847.35,169.47000000000003,2025-02
1076,946,325,6,2025-09-13 08:28:10.081596,1665.96,333.192,2025-09
1077,864,219,4,2025-05-29 12:09:44.717361,126.16,25.232,2025-05
1078,553,43,4,2025-04-06 19:40:52.959450,49.56,9.912,2025-04
1079,236,36,1,2025-05-21 13:20:06.655103,197.44,39.488,2025-05
1080,27,34,5,2024-12-23 18:45:13.301928,782.6,156.52,2024-12
1081,761,361,5,2025-11-03 21:21:06.258147,2134.5,426.90000000000003,2025-11
1082,545,185,2,2025-02-19 04:10:48.935122,865.48,173.096,2025-02
1083,211,215,5,2025-01-27 17:09:05.927348,1354.4,270.88000000000005,2025-01
1084,450,492,1,2025-03-27 05:06:59.093128,122.68,24.536,2025-03
1085,644,341,9,2025-07-21 14:04:41.829556,2994.93,598.986,2025-07
1086,670,295,7,2025-02-03 22:11:03.557013,995.26,199.05200000000002,2025-02
1087,188,190,6,2025-09-07 06:15:47.911163,107.76,21.552000000000003,2025-09
1088,178,71,3,2025-03-03 18:18:47.359002,1225.1100000000001,245.02200000000005,2025-03
1089,324,210,6,2025-03-09 03:26:06.795581,923.64,184.728,2025-03
1090,588,199,3,2025-10-18 19:55:32.441820,161.97,32.394,2025-10
1091,493,331,1,2025-01-12 19:20:56.506962,137.59,27.518,2025-01
1092,561,147,6,2025-06-07 16:30:59.837645,2162.04,432.408,2025-06
1093,650,360,4,2025-03-22 11:12:02.501091,718.96,143.792,2025-03
1094,744,61,6,2025-07-22 07:14:05.699464,2919.84,583.9680000000001,2025-07
1095,545,109,1,2025-02-04 15:58:32.500300,86.86,17.372,2025-02
1096,148,401,7,2024-12-30 02:13:14.233385,2858.31,571.662,2024-12
1097,281,259,7,2025-02-01 06:27:41.595706,2571.17,514.234,2025-02
1098,569,106,6,2025-02-16 05:01:37.017316,1339.98,267.99600000000004,2025-02
1099,908,481,2,2025-11-06 11:15:57.100050,95.66,19.132,2025-11
1100,629,308,5,2025-05-11 13:03:46.990966,1934.1,386.82,2025-05
1101,884,43,5,2025-03-15 17:19:56.518468,61.95,12.39,2025-03
1102,953,45,4,2025-08-15 19:23:37.369023,1540.92,308.184,2025-08
1103,916,268,7,2025-01-06 09:10:21.229044,3328.5,665.7,2025-01
1104,516,362,4,2025-03-02 02:58:29.056838,1110.92,222.18400000000003,2025-03
1105,930,466,4,2025-04-06 14:50:55.839864,1746.32,349.264,2025-04
1106,394,370,8,2025-08-11 19:42:42.576024,2962.88,592.576,2025-08
1107,997,409,9,2025-02-19 16:31:53.897320,2706.2999999999997,541.26,2025-02
1108,240,388,5,2025-03-28 01:26:21.155738,1430.8000000000002,286.16,2025-03
1109,541,314,9,2025-08-02 22:37:55.927154,1894.14,378.82800000000003,2025-08
1110,553,194,2,2025-10-29 09:34:26.421337,401.14,80.22800000000001,2025-10
1111,61,493,8,2025-04-08 17:04:48.020927,2887.04,577.408,2025-04
1112,194,354,4,2025-06-06 21:17:31.470188,900.08,180.01600000000002,2025-06
1113,73,215,5,2025-07-19 15:31:17.358594,1354.4,270.88000000000005,2025-07
1114,401,418,3,2025-04-26 17:18:42.489805,1127.94,225.58800000000002,2025-04
1115,980,9,6,2025-07-07 12:01:15.015311,1609.5,321.90000000000003,2025-07
1116,622,112,6,2025-06-06 00:42:11.752971,1181.6999999999998,236.33999999999997,2025-06
1117,88,455,4,2024-11-17 19:14:36.625498,772.6,154.52,2024-11
1118,615,395,2,2025-02-06 00:52:37.508626,795.82,159.16400000000002,2025-02
1119,353,308,3,2025-03-07 13:18:19.748807,1160.46,232.092,2025-03
1120,443,430,8,2025-07-12 01:05:11.837081,1101.28,220.256,2025-07
1121,966,500,4,2025-04-25 09:59:50.977123,1656.96,331.39200000000005,2025-04
1122,435,337,9,2025-10-21 18:48:44.480177,3870.63,774.1260000000001,2025-10
1123,657,210,8,2024-11-27 22:28:14.286217,1231.52,246.304,2024-11
1124,98,191,7,2025-05-28 08:55:26.713783,3444.0,688.8000000000001,2025-05
1125,117,145,5,2025-04-13 03:39:50.881946,1016.4499999999999,203.29,2025-04
1126,983,418,8,2025-09-30 15:13:12.226512,3007.84,601.5680000000001,2025-09
1127,999,245,8,2024-12-03 15:24:52.830042,1325.44,265.088,2024-12
1128,748,473,4,2025-10-22 03:47:28.856570,479.28,95.856,2025-10
1129,307,232,7,2025-02-26 06:18:13.313808,629.51,125.902,2025-02
1130,953,165,5,2025-06-29 09:38:07.400754,113.4,22.680000000000003,2025-06
1131,357,353,8,2025-10-19 23:44:42.251760,2447.68,489.536,2025-10
1132,179,36,6,2025-07-09 19:49:20.014390,1184.6399999999999,236.928,2025-07
1133,105,489,4,2025-07-13 16:00:28.432289,535.0,107.0,2025-07
1134,895,192,7,2025-01-11 09:29:01.008993,1056.1599999999999,211.23199999999997,2025-01
1135,61,228,1,2024-11-27 09:10:19.967817,73.9,14.780000000000001,2024-11
1136,837,176,4,2025-01-16 10:16:10.070481,1388.04,277.608,2025-01
1137,832,374,1,2025-04-30 15:17:05.140641,338.11,67.622,2025-04
1138,64,248,8,2024-11-28 22:15:50.466947,2149.68,429.936,2024-11
1139,885,311,8,2025-05-01 13:09:58.444352,1699.92,339.98400000000004,2025-05
1140,311,135,6,2025-05-30 04:42:37.348747,255.06,51.012,2025-05
1141,284,196,5,2024-12-04 09:47:22.795678,2259.25,451.85,2024-12
1142,331,71,4,2025-06-02 20:43:42.274444,1633.48,326.696,2025-06
1143,94,100,3,2025-05-06 03:09:55.122656,63.92999999999999,12.786,2025-05
1144,891,401,4,2025-03-11 08:01:08.053090,1633.32,326.664,2025-03
1145,149,264,4,2025-07-03 03:58:45.093384,1991.36,398.272,2025-07
1146,549,49,4,2025-03-30 22:36:43.321407,189.36,37.87200000000001,2025-03
1147,835,302,9,2025-07-30 16:33:29.345231,2199.42,439.884,2025-07
1148,448,78,3,2024-12-24 00:18:54.533192,569.91,113.982,2024-12
1149,305,425,9,2025-06-28 05:48:54.833663,4342.32,868.4639999999999,2025-06
1150,818,198,6,2025-10-30 22:13:02.297333,1994.8200000000002,398.96400000000006,2025-10
1151,898,28,4,2025-04-18 16:03:53.217781,363.44,72.688,2025-04
1152,859,487,5,2024-12-06 16:48:41.455105,1826.9,365.38000000000005,2024-12
1153,596,384,4,2025-07-26 21:29:53.140441,1800.92,360.184,2025-07
1154,699,408,3,2025-06-12 13:36:15.096124,1358.25,271.65000000000003,2025-06
1155,856,98,1,2025-02-09 05:39:38.638083,497.11,99.42200000000001,2025-02
1156,975,395,3,2025-04-12 19:01:05.494729,1193.73,238.746,2025-04
1157,19,129,2,2025-07-23 05:10:43.560204,930.06,186.012,2025-07
1158,833,445,5,2025-03-14 05:29:45.866640,1090.95,218.19000000000003,2025-03
1159,454,461,9,2025-01-18 16:08:23.505135,2135.61,427.12200000000007,2025-01
1160,865,266,3,2025-06-27 21:08:54.946100,620.79,124.158,2025-06
1161,712,265,6,2025-09-03 04:09:03.544416,2944.92,588.984,2025-09
1162,890,393,7,2025-01-15 01:32:45.343581,2265.83,453.166,2025-01
1163,308,208,1,2025-06-12 13:38:14.101423,283.72,56.74400000000001,2025-06
1164,269,190,5,2025-04-13 16:49:02.937730,89.80000000000001,17.960000000000004,2025-04
1165,623,432,2,2025-09-02 20:08:17.552119,560.9,112.18,2025-09
1166,956,348,1,2025-07-11 20:49:40.351431,152.02,30.404000000000003,2025-07
1167,148,294,1,2025-09-06 05:37:34.809495,56.13,11.226,2025-09
1168,824,385,8,2025-09-12 10:12:43.152112,2065.28,413.05600000000004,2025-09
1169,779,278,2,2025-08-06 03:31:25.529072,578.34,115.668,2025-08
1170,917,4,4,2025-04-07 17:53:27.911338,451.84,90.368,2025-04
1171,249,255,7,2025-04-27 08:52:35.390688,1308.72,261.744,2025-04
1172,761,41,3,2024-12-31 09:03:27.955294,1488.84,297.768,2024-12
1173,730,160,8,2025-05-20 06:51:23.603598,3558.24,711.648,2025-05
1174,462,500,1,2025-01-15 22:00:59.410379,414.24,82.84800000000001,2025-01
1175,801,455,5,2025-07-12 20:37:42.088853,965.75,193.15,2025-07
1176,333,473,4,2025-08-03 06:21:40.367390,479.28,95.856,2025-08
1177,971,148,6,2025-07-29 16:18:46.510793,1978.56,395.712,2025-07
1178,665,106,2,2025-06-16 05:25:30.421477,446.66,89.33200000000001,2025-06
1179,305,36,3,2025-05-27 19:51:53.075299,592.3199999999999,118.464,2025-05
1180,795,369,8,2025-05-09 02:05:24.557298,527.92,105.584,2025-05
1181,528,204,7,2025-09-11 05:45:50.792967,492.73,98.546,2025-09
1182,867,454,8,2025-05-16 04:56:03.830337,3053.76,610.7520000000001,2025-05
1183,559,393,4,2025-10-04 23:06:26.410507,1294.76,258.952,2025-10
1184,422,395,6,2025-10-09 02:18:34.976104,2387.46,477.492,2025-10
1185,197,198,5,2025-08-20 11:42:52.214138,1662.3500000000001,332.47,2025-08
1186,85,16,8,2025-04-02 10:21:42.810592,3473.52,694.7040000000001,2025-04
1187,852,269,8,2025-01-28 12:16:38.812469,1105.28,221.056,2025-01
1188,377,264,4,2025-10-04 17:34:05.100555,1991.36,398.272,2025-10
1189,82,140,3,2025-10-24 06:02:19.754231,239.21999999999997,47.843999999999994,2025-10
1190,434,218,5,2025-01-22 10:44:25.328674,2085.55,417.11000000000007,2025-01
1191,946,364,5,2025-03-26 01:55:49.685520,256.95,51.39,2025-03
1192,59,225,2,2025-03-29 09:19:32.027597,231.32,46.264,2025-03
1193,720,459,2,2025-08-26 09:37:08.344386,737.8,147.56,2025-08
1194,550,287,3,2025-09-15 19:30:42.016110,182.43,36.486000000000004,2025-09
1195,178,369,4,2025-04-16 08:32:11.117091,263.96,52.792,2025-04
1196,36,267,4,2024-12-14 04:59:47.639113,1923.04,384.608,2024-12
1197,248,100,1,2024-12-24 19:33:17.139018,21.31,4.262,2024-12
1198,625,223,1,2025-02-27 16:26:27.741675,16.93,3.386,2025-02
1199,652,438,2,2025-02-10 11:38:56.157048,159.0,31.8,2025-02
1200,689,330,2,2025-03-01 15:05:44.263427,880.6,176.12,2025-03
1201,792,275,5,2025-03-19 03:28:00.524006,1060.45,212.09000000000003,2025-03
1202,374,245,4,2025-10-08 06:26:05.207647,662.72,132.544,2025-10
1203,740,276,3,2025-07-12 23:39:15.813115,833.9100000000001,166.78200000000004,2025-07
1204,85,325,5,2025-06-25 16:33:35.910930,1388.3000000000002,277.66,2025-06
1205,262,349,7,2025-08-10 03:04:03.795684,1376.27,275.254,2025-08
1206,93,220,6,2025-07-27 06:53:15.526588,1676.52,335.30400000000003,2025-07
1207,618,73,7,2025-04-18 09:24:44.012751,1744.61,348.922,2025-04
1208,716,152,7,2025-05-14 14:59:38.202123,2263.17,452.634,2025-05
1209,48,417,1,2024-11-24 23:48:28.899767,276.17,55.23400000000001,2024-11
1210,500,64,9,2025-11-05 23:32:40.505307,3123.63,624.7260000000001,2025-11
1211,483,187,1,2025-03-06 09:31:44.599918,121.49,24.298000000000002,2025-03
1212,232,2,8,2025-07-18 20:04:40.743092,2726.4,545.2800000000001,2025-07
1213,380,181,5,2025-10-09 14:16:23.144634,801.4499999999999,160.29,2025-10
1214,936,179,9,2025-10-11 19:01:20.078503,1234.44,246.88800000000003,2025-10
1215,693,418,4,2025-01-05 17:53:05.819514,1503.92,300.78400000000005,2025-01
1216,349,205,3,2025-01-08 20:41:15.970493,751.17,150.234,2025-01
1217,815,90,6,2025-10-30 14:16:06.532789,1967.8200000000002,393.5640000000001,2025-10
1218,734,496,1,2025-09-02 18:20:41.892824,260.14,52.028,2025-09
1219,165,475,8,2025-02-08 17:30:03.641971,3482.16,696.432,2025-02
1220,407,228,6,2024-12-05 07:03:22.885946,443.40000000000003,88.68,2024-12
1221,764,490,9,2025-02-08 04:25:14.742945,4183.83,836.7660000000001,2025-02
1222,323,384,9,2025-05-30 06:54:01.662870,4052.07,810.4140000000001,2025-05
1223,274,227,3,2025-09-12 06:35:22.065026,813.51,162.702,2025-09
1224,951,434,6,2025-06-11 08:27:00.062144,2146.68,429.336,2025-06
1225,804,178,4,2025-10-07 08:58:16.282904,79.6,15.92,2025-10
1226,342,58,7,2024-11-07 03:32:37.770714,1178.87,235.774,2024-11
1227,82,441,6,2025-08-03 05:50:15.801548,1063.68,212.73600000000002,2025-08
1228,102,441,5,2025-09-24 01:13:16.227930,886.4,177.28,2025-09
1229,999,398,9,2025-07-02 05:13:46.881256,2415.15,483.03000000000003,2025-07
1230,118,476,1,2025-09-22 03:55:43.559888,16.74,3.348,2025-09
1231,279,253,2,2025-06-08 22:15:50.362978,718.6,143.72,2025-06
1232,470,60,2,2025-07-04 20:23:21.293293,280.44,56.088,2025-07
1233,987,247,2,2025-03-21 15:57:43.693688,197.62,39.524,2025-03
1234,434,114,6,2024-11-15 11:21:23.503590,2791.68,558.336,2024-11
1235,261,273,8,2025-01-03 08:12:57.106752,3245.44,649.0880000000001,2025-01
1236,763,324,6,2025-04-09 18:43:04.656489,2144.46,428.89200000000005,2025-04
1237,258,457,5,2025-05-09 14:39:55.853562,100.5,20.1,2025-05
1238,936,207,4,2025-07-14 05:29:47.433529,1686.0,337.20000000000005,2025-07
1239,828,72,9,2025-04-16 23:35:47.739743,2774.97,554.994,2025-04
1240,467,71,4,2024-12-01 01:07:16.315014,1633.48,326.696,2024-12
1241,142,276,7,2024-11-28 14:26:25.686037,1945.7900000000002,389.1580000000001,2024-11
1242,206,38,8,2025-08-27 12:23:02.738972,787.04,157.40800000000002,2025-08
1243,729,329,9,2024-12-22 05:42:24.508718,1745.82,349.164,2024-12
1244,600,126,8,2025-04-14 20:11:22.238988,2725.36,545.072,2025-04
1245,296,232,4,2025-05-27 03:41:33.088254,359.72,71.944,2025-05
1246,180,256,3,2025-06-10 15:23:09.302884,70.86,14.172,2025-06
1247,162,164,7,2025-07-30 05:47:33.253590,3079.02,615.8040000000001,2025-07
1248,625,400,4,2024-11-27 14:19:05.412031,321.6,64.32000000000001,2024-11
1249,880,351,7,2025-08-17 10:12:43.608383,437.43,87.486,2025-08
1250,375,151,4,2025-02-09 13:24:45.986881,369.52,73.904,2025-02
1251,114,387,1,2025-04-29 19:27:42.644489,112.61,22.522000000000002,2025-04
1252,926,373,1,2024-12-03 18:15:52.657202,122.17,24.434,2024-12
1253,231,313,4,2025-02-23 20:56:37.559103,252.88,50.576,2025-02
1254,851,214,6,2025-05-25 06:18:38.586969,1932.1799999999998,386.436,2025-05
1255,303,192,2,2025-10-18 13:47:06.493695,301.76,60.352000000000004,2025-10
1256,285,450,3,2025-03-06 08:45:37.083595,979.47,195.894,2025-03
1257,754,133,8,2025-04-13 05:58:22.105015,1656.48,331.29600000000005,2025-04
1258,323,262,2,2025-03-21 20:06:52.612563,359.1,71.82000000000001,2025-03
1259,681,62,3,2024-12-03 14:51:02.262369,1151.79,230.358,2024-12
1260,869,282,8,2025-06-22 05:53:50.908200,481.52,96.304,2025-06
1261,912,182,3,2025-03-14 07:03:53.743397,1206.15,241.23000000000002,2025-03
1262,800,208,2,2025-08-20 07:16:04.496859,567.44,113.48800000000001,2025-08
1263,470,480,3,2025-03-14 13:47:09.831328,1486.47,297.29400000000004,2025-03
1264,153,282,3,2025-10-18 19:21:50.924916,180.57,36.114,2025-10
1265,367,61,1,2024-12-18 09:04:19.362495,486.64,97.328,2024-12
1266,976,293,9,2025-11-01 21:40:01.161314,2264.67,452.934,2025-11
1267,405,93,1,2025-10-03 17:59:13.039678,44.8,8.959999999999999,2025-10
1268,267,233,1,2025-02-12 02:25:05.579105,142.48,28.496,2025-02
1269,403,1,1,2024-11-11 11:55:25.999387,78.84,15.768,2024-11
1270,681,497,8,2024-11-23 21:52:15.377922,3707.12,741.424,2024-11
1271,781,87,2,2025-08-23 11:08:44.795804,882.26,176.452,2025-08
1272,310,409,5,2025-06-18 00:17:45.325993,1503.5,300.7,2025-06
1273,712,127,6,2025-03-07 01:42:32.627308,2760.7799999999997,552.156,2025-03
1274,700,423,2,2025-07-14 02:14:21.070386,955.98,191.19600000000003,2025-07
1275,112,24,4,2025-01-22 08:56:14.964404,1645.84,329.168,2025-01
1276,965,84,9,2025-11-04 15:31:21.932066,2596.14,519.228,2025-11
1277,928,206,3,2025-06-08 02:42:36.961096,808.26,161.65200000000002,2025-06
1278,452,345,6,2025-04-02 15:32:21.457205,2051.2799999999997,410.256,2025-04
1279,739,470,6,2025-07-18 00:19:19.834637,2123.88,424.77600000000007,2025-07
1280,478,344,6,2024-11-17 16:53:44.235340,2304.06,460.812,2024-11
1281,716,329,8,2025-06-30 23:28:08.530291,1551.84,310.368,2025-06
1282,267,321,3,2025-09-07 11:30:55.697788,549.33,109.86600000000001,2025-09
1283,642,305,6,2025-04-27 20:32:25.155961,2248.02,449.60400000000004,2025-04
1284,933,492,3,2025-06-19 23:53:35.414176,368.04,73.608,2025-06
1285,910,141,5,2025-01-17 04:08:10.075645,334.75,66.95,2025-01
1286,903,23,6,2024-11-08 06:37:30.256842,2726.94,545.388,2024-11
1287,675,419,1,2025-01-14 22:26:55.157926,153.82,30.764,2025-01
1288,799,73,5,2025-02-07 10:00:43.301244,1246.1499999999999,249.23,2025-02
1289,763,196,4,2025-01-21 00:01:43.704380,1807.4,361.48,2025-01
1290,532,380,8,2024-11-28 16:26:10.431515,1303.84,260.768,2024-11
1291,658,220,4,2025-07-08 23:44:02.292778,1117.68,223.53600000000003,2025-07
1292,462,51,3,2025-09-16 18:34:12.766739,628.05,125.61,2025-09
1293,644,8,5,2024-12-24 18:23:47.761515,1141.3,228.26,2024-12
1294,662,487,4,2025-07-30 15:22:20.994862,1461.52,292.30400000000003,2025-07
1295,550,286,4,2024-11-26 20:33:53.241385,1199.64,239.92800000000003,2024-11
1296,95,140,1,2025-04-27 11:30:32.388561,79.74,15.948,2025-04
1297,180,491,3,2025-11-05 23:27:30.703809,483.57,96.714,2025-11
1298,858,243,9,2025-05-01 07:07:12.275739,1220.7599999999998,244.15199999999996,2025-05
1299,487,412,5,2024-12-24 17:30:14.681641,2490.1499999999996,498.03,2024-12
1300,339,423,6,2025-09-14 23:26:30.809313,2867.94,573.5880000000001,2025-09
1301,648,391,2,2024-11-28 09:37:21.062564,245.28,49.056000000000004,2024-11
1302,945,54,9,2025-02-21 13:39:36.261442,1095.57,219.114,2025-02
1303,832,43,4,2024-12-08 12:18:18.635243,49.56,9.912,2024-12
1304,375,45,7,2025-10-15 05:14:47.414765,2696.61,539.322,2025-10
1305,513,366,8,2025-10-23 11:25:28.528900,615.76,123.152,2025-10
1306,576,210,2,2025-05-28 09:00:28.662735,307.88,61.576,2025-05
1307,244,400,9,2025-01-12 16:55:45.235880,723.6,144.72,2025-01
1308,187,334,1,2025-01-06 10:20:00.360530,185.59,37.118,2025-01
1309,965,342,1,2025-11-01 03:02:08.388162,414.77,82.95400000000001,2025-11
1310,163,49,1,2024-11-28 22:16:39.577272,47.34,9.468000000000002,2024-11
1311,394,398,3,2025-08-26 16:37:27.311804,805.0500000000001,161.01000000000002,2025-08
1312,777,254,8,2025-10-17 00:11:45.163586,2603.12,520.624,2025-10
1313,414,201,2,2025-04-08 03:36:06.307437,559.26,111.852,2025-04
1314,55,381,3,2024-12-21 18:29:14.356985,519.72,103.94400000000002,2024-12
1315,441,42,2,2025-03-06 01:33:13.578393,820.14,164.02800000000002,2025-03
1316,500,22,5,2025-07-04 05:09:13.091235,218.95,43.79,2025-07
1317,706,434,2,2025-05-05 22:58:23.933279,715.56,143.112,2025-05
1318,540,308,4,2025-08-26 03:50:06.526916,1547.28,309.456,2025-08
1319,163,264,6,2024-11-26 14:11:33.632812,2987.04,597.408,2024-11
1320,718,58,9,2025-09-07 04:09:28.817495,1515.69,303.13800000000003,2025-09
1321,179,422,8,2024-12-02 06:28:57.354228,943.04,188.608,2024-12
1322,605,220,9,2025-02-20 05:32:49.778841,2514.78,502.9560000000001,2025-02
1323,671,207,6,2025-10-26 22:06:00.507947,2529.0,505.8,2025-10
1324,728,255,7,2025-09-26 11:55:55.606954,1308.72,261.744,2025-09
1325,353,122,1,2025-02-03 17:01:09.710024,112.3,22.46,2025-02
1326,658,198,9,2025-08-09 20:08:29.043733,2992.2300000000005,598.4460000000001,2025-08
1327,839,46,4,2024-11-12 17:36:44.329742,442.44,88.488,2024-11
1328,276,452,8,2025-03-03 11:43:18.945837,735.2,147.04000000000002,2025-03
1329,623,271,7,2025-05-29 15:00:41.394338,2922.08,584.416,2025-05
1330,953,354,2,2025-10-09 03:40:35.500953,450.04,90.00800000000001,2025-10
1331,180,415,1,2025-01-26 06:15:30.695097,448.19,89.638,2025-01
1332,967,105,6,2025-06-11 10:24:10.202781,1610.28,322.05600000000004,2025-06
1333,670,489,2,2025-10-08 11:19:51.166649,267.5,53.5,2025-10
1334,834,377,1,2025-01-07 11:04:04.539401,301.31,60.262,2025-01
1335,778,345,4,2025-10-25 18:12:09.156433,1367.52,273.504,2025-10
1336,286,422,9,2025-09-02 17:16:01.855569,1060.92,212.18400000000003,2025-09
1337,517,321,1,2025-09-05 15:07:26.539218,183.11,36.62200000000001,2025-09
1338,709,84,2,2025-03-05 07:06:59.262197,576.92,115.384,2025-03
1339,754,267,9,2024-12-13 01:16:43.706956,4326.84,865.368,2024-12
1340,19,59,3,2024-12-06 15:30:32.419466,872.52,174.50400000000002,2024-12
1341,137,112,3,2024-11-30 22:00:12.707033,590.8499999999999,118.16999999999999,2024-11
1342,382,461,7,2025-03-10 10:33:53.915739,1661.03,332.206,2025-03
1343,278,396,6,2025-02-27 21:45:49.364808,1139.46,227.89200000000002,2025-02
1344,412,361,2,2024-12-20 05:19:34.250825,853.8,170.76,2024-12
1345,158,262,2,2025-04-18 09:09:33.789469,359.1,71.82000000000001,2025-04
1346,855,380,6,2025-08-26 15:30:38.310494,977.8799999999999,195.576,2025-08
1347,236,218,3,2025-07-15 05:27:05.675621,1251.33,250.266,2025-07
1348,542,386,6,2024-11-15 11:49:36.487196,2944.2,588.84,2024-11
1349,354,123,3,2024-11-26 18:06:35.373293,1279.23,255.846,2024-11
1350,912,348,6,2025-05-06 03:36:54.246426,912.1200000000001,182.42400000000004,2025-05
1351,129,357,1,2025-03-10 16:36:16.122627,221.83,44.36600000000001,2025-03
1352,636,126,5,2025-03-01 00:31:08.489718,1703.3500000000001,340.6700000000001,2025-03
1353,768,260,3,2025-06-19 00:21:53.477813,1303.59,260.718,2025-06
1354,592,381,8,2025-10-04 08:35:47.531640,1385.92,277.184,2025-10
1355,530,43,1,2024-11-26 02:47:13.860067,12.39,2.478,2024-11
1356,26,82,2,2025-08-21 18:18:59.067559,957.14,191.428,2025-08
1357,377,173,1,2025-04-26 00:29:22.154572,425.99,85.19800000000001,2025-04
1358,579,34,1,2025-07-26 11:36:37.543477,156.52,31.304000000000002,2025-07
1359,37,193,5,2025-02-19 06:59:41.616862,980.6,196.12,2025-02
1360,980,185,6,2025-05-25 07:22:43.359147,2596.44,519.288,2025-05
1361,867,356,2,2024-11-18 16:27:05.760073,84.7,16.94,2024-11
1362,866,486,6,2025-01-24 14:14:27.031517,1372.3799999999999,274.476,2025-01
1363,755,300,5,2024-12-15 08:30:01.084898,1045.8,209.16,2024-12
1364,706,200,6,2025-05-02 17:15:37.289360,1759.44,351.88800000000003,2025-05
1365,599,446,3,2025-09-14 13:50:46.737581,404.15999999999997,80.832,2025-09
1366,865,46,3,2025-09-24 03:38:10.560038,331.83,66.366,2025-09
1367,157,331,9,2025-10-25 00:18:54.747569,1238.31,247.662,2025-10
1368,493,274,7,2025-07-26 04:00:05.940352,1626.17,325.23400000000004,2025-07
1369,29,49,5,2025-06-04 22:41:43.554700,236.70000000000002,47.34,2025-06
1370,947,420,5,2025-08-17 19:19:58.745007,2019.5500000000002,403.9100000000001,2025-08
1371,419,306,2,2025-10-21 13:24:32.146065,496.56,99.31200000000001,2025-10
1372,102,282,8,2025-08-11 18:20:29.542567,481.52,96.304,2025-08
1373,497,342,3,2024-11-11 17:45:04.757427,1244.31,248.862,2024-11
1374,214,294,8,2025-04-23 12:26:30.616549,449.04,89.808,2025-04
1375,501,244,8,2024-11-19 02:25:22.868467,2215.76,443.15200000000004,2024-11
1376,718,183,2,2025-10-20 09:17:22.272727,562.64,112.528,2025-10
1377,964,117,6,2025-04-19 03:28:45.548266,1491.6,298.32,2025-04
1378,774,38,1,2025-07-07 06:09:35.459465,98.38,19.676000000000002,2025-07
1379,425,231,3,2024-11-28 17:20:17.562172,508.40999999999997,101.682,2024-11
1380,980,31,5,2024-11-10 09:52:49.102299,963.0,192.60000000000002,2024-11
1381,412,449,1,2025-04-29 23:36:10.640214,137.41,27.482,2025-04
1382,460,444,7,2025-08-12 15:37:57.624918,2827.9300000000003,565.5860000000001,2025-08
1383,67,417,8,2025-08-17 07:15:53.357624,2209.36,441.87200000000007,2025-08
1384,649,42,2,2024-12-26 11:18:14.119036,820.14,164.02800000000002,2024-12
1385,465,30,9,2025-07-07 01:29:31.373914,3724.56,744.912,2025-07
1386,409,263,8,2025-08-05 22:23:26.421601,1942.4,388.48,2025-08
1387,282,125,2,2025-10-24 05:40:27.419036,210.14,42.028,2025-10
1388,542,480,7,2025-09-03 13:31:08.360836,3468.4300000000003,693.6860000000001,2025-09
1389,660,487,1,2025-01-29 12:53:15.509264,365.38,73.07600000000001,2025-01
1390,281,396,4,2025-03-07 05:58:52.577268,759.64,151.928,2025-03
1391,686,97,6,2025-11-05 15:11:36.374703,486.84000000000003,97.36800000000001,2025-11
1392,375,360,9,2025-09-11 08:49:33.243977,1617.66,323.53200000000004,2025-09
1393,81,238,4,2025-04-08 01:52:00.164202,1151.08,230.216,2025-04
1394,262,24,1,2025-08-30 18:14:28.242113,411.46,82.292,2025-08
1395,486,452,7,2024-12-03 00:23:33.035937,643.3000000000001,128.66000000000003,2024-12
1396,403,437,2,2025-09-05 13:33:39.127083,608.14,121.628,2025-09
1397,181,257,2,2024-11-11 19:15:55.194179,307.7,61.54,2024-11
1398,523,291,2,2024-11-21 13:25:03.921560,566.96,113.39200000000001,2024-11
1399,882,58,7,2025-08-20 19:52:21.792662,1178.87,235.774,2025-08
1400,290,431,3,2025-05-02 20:25:45.843399,748.3199999999999,149.664,2025-05
1401,545,200,6,2025-03-03 12:29:20.158443,1759.44,351.88800000000003,2025-03
1402,856,313,6,2025-10-25 19:56:12.768409,379.32,75.864,2025-10
1403,950,426,1,2025-09-19 00:11:07.211993,247.72,49.544000000000004,2025-09
1404,828,291,2,2025-02-02 08:41:13.169195,566.96,113.39200000000001,2025-02
1405,587,200,7,2024-11-12 12:55:55.011714,2052.6800000000003,410.53600000000006,2024-11
1406,317,87,4,2025-02-05 05:15:04.115058,1764.52,352.904,2025-02
1407,173,125,4,2024-11-30 08:31:22.324177,420.28,84.056,2024-11
1408,977,42,8,2025-06-08 09:53:13.090518,3280.56,656.1120000000001,2025-06
1409,837,287,7,2025-01-21 18:02:40.440401,425.67,85.13400000000001,2025-01
1410,588,158,2,2025-07-17 17:33:40.990514,266.28,53.256,2025-07
1411,698,471,6,2025-05-17 22:52:34.683091,1015.92,203.184,2025-05
1412,315,376,3,2024-12-12 00:24:57.186128,172.05,34.410000000000004,2024-12
1413,170,352,6,2025-07-10 19:56:28.620602,1991.3999999999999,398.28,2025-07
1414,660,171,9,2025-08-18 09:36:11.838713,2596.68,519.336,2025-08
1415,399,497,5,2025-01-10 02:44:17.185917,2316.95,463.39,2025-01
1416,380,373,9,2025-08-28 10:19:02.859293,1099.53,219.906,2025-08
1417,55,308,9,2025-10-24 18:58:09.841995,3481.38,696.2760000000001,2025-10
1418,401,233,5,2025-03-07 03:55:37.566972,712.4,142.48,2025-03
1419,113,480,9,2025-04-15 11:40:01.282926,4459.41,891.8820000000001,2025-04
1420,427,330,2,2025-07-10 01:29:52.973260,880.6,176.12,2025-07
1421,726,145,1,2025-04-16 01:05:52.443579,203.29,40.658,2025-04
1422,560,27,4,2025-10-07 14:01:02.604706,1617.12,323.424,2025-10
1423,10,485,7,2025-01-30 07:13:03.834401,2879.66,575.932,2025-01
1424,994,320,6,2025-02-28 03:26:17.775648,1578.96,315.79200000000003,2025-02
1425,804,291,6,2024-12-02 13:48:26.536021,1700.88,340.17600000000004,2024-12
1426,477,36,3,2025-10-19 23:16:17.570618,592.3199999999999,118.464,2025-10
1427,412,319,5,2025-03-14 17:15:30.289263,1032.6000000000001,206.52000000000004,2025-03
1428,754,452,8,2025-09-01 22:34:04.851933,735.2,147.04000000000002,2025-09
1429,761,170,7,2025-06-24 07:17:04.899777,338.73,67.74600000000001,2025-06
1430,388,471,2,2025-06-21 10:08:49.194520,338.64,67.728,2025-06
1431,997,93,7,2025-03-26 15:17:42.318955,313.59999999999997,62.72,2025-03
1432,75,232,6,2025-06-30 11:57:47.670112,539.58,107.91600000000001,2025-06
1433,714,96,7,2025-07-20 08:23:52.674395,2362.29,472.458,2025-07
1434,19,390,8,2025-03-28 07:48:04.106585,2732.32,546.464,2025-03
1435,224,101,5,2024-12-27 22:54:22.538977,1271.3,254.26,2024-12
1436,54,425,3,2025-09-13 02:12:41.096025,1447.44,289.488,2025-09
1437,908,482,2,2025-06-25 09:34:01.068701,438.08,87.616,2025-06
1438,504,274,5,2025-08-24 02:32:45.243705,1161.55,232.31,2025-08
1439,892,294,6,2025-05-23 23:40:35.496782,336.78000000000003,67.35600000000001,2025-05
1440,697,498,2,2025-03-15 03:56:23.334188,793.26,158.65200000000002,2025-03
1441,370,24,3,2024-12-10 03:48:03.126174,1234.3799999999999,246.87599999999998,2024-12
1442,778,106,9,2025-04-16 05:02:58.823159,2009.97,401.994,2025-04
1443,174,38,5,2025-08-29 02:58:53.349452,491.9,98.38,2025-08
1444,200,22,8,2025-06-18 13:15:14.885216,350.32,70.06400000000001,2025-06
1445,202,235,5,2025-07-15 01:39:35.166933,738.9,147.78,2025-07
1446,22,26,9,2025-08-24 20:57:18.260855,2384.64,476.928,2025-08
1447,154,207,7,2025-11-02 05:57:56.861355,2950.5,590.1,2025-11
1448,753,493,5,2025-09-07 22:25:07.977292,1804.4,360.88000000000005,2025-09
1449,549,466,2,2025-07-18 09:16:49.321060,873.16,174.632,2025-07
1450,735,34,7,2025-06-04 01:46:34.934934,1095.64,219.12800000000004,2025-06
1451,605,150,3,2025-10-26 04:13:49.377601,1198.44,239.68800000000002,2025-10
1452,94,101,8,2025-01-23 09:36:23.907893,2034.08,406.81600000000003,2025-01
1453,602,126,4,2025-08-31 23:22:22.955970,1362.68,272.536,2025-08
1454,677,161,9,2025-02-08 02:56:10.519811,2259.4500000000003,451.8900000000001,2025-02
1455,291,388,1,2025-06-04 03:21:38.818521,286.16,57.232000000000006,2025-06
1456,969,316,4,2025-01-27 00:35:58.979868,1410.2,282.04,2025-01
1457,247,234,5,2025-05-21 18:06:00.985448,1845.6999999999998,369.14,2025-05
1458,453,55,1,2025-10-09 06:13:43.726954,182.4,36.480000000000004,2025-10
1459,65,448,9,2025-09-16 06:16:24.038867,3193.56,638.712,2025-09
1460,410,127,1,2025-11-02 21:43:27.628237,460.13,92.02600000000001,2025-11
1461,831,136,6,2025-06-20 15:55:10.376239,1136.76,227.352,2025-06
1462,752,391,5,2025-04-17 06:50:27.059551,613.2,122.64000000000001,2025-04
1463,494,26,7,2025-08-25 17:58:06.357211,1854.7199999999998,370.94399999999996,2025-08
1464,994,372,3,2025-09-14 02:47:39.543124,117.75,23.55,2025-09
1465,882,494,4,2025-02-11 08:28:01.323621,513.68,102.73599999999999,2025-02
1466,745,452,3,2025-06-08 02:30:01.619385,275.70000000000005,55.140000000000015,2025-06
1467,372,246,7,2025-05-01 17:51:20.966576,487.13,97.426,2025-05
1468,368,44,5,2025-09-21 19:15:57.551412,858.8,171.76,2025-09
1469,271,12,5,2025-03-11 04:42:16.532056,950.6999999999999,190.14,2025-03
1470,78,139,7,2025-03-29 22:57:31.702256,669.27,133.854,2025-03
1471,917,40,2,2025-08-11 18:44:21.294862,386.58,77.316,2025-08
1472,210,214,7,2025-07-07 08:12:26.136710,2254.21,450.84200000000004,2025-07
1473,730,314,7,2025-08-17 04:51:18.572285,1473.22,294.644,2025-08
1474,45,449,8,2025-03-06 01:35:25.894031,1099.28,219.856,2025-03
1475,827,264,1,2025-06-09 15:41:56.806781,497.84,99.568,2025-06
1476,240,115,6,2024-11-16 19:57:08.594322,1665.3600000000001,333.07200000000006,2024-11
1477,46,271,9,2025-09-27 20:57:56.420647,3756.96,751.392,2025-09
1478,695,1,6,2024-11-25 16:00:55.705663,473.04,94.608,2024-11
1479,671,121,5,2025-09-23 17:29:17.884259,446.5,89.30000000000001,2025-09
1480,987,257,4,2025-09-24 04:33:00.100007,615.4,123.08,2025-09
1481,524,205,2,2025-01-24 15:51:02.223172,500.78,100.156,2025-01
1482,285,268,6,2025-07-19 13:19:33.937511,2853.0,570.6,2025-07
1483,27,1,5,2025-08-01 09:30:41.338284,394.20000000000005,78.84000000000002,2025-08
1484,330,384,3,2025-10-30 08:00:47.407157,1350.69,270.13800000000003,2025-10
1485,43,66,2,2025-02-10 00:31:47.823314,330.58,66.116,2025-02
1486,663,285,6,2025-06-15 05:29:37.062032,2777.52,555.504,2025-06
1487,674,74,9,2025-05-28 03:49:15.018975,317.61,63.522000000000006,2025-05
1488,783,455,3,2025-05-22 03:43:22.211100,579.45,115.89000000000001,2025-05
1489,533,195,5,2025-01-30 09:43:10.600907,877.55,175.51,2025-01
1490,718,178,8,2025-08-01 15:40:22.630331,159.2,31.84,2025-08
1491,225,333,6,2025-02-05 00:34:30.388984,2289.6000000000004,457.9200000000001,2025-02
1492,835,437,1,2024-11-09 11:40:14.422646,304.07,60.814,2024-11
1493,378,148,1,2025-03-27 04:00:06.433790,329.76,65.952,2025-03
1494,590,249,5,2025-09-12 22:48:52.368796,1174.8999999999999,234.98,2025-09
1495,172,233,8,2025-02-19 05:39:15.345463,1139.84,227.968,2025-02
1496,961,402,3,2025-09-14 19:34:09.998848,362.43,72.486,2025-09
1497,514,480,6,2025-05-09 18:30:14.058773,2972.94,594.5880000000001,2025-05
1498,248,116,7,2024-11-30 14:52:06.647205,3345.09,669.018,2024-11
1499,123,372,9,2025-01-12 06:41:56.846176,353.25,70.65,2025-01
1500,109,500,2,2025-06-22 19:58:46.875925,828.48,165.69600000000003,2025-06
1501,435,87,7,2025-07-13 16:02:54.560663,3087.91,617.582,2025-07
1502,351,13,5,2025-02-05 03:39:40.409472,1775.1,355.02,2025-02
1503,586,213,3,2024-12-05 13:25:46.006823,387.15000000000003,77.43,2024-12
1504,884,116,9,2025-01-19 02:43:43.230390,4300.83,860.166,2025-01
1505,264,467,2,2025-05-17 08:24:43.665395,510.24,102.048,2025-05
1506,733,172,3,2025-07-30 05:31:41.987138,951.9000000000001,190.38000000000002,2025-07
1507,704,162,7,2025-04-08 06:54:35.648360,1525.72,305.144,2025-04
1508,364,388,8,2025-10-22 10:39:16.915535,2289.28,457.85600000000005,2025-10
1509,536,415,4,2025-07-24 18:34:51.441916,1792.76,358.552,2025-07
1510,915,1,4,2025-03-26 23:32:23.444622,315.36,63.072,2025-03
1511,467,410,4,2025-06-04 01:18:16.000101,1380.36,276.072,2025-06
1512,468,301,4,2025-07-14 08:33:18.951234,1766.2,353.24,2025-07
1513,279,92,7,2025-06-27 03:14:48.421542,1487.92,297.584,2025-06
1514,934,148,5,2025-07-13 12:43:18.829844,1648.8,329.76,2025-07
1515,991,411,2,2025-10-17 15:25:44.846628,512.06,102.41199999999999,2025-10
1516,646,23,4,2024-12-22 14:21:15.972043,1817.96,363.59200000000004,2024-12
1517,440,286,8,2025-02-21 07:09:07.791645,2399.28,479.85600000000005,2025-02
1518,950,449,6,2025-06-04 18:11:18.223943,824.46,164.89200000000002,2025-06
1519,701,123,9,2025-04-21 19:40:31.323132,3837.69,767.538,2025-04
1520,559,198,4,2024-12-15 10:24:53.254236,1329.88,265.97600000000006,2024-12
1521,479,64,2,2025-07-30 12:58:34.721897,694.14,138.828,2025-07
1522,903,465,4,2025-01-08 23:33:48.821029,795.48,159.096,2025-01
1523,120,330,7,2025-01-26 01:55:16.491420,3082.1,616.4200000000001,2025-01
1524,679,181,3,2025-07-18 11:16:21.927049,480.87,96.174,2025-07
1525,30,185,2,2025-03-18 02:19:35.189881,865.48,173.096,2025-03
1526,373,211,8,2025-10-22 20:11:19.286333,1670.56,334.112,2025-10
1527,682,291,8,2025-07-24 02:44:38.997348,2267.84,453.56800000000004,2025-07
1528,523,92,4,2025-03-02 05:45:30.003410,850.24,170.048,2025-03
1529,967,200,9,2025-09-28 05:36:43.371043,2639.16,527.832,2025-09
1530,260,216,8,2025-03-30 07:51:57.000319,611.76,122.352,2025-03
1531,939,287,4,2025-01-06 04:26:40.063206,243.24,48.648,2025-01
1532,654,249,3,2025-04-22 16:53:27.589371,704.9399999999999,140.988,2025-04
1533,408,332,1,2025-09-22 04:04:49.111547,436.88,87.376,2025-09
1534,284,280,2,2025-05-12 06:48:01.387561,356.98,71.396,2025-05
1535,610,458,7,2025-10-12 20:44:50.549973,243.04,48.608000000000004,2025-10
1536,208,109,6,2025-04-29 07:09:01.308960,521.16,104.232,2025-04
1537,786,473,7,2025-11-03 03:30:28.742823,838.74,167.74800000000002,2025-11
1538,894,389,5,2025-04-07 13:14:06.285599,596.55,119.31,2025-04
1539,169,321,4,2025-07-15 05:47:29.380282,732.44,146.48800000000003,2025-07
1540,447,355,3,2025-01-28 09:47:57.396373,779.58,155.91600000000003,2025-01
1541,498,52,5,2025-05-13 06:54:33.056221,605.0,121.0,2025-05
1542,380,65,3,2025-11-03 04:35:01.193534,1035.84,207.168,2025-11
1543,628,402,2,2025-06-15 18:53:14.628681,241.62,48.324000000000005,2025-06
1544,782,439,6,2024-11-29 06:12:30.148698,651.54,130.308,2024-11
1545,868,427,2,2025-05-07 16:16:42.512303,898.14,179.62800000000001,2025-05
1546,121,214,6,2025-10-11 07:18:15.667226,1932.1799999999998,386.436,2025-10
1547,198,237,1,2025-10-18 01:36:41.925461,75.37,15.074000000000002,2025-10
1548,504,435,8,2025-06-03 18:36:37.787034,3775.84,755.1680000000001,2025-06
1549,681,392,2,2025-10-06 04:16:49.391744,165.28,33.056000000000004,2025-10
1550,165,167,4,2025-09-22 23:56:01.409418,241.24,48.248000000000005,2025-09
1551,157,476,7,2025-05-18 11:40:23.021828,117.17999999999999,23.436,2025-05
1552,532,199,7,2025-03-03 11:11:55.300386,377.93,75.586,2025-03
1553,875,23,2,2025-04-05 15:27:27.284332,908.98,181.79600000000002,2025-04
1554,309,380,1,2025-01-20 09:15:02.427245,162.98,32.596,2025-01
1555,135,443,6,2025-01-03 03:31:50.626109,557.8199999999999,111.564,2025-01
1556,566,166,3,2025-02-15 10:33:46.447947,217.95000000000002,43.59,2025-02
1557,321,124,7,2025-08-25 22:49:48.680315,3292.94,658.5880000000001,2025-08
1558,225,207,9,2025-06-01 03:53:41.588095,3793.5,758.7,2025-06
1559,104,111,4,2025-02-12 19:51:15.086101,1217.0,243.4,2025-02
1560,227,172,4,2025-10-08 07:24:53.414426,1269.2,253.84000000000003,2025-10
1561,251,359,6,2025-01-23 22:59:42.269406,1541.6999999999998,308.34,2025-01
1562,565,355,9,2025-04-28 00:17:37.619175,2338.7400000000002,467.74800000000005,2025-04
1563,451,210,4,2025-01-10 12:36:34.648126,615.76,123.152,2025-01
1564,138,438,8,2025-04-03 02:03:58.212512,636.0,127.2,2025-04
1565,64,148,6,2025-10-24 10:56:53.943713,1978.56,395.712,2025-10
1566,551,179,8,2025-07-15 19:52:40.416371,1097.28,219.45600000000002,2025-07
1567,415,22,7,2024-11-10 05:57:02.432080,306.53,61.306,2024-11
1568,390,109,6,2025-10-03 19:52:47.831431,521.16,104.232,2025-10
1569,426,354,2,2025-02-21 05:39:02.763802,450.04,90.00800000000001,2025-02
1570,313,133,1,2025-05-07 01:00:31.160972,207.06,41.412000000000006,2025-05
1571,981,474,8,2025-04-25 21:56:22.204087,1279.44,255.88800000000003,2025-04
1572,764,386,2,2025-03-26 01:10:20.456382,981.4,196.28,2025-03
1573,358,440,3,2025-01-22 07:11:26.089262,478.34999999999997,95.67,2025-01
1574,73,65,2,2024-11-22 15:25:26.765769,690.56,138.112,2024-11
1575,252,125,9,2025-08-05 07:41:02.407182,945.6299999999999,189.12599999999998,2025-08
1576,319,64,5,2025-04-24 17:55:03.405227,1735.35,347.07,2025-04
1577,979,55,3,2024-12-12 06:02:11.860261,547.2,109.44000000000001,2024-12
1578,571,468,7,2025-03-06 10:53:35.693758,3366.79,673.3580000000001,2025-03
1579,799,226,6,2025-02-02 04:10:19.668305,2080.62,416.124,2025-02
1580,520,203,4,2025-08-09 13:37:48.375844,931.32,186.264,2025-08
1581,380,134,1,2025-03-05 19:05:18.448493,167.11,33.422000000000004,2025-03
1582,550,352,5,2025-07-24 11:01:56.638837,1659.5,331.90000000000003,2025-07
1583,24,180,3,2024-11-29 21:30:06.897950,1134.3899999999999,226.878,2024-11
1584,131,416,6,2025-10-03 15:30:05.114493,2949.42,589.884,2025-10
1585,700,434,9,2025-07-17 10:25:34.046681,3220.0199999999995,644.0039999999999,2025-07
1586,245,345,6,2025-09-10 14:22:31.861656,2051.2799999999997,410.256,2025-09
1587,736,462,8,2025-10-03 00:09:14.272475,294.16,58.83200000000001,2025-10
1588,433,140,4,2025-07-31 21:03:18.280009,318.96,63.792,2025-07
1589,63,164,1,2025-02-13 20:05:52.510230,439.86,87.97200000000001,2025-02
1590,53,483,6,2024-11-16 07:33:32.560688,74.22,14.844000000000001,2024-11
1591,306,483,8,2024-12-01 09:05:14.229492,98.96,19.792,2024-12
1592,928,375,5,2025-04-17 15:41:49.114810,297.6,59.52000000000001,2025-04
1593,969,288,5,2025-10-25 06:46:35.865759,1718.25,343.65000000000003,2025-10
1594,574,34,7,2025-08-20 11:22:01.388651,1095.64,219.12800000000004,2025-08
1595,348,253,9,2025-03-22 09:31:51.672477,3233.7000000000003,646.7400000000001,2025-03
1596,865,368,6,2024-12-26 14:44:35.695632,2613.48,522.696,2024-12
1597,932,497,1,2025-09-03 11:41:11.198961,463.39,92.678,2025-09
1598,546,26,6,2025-05-20 08:51:19.195475,1589.7599999999998,317.952,2025-05
1599,212,137,3,2025-09-23 15:33:29.287962,1493.58,298.716,2025-09
1600,600,478,2,2025-07-12 07:28:44.470936,883.62,176.72400000000002,2025-07
1601,105,214,2,2025-09-25 07:09:49.790635,644.06,128.81199999999998,2025-09
1602,687,381,7,2025-01-08 21:26:38.352998,1212.68,242.53600000000003,2025-01
1603,186,214,2,2025-02-18 18:50:26.578537,644.06,128.81199999999998,2025-02
1604,481,296,2,2025-07-13 08:22:57.999830,605.86,121.17200000000001,2025-07
1605,138,364,7,2025-09-18 16:40:01.634878,359.73,71.94600000000001,2025-09
1606,55,495,7,2025-05-12 06:51:42.137980,87.99000000000001,17.598000000000003,2025-05
1607,432,319,6,2025-07-29 10:41:10.008104,1239.1200000000001,247.82400000000004,2025-07
1608,806,147,5,2025-07-22 13:20:44.805509,1801.6999999999998,360.34,2025-07
1609,617,215,6,2025-02-07 12:54:19.450449,1625.28,325.05600000000004,2025-02
1610,269,371,9,2025-09-12 03:06:37.129272,978.1200000000001,195.62400000000002,2025-09
1611,99,219,4,2024-12-02 02:49:42.663006,126.16,25.232,2024-12
1612,916,16,1,2025-01-20 17:57:11.652638,434.19,86.83800000000001,2025-01
1613,852,178,4,2024-11-24 00:23:08.713452,79.6,15.92,2024-11
1614,613,371,4,2025-04-05 16:25:04.974415,434.72,86.94400000000002,2025-04
1615,795,146,1,2025-11-01 02:13:28.188718,245.97,49.194,2025-11
1616,665,261,4,2025-09-29 21:49:39.531852,47.48,9.496,2025-09
1617,73,364,8,2025-05-27 10:42:54.856581,411.12,82.224,2025-05
1618,321,266,7,2025-03-21 00:10:56.325814,1448.51,289.702,2025-03
1619,814,216,1,2025-10-30 01:18:11.195280,76.47,15.294,2025-10
1620,701,320,6,2025-02-14 00:33:42.033975,1578.96,315.79200000000003,2025-02
1621,773,232,4,2025-02-10 13:35:59.893623,359.72,71.944,2025-02
1622,678,231,5,2025-09-27 12:16:58.336797,847.35,169.47000000000003,2025-09
1623,517,121,7,2025-11-06 19:06:51.219277,625.1,125.02000000000001,2025-11
1624,19,68,7,2025-07-29 13:11:05.054361,1248.73,249.746,2025-07
1625,423,114,5,2025-05-15 08:04:00.308895,2326.3999999999996,465.28,2025-05
1626,800,175,8,2025-06-16 03:24:13.213601,1044.08,208.816,2025-06
1627,971,22,8,2025-08-17 16:58:48.084189,350.32,70.06400000000001,2025-08
1628,716,184,8,2025-08-12 03:29:53.388606,2942.8,588.5600000000001,2025-08
1629,494,24,9,2025-03-16 16:11:51.515727,3703.14,740.628,2025-03
1630,985,496,4,2025-11-04 22:33:51.409159,1040.56,208.112,2025-11
1631,397,386,3,2025-10-30 22:12:43.909485,1472.1,294.42,2025-10
1632,241,269,1,2025-04-27 02:30:11.843697,138.16,27.632,2025-04
1633,390,315,3,2025-06-22 17:06:49.193444,568.11,113.62200000000001,2025-06
1634,552,131,3,2025-09-06 16:54:13.814334,621.0,124.2,2025-09
1635,207,262,4,2024-11-23 09:54:42.952238,718.2,143.64000000000001,2024-11
1636,157,218,8,2025-10-30 01:52:09.324803,3336.88,667.3760000000001,2025-10
1637,75,203,8,2025-07-27 09:06:46.559943,1862.64,372.528,2025-07
1638,499,230,6,2025-09-29 01:56:45.601722,1000.3199999999999,200.064,2025-09
1639,991,28,3,2025-03-27 06:12:30.230901,272.58,54.516,2025-03
1640,64,489,2,2025-01-16 00:56:42.676711,267.5,53.5,2025-01
1641,300,442,2,2025-10-14 13:37:39.976041,405.94,81.188,2025-10
1642,412,318,5,2025-02-23 21:59:13.128072,186.55,37.31,2025-02
1643,259,348,1,2025-04-03 10:06:19.342932,152.02,30.404000000000003,2025-04
1644,433,276,4,2025-05-03 06:12:19.843988,1111.88,222.37600000000003,2025-05
1645,318,279,8,2024-12-11 18:52:02.218921,510.4,102.08,2024-12
1646,191,232,8,2025-04-14 03:35:40.292542,719.44,143.888,2025-04
1647,190,102,2,2025-05-17 19:32:51.334036,727.46,145.49200000000002,2025-05
1648,48,55,3,2025-09-11 18:30:55.879675,547.2,109.44000000000001,2025-09
1649,645,302,5,2025-08-24 03:06:03.492976,1221.9,244.38000000000002,2025-08
1650,115,106,7,2025-08-17 09:43:28.626666,1563.3100000000002,312.66200000000003,2025-08
1651,721,380,4,2025-09-29 17:49:55.877436,651.92,130.384,2025-09
1652,212,452,6,2025-02-03 00:34:04.590563,551.4000000000001,110.28000000000003,2025-02
1653,945,479,1,2025-09-22 14:04:10.451852,423.41,84.68200000000002,2025-09
1654,361,20,8,2024-11-24 22:06:44.862397,255.76,51.152,2024-11
1655,717,286,8,2025-02-16 16:52:55.309677,2399.28,479.85600000000005,2025-02
1656,463,233,1,2025-11-06 17:25:53.676701,142.48,28.496,2025-11
1657,200,398,4,2025-09-07 12:19:40.256168,1073.4,214.68000000000004,2025-09
1658,672,82,4,2025-10-09 11:23:25.839341,1914.28,382.856,2025-10
1659,157,436,6,2025-10-05 08:13:19.754664,2641.38,528.2760000000001,2025-10
1660,696,206,8,2025-05-02 04:07:09.882970,2155.36,431.07200000000006,2025-05
1661,153,331,6,2025-09-05 22:01:28.806502,825.54,165.108,2025-09
1662,16,277,6,2025-02-21 13:54:06.192564,1083.9,216.78000000000003,2025-02
1663,424,380,8,2024-11-16 06:51:41.697813,1303.84,260.768,2024-11
1664,660,244,3,2025-08-29 14:18:03.715832,830.9100000000001,166.18200000000002,2025-08
1665,480,267,2,2025-06-18 13:17:22.328532,961.52,192.304,2025-06
1666,663,239,6,2025-08-05 14:40:30.743490,592.3199999999999,118.464,2025-08
1667,435,385,6,2025-11-05 16:08:26.766820,1548.96,309.79200000000003,2025-11
1668,880,176,7,2025-02-22 13:16:46.606691,2429.0699999999997,485.81399999999996,2025-02
1669,732,154,1,2025-03-14 05:43:31.509230,391.74,78.34800000000001,2025-03
1670,52,340,6,2025-08-15 09:57:39.674093,1449.42,289.884,2025-08
1671,704,347,9,2025-03-25 22:26:25.963444,1466.55,293.31,2025-03
1672,524,462,3,2025-02-04 20:51:04.762020,110.31,22.062,2025-02
1673,298,349,7,2024-11-18 13:56:41.458427,1376.27,275.254,2024-11
1674,88,379,6,2025-07-21 15:55:23.411783,2187.8999999999996,437.5799999999999,2025-07
1675,158,189,4,2025-05-01 14:31:24.315681,585.88,117.176,2025-05
1676,210,464,2,2025-11-05 16:53:44.118630,305.16,61.03200000000001,2025-11
1677,855,169,3,2025-10-29 09:22:57.328051,1256.6100000000001,251.32200000000003,2025-10
1678,982,244,6,2025-07-03 06:50:52.802789,1661.8200000000002,332.36400000000003,2025-07
1679,853,208,2,2024-11-11 23:31:25.427411,567.44,113.48800000000001,2024-11
1680,804,403,9,2025-07-16 07:42:21.242375,3222.09,644.4180000000001,2025-07
1681,907,138,4,2025-07-26 01:55:21.936383,1478.08,295.616,2025-07
1682,23,127,5,2025-04-14 03:08:06.218021,2300.65,460.13000000000005,2025-04
1683,122,262,9,2024-11-16 13:48:25.415007,1615.95,323.19000000000005,2024-11
1684,480,442,7,2025-02-07 16:06:06.332396,1420.79,284.158,2025-02
1685,716,468,5,2025-08-28 07:30:06.489176,2404.8500000000004,480.9700000000001,2025-08
1686,859,341,9,2024-12-19 16:13:33.234074,2994.93,598.986,2024-12
1687,734,205,1,2025-08-15 16:37:55.108944,250.39,50.078,2025-08
1688,901,265,4,2025-09-30 23:45:34.538702,1963.28,392.656,2025-09
1689,430,418,8,2025-04-11 03:23:19.325384,3007.84,601.5680000000001,2025-04
1690,47,247,6,2025-05-09 12:23:01.015576,592.86,118.572,2025-05
1691,802,484,3,2025-11-05 04:20:16.333639,971.49,194.298,2025-11
1692,807,324,3,2024-11-17 19:42:43.074260,1072.23,214.44600000000003,2024-11
1693,239,271,1,2025-02-23 12:10:23.609379,417.44,83.488,2025-02
1694,149,478,2,2025-08-27 08:20:53.650417,883.62,176.72400000000002,2025-08
1695,659,312,3,2025-10-18 10:48:41.338409,356.1,71.22000000000001,2025-10
1696,348,78,9,2024-12-09 18:26:50.283125,1709.73,341.946,2024-12
1697,806,263,4,2025-02-11 22:49:37.213800,971.2,194.24,2025-02
1698,855,363,1,2025-03-05 08:28:18.155385,105.4,21.080000000000002,2025-03
1699,581,241,6,2025-04-13 13:08:52.776701,2420.52,484.10400000000004,2025-04
1700,199,308,6,2025-06-27 01:44:42.080332,2320.92,464.184,2025-06
1701,808,370,1,2025-06-06 16:17:56.558493,370.36,74.072,2025-06
1702,811,315,1,2025-04-08 11:57:01.334239,189.37,37.874,2025-04
1703,647,321,3,2025-10-29 21:30:23.955025,549.33,109.86600000000001,2025-10
1704,468,399,1,2025-07-25 01:57:55.724182,138.97,27.794,2025-07
1705,721,139,5,2024-12-19 09:38:35.696687,478.05,95.61000000000001,2024-12
1706,161,386,5,2025-05-11 03:26:06.165484,2453.5,490.70000000000005,2025-05
1707,620,495,1,2025-08-03 03:41:56.700755,12.57,2.5140000000000002,2025-08
1708,185,263,4,2025-01-13 09:40:43.765040,971.2,194.24,2025-01
1709,743,129,6,2025-09-23 02:01:14.984119,2790.18,558.036,2025-09
1710,175,33,4,2025-04-23 06:19:13.297521,1209.88,241.97600000000003,2025-04
1711,290,404,6,2025-01-29 05:45:41.650088,2283.66,456.73199999999997,2025-01
1712,489,447,3,2025-05-22 09:32:08.279778,374.13,74.82600000000001,2025-05
1713,392,493,5,2025-04-23 01:13:32.797125,1804.4,360.88000000000005,2025-04
1714,554,361,7,2025-11-01 05:00:20.494113,2988.2999999999997,597.66,2025-11
1715,851,422,3,2025-08-22 10:59:48.204206,353.64,70.728,2025-08
1716,154,68,6,2025-08-21 21:19:47.566607,1070.34,214.06799999999998,2025-08
1717,982,37,8,2024-11-26 07:48:34.432150,2992.64,598.528,2024-11
1718,144,56,6,2024-11-22 21:25:29.822834,259.02,51.804,2024-11
1719,876,337,6,2025-04-30 07:18:28.789547,2580.42,516.0840000000001,2025-04
1720,33,364,9,2025-02-18 02:26:12.505270,462.51,92.50200000000001,2025-02
1721,805,231,1,2024-12-16 18:07:45.591202,169.47,33.894,2024-12
1722,610,252,1,2025-05-18 16:28:26.622290,89.74,17.948,2025-05
1723,703,192,5,2025-09-27 01:26:23.082642,754.4,150.88,2025-09
1724,591,189,9,2024-12-24 14:18:21.160413,1318.23,263.646,2024-12
1725,40,140,7,2025-09-15 06:13:43.692850,558.18,111.636,2025-09
1726,627,56,8,2024-12-24 01:04:56.474376,345.36,69.072,2024-12
1727,915,447,9,2025-11-05 00:47:53.404713,1122.3899999999999,224.47799999999998,2025-11
1728,550,76,4,2025-09-13 15:21:14.002850,1894.24,378.848,2025-09
1729,350,441,2,2025-01-09 19:47:27.296445,354.56,70.912,2025-01
1730,702,213,5,2025-07-21 06:49:35.601310,645.25,129.05,2025-07
1731,294,51,6,2025-05-04 21:21:24.107931,1256.1,251.22,2025-05
1732,126,190,4,2025-05-18 18:18:50.604549,71.84,14.368000000000002,2025-05
1733,340,405,1,2025-10-19 04:38:18.977183,353.09,70.618,2025-10
1734,880,314,6,2025-08-19 07:02:35.922334,1262.76,252.55200000000002,2025-08
1735,780,498,6,2025-08-30 01:10:27.552751,2379.7799999999997,475.95599999999996,2025-08
1736,849,14,6,2025-09-30 10:19:02.701639,885.0,177.0,2025-09
1737,783,357,9,2025-08-06 20:47:00.518255,1996.47,399.29400000000004,2025-08
1738,455,352,5,2024-12-16 23:56:56.816662,1659.5,331.90000000000003,2024-12
1739,377,321,1,2025-01-08 18:28:14.121492,183.11,36.62200000000001,2025-01
1740,433,363,4,2025-05-25 13:42:46.082550,421.6,84.32000000000001,2025-05
1741,266,271,7,2025-06-27 08:41:00.787497,2922.08,584.416,2025-06
1742,144,497,4,2025-08-09 07:13:07.289988,1853.56,370.712,2025-08
1743,112,305,5,2025-06-18 17:59:35.168759,1873.3500000000001,374.6700000000001,2025-06
1744,388,344,9,2025-04-22 01:45:30.975833,3456.09,691.2180000000001,2025-04
1745,390,191,3,2025-10-29 20:48:31.341336,1476.0,295.2,2025-10
1746,917,308,4,2025-10-24 05:39:57.311058,1547.28,309.456,2025-10
1747,17,256,9,2025-09-17 21:50:18.402777,212.58,42.516000000000005,2025-09
1748,362,236,4,2025-10-07 07:38:22.086395,318.88,63.776,2025-10
1749,255,262,5,2024-12-06 02:44:30.808152,897.75,179.55,2024-12
1750,943,254,4,2025-08-18 18:21:46.834596,1301.56,260.312,2025-08
1751,510,237,1,2025-09-19 23:18:22.761343,75.37,15.074000000000002,2025-09
1752,317,496,7,2025-08-02 10:58:47.041684,1820.98,364.196,2025-08
1753,115,56,2,2025-05-17 14:37:50.216954,86.34,17.268,2025-05
1754,905,370,4,2025-02-17 17:54:08.471476,1481.44,296.288,2025-02
1755,562,132,8,2025-04-12 01:35:14.832195,180.96,36.192,2025-04
1756,220,73,5,2025-01-11 18:13:53.319376,1246.1499999999999,249.23,2025-01
1757,764,389,7,2025-08-22 19:36:16.126589,835.1700000000001,167.03400000000002,2025-08
1758,650,468,3,2025-07-26 20:52:59.508405,1442.91,288.58200000000005,2025-07
1759,882,82,1,2025-07-15 04:22:44.070476,478.57,95.714,2025-07
1760,571,194,8,2024-12-02 07:01:29.361528,1604.56,320.91200000000003,2024-12
1761,499,356,3,2024-11-20 13:49:21.188287,127.05000000000001,25.410000000000004,2024-11
1762,238,193,4,2025-01-31 23:23:23.009517,784.48,156.89600000000002,2025-01
1763,821,219,9,2025-02-09 08:30:36.095338,283.86,56.772000000000006,2025-02
1764,546,44,7,2024-12-05 03:18:39.880476,1202.32,240.464,2024-12
1765,186,470,4,2025-05-04 05:41:26.137371,1415.92,283.184,2025-05
1766,205,90,5,2025-07-20 14:50:20.650248,1639.8500000000001,327.97,2025-07
1767,433,158,3,2025-07-05 01:51:54.880822,399.41999999999996,79.884,2025-07
1768,251,278,2,2025-02-11 02:01:35.221981,578.34,115.668,2025-02
1769,537,270,8,2025-01-16 23:22:12.398495,1082.08,216.416,2025-01
1770,984,199,7,2025-02-23 16:25:42.295363,377.93,75.586,2025-02
1771,449,343,6,2025-06-03 09:18:51.566746,1418.6399999999999,283.728,2025-06
1772,264,395,1,2025-10-21 04:57:35.109822,397.91,79.58200000000001,2025-10
1773,518,64,7,2025-09-05 03:08:54.099768,2429.49,485.89799999999997,2025-09
1774,607,100,8,2025-06-02 18:07:33.086827,170.48,34.096,2025-06
1775,38,116,8,2025-01-24 05:57:33.687288,3822.96,764.5920000000001,2025-01
1776,393,329,4,2025-01-07 11:24:20.981081,775.92,155.184,2025-01
1777,579,356,4,2025-06-16 11:02:08.001894,169.4,33.88,2025-06
1778,215,50,5,2025-03-08 03:00:18.005186,394.75,78.95,2025-03
1779,42,456,2,2025-02-14 14:54:36.845232,80.08,16.016000000000002,2025-02
1780,893,174,7,2024-12-17 19:23:02.952193,132.72,26.544,2024-12
1781,149,345,3,2025-04-17 01:44:34.678084,1025.6399999999999,205.128,2025-04
1782,126,249,1,2024-11-25 21:28:51.817079,234.98,46.996,2024-11
1783,944,93,6,2025-01-10 14:04:49.124690,268.79999999999995,53.75999999999999,2025-01
1784,704,177,6,2025-10-13 10:42:55.438911,2703.18,540.636,2025-10
1785,839,29,5,2025-09-08 22:56:18.866108,825.95,165.19000000000003,2025-09
1786,696,132,6,2025-08-18 17:03:10.255164,135.72,27.144000000000002,2025-08
1787,69,363,3,2025-09-06 17:44:17.257704,316.20000000000005,63.24000000000001,2025-09
1788,15,366,5,2025-07-06 01:20:18.981114,384.85,76.97000000000001,2025-07
1789,878,269,6,2025-07-31 16:16:28.238832,828.96,165.79200000000003,2025-07
1790,441,150,4,2024-12-07 17:07:03.130658,1597.92,319.58400000000006,2024-12
1791,27,6,4,2025-11-03 17:39:31.802723,403.52,80.70400000000001,2025-11
1792,809,183,3,2025-06-06 07:47:49.316635,843.96,168.79200000000003,2025-06
1793,141,393,1,2024-11-15 02:15:48.352728,323.69,64.738,2024-11
1794,400,53,8,2025-05-01 20:02:10.673128,2323.28,464.65600000000006,2025-05
1795,116,198,5,2025-03-10 10:44:39.899718,1662.3500000000001,332.47,2025-03
1796,66,225,3,2025-04-17 02:02:12.416919,346.98,69.396,2025-04
1797,663,303,1,2025-08-02 04:57:14.700910,185.17,37.034,2025-08
1798,634,342,9,2025-01-08 12:24:28.746018,3732.93,746.586,2025-01
1799,638,216,4,2025-11-02 03:45:55.981376,305.88,61.176,2025-11
1800,338,67,2,2025-05-14 12:10:00.221718,950.34,190.068,2025-05
1801,154,133,8,2025-05-23 17:50:16.929530,1656.48,331.29600000000005,2025-05
1802,254,330,7,2025-05-23 15:08:32.411305,3082.1,616.4200000000001,2025-05
1803,658,115,6,2025-10-25 22:13:11.700266,1665.3600000000001,333.07200000000006,2025-10
1804,750,179,5,2025-01-29 14:47:53.061474,685.8,137.16,2025-01
1805,416,14,8,2025-04-29 12:29:03.470004,1180.0,236.0,2025-04
1806,825,206,3,2025-08-21 11:45:20.250215,808.26,161.65200000000002,2025-08
1807,488,180,4,2025-01-26 23:18:59.117518,1512.52,302.504,2025-01
1808,306,238,5,2025-09-21 23:18:51.580186,1438.85,287.77,2025-09
1809,470,171,3,2025-01-08 18:10:38.396718,865.56,173.112,2025-01
1810,842,289,9,2025-04-19 06:07:11.780914,3106.62,621.3240000000001,2025-04
1811,639,380,3,2024-11-25 07:08:43.171743,488.93999999999994,97.788,2024-11
1812,989,300,3,2024-11-10 13:38:25.060813,627.48,125.49600000000001,2024-11
1813,419,194,7,2025-03-23 20:30:21.117164,1403.99,280.798,2025-03
1814,612,286,3,2025-06-18 22:34:05.320259,899.73,179.94600000000003,2025-06
1815,46,186,7,2025-08-31 08:51:26.893373,841.12,168.22400000000002,2025-08
1816,831,343,5,2025-05-03 04:57:32.327150,1182.2,236.44000000000003,2025-05
1817,287,499,4,2025-02-24 06:23:31.861432,948.44,189.68800000000002,2025-02
1818,966,137,3,2025-04-07 04:24:12.177863,1493.58,298.716,2025-04
1819,604,412,3,2025-06-04 11:27:37.841393,1494.09,298.818,2025-06
1820,133,351,1,2025-05-27 05:25:08.680215,62.49,12.498000000000001,2025-05
1821,760,278,8,2025-07-04 01:51:05.899204,2313.36,462.672,2025-07
1822,401,108,6,2025-02-23 02:59:31.697243,590.0999999999999,118.01999999999998,2025-02
1823,728,339,1,2025-07-01 00:02:38.366019,55.46,11.092,2025-07
1824,838,83,9,2025-10-04 20:28:11.430204,586.4399999999999,117.288,2025-10
1825,747,27,2,2025-05-04 18:08:33.686237,808.56,161.712,2025-05
1826,158,135,8,2025-05-17 15:10:18.931503,340.08,68.016,2025-05
1827,971,166,1,2025-09-09 03:55:15.278840,72.65,14.530000000000001,2025-09
1828,360,356,4,2025-08-17 23:26:17.270679,169.4,33.88,2025-08
1829,694,338,8,2025-06-11 16:19:57.600326,2264.16,452.832,2025-06
1830,882,384,9,2025-09-17 03:25:41.968868,4052.07,810.4140000000001,2025-09
1831,282,459,3,2025-06-11 18:09:59.109967,1106.6999999999998,221.33999999999997,2025-06
1832,167,33,1,2025-05-12 03:51:37.834059,302.47,60.49400000000001,2025-05
1833,860,358,2,2025-10-28 14:07:33.493962,175.4,35.080000000000005,2025-10
1834,328,144,6,2025-07-07 19:19:43.494938,1748.52,349.704,2025-07
1835,486,18,2,2025-08-11 01:24:31.890726,815.56,163.112,2025-08
1836,653,486,7,2024-12-22 11:50:51.246033,1601.11,320.222,2024-12
1837,701,449,1,2024-12-08 05:10:32.201671,137.41,27.482,2024-12
1838,825,83,7,2025-05-10 14:27:17.324008,456.12,91.224,2025-05
1839,683,56,3,2025-03-08 01:37:41.673670,129.51,25.902,2025-03
1840,620,285,5,2025-07-13 15:13:28.402596,2314.6,462.92,2025-07
1841,615,432,3,2025-05-05 15:45:24.830955,841.3499999999999,168.26999999999998,2025-05
1842,230,155,3,2025-04-19 17:12:13.880197,1097.3700000000001,219.47400000000005,2025-04
1843,789,49,8,2025-07-19 11:44:04.766121,378.72,75.74400000000001,2025-07
1844,927,163,7,2024-12-19 09:06:40.242975,499.80000000000007,99.96000000000002,2024-12
1845,72,246,5,2025-04-20 20:30:27.733850,347.95000000000005,69.59000000000002,2025-04
1846,326,198,4,2025-02-11 05:20:46.207902,1329.88,265.97600000000006,2025-02
1847,965,140,4,2025-04-10 21:31:47.984307,318.96,63.792,2025-04
1848,444,119,1,2025-04-14 07:36:03.129796,364.85,72.97000000000001,2025-04
1849,983,376,1,2025-09-23 10:50:18.308989,57.35,11.47,2025-09
1850,951,119,2,2025-03-19 12:50:13.384369,729.7,145.94000000000003,2025-03
1851,911,52,4,2025-02-25 15:32:04.043952,484.0,96.80000000000001,2025-02
1852,864,115,3,2025-08-29 11:08:53.096521,832.6800000000001,166.53600000000003,2025-08
1853,824,99,6,2024-12-08 12:05:24.626249,2420.7,484.14,2024-12
1854,179,253,3,2025-09-25 01:31:51.112176,1077.9,215.58000000000004,2025-09
1855,89,450,4,2025-04-25 14:52:58.330545,1305.96,261.192,2025-04
1856,696,418,3,2025-08-07 09:52:31.288265,1127.94,225.58800000000002,2025-08
1857,411,48,6,2025-08-08 17:17:25.378937,2762.04,552.408,2025-08
1858,108,388,3,2024-11-18 11:59:00.412767,858.48,171.69600000000003,2024-11
1859,446,210,7,2025-09-27 07:51:27.502878,1077.58,215.516,2025-09
1860,15,316,5,2025-10-23 07:03:23.581508,1762.75,352.55,2025-10
1861,316,34,3,2025-01-24 10:18:28.185961,469.56000000000006,93.91200000000002,2025-01
1862,465,334,3,2025-01-31 03:27:41.724805,556.77,111.354,2025-01
1863,4,208,7,2025-09-22 17:40:14.026130,1986.0400000000002,397.2080000000001,2025-09
1864,753,486,6,2025-02-25 06:06:46.140319,1372.3799999999999,274.476,2025-02
1865,471,421,5,2025-01-19 22:15:55.125909,1633.85,326.77,2025-01
1866,448,81,1,2025-10-12 00:46:12.210980,56.98,11.396,2025-10
1867,984,313,7,2025-06-26 04:45:06.229210,442.53999999999996,88.508,2025-06
1868,167,88,8,2025-06-10 13:36:51.511015,2310.88,462.17600000000004,2025-06
1869,428,246,1,2025-10-12 06:39:09.042212,69.59,13.918000000000001,2025-10
1870,588,204,6,2025-03-25 19:19:38.684172,422.34000000000003,84.46800000000002,2025-03
1871,332,305,4,2024-12-12 21:48:17.260863,1498.68,299.73600000000005,2024-12
1872,982,11,5,2025-07-01 05:00:33.184224,378.54999999999995,75.71,2025-07
1873,471,238,4,2025-07-14 13:52:26.797332,1151.08,230.216,2025-07
1874,109,483,1,2025-09-21 03:08:10.136576,12.37,2.474,2025-09
1875,499,170,2,2024-11-11 04:33:17.771670,96.78,19.356,2024-11
1876,369,22,9,2024-11-25 02:24:11.853339,394.11,78.822,2024-11
1877,831,325,2,2024-11-23 08:26:24.443411,555.32,111.06400000000002,2024-11
1878,849,288,3,2024-12-24 05:32:34.685534,1030.9499999999998,206.18999999999997,2024-12
1879,725,139,4,2025-11-04 16:00:32.674053,382.44,76.488,2025-11
1880,385,394,2,2025-02-22 00:11:25.706357,168.1,33.62,2025-02
1881,477,437,5,2025-04-02 23:54:23.645895,1520.35,304.07,2025-04
1882,914,137,5,2025-03-08 20:49:47.771214,2489.3,497.86000000000007,2025-03
1883,184,338,7,2025-06-14 00:10:43.353180,1981.1399999999999,396.228,2025-06
1884,115,13,8,2025-08-02 02:43:43.337840,2840.16,568.032,2025-08
1885,967,99,6,2024-12-09 16:13:12.118095,2420.7,484.14,2024-12
1886,898,273,9,2024-12-26 02:22:20.373285,3651.12,730.224,2024-12
1887,340,337,5,2025-02-21 12:28:53.755267,2150.35,430.07,2025-02
1888,32,436,9,2025-05-02 01:25:06.837855,3962.07,792.4140000000001,2025-05
1889,403,183,1,2025-05-19 14:34:03.518171,281.32,56.264,2025-05
1890,973,381,1,2025-05-28 02:21:16.716442,173.24,34.648,2025-05
1891,707,208,5,2025-02-05 04:17:31.264899,1418.6000000000001,283.72,2025-02
1892,634,166,8,2025-05-06 14:02:56.268845,581.2,116.24000000000001,2025-05
1893,391,266,3,2024-11-21 07:13:43.349198,620.79,124.158,2024-11
1894,165,153,2,2025-04-28 19:25:10.604347,383.76,76.752,2025-04
1895,413,42,1,2024-11-26 12:16:17.109290,410.07,82.01400000000001,2024-11
1896,916,456,5,2024-11-17 21:46:11.600807,200.2,40.04,2024-11
1897,222,280,7,2025-07-13 11:11:18.798244,1249.43,249.88600000000002,2025-07
1898,292,30,5,2024-12-11 19:15:28.838459,2069.2,413.84,2024-12
1899,318,439,1,2025-03-11 17:09:43.537349,108.59,21.718000000000004,2025-03
1900,844,144,8,2025-02-21 07:14:18.664056,2331.36,466.27200000000005,2025-02
1901,127,194,6,2025-06-07 17:39:07.405479,1203.42,240.68400000000003,2025-06
1902,833,273,8,2025-10-11 07:26:59.225928,3245.44,649.0880000000001,2025-10
1903,984,61,7,2025-05-09 11:18:27.653959,3406.48,681.296,2025-05
1904,500,96,3,2024-12-05 10:04:40.297873,1012.4100000000001,202.48200000000003,2024-12
1905,853,173,1,2025-01-05 23:59:33.765406,425.99,85.19800000000001,2025-01
1906,929,205,2,2024-12-29 17:50:18.778218,500.78,100.156,2024-12
1907,575,210,1,2025-08-25 03:05:14.934736,153.94,30.788,2025-08
1908,146,497,2,2025-04-26 14:16:06.309736,926.78,185.356,2025-04
1909,851,341,3,2025-07-20 17:38:31.163656,998.31,199.662,2025-07
1910,230,271,7,2025-08-03 18:58:28.069193,2922.08,584.416,2025-08
1911,626,164,3,2025-08-12 12:38:56.273260,1319.58,263.916,2025-08
1912,593,406,3,2025-02-18 22:27:28.729894,917.6999999999999,183.54,2025-02
1913,5,399,2,2025-02-07 16:45:49.189047,277.94,55.588,2025-02
1914,366,452,7,2025-07-23 05:42:28.917847,643.3000000000001,128.66000000000003,2025-07
1915,10,360,4,2025-07-03 15:18:33.048853,718.96,143.792,2025-07
1916,508,125,9,2024-11-28 21:05:47.007108,945.6299999999999,189.12599999999998,2024-11
1917,266,171,1,2025-10-15 09:15:20.854886,288.52,57.704,2025-10
1918,937,388,5,2025-11-01 06:21:42.463274,1430.8000000000002,286.16,2025-11
1919,504,436,9,2025-05-15 06:21:09.562008,3962.07,792.4140000000001,2025-05
1920,314,267,4,2024-11-26 15:21:14.009605,1923.04,384.608,2024-11
1921,50,472,1,2025-02-14 14:54:40.005789,69.89,13.978000000000002,2025-02
1922,973,97,8,2024-11-26 07:43:25.271187,649.12,129.824,2024-11
1923,798,48,9,2025-07-26 18:30:05.926870,4143.0599999999995,828.612,2025-07
1924,521,467,9,2025-10-04 05:34:49.417756,2296.08,459.216,2025-10
1925,324,283,4,2025-10-16 06:47:05.514202,746.0,149.20000000000002,2025-10
1926,630,406,6,2025-01-24 06:41:01.275485,1835.3999999999999,367.08,2025-01
1927,685,303,4,2025-02-11 15:06:53.864972,740.68,148.136,2025-02
1928,428,235,4,2025-06-01 01:33:18.045035,591.12,118.224,2025-06
1929,739,355,2,2025-02-27 17:50:05.329268,519.72,103.94400000000002,2025-02
1930,834,79,5,2024-12-14 22:04:02.227888,1425.95,285.19,2024-12
1931,306,487,8,2025-02-10 17:05:20.762252,2923.04,584.6080000000001,2025-02
1932,798,397,4,2025-07-14 20:23:29.113852,1876.24,375.24800000000005,2025-07
1933,154,80,2,2025-01-08 03:25:55.896376,228.96,45.792,2025-01
1934,268,184,7,2025-04-21 01:05:23.292391,2574.9500000000003,514.9900000000001,2025-04
1935,353,118,1,2025-01-30 12:10:27.794255,126.27,25.254,2025-01
1936,217,195,3,2025-07-24 20:38:58.586343,526.53,105.306,2025-07
1937,730,414,5,2025-05-04 04:41:00.732162,2421.7,484.34,2025-05
1938,334,23,2,2024-11-26 13:04:20.999203,908.98,181.79600000000002,2024-11
1939,752,410,9,2025-07-13 12:10:19.538068,3105.81,621.162,2025-07
1940,195,191,2,2025-02-01 06:32:40.034159,984.0,196.8,2025-02
1941,344,373,4,2025-01-24 10:22:06.628911,488.68,97.736,2025-01
1942,618,40,4,2025-03-09 00:50:09.868696,773.16,154.632,2025-03
1943,849,191,8,2025-02-10 04:57:23.007238,3936.0,787.2,2025-02
1944,664,56,3,2025-08-15 04:33:46.464982,129.51,25.902,2025-08
1945,89,271,9,2025-09-23 00:29:14.516504,3756.96,751.392,2025-09
1946,619,407,9,2025-05-31 16:38:11.741901,1479.2400000000002,295.84800000000007,2025-05
1947,518,185,1,2024-12-14 18:48:48.718717,432.74,86.548,2024-12
1948,455,239,2,2025-03-17 19:16:55.748292,197.44,39.488,2025-03
1949,721,396,9,2025-02-25 10:09:18.033718,1709.19,341.838,2025-02
1950,873,123,3,2025-05-14 08:16:18.708335,1279.23,255.846,2025-05
1951,16,235,2,2025-03-01 06:23:27.518101,295.56,59.112,2025-03
1952,609,476,3,2025-04-12 10:34:56.542658,50.22,10.044,2025-04
1953,623,124,7,2025-06-26 00:19:31.752553,3292.94,658.5880000000001,2025-06
1954,248,210,6,2025-09-21 08:42:37.953746,923.64,184.728,2025-09
1955,219,1,3,2025-10-16 07:31:36.312246,236.52,47.304,2025-10
1956,959,387,4,2025-06-04 15:29:05.451038,450.44,90.08800000000001,2025-06
1957,860,478,2,2025-09-09 17:20:27.084508,883.62,176.72400000000002,2025-09
1958,102,131,7,2025-01-05 08:50:36.139063,1449.0,289.8,2025-01
1959,542,348,6,2025-06-20 23:53:32.931227,912.1200000000001,182.42400000000004,2025-06
1960,781,171,6,2025-01-24 03:22:04.921564,1731.12,346.224,2025-01
1961,449,2,2,2025-04-11 23:57:08.764416,681.6,136.32000000000002,2025-04
1962,453,139,5,2025-07-25 06:54:47.076682,478.05,95.61000000000001,2025-07
1963,181,205,9,2025-05-19 19:58:43.128820,2253.5099999999998,450.702,2025-05
1964,931,109,2,2025-01-13 06:03:43.905471,173.72,34.744,2025-01
1965,184,60,7,2025-06-01 18:30:36.258640,981.54,196.308,2025-06
1966,957,32,8,2025-08-01 12:50:41.090676,3447.2,689.44,2025-08
1967,440,297,5,2025-02-23 19:20:18.075751,2339.65,467.93000000000006,2025-02
1968,655,190,2,2025-02-10 07:42:38.040789,35.92,7.184000000000001,2025-02
1969,281,261,2,2025-10-25 04:00:05.728111,23.74,4.748,2025-10
1970,588,159,9,2025-03-23 20:43:34.971190,4169.88,833.9760000000001,2025-03
1971,461,380,3,2025-06-29 18:07:56.360801,488.93999999999994,97.788,2025-06
1972,78,64,5,2025-07-19 14:13:45.679050,1735.35,347.07,2025-07
1973,416,232,8,2025-07-14 18:18:53.542088,719.44,143.888,2025-07
1974,158,44,9,2025-06-29 21:37:01.777095,1545.84,309.168,2025-06
1975,254,63,8,2025-04-16 20:20:11.722379,2485.2,497.03999999999996,2025-04
1976,194,232,4,2025-05-24 18:01:50.938057,359.72,71.944,2025-05
1977,477,489,6,2024-12-28 05:12:23.851802,802.5,160.5,2024-12
1978,603,500,9,2025-03-19 00:11:19.237185,3728.16,745.6320000000001,2025-03
1979,952,335,5,2025-05-28 13:59:38.113670,1899.5,379.90000000000003,2025-05
1980,915,381,9,2025-05-23 07:23:06.216644,1559.16,311.83200000000005,2025-05
1981,605,406,1,2025-07-19 07:55:51.535381,305.9,61.18,2025-07
1982,744,50,9,2025-06-06 23:39:44.251532,710.5500000000001,142.11,2025-06
1983,573,164,5,2025-11-05 22:09:38.552200,2199.3,439.86000000000007,2025-11
1984,178,44,7,2025-07-20 00:41:27.980529,1202.32,240.464,2025-07
1985,59,441,6,2025-08-07 20:32:55.849924,1063.68,212.73600000000002,2025-08
1986,847,85,9,2025-07-28 00:37:24.773776,910.71,182.14200000000002,2025-07
1987,88,14,4,2025-09-05 15:17:30.768515,590.0,118.0,2025-09
1988,507,328,8,2024-11-18 09:42:17.539597,1405.92,281.184,2024-11
1989,987,316,4,2025-10-29 09:49:42.143694,1410.2,282.04,2025-10
1990,589,117,4,2025-01-01 05:28:05.183262,994.4,198.88,2025-01
1991,392,146,2,2025-04-27 12:14:38.895662,491.94,98.388,2025-04
1992,556,248,4,2025-01-10 03:47:32.690470,1074.84,214.968,2025-01
1993,895,164,9,2025-07-02 14:02:56.371762,3958.7400000000002,791.748,2025-07
1994,83,368,1,2025-04-22 14:54:39.953915,435.58,87.116,2025-04
1995,397,476,9,2025-01-26 01:59:39.499359,150.66,30.132,2025-01
1996,892,301,4,2025-09-08 00:29:01.084124,1766.2,353.24,2025-09
1997,767,169,3,2025-09-07 09:28:33.269081,1256.6100000000001,251.32200000000003,2025-09
1998,719,148,5,2025-08-28 07:52:53.857709,1648.8,329.76,2025-08
1999,153,173,4,2025-05-16 11:26:20.303840,1703.96,340.79200000000003,2025-05
2000,121,326,5,2024-11-10 12:27:05.139205,2438.85,487.77,2024-11
2001,828,273,4,2024-12-17 12:02:37.710128,1622.72,324.54400000000004,2024-12
2002,607,491,5,2024-11-09 07:05:43.531141,805.95,161.19000000000003,2024-11
2003,215,466,8,2025-02-03 05:31:46.247884,3492.64,698.528,2025-02
2004,851,386,7,2025-09-01 07:12:22.533774,3434.9,686.98,2025-09
2005,793,274,3,2024-12-02 08:30:22.678300,696.9300000000001,139.38600000000002,2024-12
2006,457,17,4,2025-05-27 04:31:05.507762,701.52,140.304,2025-05
2007,808,106,4,2024-12-25 01:55:12.569199,893.32,178.66400000000002,2024-12
2008,834,165,9,2025-01-29 12:09:47.853106,204.12,40.824000000000005,2025-01
2009,830,2,9,2025-03-04 12:19:47.619169,3067.2000000000003,613.44,2025-03
2010,806,42,4,2025-08-26 22:50:24.956244,1640.28,328.05600000000004,2025-08
2011,353,75,7,2025-06-16 08:15:35.297910,2215.92,443.184,2025-06
2012,271,259,2,2025-02-22 07:50:18.435104,734.62,146.924,2025-02
2013,19,240,2,2024-12-01 17:39:27.358411,934.38,186.876,2024-12
2014,587,209,5,2024-12-20 22:03:03.373868,1496.8000000000002,299.36000000000007,2024-12
2015,28,24,6,2025-02-17 11:18:03.740388,2468.7599999999998,493.75199999999995,2025-02
2016,455,105,5,2025-06-26 20:15:36.351135,1341.9,268.38000000000005,2025-06
2017,962,108,5,2025-08-18 03:46:37.721964,491.75,98.35000000000001,2025-08
2018,764,447,5,2024-12-01 18:24:59.414229,623.55,124.71,2024-12
2019,554,302,1,2025-01-10 02:31:56.140145,244.38,48.876000000000005,2025-01
2020,187,116,8,2025-08-25 12:36:02.284181,3822.96,764.5920000000001,2025-08
2021,960,101,5,2025-05-18 08:26:30.463909,1271.3,254.26,2025-05
2022,298,83,9,2025-04-12 12:06:12.088873,586.4399999999999,117.288,2025-04
2023,213,492,2,2025-05-15 20:08:20.678904,245.36,49.072,2025-05
2024,757,409,4,2025-03-19 14:05:01.961997,1202.8,240.56,2025-03
2025,722,362,2,2024-11-10 12:09:02.108350,555.46,111.09200000000001,2024-11
2026,400,392,3,2025-01-20 01:33:57.925420,247.92000000000002,49.584,2025-01
2027,532,120,6,2025-09-11 09:18:27.535747,2364.7799999999997,472.95599999999996,2025-09
2028,209,118,4,2025-02-13 11:04:21.239253,505.08,101.016,2025-02
2029,652,132,1,2025-01-07 23:05:51.813176,22.62,4.524,2025-01
2030,441,23,3,2025-03-05 20:04:13.560956,1363.47,272.694,2025-03
2031,551,110,1,2025-01-23 02:10:23.694333,358.86,71.772,2025-01
2032,596,23,8,2024-12-07 16:52:43.947582,3635.92,727.1840000000001,2024-12
2033,261,265,1,2025-03-09 22:07:47.202315,490.82,98.164,2025-03
2034,550,343,4,2025-07-08 06:46:40.984475,945.76,189.15200000000002,2025-07
2035,82,353,5,2025-09-05 11:14:13.446469,1529.8,305.96,2025-09
2036,836,395,9,2025-05-04 16:49:04.163887,3581.19,716.238,2025-05
2037,687,378,8,2025-08-21 04:39:16.275419,3639.36,727.8720000000001,2025-08
2038,861,334,9,2025-10-17 15:59:38.275003,1670.31,334.062,2025-10
2039,437,79,6,2025-05-18 14:46:57.007025,1711.1399999999999,342.228,2025-05
2040,365,448,7,2025-11-04 19:27:32.960009,2483.8799999999997,496.77599999999995,2025-11
2041,963,313,8,2025-08-13 21:04:25.285710,505.76,101.152,2025-08
2042,779,399,4,2025-01-20 19:07:32.824013,555.88,111.176,2025-01
2043,168,270,6,2025-01-27 08:03:58.210139,811.56,162.312,2025-01
2044,359,494,2,2025-07-05 02:23:12.350314,256.84,51.367999999999995,2025-07
2045,1,57,3,2025-06-20 14:27:24.740955,1460.52,292.104,2025-06
2046,158,103,5,2025-10-15 19:56:54.590353,417.75,83.55000000000001,2025-10
2047,63,495,6,2024-12-18 05:59:02.864715,75.42,15.084000000000001,2024-12
2048,140,474,3,2025-03-18 19:30:45.418555,479.79,95.95800000000001,2025-03
2049,336,105,7,2025-05-16 15:44:10.844841,1878.6599999999999,375.73199999999997,2025-05
2050,603,205,6,2025-02-15 06:38:49.561052,1502.34,300.468,2025-02
2051,503,132,9,2025-10-13 09:48:09.476638,203.58,40.71600000000001,2025-10
2052,804,79,9,2025-08-08 15:32:07.691762,2566.71,513.342,2025-08
2053,236,177,5,2025-04-02 09:25:26.092639,2252.6499999999996,450.53,2025-04
2054,363,55,2,2025-07-12 19:34:49.112169,364.8,72.96000000000001,2025-07
2055,3,328,3,2025-10-06 15:57:27.060406,527.22,105.44400000000002,2025-10
2056,10,490,9,2024-11-14 17:46:42.820892,4183.83,836.7660000000001,2024-11
2057,238,312,7,2024-11-08 04:19:57.023501,830.9,166.18,2024-11
2058,736,272,4,2025-05-25 14:42:59.854396,1291.68,258.336,2025-05
2059,344,71,4,2025-10-23 13:49:36.181267,1633.48,326.696,2025-10
2060,224,311,3,2025-02-18 07:38:45.978514,637.47,127.49400000000001,2025-02
2061,119,60,9,2025-09-02 03:22:09.920005,1261.98,252.39600000000002,2025-09
2062,416,326,8,2024-11-28 18:49:03.012012,3902.16,780.432,2024-11
2063,567,273,4,2025-01-31 12:08:53.356182,1622.72,324.54400000000004,2025-01
2064,209,274,1,2025-10-17 13:12:55.111412,232.31,46.462,2025-10
2065,685,49,2,2024-12-11 18:26:28.753187,94.68,18.936000000000003,2024-12
2066,86,174,4,2025-04-20 21:31:28.034933,75.84,15.168000000000001,2025-04
2067,793,248,5,2025-07-16 08:40:51.041500,1343.55,268.71,2025-07
2068,973,174,8,2025-08-22 11:30:48.383828,151.68,30.336000000000002,2025-08
2069,894,149,4,2025-06-19 02:54:52.722311,326.28,65.256,2025-06
2070,509,105,8,2025-05-14 15:37:33.812479,2147.04,429.408,2025-05
2071,782,440,3,2025-01-09 09:19:46.861470,478.34999999999997,95.67,2025-01
2072,864,48,2,2025-08-06 09:30:20.782339,920.68,184.136,2025-08
2073,828,377,7,2025-03-10 08:10:48.794961,2109.17,421.83400000000006,2025-03
2074,673,463,8,2025-05-10 16:54:15.992691,1135.2,227.04000000000002,2025-05
2075,411,468,6,2025-10-12 17:57:29.725955,2885.82,577.1640000000001,2025-10
2076,526,482,7,2025-02-23 02:15:29.582824,1533.28,306.656,2025-02
2077,217,229,5,2024-12-15 01:13:15.291138,2337.95,467.59,2024-12
2078,417,142,1,2025-08-16 21:18:35.133147,400.4,80.08,2025-08
2079,601,306,3,2024-11-07 11:21:34.055149,744.84,148.96800000000002,2024-11
2080,409,309,3,2025-06-03 14:06:19.884161,1291.68,258.336,2025-06
2081,420,279,3,2024-11-24 19:21:12.206773,191.39999999999998,38.279999999999994,2024-11
2082,433,114,4,2025-06-08 15:37:49.868582,1861.12,372.224,2025-06
2083,817,453,4,2024-12-17 14:17:15.883648,1749.4,349.88000000000005,2024-12
2084,604,474,8,2025-06-23 04:40:53.570506,1279.44,255.88800000000003,2025-06
2085,512,437,8,2025-11-03 12:50:17.524322,2432.56,486.512,2025-11
2086,932,343,4,2025-03-05 21:28:00.761482,945.76,189.15200000000002,2025-03
2087,627,385,8,2025-10-31 22:05:16.794186,2065.28,413.05600000000004,2025-10
2088,858,320,3,2025-11-05 16:12:05.835873,789.48,157.89600000000002,2025-11
2089,347,411,7,2025-01-13 08:11:31.924237,1792.2099999999998,358.442,2025-01
2090,989,54,3,2025-05-16 20:16:59.815503,365.19,73.038,2025-05
2091,136,252,9,2025-09-11 00:46:13.799834,807.66,161.532,2025-09
2092,887,74,1,2025-09-29 03:50:34.524276,35.29,7.058,2025-09
2093,41,11,7,2025-06-09 14:20:41.038864,529.9699999999999,105.99399999999999,2025-06
2094,538,137,5,2025-01-23 13:31:59.565346,2489.3,497.86000000000007,2025-01
2095,39,197,7,2024-12-18 08:01:01.318668,3125.22,625.044,2024-12
2096,81,446,4,2025-10-01 11:51:19.085634,538.88,107.77600000000001,2025-10
2097,165,496,1,2025-10-07 12:51:13.522584,260.14,52.028,2025-10
2098,954,34,4,2025-04-14 04:30:10.037567,626.08,125.21600000000001,2025-04
2099,817,474,2,2025-05-14 10:30:19.070369,319.86,63.97200000000001,2025-05
2100,405,441,2,2025-06-29 09:59:24.933600,354.56,70.912,2025-06
2101,894,342,9,2025-06-08 12:03:16.276365,3732.93,746.586,2025-06
2102,866,102,4,2025-03-02 05:01:20.698137,1454.92,290.98400000000004,2025-03
2103,791,328,2,2025-10-19 19:23:42.780949,351.48,70.296,2025-10
2104,514,169,4,2025-06-06 14:23:19.533587,1675.48,335.096,2025-06
2105,878,93,2,2025-07-04 15:04:56.207978,89.6,17.919999999999998,2025-07
2106,787,80,5,2025-09-05 23:28:43.863704,572.4,114.48,2025-09
2107,106,243,7,2025-04-16 12:37:01.420568,949.4799999999999,189.896,2025-04
2108,386,413,6,2025-01-25 05:23:31.202052,1420.8000000000002,284.16,2025-01
2109,195,425,8,2025-05-25 15:24:17.142004,3859.84,771.9680000000001,2025-05
2110,998,343,8,2025-02-25 05:24:50.913930,1891.52,378.30400000000003,2025-02
2111,676,482,6,2025-05-28 23:06:55.597298,1314.24,262.848,2025-05
2112,641,90,2,2025-10-20 20:09:54.407445,655.94,131.18800000000002,2025-10
2113,511,40,5,2025-03-17 17:28:52.216406,966.4499999999999,193.29,2025-03
2114,710,497,6,2025-10-24 04:01:19.709582,2780.34,556.0680000000001,2025-10
2115,55,281,4,2024-12-16 06:44:10.182374,1977.2,395.44000000000005,2024-12
2116,764,334,7,2025-06-10 03:27:04.973871,1299.13,259.826,2025-06
2117,163,482,3,2025-10-23 00:54:59.635295,657.12,131.424,2025-10
2118,468,293,9,2025-04-02 15:59:41.975796,2264.67,452.934,2025-04
2119,275,5,3,2025-07-27 14:11:10.139158,808.74,161.74800000000002,2025-07
2120,666,109,6,2024-11-07 12:11:05.338328,521.16,104.232,2024-11
2121,897,442,7,2025-07-12 09:54:56.061033,1420.79,284.158,2025-07
2122,363,439,3,2025-07-18 02:48:59.540718,325.77,65.154,2025-07
2123,625,56,1,2024-12-26 23:45:23.302464,43.17,8.634,2024-12
2124,639,146,5,2025-01-31 17:47:42.750103,1229.85,245.97,2025-01
2125,411,64,8,2025-07-24 09:05:27.144014,2776.56,555.312,2025-07
2126,132,457,1,2024-12-19 04:07:07.871915,20.1,4.0200000000000005,2024-12
2127,597,376,9,2025-05-19 00:51:44.938155,516.15,103.23,2025-05
2128,827,108,3,2025-10-01 15:47:19.526219,295.04999999999995,59.00999999999999,2025-10
2129,717,246,1,2025-04-29 10:55:32.907910,69.59,13.918000000000001,2025-04
2130,623,423,2,2024-12-22 00:53:32.811831,955.98,191.19600000000003,2024-12
2131,142,47,5,2024-11-18 05:18:22.467424,326.9,65.38,2024-11
2132,912,363,8,2025-01-04 08:34:36.384876,843.2,168.64000000000001,2025-01
2133,19,425,6,2024-12-08 01:26:11.807667,2894.88,578.976,2024-12
2134,496,215,8,2025-02-02 11:43:46.140097,2167.04,433.408,2025-02
2135,371,73,6,2025-02-10 18:19:30.083288,1495.3799999999999,299.07599999999996,2025-02
2136,469,422,6,2025-10-10 11:30:26.027089,707.28,141.456,2025-10
2137,71,382,8,2025-07-04 20:42:35.632639,1160.0,232.0,2025-07
2138,292,24,1,2025-05-15 19:34:11.828212,411.46,82.292,2025-05
2139,81,84,4,2025-04-05 02:47:56.398442,1153.84,230.768,2025-04
2140,772,434,8,2025-01-12 21:12:19.368139,2862.24,572.448,2025-01
2141,543,255,2,2025-02-13 10:43:31.446153,373.92,74.784,2025-02
2142,399,288,3,2025-03-02 11:01:44.602397,1030.9499999999998,206.18999999999997,2025-03
2143,311,259,1,2025-01-13 21:05:44.284020,367.31,73.462,2025-01
2144,725,118,9,2025-03-28 19:10:33.154841,1136.43,227.28600000000003,2025-03
2145,250,325,3,2025-01-16 04:51:32.276692,832.98,166.596,2025-01
2146,308,154,8,2025-03-16 04:14:38.842724,3133.92,626.7840000000001,2025-03
2147,470,111,4,2025-08-17 05:31:03.215405,1217.0,243.4,2025-08
2148,823,73,3,2025-03-19 03:33:30.128352,747.6899999999999,149.53799999999998,2025-03
2149,457,497,4,2025-08-18 08:00:49.681420,1853.56,370.712,2025-08
2150,631,93,3,2025-03-14 18:57:59.250036,134.39999999999998,26.879999999999995,2025-03
2151,872,291,5,2025-07-07 13:07:47.517030,1417.4,283.48,2025-07
2152,661,211,4,2025-05-28 12:30:43.401304,835.28,167.056,2025-05
2153,635,77,5,2024-11-19 19:49:04.928211,1587.55,317.51,2024-11
2154,119,322,5,2025-08-10 23:22:31.162027,841.8000000000001,168.36,2025-08
2155,510,61,8,2025-07-11 06:25:50.826582,3893.12,778.624,2025-07
2156,336,180,2,2025-03-28 00:08:19.735693,756.26,151.252,2025-03
2157,471,354,3,2025-02-16 16:45:44.111380,675.0600000000001,135.01200000000003,2025-02
2158,993,330,3,2025-02-26 18:29:33.184368,1320.9,264.18,2025-02
2159,200,67,1,2025-01-09 05:57:48.351888,475.17,95.034,2025-01
2160,50,272,6,2025-09-28 05:08:32.205623,1937.52,387.504,2025-09
2161,117,242,5,2025-07-04 20:05:37.228634,1386.75,277.35,2025-07
2162,112,80,3,2024-12-22 02:38:05.142273,343.44,68.688,2024-12
2163,218,400,8,2025-04-09 17:44:12.025002,643.2,128.64000000000001,2025-04
2164,841,343,8,2025-08-24 07:43:21.475854,1891.52,378.30400000000003,2025-08
2165,623,245,9,2025-04-26 09:49:11.997710,1491.1200000000001,298.22400000000005,2025-04
2166,476,368,5,2025-05-31 16:35:27.224499,2177.9,435.58000000000004,2025-05
2167,76,292,1,2025-01-15 00:57:46.675262,311.83,62.366,2025-01
2168,615,239,7,2025-03-08 19:55:41.083920,691.04,138.208,2025-03
2169,918,402,1,2024-12-10 07:58:18.161125,120.81,24.162000000000003,2024-12
2170,158,205,1,2025-07-28 00:31:59.545762,250.39,50.078,2025-07
2171,169,18,7,2025-08-15 21:22:57.389675,2854.46,570.892,2025-08
2172,782,193,8,2025-05-21 00:50:15.120287,1568.96,313.79200000000003,2025-05
2173,814,365,5,2025-10-05 20:04:23.183735,951.35,190.27,2025-10
2174,220,10,2,2025-07-31 00:33:29.130560,691.9,138.38,2025-07
2175,320,344,4,2025-01-03 14:05:38.613324,1536.04,307.208,2025-01
2176,396,74,4,2025-03-12 20:25:43.887502,141.16,28.232,2025-03
2177,333,202,8,2025-06-12 19:03:58.374419,3211.6,642.32,2025-06
2178,890,279,7,2025-03-19 19:48:51.408242,446.59999999999997,89.32,2025-03
2179,480,488,7,2025-07-22 15:53:34.481014,2242.7999999999997,448.55999999999995,2025-07
2180,831,332,3,2025-04-24 13:58:33.006378,1310.6399999999999,262.128,2025-04
2181,957,222,8,2024-12-30 13:56:10.293071,1057.36,211.47199999999998,2024-12
2182,694,422,5,2025-06-19 05:54:18.932544,589.4,117.88,2025-06
2183,598,366,3,2025-02-23 04:24:12.598768,230.91,46.182,2025-02
2184,110,295,3,2025-10-10 08:45:11.385757,426.54,85.308,2025-10
2185,343,441,8,2025-10-25 07:10:05.800973,1418.24,283.648,2025-10
2186,95,451,9,2025-03-12 11:51:50.698259,1459.3500000000001,291.87000000000006,2025-03
2187,773,276,7,2025-08-20 09:48:24.766561,1945.7900000000002,389.1580000000001,2025-08
2188,898,72,5,2025-03-24 14:00:46.221033,1541.6499999999999,308.33,2025-03
2189,522,190,3,2025-02-20 03:48:46.818868,53.88,10.776000000000002,2025-02
2190,484,392,2,2024-11-10 01:41:09.359936,165.28,33.056000000000004,2024-11
2191,429,233,1,2025-06-04 00:34:08.402455,142.48,28.496,2025-06
2192,347,11,6,2025-02-17 23:12:49.265270,454.26,90.852,2025-02
2193,907,394,2,2024-11-20 02:35:56.213241,168.1,33.62,2024-11
2194,77,78,2,2025-06-16 13:46:40.832450,379.94,75.988,2025-06
2195,778,321,1,2025-09-09 10:30:43.322623,183.11,36.62200000000001,2025-09
2196,578,192,3,2025-03-13 08:39:12.778521,452.64,90.528,2025-03
2197,472,316,5,2025-06-02 03:24:19.212268,1762.75,352.55,2025-06
2198,400,321,7,2025-03-08 08:24:40.650023,1281.77,256.354,2025-03
2199,445,294,2,2024-11-17 08:17:00.556719,112.26,22.452,2024-11
2200,630,98,7,2025-09-27 22:23:28.932517,3479.77,695.9540000000001,2025-09
2201,793,52,9,2025-05-02 20:36:07.042510,1089.0,217.8,2025-05
2202,39,178,6,2025-08-22 13:19:16.283125,119.39999999999999,23.88,2025-08
2203,883,97,7,2024-12-15 23:50:57.688060,567.98,113.596,2024-12
2204,646,167,8,2025-07-20 19:10:56.837861,482.48,96.49600000000001,2025-07
2205,554,137,1,2025-03-17 20:36:14.718106,497.86,99.572,2025-03
2206,791,420,1,2025-10-12 09:09:51.483471,403.91,80.78200000000001,2025-10
2207,957,128,4,2025-07-29 00:53:00.099857,244.12,48.824000000000005,2025-07
2208,818,368,8,2025-07-17 23:07:11.199651,3484.64,696.928,2025-07
2209,569,101,1,2025-03-06 19:43:17.941405,254.26,50.852000000000004,2025-03
2210,472,142,5,2025-01-03 23:28:46.583589,2002.0,400.40000000000003,2025-01
2211,141,320,3,2025-11-03 08:20:29.044940,789.48,157.89600000000002,2025-11
2212,552,483,8,2025-06-15 03:10:13.069536,98.96,19.792,2025-06
2213,330,224,1,2024-11-22 10:26:53.873345,201.09,40.218,2024-11
2214,200,298,9,2025-06-07 05:40:49.437966,3884.67,776.9340000000001,2025-06
2215,255,240,6,2025-07-21 19:38:05.095649,2803.14,560.628,2025-07
2216,193,118,4,2025-04-05 11:36:23.149083,505.08,101.016,2025-04
2217,930,384,3,2025-04-04 22:25:59.619314,1350.69,270.13800000000003,2025-04
2218,947,145,9,2025-11-03 15:04:47.757941,1829.61,365.922,2025-11
2219,702,186,4,2025-02-25 22:37:55.199012,480.64,96.128,2025-02
2220,922,374,3,2025-07-16 15:39:37.202761,1014.33,202.866,2025-07
2221,925,35,4,2025-02-10 07:04:34.318033,1100.52,220.104,2025-02
2222,602,197,6,2025-05-17 21:22:51.555089,2678.7599999999998,535.752,2025-05
2223,204,111,7,2025-05-16 09:33:40.022491,2129.75,425.95000000000005,2025-05
2224,597,419,4,2024-12-09 15:29:24.767487,615.28,123.056,2024-12
2225,370,499,6,2025-04-25 10:58:38.331243,1422.66,284.53200000000004,2025-04
2226,511,482,7,2024-11-28 20:58:39.877239,1533.28,306.656,2024-11
2227,959,460,7,2025-10-18 07:31:55.913042,1503.39,300.67800000000005,2025-10
2228,891,105,9,2025-04-09 14:27:17.702910,2415.42,483.08400000000006,2025-04
2229,173,286,3,2025-06-06 02:42:42.885286,899.73,179.94600000000003,2025-06
2230,978,383,5,2024-11-15 16:57:02.834626,1220.95,244.19000000000003,2024-11
2231,118,398,8,2025-10-27 11:47:11.747093,2146.8,429.36000000000007,2025-10
2232,741,100,9,2025-04-14 07:03:02.484968,191.79,38.358,2025-04
2233,60,463,6,2025-05-29 15:41:40.221525,851.4000000000001,170.28000000000003,2025-05
2234,739,404,1,2025-02-06 14:49:22.722807,380.61,76.122,2025-02
2235,595,208,9,2024-12-28 04:39:25.099658,2553.4800000000005,510.69600000000014,2024-12
2236,890,153,8,2025-03-24 04:44:37.279037,1535.04,307.008,2025-03
2237,186,267,1,2025-06-03 18:10:16.846408,480.76,96.152,2025-06
2238,739,76,8,2025-09-05 11:26:26.736776,3788.48,757.696,2025-09
2239,10,360,8,2025-07-28 11:24:06.125363,1437.92,287.584,2025-07
2240,544,450,4,2025-10-12 06:31:46.585651,1305.96,261.192,2025-10
2241,165,470,4,2025-01-17 02:04:15.166363,1415.92,283.184,2025-01
2242,236,16,8,2025-07-26 08:12:03.077304,3473.52,694.7040000000001,2025-07
2243,379,343,7,2025-06-30 05:13:45.467667,1655.08,331.016,2025-06
2244,742,431,5,2025-08-11 09:04:42.612498,1247.2,249.44000000000003,2025-08
2245,220,158,2,2025-01-15 05:46:27.702106,266.28,53.256,2025-01
2246,38,400,8,2025-06-26 15:20:57.089805,643.2,128.64000000000001,2025-06
2247,832,33,1,2025-05-22 12:58:20.356348,302.47,60.49400000000001,2025-05
2248,623,341,3,2025-09-26 09:57:10.014541,998.31,199.662,2025-09
2249,762,68,9,2025-11-04 20:38:14.472497,1605.5099999999998,321.102,2025-11
2250,887,105,3,2025-02-04 09:49:51.879118,805.14,161.02800000000002,2025-02
2251,665,206,2,2024-11-15 01:31:36.267183,538.84,107.76800000000001,2024-11
2252,878,461,1,2025-08-12 11:09:16.688614,237.29,47.458,2025-08
2253,760,78,3,2024-12-12 02:53:17.654222,569.91,113.982,2024-12
2254,574,495,3,2025-02-15 23:03:58.150703,37.71,7.542000000000001,2025-02
2255,816,146,2,2025-03-18 07:03:49.673378,491.94,98.388,2025-03
2256,68,223,3,2025-10-10 12:43:39.235950,50.79,10.158000000000001,2025-10
2257,389,400,3,2025-06-29 09:29:58.738652,241.20000000000002,48.24000000000001,2025-06
2258,882,319,6,2025-06-22 04:17:31.559989,1239.1200000000001,247.82400000000004,2025-06
2259,847,352,1,2024-11-15 11:23:35.485298,331.9,66.38,2024-11
2260,439,50,5,2025-09-16 05:32:36.365680,394.75,78.95,2025-09
2261,782,459,7,2025-05-26 13:40:02.398914,2582.2999999999997,516.4599999999999,2025-05
2262,996,246,1,2025-03-07 07:05:13.783756,69.59,13.918000000000001,2025-03
2263,251,270,9,2025-05-31 03:43:59.633671,1217.34,243.468,2025-05
2264,947,16,1,2024-12-21 02:56:57.539864,434.19,86.83800000000001,2024-12
2265,771,224,4,2025-10-07 02:11:15.259145,804.36,160.872,2025-10
2266,811,13,4,2025-10-28 16:10:46.055260,1420.08,284.016,2025-10
2267,327,2,3,2025-04-24 03:51:55.077379,1022.4000000000001,204.48000000000002,2025-04
2268,966,290,1,2025-01-24 06:51:03.691165,176.34,35.268,2025-01
2269,142,410,4,2025-01-17 14:22:50.887598,1380.36,276.072,2025-01
2270,498,100,4,2025-08-31 22:10:46.525288,85.24,17.048,2025-08
2271,117,353,7,2025-08-02 19:02:00.911957,2141.72,428.344,2025-08
2272,798,259,4,2025-07-14 00:33:43.749909,1469.24,293.848,2025-07
2273,856,305,3,2025-09-09 15:00:57.695988,1124.01,224.80200000000002,2025-09
2274,121,412,2,2025-03-31 19:07:00.009505,996.06,199.212,2025-03
2275,690,71,5,2025-03-09 13:20:33.048132,2041.85,408.37,2025-03
2276,336,322,1,2024-12-10 22:13:48.132998,168.36,33.672000000000004,2024-12
2277,339,395,2,2025-01-11 22:22:36.432415,795.82,159.16400000000002,2025-01
2278,694,194,9,2025-01-04 11:04:38.773024,1805.1299999999999,361.026,2025-01
2279,151,34,9,2025-07-17 14:41:40.057563,1408.68,281.73600000000005,2025-07
2280,664,186,8,2024-12-25 19:47:31.681041,961.28,192.256,2024-12
2281,526,450,8,2025-06-23 05:13:18.492977,2611.92,522.384,2025-06
2282,474,154,2,2025-05-11 16:04:05.322557,783.48,156.69600000000003,2025-05
2283,884,96,7,2024-12-05 15:36:35.750370,2362.29,472.458,2024-12
2284,619,373,8,2025-05-04 21:09:03.714901,977.36,195.472,2025-05
2285,103,346,2,2024-12-10 02:33:09.670436,684.94,136.98800000000003,2024-12
2286,229,295,6,2025-04-11 01:01:10.320449,853.08,170.616,2025-04
2287,859,12,3,2025-02-02 06:35:53.177672,570.42,114.084,2025-02
2288,446,81,8,2025-06-06 05:19:36.535388,455.84,91.168,2025-06
2289,337,283,3,2025-01-05 20:32:14.635249,559.5,111.9,2025-01
2290,164,209,4,2025-02-16 09:32:04.020802,1197.44,239.48800000000003,2025-02
2291,334,499,8,2025-03-22 02:06:24.209262,1896.88,379.37600000000003,2025-03
2292,906,94,4,2025-01-22 05:48:29.167391,342.52,68.504,2025-01
2293,882,114,8,2025-01-15 08:00:26.381332,3722.24,744.448,2025-01
2294,874,146,7,2025-08-22 03:54:21.041363,1721.79,344.358,2025-08
2295,54,460,2,2024-11-14 22:39:30.734446,429.54,85.90800000000002,2024-11
2296,563,367,4,2025-02-01 18:07:26.867028,225.84,45.168000000000006,2025-02
2297,832,155,1,2025-04-21 13:36:46.579695,365.79,73.158,2025-04
2298,853,300,9,2025-06-01 03:06:47.556820,1882.44,376.48800000000006,2025-06
2299,162,66,9,2025-07-06 18:37:28.117481,1487.61,297.522,2025-07
2300,420,5,8,2025-09-08 17:13:36.711962,2156.64,431.328,2025-09
2301,502,337,9,2025-03-13 13:01:29.886726,3870.63,774.1260000000001,2025-03
2302,745,117,3,2024-11-29 18:11:24.042742,745.8,149.16,2024-11
2303,941,450,4,2025-10-10 16:55:00.395940,1305.96,261.192,2025-10
2304,374,376,7,2025-03-21 06:18:37.190977,401.45,80.29,2025-03
2305,608,93,3,2025-01-09 12:37:38.226185,134.39999999999998,26.879999999999995,2025-01
2306,138,214,8,2025-02-23 20:33:29.642156,2576.24,515.2479999999999,2025-02
2307,814,243,1,2025-04-22 20:14:37.941934,135.64,27.128,2025-04
2308,980,316,9,2025-07-28 12:41:24.296164,3172.9500000000003,634.5900000000001,2025-07
2309,735,430,9,2025-04-19 00:47:16.201486,1238.94,247.788,2025-04
2310,977,146,7,2025-05-12 09:26:59.732048,1721.79,344.358,2025-05
2311,140,206,2,2025-07-09 02:10:43.266480,538.84,107.76800000000001,2025-07
2312,139,336,2,2025-06-05 23:04:04.235555,668.22,133.644,2025-06
2313,170,36,7,2025-10-12 00:47:07.666647,1382.08,276.416,2025-10
2314,406,71,3,2025-08-28 01:56:14.057515,1225.1100000000001,245.02200000000005,2025-08
2315,68,367,9,2025-04-13 12:06:23.622274,508.14,101.628,2025-04
2316,252,326,4,2025-04-10 04:48:23.685113,1951.08,390.216,2025-04
2317,245,78,4,2025-10-30 13:09:31.573634,759.88,151.976,2025-10
2318,757,265,1,2025-05-26 23:20:17.118975,490.82,98.164,2025-05
2319,606,61,7,2025-04-21 02:09:04.612473,3406.48,681.296,2025-04
2320,236,307,9,2025-10-25 18:09:42.096512,959.58,191.91600000000003,2025-10
2321,149,417,7,2025-07-07 20:05:08.441508,1933.19,386.63800000000003,2025-07
2322,864,140,9,2025-04-21 10:52:08.122635,717.66,143.532,2025-04
2323,315,190,8,2024-12-02 05:39:42.136810,143.68,28.736000000000004,2024-12
2324,321,308,9,2025-04-21 16:47:50.555424,3481.38,696.2760000000001,2025-04
2325,224,281,2,2025-11-04 11:03:35.316429,988.6,197.72000000000003,2025-11
2326,904,193,7,2025-11-05 18:52:53.741571,1372.8400000000001,274.56800000000004,2025-11
2327,692,368,7,2025-03-04 17:48:36.655821,3049.06,609.812,2025-03
2328,865,109,9,2024-12-10 09:10:10.736118,781.74,156.348,2024-12
2329,311,471,3,2025-09-19 08:01:23.477764,507.96,101.592,2025-09
2330,60,59,8,2025-06-26 04:42:25.843966,2326.72,465.344,2025-06
2331,510,492,8,2024-12-20 18:55:15.639602,981.44,196.288,2024-12
2332,2,466,2,2025-02-03 20:36:23.312579,873.16,174.632,2025-02
2333,477,289,7,2025-02-22 16:32:03.878970,2416.26,483.25200000000007,2025-02
2334,994,303,2,2025-05-09 23:28:37.101482,370.34,74.068,2025-05
2335,514,74,2,2025-01-19 08:34:49.815537,70.58,14.116,2025-01
2336,581,321,1,2025-03-30 11:54:05.513402,183.11,36.62200000000001,2025-03
2337,656,482,6,2025-07-09 06:03:07.181987,1314.24,262.848,2025-07
2338,466,458,4,2025-09-29 16:01:33.842769,138.88,27.776,2025-09
2339,934,297,7,2025-01-28 06:44:06.265089,3275.51,655.1020000000001,2025-01
2340,48,407,9,2025-03-19 05:15:27.663699,1479.2400000000002,295.84800000000007,2025-03
2341,955,190,3,2024-11-17 21:27:38.010267,53.88,10.776000000000002,2024-11
2342,257,353,3,2024-11-07 13:44:06.555638,917.8799999999999,183.576,2024-11
2343,517,320,7,2024-12-06 23:38:57.522238,1842.1200000000001,368.42400000000004,2024-12
2344,617,109,8,2025-01-12 17:51:31.767683,694.88,138.976,2025-01
2345,54,117,2,2025-07-28 11:53:18.989460,497.2,99.44,2025-07
2346,594,233,1,2025-09-08 02:22:19.992658,142.48,28.496,2025-09
2347,364,191,9,2025-04-18 04:06:36.037413,4428.0,885.6,2025-04
2348,674,349,9,2025-03-18 15:41:32.893313,1769.4900000000002,353.8980000000001,2025-03
2349,91,445,8,2025-09-19 00:50:16.361032,1745.52,349.10400000000004,2025-09
2350,567,300,2,2025-03-24 01:37:09.190796,418.32,83.664,2025-03
2351,258,229,7,2025-08-12 00:48:56.856045,3273.1299999999997,654.626,2025-08
2352,183,290,4,2024-11-27 17:11:07.137796,705.36,141.072,2024-11
2353,78,335,6,2025-05-02 09:09:41.762997,2279.3999999999996,455.87999999999994,2025-05
2354,555,446,3,2025-08-10 18:23:34.524118,404.15999999999997,80.832,2025-08
2355,954,141,5,2025-05-15 17:26:01.460103,334.75,66.95,2025-05
2356,577,394,8,2025-08-08 01:33:06.241416,672.4,134.48,2025-08
2357,241,158,4,2025-02-23 21:22:43.111283,532.56,106.512,2025-02
2358,490,261,7,2025-07-17 23:27:25.205157,83.08999999999999,16.618,2025-07
2359,452,467,3,2025-10-01 16:23:53.697293,765.36,153.072,2025-10
2360,378,440,7,2025-02-26 19:50:18.015830,1116.1499999999999,223.23,2025-02
2361,815,252,2,2025-01-14 08:27:57.433356,179.48,35.896,2025-01
2362,161,171,8,2024-12-11 19:16:00.584730,2308.16,461.632,2024-12
2363,531,451,4,2025-10-31 20:04:18.246511,648.6,129.72,2025-10
2364,838,499,9,2025-02-13 06:07:05.104746,2133.9900000000002,426.79800000000006,2025-02
2365,206,393,1,2025-10-14 06:35:00.223818,323.69,64.738,2025-10
2366,654,423,5,2025-09-04 20:04:28.627893,2389.95,477.99,2025-09
2367,992,63,4,2025-05-04 15:00:16.134173,1242.6,248.51999999999998,2025-05
2368,936,331,6,2025-05-20 05:56:31.966807,825.54,165.108,2025-05
2369,368,466,7,2025-04-14 04:02:02.693296,3056.06,611.212,2025-04
2370,137,47,5,2025-03-06 02:58:55.864023,326.9,65.38,2025-03
2371,725,341,6,2025-05-03 08:12:49.155700,1996.62,399.324,2025-05
2372,817,448,6,2025-03-29 22:14:15.405667,2129.04,425.808,2025-03
2373,18,461,6,2025-06-26 01:41:17.602001,1423.74,284.748,2025-06
2374,92,281,1,2025-09-15 12:43:56.059309,494.3,98.86000000000001,2025-09
2375,701,89,9,2025-08-12 10:53:58.261234,3403.89,680.778,2025-08
2376,36,208,5,2025-08-03 17:24:53.510736,1418.6000000000001,283.72,2025-08
2377,655,53,1,2024-12-29 12:03:39.140137,290.41,58.08200000000001,2024-12
2378,492,9,2,2025-08-12 09:00:19.749974,536.5,107.30000000000001,2025-08
2379,305,381,2,2025-01-09 08:18:39.784120,346.48,69.296,2025-01
2380,70,7,9,2024-11-12 20:21:52.450561,1340.28,268.056,2024-11
2381,964,297,8,2024-11-18 23:17:19.772797,3743.44,748.6880000000001,2024-11
2382,959,138,4,2025-02-16 06:33:22.581641,1478.08,295.616,2025-02
2383,760,5,2,2025-05-29 16:09:05.503026,539.16,107.832,2025-05
2384,966,315,5,2025-01-20 22:19:13.049234,946.85,189.37,2025-01
2385,510,166,2,2025-04-08 12:11:06.810049,145.3,29.060000000000002,2025-04
2386,217,48,6,2025-05-12 00:06:17.351096,2762.04,552.408,2025-05
2387,456,170,6,2025-04-22 03:38:42.153326,290.34000000000003,58.06800000000001,2025-04
2388,362,294,2,2025-01-09 17:17:01.084518,112.26,22.452,2025-01
2389,43,442,8,2025-01-25 04:38:35.880451,1623.76,324.752,2025-01
2390,488,105,2,2025-10-25 01:18:13.806695,536.76,107.352,2025-10
2391,311,427,6,2025-08-18 21:41:53.824438,2694.42,538.884,2025-08
2392,901,257,3,2025-07-10 12:58:21.954764,461.54999999999995,92.31,2025-07
2393,858,331,9,2025-02-20 20:51:29.708599,1238.31,247.662,2025-02
2394,432,143,1,2025-06-16 14:28:03.313336,362.58,72.516,2025-06
2395,89,341,5,2025-04-20 09:03:47.164593,1663.85,332.77,2025-04
2396,225,176,2,2025-03-16 03:47:28.810158,694.02,138.804,2025-03
2397,935,393,3,2025-02-02 17:05:32.516215,971.0699999999999,194.214,2025-02
2398,806,318,4,2024-12-04 12:08:10.208507,149.24,29.848000000000003,2024-12
2399,384,265,7,2025-09-28 01:39:35.098102,3435.74,687.148,2025-09
2400,959,346,7,2025-04-05 19:42:39.207764,2397.29,479.458,2025-04
2401,516,256,3,2025-06-13 22:04:12.861063,70.86,14.172,2025-06
2402,721,461,5,2025-06-24 22:50:47.204731,1186.45,237.29000000000002,2025-06
2403,265,172,6,2024-11-14 20:24:19.505016,1903.8000000000002,380.76000000000005,2024-11
2404,803,6,1,2025-08-23 00:49:36.182843,100.88,20.176000000000002,2025-08
2405,371,320,4,2025-06-13 18:48:24.451979,1052.64,210.52800000000002,2025-06
2406,399,79,5,2025-03-08 02:57:20.399102,1425.95,285.19,2025-03
2407,415,253,9,2025-06-13 08:00:31.487859,3233.7000000000003,646.7400000000001,2025-06
2408,140,51,8,2024-11-20 13:55:10.385800,1674.8,334.96000000000004,2024-11
2409,909,318,2,2025-04-05 09:44:22.201389,74.62,14.924000000000001,2025-04
2410,432,308,7,2025-08-06 20:07:36.396685,2707.74,541.548,2025-08
2411,64,153,8,2025-06-21 00:06:10.433878,1535.04,307.008,2025-06
2412,966,344,5,2025-07-28 00:20:02.270694,1920.05,384.01,2025-07
2413,633,329,5,2024-11-29 10:48:54.802838,969.9,193.98000000000002,2024-11
2414,836,58,7,2025-07-26 15:28:00.643948,1178.87,235.774,2025-07
2415,455,381,6,2025-09-03 05:56:33.519527,1039.44,207.88800000000003,2025-09
2416,973,467,8,2025-02-05 23:47:45.940381,2040.96,408.192,2025-02
2417,125,267,7,2024-12-18 13:33:48.188831,3365.3199999999997,673.064,2024-12
2418,498,211,3,2025-01-17 12:28:49.983690,626.46,125.29200000000002,2025-01
2419,19,197,4,2025-07-20 22:28:14.489586,1785.84,357.168,2025-07
2420,501,222,6,2025-05-19 20:49:47.759396,793.02,158.604,2025-05
2421,280,310,3,2025-07-12 00:38:55.950316,1343.76,268.752,2025-07
2422,853,374,9,2025-07-12 18:43:13.983552,3042.9900000000002,608.5980000000001,2025-07
2423,467,204,3,2024-12-11 00:24:11.714589,211.17000000000002,42.23400000000001,2024-12
2424,199,265,4,2025-03-30 19:43:06.186759,1963.28,392.656,2025-03
2425,320,470,3,2025-06-24 23:46:45.747714,1061.94,212.38800000000003,2025-06
2426,78,5,1,2025-01-11 16:30:36.092765,269.58,53.916,2025-01
2427,606,410,5,2025-01-14 00:28:48.469481,1725.4499999999998,345.09,2025-01
2428,508,52,6,2025-08-11 18:32:46.019228,726.0,145.20000000000002,2025-08
2429,523,439,6,2025-04-08 11:16:58.758744,651.54,130.308,2025-04
2430,262,6,4,2024-12-15 08:43:03.889624,403.52,80.70400000000001,2024-12
2431,866,37,1,2025-10-06 19:31:35.385437,374.08,74.816,2025-10
2432,90,341,3,2025-04-20 13:45:28.504664,998.31,199.662,2025-04
2433,381,128,3,2025-06-28 03:12:03.524122,183.09,36.618,2025-06
2434,553,496,9,2025-04-07 16:04:18.385155,2341.2599999999998,468.25199999999995,2025-04
2435,346,121,6,2025-07-23 20:46:23.455347,535.8,107.16,2025-07
2436,168,497,9,2025-01-03 13:29:54.864642,4170.51,834.1020000000001,2025-01
2437,668,344,7,2025-08-12 16:32:02.361917,2688.0699999999997,537.6139999999999,2025-08
2438,198,357,6,2025-01-06 02:56:53.137678,1330.98,266.196,2025-01
2439,114,348,7,2025-07-25 22:24:38.711083,1064.14,212.82800000000003,2025-07
2440,269,86,3,2025-08-30 02:58:43.055382,811.83,162.366,2025-08
2441,549,47,1,2025-08-01 07:55:13.026585,65.38,13.076,2025-08
2442,615,71,4,2025-06-22 06:41:57.419856,1633.48,326.696,2025-06
2443,150,340,4,2024-11-11 18:46:14.464106,966.28,193.256,2024-11
2444,579,319,1,2025-02-01 09:30:17.589823,206.52,41.304,2025-02
2445,117,28,2,2025-09-29 13:16:02.466387,181.72,36.344,2025-09
2446,364,278,6,2024-12-12 06:50:04.098730,1735.02,347.004,2024-12
2447,241,182,4,2025-02-24 17:05:29.335299,1608.2,321.64000000000004,2025-02
2448,261,383,6,2024-11-28 18:08:00.167469,1465.1399999999999,293.02799999999996,2024-11
2449,694,70,5,2025-10-23 07:27:27.112680,767.2,153.44000000000003,2025-10
2450,642,146,7,2025-04-22 20:33:16.550336,1721.79,344.358,2025-04
2451,10,245,3,2024-11-13 23:01:52.337390,497.04,99.40800000000002,2024-11
2452,224,107,1,2025-03-11 12:52:23.617599,232.17,46.434,2025-03
2453,86,99,7,2025-01-02 08:57:18.812645,2824.15,564.83,2025-01
2454,491,399,8,2025-01-17 13:16:38.943482,1111.76,222.352,2025-01
2455,415,68,6,2025-06-01 06:41:14.613996,1070.34,214.06799999999998,2025-06
2456,93,69,9,2024-11-09 03:51:23.828159,1009.8000000000001,201.96000000000004,2024-11
2457,594,257,7,2025-09-15 18:23:16.198770,1076.95,215.39000000000001,2025-09
2458,795,254,4,2025-04-07 13:40:38.158541,1301.56,260.312,2025-04
2459,660,349,7,2025-03-10 11:44:36.264187,1376.27,275.254,2025-03
2460,677,182,7,2024-11-21 02:51:41.260518,2814.35,562.87,2024-11
2461,838,310,4,2025-05-04 16:28:20.057921,1791.68,358.336,2025-05
2462,947,371,7,2025-11-05 17:59:20.733640,760.76,152.15200000000002,2025-11
2463,388,64,8,2024-12-16 18:12:19.270312,2776.56,555.312,2024-12
2464,974,2,5,2025-07-22 16:34:35.561793,1704.0,340.8,2025-07
2465,220,323,7,2025-04-16 06:08:20.650228,2654.33,530.866,2025-04
2466,870,496,7,2025-05-06 00:53:15.309690,1820.98,364.196,2025-05
2467,64,495,4,2025-07-17 14:40:50.250204,50.28,10.056000000000001,2025-07
2468,790,236,4,2025-06-01 08:53:47.154971,318.88,63.776,2025-06
2469,241,343,1,2025-05-12 15:11:00.220678,236.44,47.288000000000004,2025-05
2470,507,240,3,2024-11-08 17:30:13.077911,1401.57,280.314,2024-11
2471,137,353,9,2025-03-31 00:20:48.718262,2753.64,550.728,2025-03
2472,486,135,6,2024-11-11 09:38:01.488194,255.06,51.012,2024-11
2473,85,27,7,2025-04-08 20:41:06.190201,2829.96,565.9920000000001,2025-04
2474,749,391,3,2025-08-19 12:34:55.487443,367.92,73.584,2025-08
2475,491,3,9,2025-03-31 08:33:45.738962,2416.68,483.336,2025-03
2476,290,81,4,2025-03-31 11:26:41.016682,227.92,45.584,2025-03
2477,327,304,7,2025-09-15 21:51:49.967562,1650.53,330.106,2025-09
2478,587,44,8,2024-12-12 11:52:25.329459,1374.08,274.816,2024-12
2479,916,367,5,2025-06-21 09:39:30.179470,282.3,56.46000000000001,2025-06
2480,363,186,8,2025-07-29 07:11:21.268860,961.28,192.256,2025-07
2481,553,340,1,2025-04-21 04:33:42.855512,241.57,48.314,2025-04
2482,281,354,9,2025-06-17 03:58:02.739220,2025.18,405.03600000000006,2025-06
2483,590,351,2,2025-01-01 08:54:24.581508,124.98,24.996000000000002,2025-01
2484,500,496,1,2025-09-05 06:22:55.598691,260.14,52.028,2025-09
2485,754,163,8,2025-08-05 07:08:08.513682,571.2,114.24000000000001,2025-08
2486,438,164,3,2025-07-02 13:42:38.293634,1319.58,263.916,2025-07
2487,909,482,3,2024-12-14 12:13:49.541750,657.12,131.424,2024-12
2488,277,61,5,2025-06-11 09:49:35.590657,2433.2,486.64,2025-06
2489,835,305,1,2025-09-14 20:53:38.700025,374.67,74.93400000000001,2025-09
2490,121,377,1,2024-12-01 21:59:25.467931,301.31,60.262,2024-12
2491,670,269,7,2025-01-24 02:54:19.244829,967.12,193.424,2025-01
2492,229,266,5,2025-10-14 02:35:20.805405,1034.65,206.93000000000004,2025-10
2493,742,225,8,2025-07-08 08:57:29.290482,925.28,185.056,2025-07
2494,791,199,1,2025-01-02 09:21:15.199273,53.99,10.798000000000002,2025-01
2495,81,239,3,2025-07-10 09:53:00.657204,296.15999999999997,59.232,2025-07
2496,199,76,9,2025-03-01 03:11:59.449140,4262.04,852.408,2025-03
2497,356,237,1,2025-05-28 23:15:01.722834,75.37,15.074000000000002,2025-05
2498,272,40,4,2025-04-24 11:42:38.356968,773.16,154.632,2025-04
2499,63,411,2,2025-10-23 08:31:07.054928,512.06,102.41199999999999,2025-10
2500,757,299,1,2025-09-21 19:39:22.077067,184.21,36.842000000000006,2025-09
2501,887,345,6,2025-03-19 16:29:40.314616,2051.2799999999997,410.256,2025-03
2502,654,222,4,2025-02-10 04:40:20.969973,528.68,105.73599999999999,2025-02
2503,959,108,4,2025-05-22 12:49:31.071053,393.4,78.68,2025-05
2504,265,152,8,2024-11-08 13:31:22.441061,2586.48,517.296,2024-11
2505,645,255,3,2025-08-29 23:41:27.111280,560.88,112.176,2025-08
2506,257,397,9,2025-03-22 09:24:59.102514,4221.54,844.308,2025-03
2507,9,153,7,2025-06-20 07:41:50.046446,1343.1599999999999,268.632,2025-06
2508,222,278,7,2025-03-04 02:20:33.332765,2024.19,404.838,2025-03
2509,862,278,9,2025-03-20 11:14:33.031664,2602.53,520.5060000000001,2025-03
2510,232,111,5,2025-09-27 16:23:59.250530,1521.25,304.25,2025-09
2511,737,432,4,2025-03-13 00:56:21.365818,1121.8,224.36,2025-03
2512,971,334,7,2025-09-17 05:24:35.655434,1299.13,259.826,2025-09
2513,981,36,4,2025-06-25 07:58:33.477312,789.76,157.952,2025-06
2514,590,193,2,2025-06-02 02:38:03.909404,392.24,78.44800000000001,2025-06
2515,112,167,6,2025-01-28 18:38:20.002595,361.86,72.372,2025-01
2516,772,341,1,2024-12-08 09:19:49.441559,332.77,66.554,2024-12
2517,589,312,6,2025-10-10 17:03:12.279890,712.2,142.44000000000003,2025-10
2518,995,108,5,2025-05-12 09:04:25.865139,491.75,98.35000000000001,2025-05
2519,641,442,8,2025-01-21 00:48:14.379966,1623.76,324.752,2025-01
2520,25,70,9,2025-05-04 10:44:44.383817,1380.96,276.192,2025-05
2521,355,284,4,2025-04-29 16:06:14.049752,304.24,60.848000000000006,2025-04
2522,43,121,5,2025-08-18 21:43:47.368726,446.5,89.30000000000001,2025-08
2523,888,446,6,2025-05-29 11:09:20.599576,808.3199999999999,161.664,2025-05
2524,122,338,5,2025-07-24 12:02:36.630293,1415.1,283.02,2025-07
2525,398,146,5,2024-12-08 19:27:46.986426,1229.85,245.97,2024-12
2526,558,45,6,2024-12-14 13:48:56.931740,2311.38,462.27600000000007,2024-12
2527,821,161,4,2025-06-26 12:32:40.932421,1004.2,200.84000000000003,2025-06
2528,369,82,6,2025-03-22 09:02:36.219975,2871.42,574.284,2025-03
2529,124,483,3,2024-11-13 23:54:34.285799,37.11,7.422000000000001,2024-11
2530,192,418,2,2025-05-20 08:29:14.724771,751.96,150.39200000000002,2025-05
2531,368,330,4,2025-02-13 22:59:51.456656,1761.2,352.24,2025-02
2532,467,137,5,2025-01-13 04:56:15.848466,2489.3,497.86000000000007,2025-01
2533,63,184,3,2025-11-01 02:38:14.061277,1103.5500000000002,220.71000000000004,2025-11
2534,320,43,7,2025-04-24 23:35:24.935898,86.73,17.346,2025-04
2535,225,486,1,2025-03-12 23:46:18.170893,228.73,45.746,2025-03
2536,251,279,3,2025-04-01 08:46:35.036283,191.39999999999998,38.279999999999994,2025-04
2537,880,386,5,2025-10-10 09:55:53.678477,2453.5,490.70000000000005,2025-10
2538,996,212,1,2025-02-02 13:37:50.458966,387.0,77.4,2025-02
2539,430,308,3,2025-06-05 20:44:59.700360,1160.46,232.092,2025-06
2540,746,441,1,2025-08-18 16:14:32.560943,177.28,35.456,2025-08
2541,364,407,6,2025-03-26 12:27:06.318146,986.1600000000001,197.23200000000003,2025-03
2542,688,285,7,2025-04-18 04:58:13.385653,3240.44,648.0880000000001,2025-04
2543,526,412,2,2025-06-09 18:19:15.949381,996.06,199.212,2025-06
2544,298,419,3,2025-04-06 10:23:16.794903,461.46,92.292,2025-04
2545,241,101,2,2025-05-12 05:56:18.667399,508.52,101.70400000000001,2025-05
2546,177,478,5,2025-03-18 03:51:45.458385,2209.05,441.81000000000006,2025-03
2547,975,476,9,2024-11-27 20:47:18.397790,150.66,30.132,2024-11
2548,190,147,7,2025-01-30 22:35:31.844690,2522.3799999999997,504.47599999999994,2025-01
2549,446,425,9,2025-02-10 05:52:04.074421,4342.32,868.4639999999999,2025-02
2550,176,250,3,2025-03-26 17:31:11.538136,294.45000000000005,58.890000000000015,2025-03
2551,972,449,9,2024-12-18 16:54:36.293014,1236.69,247.33800000000002,2024-12
2552,394,376,9,2025-08-02 00:28:43.832229,516.15,103.23,2025-08
2553,376,283,9,2025-02-05 05:03:45.804338,1678.5,335.70000000000005,2025-02
2554,198,187,6,2025-03-23 15:55:26.022365,728.9399999999999,145.78799999999998,2025-03
2555,815,268,1,2025-07-20 06:52:24.352083,475.5,95.10000000000001,2025-07
2556,471,478,2,2025-06-05 00:17:30.593366,883.62,176.72400000000002,2025-06
2557,205,146,7,2025-04-01 10:10:01.238069,1721.79,344.358,2025-04
2558,528,99,6,2024-12-10 02:24:17.451061,2420.7,484.14,2024-12
2559,434,94,7,2024-11-16 11:54:09.365155,599.41,119.882,2024-11
2560,128,162,6,2025-08-14 06:56:40.781828,1307.76,261.552,2025-08
2561,834,52,8,2025-09-07 13:53:30.884377,968.0,193.60000000000002,2025-09
2562,262,330,2,2025-03-08 21:38:50.227043,880.6,176.12,2025-03
2563,705,14,6,2025-04-25 15:45:31.856266,885.0,177.0,2025-04
2564,284,262,2,2025-04-11 07:59:25.934033,359.1,71.82000000000001,2025-04
2565,214,131,3,2025-10-19 16:03:53.512136,621.0,124.2,2025-10
2566,737,67,6,2025-03-28 04:01:53.731586,2851.02,570.2040000000001,2025-03
2567,470,494,3,2024-12-25 05:57:24.125975,385.26,77.052,2024-12
2568,627,296,5,2025-01-16 16:57:09.336331,1514.65,302.93,2025-01
2569,517,366,1,2025-04-08 23:41:42.570081,76.97,15.394,2025-04
2570,249,232,7,2025-06-07 09:20:52.662301,629.51,125.902,2025-06
2571,298,275,4,2025-05-15 16:08:49.898695,848.36,169.67200000000003,2025-05
2572,172,105,1,2024-11-13 23:29:27.683376,268.38,53.676,2024-11
2573,532,62,2,2025-06-16 21:47:37.480151,767.86,153.572,2025-06
2574,711,422,2,2024-12-02 00:12:41.028111,235.76,47.152,2024-12
2575,531,146,4,2025-10-25 10:05:45.014923,983.88,196.776,2025-10
2576,256,446,8,2025-10-05 01:05:27.339433,1077.76,215.55200000000002,2025-10
2577,636,378,4,2025-01-31 14:30:29.995169,1819.68,363.93600000000004,2025-01
2578,624,188,8,2025-09-21 08:18:29.502151,2906.48,581.296,2025-09
2579,242,474,6,2025-01-18 00:05:57.758645,959.58,191.91600000000003,2025-01
2580,760,195,7,2025-08-03 04:16:57.235549,1228.57,245.714,2025-08
2581,437,476,5,2025-09-04 18:50:09.808038,83.69999999999999,16.74,2025-09
2582,913,221,3,2025-10-24 15:42:22.676025,257.13,51.426,2025-10
2583,132,344,7,2025-04-24 17:17:04.218360,2688.0699999999997,537.6139999999999,2025-04
2584,319,183,1,2025-01-29 15:55:59.451263,281.32,56.264,2025-01
2585,851,288,7,2025-07-05 07:45:29.989436,2405.5499999999997,481.10999999999996,2025-07
2586,963,18,6,2025-06-18 17:26:07.873503,2446.68,489.336,2025-06
2587,983,47,7,2025-10-27 03:39:44.627641,457.65999999999997,91.532,2025-10
2588,392,369,5,2024-11-19 18:39:52.538047,329.95,65.99,2024-11
2589,262,491,7,2025-02-02 21:04:31.422646,1128.33,225.666,2025-02
2590,493,183,8,2025-02-25 14:02:31.828870,2250.56,450.112,2025-02
2591,401,494,1,2025-11-01 02:32:40.885803,128.42,25.683999999999997,2025-11
2592,67,21,5,2025-03-15 19:31:52.509231,582.05,116.41,2025-03
2593,63,300,9,2025-02-10 06:27:46.025240,1882.44,376.48800000000006,2025-02
2594,138,95,4,2025-03-20 09:28:39.865383,749.72,149.94400000000002,2025-03
2595,614,226,2,2025-03-23 04:26:34.660396,693.54,138.708,2025-03
2596,427,165,5,2024-11-06 17:14:01.160420,113.4,22.680000000000003,2024-11
2597,428,137,2,2025-04-14 14:28:28.149862,995.72,199.144,2025-04
2598,219,404,1,2025-04-20 11:54:42.169159,380.61,76.122,2025-04
2599,3,398,1,2025-02-28 02:27:35.135431,268.35,53.67000000000001,2025-02
2600,518,243,9,2025-06-26 21:20:51.184417,1220.7599999999998,244.15199999999996,2025-06
2601,60,411,3,2025-06-08 08:01:30.537786,768.0899999999999,153.618,2025-06
2602,320,394,6,2025-09-13 14:56:26.756854,504.29999999999995,100.86,2025-09
2603,509,131,2,2025-09-05 21:23:18.758203,414.0,82.80000000000001,2025-09
2604,356,255,4,2025-10-04 05:15:18.368117,747.84,149.568,2025-10
2605,777,213,7,2024-12-25 12:05:44.259020,903.3500000000001,180.67000000000004,2024-12
2606,259,46,9,2025-03-28 02:04:10.990493,995.49,199.098,2025-03
2607,882,112,9,2025-09-30 20:39:42.855214,1772.55,354.51,2025-09
2608,501,102,2,2024-12-06 09:15:51.700148,727.46,145.49200000000002,2024-12
2609,974,360,2,2024-12-15 19:38:33.891403,359.48,71.896,2024-12
2610,898,434,4,2025-07-27 04:08:00.914617,1431.12,286.224,2025-07
2611,217,123,9,2024-12-02 00:12:10.649482,3837.69,767.538,2024-12
2612,972,205,2,2024-12-19 05:32:58.873154,500.78,100.156,2024-12
2613,542,184,7,2024-12-18 13:48:47.111994,2574.9500000000003,514.9900000000001,2024-12
2614,588,463,6,2025-03-06 07:10:57.883209,851.4000000000001,170.28000000000003,2025-03
2615,855,299,4,2025-05-18 14:52:19.803853,736.84,147.36800000000002,2025-05
2616,43,483,8,2024-11-27 13:29:23.858646,98.96,19.792,2024-11
2617,789,31,1,2025-03-08 09:43:56.040517,192.6,38.52,2025-03
2618,576,202,9,2025-07-26 10:51:19.547508,3613.0499999999997,722.61,2025-07
2619,41,45,2,2025-05-01 19:37:35.459155,770.46,154.092,2025-05
2620,273,397,2,2025-05-21 00:12:43.604602,938.12,187.62400000000002,2025-05
2621,917,171,8,2025-06-18 00:28:14.489963,2308.16,461.632,2025-06
2622,757,472,3,2025-07-16 09:16:29.277696,209.67000000000002,41.934000000000005,2025-07
2623,563,9,8,2025-05-03 07:21:24.614222,2146.0,429.20000000000005,2025-05
2624,309,153,1,2024-11-08 20:15:23.631521,191.88,38.376,2024-11
2625,395,82,4,2025-03-21 10:42:16.446660,1914.28,382.856,2025-03
2626,484,228,2,2025-08-15 18:16:38.715631,147.8,29.560000000000002,2025-08
2627,124,157,1,2025-05-03 19:42:57.807381,275.92,55.184000000000005,2025-05
2628,715,440,1,2025-10-12 20:41:58.371382,159.45,31.89,2025-10
2629,526,448,4,2025-03-18 18:09:22.578717,1419.36,283.872,2025-03
2630,224,130,4,2025-02-18 20:24:42.870857,1464.04,292.808,2025-02
2631,713,280,7,2024-11-07 23:10:18.737979,1249.43,249.88600000000002,2024-11
2632,323,341,6,2025-01-07 19:53:37.264008,1996.62,399.324,2025-01
2633,975,195,6,2025-05-21 23:03:59.060817,1053.06,210.612,2025-05
2634,630,443,5,2024-11-29 19:00:38.873077,464.85,92.97000000000001,2024-11
2635,45,256,8,2025-04-28 15:55:32.845580,188.96,37.792,2025-04
2636,105,346,3,2025-08-14 04:13:01.178451,1027.41,205.48200000000003,2025-08
2637,54,331,2,2025-05-12 22:35:46.872629,275.18,55.036,2025-05
2638,807,401,2,2025-02-03 21:09:31.603083,816.66,163.332,2025-02
2639,565,211,9,2025-02-20 10:51:36.160224,1879.3799999999999,375.876,2025-02
2640,319,411,1,2024-11-15 15:07:51.184692,256.03,51.205999999999996,2024-11
2641,25,142,5,2025-07-11 14:48:47.873400,2002.0,400.40000000000003,2025-07
2642,363,451,6,2025-06-22 21:39:39.830574,972.9000000000001,194.58000000000004,2025-06
2643,835,396,4,2025-01-24 11:31:29.759652,759.64,151.928,2025-01
2644,1,485,6,2025-01-09 16:36:32.548074,2468.2799999999997,493.65599999999995,2025-01
2645,261,493,4,2025-01-08 06:05:45.020670,1443.52,288.704,2025-01
2646,690,62,5,2025-04-03 12:42:04.292176,1919.65,383.93000000000006,2025-04
2647,644,450,2,2025-10-07 18:39:14.812707,652.98,130.596,2025-10
2648,399,170,9,2025-01-05 02:24:49.048512,435.51,87.102,2025-01
2649,388,170,9,2025-01-11 00:14:06.010210,435.51,87.102,2025-01
2650,305,198,2,2025-07-06 01:28:00.991040,664.94,132.98800000000003,2025-07
2651,664,315,3,2025-06-04 02:57:56.056365,568.11,113.62200000000001,2025-06
2652,438,387,8,2025-08-14 21:29:51.257520,900.88,180.17600000000002,2025-08
2653,880,250,9,2025-04-16 01:54:51.558026,883.35,176.67000000000002,2025-04
2654,683,334,3,2025-05-06 23:18:58.431091,556.77,111.354,2025-05
2655,794,21,8,2025-06-18 08:25:39.945629,931.28,186.256,2025-06
2656,391,446,2,2024-11-18 14:45:58.115832,269.44,53.888000000000005,2024-11
2657,281,311,4,2025-10-07 07:36:01.019793,849.96,169.99200000000002,2025-10
2658,414,365,2,2025-04-11 19:50:43.990678,380.54,76.108,2025-04
2659,582,377,8,2025-02-13 23:41:39.392311,2410.48,482.096,2025-02
2660,948,65,2,2025-04-14 16:19:58.604890,690.56,138.112,2025-04
2661,631,118,8,2025-05-17 23:31:55.756548,1010.16,202.032,2025-05
2662,319,118,6,2025-08-08 13:37:59.208957,757.62,151.524,2025-08
2663,251,187,2,2025-08-29 03:53:36.392709,242.98,48.596000000000004,2025-08
2664,18,29,8,2024-12-25 03:14:09.210192,1321.52,264.30400000000003,2024-12
2665,55,372,1,2025-04-30 00:33:18.368897,39.25,7.8500000000000005,2025-04
2666,722,482,9,2025-09-25 22:17:24.722683,1971.36,394.272,2025-09
2667,767,129,4,2025-09-06 15:52:07.911081,1860.12,372.024,2025-09
2668,453,74,6,2025-08-02 22:24:43.411111,211.74,42.348000000000006,2025-08
2669,151,391,7,2025-10-24 05:45:54.580857,858.48,171.69600000000003,2025-10
2670,974,243,7,2025-06-29 11:15:05.868815,949.4799999999999,189.896,2025-06
2671,778,60,5,2024-11-14 07:11:22.337455,701.1,140.22,2024-11
2672,585,241,8,2025-07-19 11:55:59.841962,3227.36,645.4720000000001,2025-07
2673,935,111,1,2025-06-20 17:03:58.463052,304.25,60.85,2025-06
2674,105,36,9,2025-05-31 11:41:34.551121,1776.96,355.39200000000005,2025-05
2675,549,464,7,2024-11-23 15:33:44.131126,1068.0600000000002,213.61200000000005,2024-11
2676,239,309,1,2025-08-18 01:16:19.277547,430.56,86.11200000000001,2025-08
2677,831,393,4,2025-01-22 04:47:27.737679,1294.76,258.952,2025-01
2678,955,293,1,2025-06-21 07:58:16.030396,251.63,50.326,2025-06
2679,367,15,2,2025-08-22 07:05:35.135016,732.0,146.4,2025-08
2680,812,354,8,2025-09-22 23:24:58.976997,1800.16,360.03200000000004,2025-09
2681,909,373,2,2025-07-06 14:19:02.992800,244.34,48.868,2025-07
2682,658,54,2,2025-01-15 04:21:00.042342,243.46,48.69200000000001,2025-01
2683,978,262,9,2025-10-07 02:58:38.957111,1615.95,323.19000000000005,2025-10
2684,908,393,7,2025-01-14 00:33:30.225344,2265.83,453.166,2025-01
2685,489,383,9,2024-11-29 04:36:30.203847,2197.71,439.54200000000003,2024-11
2686,850,456,5,2025-10-10 22:13:30.004571,200.2,40.04,2025-10
2687,212,45,3,2025-07-12 11:59:13.791559,1155.69,231.13800000000003,2025-07
2688,609,74,5,2025-03-16 16:40:32.659281,176.45,35.29,2025-03
2689,824,85,3,2025-10-14 08:47:58.248659,303.57,60.714,2025-10
2690,711,158,9,2024-11-06 16:02:30.625446,1198.2599999999998,239.65199999999996,2024-11
2691,546,413,1,2025-07-24 00:25:48.989556,236.8,47.36000000000001,2025-07
2692,384,356,3,2025-02-18 20:13:39.022217,127.05000000000001,25.410000000000004,2025-02
2693,435,62,7,2025-01-03 13:25:22.630664,2687.51,537.5020000000001,2025-01
2694,822,221,7,2025-09-12 21:01:47.662281,599.9699999999999,119.99399999999999,2025-09
2695,967,488,9,2025-10-07 22:56:08.553419,2883.6,576.72,2025-10
2696,824,18,3,2025-06-24 01:47:31.573585,1223.34,244.668,2025-06
2697,140,106,1,2025-01-25 18:32:58.736627,223.33,44.666000000000004,2025-01
2698,150,429,5,2024-11-25 19:17:38.735612,2233.25,446.65000000000003,2024-11
2699,237,247,5,2024-11-26 02:17:46.188519,494.05,98.81,2024-11
2700,277,217,4,2025-09-03 20:08:00.366385,1092.92,218.58400000000003,2025-09
2701,190,299,3,2025-03-26 01:33:42.137293,552.63,110.52600000000001,2025-03
2702,891,107,8,2024-12-20 03:47:46.928883,1857.36,371.472,2024-12
2703,9,267,1,2025-04-30 12:52:43.619538,480.76,96.152,2025-04
2704,520,130,5,2024-12-25 21:22:21.663080,1830.05,366.01,2024-12
2705,641,300,8,2025-10-07 09:03:02.742964,1673.28,334.656,2025-10
2706,694,283,6,2025-03-09 16:36:19.244144,1119.0,223.8,2025-03
2707,206,327,3,2025-10-02 02:22:28.065238,1449.9,289.98,2025-10
2708,346,195,9,2025-07-09 05:11:12.165460,1579.59,315.918,2025-07
2709,142,198,6,2024-11-19 19:29:31.378332,1994.8200000000002,398.96400000000006,2024-11
2710,320,423,1,2024-12-25 16:41:26.729435,477.99,95.59800000000001,2024-12
2711,808,273,4,2025-02-10 00:57:16.488242,1622.72,324.54400000000004,2025-02
2712,873,113,8,2025-10-09 14:56:20.646043,519.6,103.92000000000002,2025-10
2713,928,35,3,2025-03-05 23:25:39.406626,825.39,165.078,2025-03
2714,441,486,9,2025-10-02 20:51:26.139231,2058.5699999999997,411.71399999999994,2025-10
2715,253,391,1,2025-02-09 03:56:06.591524,122.64,24.528000000000002,2025-02
2716,632,276,5,2025-10-02 06:14:56.901287,1389.8500000000001,277.97,2025-10
2717,208,276,2,2025-02-04 06:11:39.183383,555.94,111.18800000000002,2025-02
2718,674,419,3,2024-11-21 13:57:12.458982,461.46,92.292,2024-11
2719,918,242,5,2025-07-03 01:31:42.637249,1386.75,277.35,2025-07
2720,16,326,7,2025-09-01 07:11:55.699270,3414.39,682.878,2025-09
2721,565,215,5,2024-12-07 19:32:06.528245,1354.4,270.88000000000005,2024-12
2722,450,37,9,2025-02-03 07:54:09.649561,3366.72,673.344,2025-02
2723,936,186,7,2025-07-04 17:03:33.229217,841.12,168.22400000000002,2025-07
2724,656,200,9,2025-04-27 13:31:24.272523,2639.16,527.832,2025-04
2725,642,136,5,2025-10-10 18:20:13.125467,947.3000000000001,189.46000000000004,2025-10
2726,409,79,7,2025-04-19 04:39:50.791093,1996.33,399.266,2025-04
2727,131,90,6,2025-10-25 18:07:37.002417,1967.8200000000002,393.5640000000001,2025-10
2728,619,104,2,2024-12-14 12:35:19.832890,543.56,108.71199999999999,2024-12
2729,932,251,1,2025-03-01 14:10:27.803495,258.87,51.774,2025-03
2730,105,410,7,2025-02-24 14:02:54.335444,2415.6299999999997,483.126,2025-02
2731,650,465,9,2024-11-10 22:07:24.662191,1789.83,357.966,2024-11
2732,589,479,5,2024-11-11 03:22:19.579945,2117.05,423.4100000000001,2024-11
2733,847,32,8,2024-12-12 20:24:35.117638,3447.2,689.44,2024-12
2734,537,97,1,2025-01-03 09:04:48.123728,81.14,16.228,2025-01
2735,321,279,9,2025-11-05 17:41:59.003267,574.1999999999999,114.83999999999999,2025-11
2736,321,83,5,2025-10-17 03:10:59.241101,325.79999999999995,65.16,2025-10
2737,812,473,1,2025-06-08 03:17:55.646117,119.82,23.964,2025-06
2738,54,318,4,2025-03-14 06:02:01.764079,149.24,29.848000000000003,2025-03
2739,898,339,1,2024-11-25 04:34:44.292081,55.46,11.092,2024-11
2740,379,61,2,2024-12-22 11:44:46.691369,973.28,194.656,2024-12
2741,92,320,3,2025-02-06 18:12:42.307488,789.48,157.89600000000002,2025-02
2742,543,45,9,2025-04-29 02:38:13.449672,3467.07,693.4140000000001,2025-04
2743,171,342,5,2025-10-07 16:23:04.014174,2073.85,414.77,2025-10
2744,391,100,6,2025-10-29 20:32:36.161177,127.85999999999999,25.572,2025-10
2745,833,194,1,2025-02-12 02:10:47.970724,200.57,40.114000000000004,2025-02
2746,41,293,9,2025-05-01 00:37:36.894339,2264.67,452.934,2025-05
2747,888,194,7,2025-02-22 05:17:03.040349,1403.99,280.798,2025-02
2748,367,359,9,2025-10-03 15:31:05.779624,2312.5499999999997,462.51,2025-10
2749,42,297,9,2025-01-01 17:24:23.653739,4211.37,842.274,2025-01
2750,450,190,4,2025-08-31 21:09:27.004137,71.84,14.368000000000002,2025-08
2751,719,33,1,2025-04-22 07:44:06.072456,302.47,60.49400000000001,2025-04
2752,720,441,1,2025-01-01 01:53:00.167213,177.28,35.456,2025-01
2753,107,499,6,2025-09-04 00:47:10.142796,1422.66,284.53200000000004,2025-09
2754,832,243,7,2025-03-23 23:26:32.996619,949.4799999999999,189.896,2025-03
2755,957,325,4,2025-06-07 18:10:34.268753,1110.64,222.12800000000004,2025-06
2756,422,232,9,2025-05-09 04:43:24.298464,809.3700000000001,161.87400000000002,2025-05
2757,324,179,5,2025-02-23 11:06:29.941519,685.8,137.16,2025-02
2758,811,258,2,2025-08-03 06:44:35.593072,743.24,148.648,2025-08
2759,781,87,9,2025-10-18 17:42:12.585061,3970.17,794.0340000000001,2025-10
2760,617,366,5,2025-09-17 23:03:23.579407,384.85,76.97000000000001,2025-09
2761,851,16,1,2025-03-10 21:56:11.462457,434.19,86.83800000000001,2025-03
2762,794,345,5,2024-12-29 12:08:02.990309,1709.4,341.88000000000005,2024-12
2763,197,202,2,2024-12-20 08:31:25.618406,802.9,160.58,2024-12
2764,724,112,1,2025-03-09 16:04:11.307966,196.95,39.39,2025-03
2765,468,271,7,2025-01-09 16:09:25.916285,2922.08,584.416,2025-01
2766,419,60,7,2025-08-23 06:32:22.928176,981.54,196.308,2025-08
2767,812,400,4,2025-08-28 06:35:41.724466,321.6,64.32000000000001,2025-08
2768,714,417,9,2025-07-25 08:15:41.886330,2485.53,497.10600000000005,2025-07
2769,150,388,5,2024-11-08 09:22:47.430851,1430.8000000000002,286.16,2024-11
2770,302,333,1,2025-02-13 19:25:55.045369,381.6,76.32000000000001,2025-02
2771,984,312,7,2025-04-02 09:51:34.173608,830.9,166.18,2025-04
2772,702,48,2,2024-12-15 12:03:52.754068,920.68,184.136,2024-12
2773,133,380,1,2024-12-09 16:53:27.617922,162.98,32.596,2024-12
2774,933,185,6,2025-03-27 05:42:43.890160,2596.44,519.288,2025-03
2775,491,262,4,2025-06-17 09:39:01.984669,718.2,143.64000000000001,2025-06
2776,224,195,5,2025-04-05 21:52:54.166728,877.55,175.51,2025-04
2777,344,332,5,2025-07-20 03:12:02.199103,2184.4,436.88000000000005,2025-07
2778,893,299,9,2025-11-02 15:31:00.926391,1657.89,331.57800000000003,2025-11
2779,234,494,4,2025-10-11 09:02:21.858916,513.68,102.73599999999999,2025-10
2780,372,464,5,2025-04-24 17:06:34.753082,762.9000000000001,152.58,2025-04
2781,549,5,4,2024-11-06 19:47:58.350913,1078.32,215.664,2024-11
2782,31,8,8,2025-10-08 08:52:38.457154,1826.08,365.216,2025-10
2783,503,308,9,2024-11-29 05:02:18.440703,3481.38,696.2760000000001,2024-11
2784,822,362,4,2025-03-31 19:52:35.249594,1110.92,222.18400000000003,2025-03
2785,994,340,5,2025-08-26 20:19:47.366079,1207.85,241.57,2025-08
2786,671,361,9,2025-05-20 23:21:40.431344,3842.1,768.4200000000001,2025-05
2787,476,123,5,2025-07-07 16:56:15.382155,2132.05,426.4100000000001,2025-07
2788,309,431,7,2025-03-11 02:38:11.411280,1746.08,349.216,2025-03
2789,275,112,4,2025-10-10 14:50:17.015733,787.8,157.56,2025-10
2790,650,332,8,2025-07-01 10:40:31.213361,3495.04,699.008,2025-07
2791,271,237,7,2025-02-26 03:26:23.936691,527.59,105.51800000000001,2025-02
2792,425,421,9,2025-02-10 13:13:54.894574,2940.93,588.186,2025-02
2793,522,470,2,2025-01-24 15:41:28.729050,707.96,141.592,2025-01
2794,269,215,6,2025-03-27 07:50:58.272371,1625.28,325.05600000000004,2025-03
2795,153,134,7,2024-11-08 03:34:25.305962,1169.77,233.954,2024-11
2796,830,106,4,2024-11-14 13:46:52.495419,893.32,178.66400000000002,2024-11
2797,122,7,4,2025-07-03 13:27:49.396216,595.68,119.136,2025-07
2798,908,257,8,2024-12-25 09:15:54.167811,1230.8,246.16,2024-12
2799,768,308,3,2025-06-05 05:59:52.987273,1160.46,232.092,2025-06
2800,661,45,4,2025-07-13 01:37:30.975741,1540.92,308.184,2025-07
2801,928,465,8,2024-11-25 15:21:57.761511,1590.96,318.192,2024-11
2802,608,457,7,2025-04-20 09:18:24.922979,140.70000000000002,28.140000000000004,2025-04
2803,402,104,5,2025-03-03 21:29:59.890169,1358.8999999999999,271.78,2025-03
2804,339,272,1,2024-12-24 23:00:11.158385,322.92,64.584,2024-12
2805,581,186,9,2025-03-05 12:37:08.965212,1081.44,216.288,2025-03
2806,974,310,1,2025-05-02 10:10:16.283228,447.92,89.584,2025-05
2807,456,183,2,2025-10-14 11:58:48.628114,562.64,112.528,2025-10
2808,498,86,4,2025-02-21 03:57:53.544285,1082.44,216.48800000000003,2025-02
2809,131,156,3,2025-07-23 13:36:28.038587,1430.76,286.152,2025-07
2810,927,455,8,2024-12-03 02:29:49.890301,1545.2,309.04,2024-12
2811,226,14,1,2025-06-25 19:58:06.755405,147.5,29.5,2025-06
2812,314,197,8,2025-03-29 21:01:59.147273,3571.68,714.336,2025-03
2813,41,337,6,2025-09-26 17:34:48.212766,2580.42,516.0840000000001,2025-09
2814,641,46,6,2025-10-02 23:54:20.031896,663.66,132.732,2025-10
2815,37,347,9,2025-04-14 02:42:29.232318,1466.55,293.31,2025-04
2816,848,341,1,2025-08-14 18:03:50.617227,332.77,66.554,2025-08
2817,374,226,1,2025-10-21 18:20:15.063273,346.77,69.354,2025-10
2818,203,23,1,2025-10-29 19:53:54.115198,454.49,90.89800000000001,2025-10
2819,766,319,7,2025-04-08 13:03:15.970872,1445.64,289.12800000000004,2025-04
2820,562,11,8,2025-02-17 16:58:10.030441,605.68,121.136,2025-02
2821,681,401,2,2025-09-10 08:38:31.656255,816.66,163.332,2025-09
2822,609,106,7,2025-07-15 19:20:57.006233,1563.3100000000002,312.66200000000003,2025-07
2823,954,334,4,2024-12-31 01:57:09.881472,742.36,148.472,2024-12
2824,27,19,9,2025-04-13 14:45:59.864759,2396.34,479.26800000000003,2025-04
2825,400,20,7,2025-04-27 17:21:38.150645,223.79,44.758,2025-04
2826,596,13,4,2025-06-22 06:31:32.784159,1420.08,284.016,2025-06
2827,543,498,1,2025-10-06 00:44:57.546367,396.63,79.32600000000001,2025-10
2828,882,120,6,2025-04-04 20:29:56.568128,2364.7799999999997,472.95599999999996,2025-04
2829,521,479,3,2024-12-12 09:10:17.518133,1270.23,254.04600000000002,2024-12
2830,832,412,8,2025-04-04 05:22:00.428248,3984.24,796.848,2025-04
2831,795,135,4,2024-11-22 06:59:26.884696,170.04,34.008,2024-11
2832,151,478,2,2025-07-15 16:09:24.569322,883.62,176.72400000000002,2025-07
2833,282,45,9,2025-06-26 14:41:51.821922,3467.07,693.4140000000001,2025-06
2834,583,134,9,2025-08-06 13:45:04.185819,1503.9900000000002,300.79800000000006,2025-08
2835,269,486,2,2025-06-19 04:03:34.220983,457.46,91.492,2025-06
2836,878,479,6,2025-08-19 10:59:57.168745,2540.46,508.09200000000004,2025-08
2837,526,329,1,2025-03-02 21:28:48.905313,193.98,38.796,2025-03
2838,242,262,9,2024-12-16 23:58:46.799367,1615.95,323.19000000000005,2024-12
2839,447,295,5,2025-07-20 21:27:28.227958,710.9000000000001,142.18000000000004,2025-07
2840,173,129,3,2025-08-17 05:01:23.118899,1395.09,279.018,2025-08
2841,834,297,5,2025-04-24 03:27:26.751033,2339.65,467.93000000000006,2025-04
2842,840,151,4,2025-10-19 09:00:56.021106,369.52,73.904,2025-10
2843,965,70,6,2025-04-14 15:40:51.164748,920.64,184.12800000000001,2025-04
2844,161,335,2,2025-01-05 22:09:37.030214,759.8,151.96,2025-01
2845,544,386,1,2025-07-16 06:31:02.378020,490.7,98.14,2025-07
2846,299,80,1,2025-08-27 11:47:56.180488,114.48,22.896,2025-08
2847,862,286,4,2025-03-15 09:05:04.838747,1199.64,239.92800000000003,2025-03
2848,556,266,8,2025-08-29 17:24:38.696506,1655.44,331.088,2025-08
2849,659,322,4,2025-06-30 17:12:42.375960,673.44,134.68800000000002,2025-06
2850,356,403,8,2025-03-18 04:51:05.867403,2864.08,572.816,2025-03
2851,683,429,9,2024-11-27 04:00:14.009814,4019.85,803.97,2024-11
2852,985,11,1,2025-10-03 23:06:06.077137,75.71,15.142,2025-10
2853,100,61,8,2025-04-01 17:18:04.312337,3893.12,778.624,2025-04
2854,612,337,9,2025-10-14 11:31:06.077687,3870.63,774.1260000000001,2025-10
2855,700,17,7,2024-11-11 05:51:40.798722,1227.6599999999999,245.53199999999998,2024-11
2856,734,410,8,2025-04-05 04:02:17.579118,2760.72,552.144,2025-04
2857,740,112,9,2025-03-24 22:35:11.322813,1772.55,354.51,2025-03
2858,801,297,8,2025-03-25 23:00:07.055881,3743.44,748.6880000000001,2025-03
2859,141,417,2,2025-03-20 10:47:33.507112,552.34,110.46800000000002,2025-03
2860,430,488,8,2025-09-16 06:55:52.312975,2563.2,512.64,2025-09
2861,435,446,5,2025-02-10 09:23:46.991233,673.6,134.72,2025-02
2862,601,206,2,2025-07-15 03:25:08.170595,538.84,107.76800000000001,2025-07
2863,223,130,6,2025-07-24 18:14:11.149428,2196.06,439.212,2025-07
2864,37,323,2,2025-06-24 07:37:21.916130,758.38,151.67600000000002,2025-06
2865,689,217,9,2025-05-11 17:20:02.588012,2459.07,491.8140000000001,2025-05
2866,859,11,4,2025-06-19 23:36:09.462931,302.84,60.568,2025-06
2867,748,313,1,2025-11-03 15:44:20.195931,63.22,12.644,2025-11
2868,346,428,5,2025-10-28 02:21:34.749326,686.55,137.31,2025-10
2869,152,301,4,2025-05-09 06:38:20.860637,1766.2,353.24,2025-05
2870,179,258,8,2025-04-08 22:50:19.890720,2972.96,594.592,2025-04
2871,896,436,4,2025-05-13 19:42:07.500721,1760.92,352.184,2025-05
2872,690,264,2,2025-07-07 15:02:05.480888,995.68,199.136,2025-07
2873,527,102,4,2025-07-18 00:48:39.946530,1454.92,290.98400000000004,2025-07
2874,18,404,8,2025-07-20 10:56:24.110755,3044.88,608.976,2025-07
2875,362,406,2,2024-12-01 03:41:44.321080,611.8,122.36,2024-12
2876,675,417,1,2025-01-04 06:40:35.196735,276.17,55.23400000000001,2025-01
2877,112,458,2,2025-03-12 15:40:46.102151,69.44,13.888,2025-03
2878,465,58,8,2025-01-16 03:58:12.502383,1347.28,269.456,2025-01
2879,77,69,1,2024-12-24 17:59:17.361392,112.2,22.44,2024-12
2880,847,295,5,2025-05-22 19:52:18.728564,710.9000000000001,142.18000000000004,2025-05
2881,443,485,2,2025-05-22 19:38:34.917914,822.76,164.55200000000002,2025-05
2882,260,346,3,2025-01-10 23:02:53.775829,1027.41,205.48200000000003,2025-01
2883,659,401,1,2024-11-27 05:13:41.454177,408.33,81.666,2024-11
2884,301,16,2,2025-06-26 07:53:48.760861,868.38,173.67600000000002,2025-06
2885,263,413,4,2025-06-14 16:44:15.942004,947.2,189.44000000000003,2025-06
2886,966,24,6,2024-12-15 11:01:26.095520,2468.7599999999998,493.75199999999995,2024-12
2887,181,333,6,2025-05-08 15:49:51.535054,2289.6000000000004,457.9200000000001,2025-05
2888,258,153,5,2025-02-05 08:39:39.551692,959.4,191.88,2025-02
2889,56,244,7,2025-09-09 10:51:28.761349,1938.7900000000002,387.75800000000004,2025-09
2890,96,378,7,2024-12-27 21:31:04.048611,3184.44,636.888,2024-12
2891,901,240,9,2025-06-04 14:08:53.841496,4204.71,840.942,2025-06
2892,767,93,9,2024-11-07 19:28:32.531560,403.2,80.64,2024-11
2893,93,150,5,2025-03-10 04:22:16.923086,1997.4,399.48,2025-03
2894,130,158,6,2025-11-05 09:38:52.067994,798.8399999999999,159.768,2025-11
2895,278,358,4,2024-12-18 16:27:40.360876,350.8,70.16000000000001,2024-12
2896,600,211,3,2025-03-08 04:40:34.017510,626.46,125.29200000000002,2025-03
2897,600,491,1,2024-11-19 10:12:13.075264,161.19,32.238,2024-11
2898,412,46,6,2025-10-01 16:57:13.208768,663.66,132.732,2025-10
2899,945,58,2,2025-09-26 04:45:51.471658,336.82,67.364,2025-09
2900,797,130,8,2025-05-03 06:59:15.779177,2928.08,585.616,2025-05
2901,831,435,3,2025-01-03 09:51:50.599441,1415.94,283.18800000000005,2025-01
2902,124,481,1,2025-08-27 16:18:46.011458,47.83,9.566,2025-08
2903,888,223,5,2025-01-27 18:18:31.537197,84.65,16.930000000000003,2025-01
2904,176,8,1,2025-08-28 15:14:54.352665,228.26,45.652,2025-08
2905,454,473,6,2024-11-14 02:34:19.811537,718.92,143.784,2024-11
2906,545,249,8,2025-03-30 09:11:37.681923,1879.84,375.968,2025-03
2907,6,80,3,2025-01-05 23:38:14.230029,343.44,68.688,2025-01
2908,810,362,4,2025-03-03 06:21:20.235723,1110.92,222.18400000000003,2025-03
2909,444,14,8,2025-05-03 15:56:29.028340,1180.0,236.0,2025-05
2910,836,187,4,2025-02-28 15:47:54.454825,485.96,97.19200000000001,2025-02
2911,184,85,6,2025-07-11 22:44:23.162676,607.14,121.428,2025-07
2912,898,222,1,2025-03-29 09:40:07.277326,132.17,26.433999999999997,2025-03
2913,615,30,4,2025-07-01 04:16:45.924192,1655.36,331.072,2025-07
2914,363,467,4,2025-08-04 16:42:21.355652,1020.48,204.096,2025-08
2915,265,124,1,2025-04-30 05:10:18.366143,470.42,94.084,2025-04
2916,484,308,2,2025-06-30 13:54:52.079602,773.64,154.728,2025-06
2917,212,76,1,2025-03-01 04:20:49.585375,473.56,94.712,2025-03
2918,833,66,8,2024-12-04 07:05:02.468107,1322.32,264.464,2024-12
2919,373,97,6,2025-07-17 04:50:51.355786,486.84000000000003,97.36800000000001,2025-07
2920,752,172,2,2025-02-28 10:32:37.603140,634.6,126.92000000000002,2025-02
2921,701,279,2,2025-09-08 03:40:15.502654,127.6,25.52,2025-09
2922,432,58,6,2025-01-17 03:34:11.990463,1010.46,202.092,2025-01
2923,552,25,9,2025-09-14 17:47:27.120885,3927.96,785.5920000000001,2025-09
2924,371,454,6,2024-12-23 11:43:26.123541,2290.32,458.0640000000001,2024-12
2925,425,218,4,2025-07-06 14:13:43.104694,1668.44,333.68800000000005,2025-07
2926,659,301,7,2025-05-01 23:40:07.727179,3090.85,618.1700000000001,2025-05
2927,406,326,6,2024-11-15 21:02:19.543380,2926.62,585.324,2024-11
2928,877,71,1,2024-12-29 11:21:38.136675,408.37,81.674,2024-12
2929,658,48,5,2025-02-14 05:48:40.141367,2301.7,460.34,2025-02
2930,795,135,2,2025-01-22 20:11:27.830561,85.02,17.004,2025-01
2931,997,110,4,2025-04-19 16:14:17.476779,1435.44,287.088,2025-04
2932,5,179,2,2025-04-06 01:47:29.117119,274.32,54.864000000000004,2025-04
2933,898,299,3,2025-08-18 06:54:14.941441,552.63,110.52600000000001,2025-08
2934,496,301,5,2024-11-08 11:59:33.858330,2207.75,441.55,2024-11
2935,532,149,7,2025-05-20 18:42:57.201849,570.99,114.19800000000001,2025-05
2936,430,491,3,2025-01-08 01:50:25.000979,483.57,96.714,2025-01
2937,687,292,3,2025-08-11 07:48:27.238205,935.49,187.098,2025-08
2938,288,29,1,2025-09-27 08:41:12.832454,165.19,33.038000000000004,2025-09
2939,532,192,1,2024-11-16 10:03:56.231459,150.88,30.176000000000002,2024-11
2940,819,356,3,2025-08-04 05:04:11.613737,127.05000000000001,25.410000000000004,2025-08
2941,282,62,8,2025-03-20 01:15:49.202813,3071.44,614.288,2025-03
2942,748,223,8,2025-11-05 08:19:24.340293,135.44,27.088,2025-11
2943,313,158,1,2025-04-04 18:52:52.435564,133.14,26.628,2025-04
2944,503,208,3,2025-03-23 06:15:54.283481,851.1600000000001,170.23200000000003,2025-03
2945,732,230,6,2025-07-05 19:14:21.190595,1000.3199999999999,200.064,2025-07
2946,621,477,4,2024-12-16 06:24:18.755722,1929.84,385.968,2024-12
2947,419,363,8,2024-12-09 03:17:58.835646,843.2,168.64000000000001,2024-12
2948,310,99,5,2025-04-18 16:30:09.590998,2017.25,403.45000000000005,2025-04
2949,653,143,1,2024-11-20 20:54:08.966509,362.58,72.516,2024-11
2950,979,104,6,2025-01-02 06:05:05.150081,1630.6799999999998,326.13599999999997,2025-01
2951,440,91,4,2025-02-17 06:54:13.522416,1001.24,200.24800000000002,2025-02
2952,71,213,9,2025-09-11 22:40:40.260248,1161.45,232.29000000000002,2025-09
2953,575,321,2,2024-11-15 15:40:47.205021,366.22,73.24400000000001,2024-11
2954,289,2,7,2025-04-18 19:49:43.038461,2385.6,477.12,2025-04
2955,830,193,7,2025-09-28 09:14:56.549348,1372.8400000000001,274.56800000000004,2025-09
2956,401,168,3,2025-05-05 14:50:11.522573,774.24,154.848,2025-05
2957,84,311,2,2025-08-28 00:41:07.839266,424.98,84.99600000000001,2025-08
2958,92,378,3,2025-09-04 13:14:17.416214,1364.76,272.952,2025-09
2959,5,285,9,2025-02-22 00:19:42.557808,4166.28,833.256,2025-02
2960,609,339,4,2025-07-29 22:46:52.092317,221.84,44.368,2025-07
2961,113,430,4,2025-09-29 03:38:35.721585,550.64,110.128,2025-09
2962,420,470,4,2025-10-31 02:55:14.379564,1415.92,283.184,2025-10
2963,84,212,1,2024-11-15 12:40:24.306720,387.0,77.4,2024-11
2964,432,194,4,2025-09-23 03:34:49.566407,802.28,160.45600000000002,2025-09
2965,497,259,4,2024-11-09 16:11:33.065249,1469.24,293.848,2024-11
2966,561,251,7,2025-08-24 00:41:02.356513,1812.0900000000001,362.41800000000006,2025-08
2967,45,485,3,2025-08-28 20:35:35.688620,1234.1399999999999,246.82799999999997,2025-08
2968,229,35,1,2025-04-07 03:57:31.454745,275.13,55.026,2025-04
2969,634,169,9,2025-09-24 05:53:11.354083,3769.83,753.966,2025-09
2970,874,350,8,2025-07-17 11:32:34.794307,3271.12,654.224,2025-07
2971,816,118,6,2024-12-15 22:37:29.955274,757.62,151.524,2024-12
2972,839,446,4,2025-01-08 14:01:09.824577,538.88,107.77600000000001,2025-01
2973,507,442,7,2025-04-30 19:20:25.202823,1420.79,284.158,2025-04
2974,832,176,1,2025-04-26 05:48:35.396952,347.01,69.402,2025-04
2975,28,113,5,2025-05-07 10:08:51.008446,324.75,64.95,2025-05
2976,94,89,4,2025-08-23 17:44:04.317940,1512.84,302.568,2025-08
2977,157,302,5,2025-02-05 16:38:23.388906,1221.9,244.38000000000002,2025-02
2978,142,427,9,2025-03-05 21:46:52.771866,4041.63,808.326,2025-03
2979,363,376,9,2025-01-19 17:35:37.661607,516.15,103.23,2025-01
2980,919,490,5,2024-12-04 08:22:35.319885,2324.35,464.87,2024-12
2981,475,329,8,2025-09-15 19:18:02.244866,1551.84,310.368,2025-09
2982,988,81,5,2025-04-04 08:46:55.751967,284.9,56.98,2025-04
2983,415,300,5,2025-02-22 19:50:18.589377,1045.8,209.16,2025-02
2984,699,134,8,2025-03-11 04:22:38.503708,1336.88,267.37600000000003,2025-03
2985,213,50,3,2025-09-21 21:36:09.809327,236.85000000000002,47.370000000000005,2025-09
2986,798,459,9,2025-09-29 00:07:13.999170,3320.1,664.02,2025-09
2987,842,451,2,2025-02-25 19:11:46.976804,324.3,64.86,2025-02
2988,206,40,4,2025-04-06 10:03:25.358856,773.16,154.632,2025-04
2989,941,127,4,2024-11-17 06:08:40.990087,1840.52,368.10400000000004,2024-11
2990,7,50,9,2025-03-02 15:15:56.682069,710.5500000000001,142.11,2025-03
2991,49,282,2,2024-11-28 00:40:15.400646,120.38,24.076,2024-11
2992,944,261,6,2025-08-12 06:43:46.505996,71.22,14.244,2025-08
2993,435,381,2,2025-08-11 18:12:53.617514,346.48,69.296,2025-08
2994,223,139,7,2025-05-23 08:14:28.670909,669.27,133.854,2025-05
2995,764,45,5,2024-11-28 15:48:06.649514,1926.15,385.23,2024-11
2996,139,370,3,2025-10-15 19:06:12.569812,1111.08,222.216,2025-10
2997,512,258,2,2025-10-03 18:55:49.080653,743.24,148.648,2025-10
2998,729,288,1,2025-08-05 04:41:36.230785,343.65,68.73,2025-08
2999,963,254,2,2025-10-03 19:24:11.739876,650.78,130.156,2025-10
3000,390,362,6,2024-12-28 10:33:22.957081,1666.38,333.27600000000007,2024-12
3001,726,435,4,2024-12-06 19:54:17.916476,1887.92,377.58400000000006,2024-12
3002,158,386,7,2025-01-11 13:57:03.493985,3434.9,686.98,2025-01
3003,533,326,1,2025-09-14 02:49:25.893087,487.77,97.554,2025-09
3004,913,104,9,2025-04-12 19:17:12.881030,2446.0199999999995,489.20399999999995,2025-04
3005,638,133,9,2024-11-10 11:15:33.911971,1863.54,372.708,2024-11
3006,373,363,5,2025-08-13 22:44:46.229874,527.0,105.4,2025-08
3007,752,379,1,2024-11-20 19:00:40.057692,364.65,72.92999999999999,2024-11
3008,351,364,8,2025-01-18 08:57:00.861208,411.12,82.224,2025-01
3009,559,345,9,2025-04-05 04:12:56.632449,3076.92,615.384,2025-04
3010,283,396,2,2025-01-31 23:07:25.450300,379.82,75.964,2025-01
3011,635,213,2,2025-07-24 01:55:48.385337,258.1,51.620000000000005,2025-07
3012,637,349,2,2025-08-30 22:45:40.367886,393.22,78.644,2025-08
3013,190,180,3,2025-06-09 09:03:27.162732,1134.3899999999999,226.878,2025-06
3014,126,445,6,2024-12-02 06:10:23.877656,1309.1399999999999,261.828,2024-12
3015,38,384,1,2025-07-25 20:07:10.072355,450.23,90.046,2025-07
3016,376,451,6,2024-11-22 18:10:47.142958,972.9000000000001,194.58000000000004,2024-11
3017,858,345,8,2024-12-21 06:30:28.280005,2735.04,547.008,2024-12
3018,34,312,4,2025-03-09 17:36:07.043721,474.8,94.96000000000001,2025-03
3019,592,31,4,2025-02-12 16:09:20.753488,770.4,154.08,2025-02
3020,41,222,8,2025-07-24 06:24:09.032452,1057.36,211.47199999999998,2025-07
3021,238,420,9,2025-03-05 07:42:49.649123,3635.19,727.038,2025-03
3022,664,119,8,2025-02-16 04:07:09.920875,2918.8,583.7600000000001,2025-02
3023,296,141,1,2025-07-09 15:35:56.387430,66.95,13.39,2025-07
3024,835,11,1,2025-07-21 14:37:10.199230,75.71,15.142,2025-07
3025,135,249,8,2025-01-20 07:21:51.750389,1879.84,375.968,2025-01
3026,816,381,3,2025-01-16 20:27:18.950115,519.72,103.94400000000002,2025-01
3027,164,99,8,2024-12-21 01:21:08.453288,3227.6,645.52,2024-12
3028,144,206,2,2025-10-06 14:13:06.584486,538.84,107.76800000000001,2025-10
3029,505,375,2,2025-09-03 05:17:43.998439,119.04,23.808000000000003,2025-09
3030,551,383,6,2025-07-18 13:49:23.917772,1465.1399999999999,293.02799999999996,2025-07
3031,723,278,5,2025-05-06 10:06:04.743977,1445.8500000000001,289.17,2025-05
3032,582,124,5,2024-12-02 00:16:09.737575,2352.1,470.42,2024-12
3033,796,111,6,2025-11-05 06:13:36.389868,1825.5,365.1,2025-11
3034,672,425,9,2025-10-21 21:40:57.139848,4342.32,868.4639999999999,2025-10
3035,779,209,7,2025-10-05 00:35:55.924631,2095.52,419.10400000000004,2025-10
3036,122,290,3,2025-03-28 04:24:28.795113,529.02,105.804,2025-03
3037,37,459,8,2025-06-14 01:24:56.185986,2951.2,590.24,2025-06
3038,944,45,8,2025-05-24 09:57:01.474850,3081.84,616.368,2025-05
3039,544,436,8,2025-08-05 18:14:32.133140,3521.84,704.368,2025-08
3040,650,412,5,2025-01-03 05:02:57.736129,2490.1499999999996,498.03,2025-01
3041,614,412,7,2025-07-30 19:04:22.155086,3486.21,697.2420000000001,2025-07
3042,432,253,1,2025-03-04 10:47:44.421395,359.3,71.86,2025-03
3043,573,16,3,2025-08-17 13:15:14.919683,1302.57,260.514,2025-08
3044,969,336,7,2025-08-07 04:09:37.504631,2338.77,467.754,2025-08
3045,589,345,7,2024-11-07 12:16:44.221860,2393.16,478.632,2024-11
3046,784,98,4,2025-05-14 19:36:04.914191,1988.44,397.68800000000005,2025-05
3047,414,84,9,2025-07-03 17:42:13.077402,2596.14,519.228,2025-07
3048,293,482,2,2025-10-15 10:59:21.616240,438.08,87.616,2025-10
3049,327,454,5,2025-01-08 09:51:34.114287,1908.6000000000001,381.72,2025-01
3050,906,164,7,2025-03-29 19:27:13.124183,3079.02,615.8040000000001,2025-03
3051,808,199,9,2025-04-05 05:40:28.678655,485.91,97.18200000000002,2025-04
3052,11,6,4,2025-05-24 15:44:50.042845,403.52,80.70400000000001,2025-05
3053,961,437,5,2025-06-03 10:02:40.955009,1520.35,304.07,2025-06
3054,481,267,6,2025-05-01 17:55:58.789857,2884.56,576.912,2025-05
3055,787,175,6,2025-05-20 18:50:24.397621,783.06,156.612,2025-05
3056,278,189,1,2024-12-18 03:16:08.981696,146.47,29.294,2024-12
3057,330,243,3,2024-11-09 11:54:04.749709,406.91999999999996,81.384,2024-11
3058,12,98,8,2025-10-10 19:31:17.031605,3976.88,795.3760000000001,2025-10
3059,499,298,6,2025-06-21 20:28:27.182014,2589.7799999999997,517.956,2025-06
3060,572,404,6,2025-08-05 06:43:28.924533,2283.66,456.73199999999997,2025-08
3061,160,324,4,2025-09-03 00:27:00.131234,1429.64,285.92800000000005,2025-09
3062,664,109,8,2024-12-15 23:34:59.126749,694.88,138.976,2024-12
3063,538,6,1,2024-12-10 01:21:30.457702,100.88,20.176000000000002,2024-12
3064,821,405,1,2025-06-27 06:23:05.633963,353.09,70.618,2025-06
3065,73,254,3,2025-11-06 05:16:44.692353,976.17,195.234,2025-11
3066,557,119,6,2024-12-03 03:58:52.334632,2189.1000000000004,437.8200000000001,2024-12
3067,632,248,6,2024-12-26 12:32:08.696458,1612.2599999999998,322.452,2024-12
3068,113,125,6,2025-04-18 07:59:15.067950,630.42,126.084,2025-04
3069,784,330,6,2025-01-18 06:07:48.906911,2641.8,528.36,2025-01
3070,300,151,3,2025-05-03 03:59:49.173595,277.14,55.428,2025-05
3071,199,232,3,2024-11-17 23:46:29.235708,269.79,53.958000000000006,2024-11
3072,317,375,1,2025-04-26 21:47:50.937313,59.52,11.904000000000002,2025-04
3073,76,72,3,2025-10-16 09:32:37.037997,924.99,184.99800000000002,2025-10
3074,940,322,4,2025-09-06 09:29:21.252427,673.44,134.68800000000002,2025-09
3075,149,3,7,2025-09-17 07:03:57.342767,1879.6399999999999,375.928,2025-09
3076,631,194,9,2025-08-02 03:56:08.287567,1805.1299999999999,361.026,2025-08
3077,865,49,2,2025-04-21 05:38:46.197682,94.68,18.936000000000003,2025-04
3078,284,23,6,2025-04-08 20:23:15.519141,2726.94,545.388,2025-04
3079,786,94,3,2025-05-24 10:49:44.618278,256.89,51.378,2025-05
3080,99,189,6,2025-04-25 22:58:16.935758,878.8199999999999,175.764,2025-04
3081,207,19,1,2024-11-17 22:52:25.027709,266.26,53.252,2024-11
3082,854,440,3,2024-12-01 21:48:30.197527,478.34999999999997,95.67,2024-12
3083,51,84,1,2025-08-09 05:21:15.443235,288.46,57.692,2025-08
3084,157,220,3,2025-08-08 19:37:26.557029,838.26,167.65200000000002,2025-08
3085,108,241,7,2024-11-14 17:50:26.104412,2823.94,564.788,2024-11
3086,248,499,7,2025-08-08 09:05:40.227279,1659.77,331.954,2025-08
3087,945,466,7,2025-04-16 15:18:34.047360,3056.06,611.212,2025-04
3088,805,427,6,2025-09-26 08:45:28.938784,2694.42,538.884,2025-09
3089,690,152,2,2025-06-22 06:15:13.301856,646.62,129.324,2025-06
3090,38,201,6,2025-01-04 09:24:18.745039,1677.78,335.55600000000004,2025-01
3091,696,499,5,2025-05-20 01:06:26.635218,1185.5500000000002,237.11000000000004,2025-05
3092,494,300,3,2025-11-04 20:40:43.150007,627.48,125.49600000000001,2025-11
3093,108,203,6,2024-11-30 09:22:06.196864,1396.98,279.396,2024-11
3094,895,315,3,2025-04-20 17:26:22.935306,568.11,113.62200000000001,2025-04
3095,245,331,9,2025-05-26 03:19:17.684839,1238.31,247.662,2025-05
3096,314,463,7,2025-01-26 01:18:17.948826,993.3000000000001,198.66000000000003,2025-01
3097,975,66,5,2025-05-15 10:24:36.582787,826.4499999999999,165.29,2025-05
3098,186,248,7,2025-10-03 01:04:22.895867,1880.9699999999998,376.19399999999996,2025-10
3099,794,338,1,2024-12-14 14:45:58.607064,283.02,56.604,2024-12
3100,100,129,9,2025-04-12 02:17:41.125323,4185.2699999999995,837.054,2025-04
3101,967,62,1,2025-10-20 04:07:21.589727,383.93,76.786,2025-10
3102,617,26,1,2025-05-16 10:46:02.179976,264.96,52.992,2025-05
3103,268,259,6,2025-03-17 00:18:45.481968,2203.86,440.77200000000005,2025-03
3104,10,293,6,2025-10-29 03:53:31.960171,1509.78,301.956,2025-10
3105,489,365,6,2025-05-05 02:32:05.365454,1141.6200000000001,228.32400000000004,2025-05
3106,926,292,3,2025-05-31 15:21:17.578562,935.49,187.098,2025-05
3107,458,209,1,2025-04-26 08:37:39.293085,299.36,59.87200000000001,2025-04
3108,785,171,5,2025-10-25 21:48:02.846187,1442.6,288.52,2025-10
3109,327,40,3,2025-07-15 21:57:11.933986,579.87,115.974,2025-07
3110,883,333,5,2025-08-07 05:14:48.900115,1908.0,381.6,2025-08
3111,102,220,8,2025-08-23 17:20:21.876763,2235.36,447.07200000000006,2025-08
3112,268,111,7,2025-03-07 00:47:44.285056,2129.75,425.95000000000005,2025-03
3113,887,245,4,2025-10-20 01:32:00.007231,662.72,132.544,2025-10
3114,826,39,4,2025-05-18 18:20:21.241580,1203.32,240.664,2025-05
3115,690,102,3,2025-10-22 20:54:25.698999,1091.19,218.23800000000003,2025-10
3116,659,451,7,2025-02-07 15:52:13.423650,1135.05,227.01,2025-02
3117,760,439,9,2024-11-15 19:41:45.371376,977.3100000000001,195.46200000000002,2024-11
3118,79,490,5,2025-07-20 16:35:52.578389,2324.35,464.87,2025-07
3119,565,107,2,2025-09-25 09:59:26.427074,464.34,92.868,2025-09
3120,573,453,7,2025-07-29 11:44:34.181172,3061.4500000000003,612.2900000000001,2025-07
3121,630,310,3,2025-08-14 11:30:31.405558,1343.76,268.752,2025-08
3122,841,359,5,2024-12-06 20:51:11.788836,1284.75,256.95,2024-12
3123,320,324,5,2024-12-08 13:11:03.700747,1787.0500000000002,357.4100000000001,2024-12
3124,885,101,6,2025-08-09 05:33:49.294788,1525.56,305.112,2025-08
3125,70,120,3,2025-01-20 18:00:27.872607,1182.3899999999999,236.47799999999998,2025-01
3126,745,30,5,2025-03-13 14:15:07.180652,2069.2,413.84,2025-03
3127,304,102,7,2025-03-13 11:19:24.149480,2546.11,509.22200000000004,2025-03
3128,971,443,1,2024-11-19 08:57:52.005738,92.97,18.594,2024-11
3129,514,247,5,2025-03-12 07:47:17.570386,494.05,98.81,2025-03
3130,453,118,6,2024-12-08 14:31:13.685679,757.62,151.524,2024-12
3131,203,375,4,2025-05-16 01:38:49.631709,238.08,47.61600000000001,2025-05
3132,985,110,9,2025-05-22 22:01:38.205953,3229.7400000000002,645.9480000000001,2025-05
3133,500,391,8,2025-05-14 15:09:37.414358,981.12,196.22400000000002,2025-05
3134,252,495,6,2025-08-05 10:55:07.108542,75.42,15.084000000000001,2025-08
3135,445,67,9,2025-09-07 20:08:45.195594,4276.53,855.306,2025-09
3136,249,462,9,2025-03-10 15:47:15.157736,330.93,66.186,2025-03
3137,39,174,4,2025-06-30 03:31:52.369516,75.84,15.168000000000001,2025-06
3138,171,223,5,2025-07-03 04:23:53.554057,84.65,16.930000000000003,2025-07
3139,586,193,9,2025-03-11 09:38:50.880159,1765.08,353.016,2025-03
3140,997,4,6,2024-11-06 19:02:44.122111,677.76,135.552,2024-11
3141,837,423,9,2024-12-23 08:47:25.601642,4301.91,860.3820000000001,2024-12
3142,187,315,3,2025-06-07 20:29:24.128810,568.11,113.62200000000001,2025-06
3143,770,453,9,2025-11-01 01:39:25.585095,3936.15,787.23,2025-11
3144,717,240,2,2025-07-24 09:15:34.435612,934.38,186.876,2025-07
3145,526,280,7,2025-10-22 14:36:55.438224,1249.43,249.88600000000002,2025-10
3146,431,262,8,2024-11-29 05:50:12.700010,1436.4,287.28000000000003,2024-11
3147,672,321,9,2025-03-05 05:40:33.232831,1647.9900000000002,329.59800000000007,2025-03
3148,832,27,3,2025-09-20 01:19:13.713808,1212.84,242.56799999999998,2025-09
3149,831,157,6,2025-03-23 05:25:36.105070,1655.52,331.10400000000004,2025-03
3150,455,117,1,2025-09-19 16:33:42.085661,248.6,49.72,2025-09
3151,710,170,3,2025-04-20 08:00:41.846320,145.17000000000002,29.034000000000006,2025-04
3152,55,163,9,2024-12-16 22:07:01.091253,642.6,128.52,2024-12
3153,709,292,2,2025-07-11 09:56:47.377357,623.66,124.732,2025-07
3154,749,158,4,2025-01-04 11:47:20.211713,532.56,106.512,2025-01
3155,361,32,3,2025-07-26 08:38:43.979112,1292.6999999999998,258.53999999999996,2025-07
3156,539,450,9,2024-11-27 15:24:21.271977,2938.41,587.682,2024-11
3157,836,138,5,2025-02-21 00:11:04.538123,1847.6,369.52,2025-02
3158,733,468,6,2024-12-27 09:51:09.802913,2885.82,577.1640000000001,2024-12
3159,719,132,7,2024-12-07 05:33:20.485652,158.34,31.668000000000003,2024-12
3160,136,228,2,2025-01-01 09:36:28.958947,147.8,29.560000000000002,2025-01
3161,600,336,3,2025-10-04 23:18:38.065381,1002.33,200.466,2025-10
3162,88,444,6,2025-02-24 13:24:32.386392,2423.94,484.788,2025-02
3163,390,285,8,2024-11-17 20:02:00.065526,3703.36,740.672,2024-11
3164,338,420,6,2025-10-30 15:01:12.503974,2423.46,484.692,2025-10
3165,419,181,5,2025-05-17 22:04:08.859265,801.4499999999999,160.29,2025-05
3166,735,432,6,2025-03-10 05:01:11.045333,1682.6999999999998,336.53999999999996,2025-03
3167,92,465,6,2025-06-25 15:58:53.558581,1193.22,238.644,2025-06
3168,349,285,1,2025-04-06 08:33:48.053322,462.92,92.584,2025-04
3169,808,418,9,2025-04-27 18:14:33.327418,3383.82,676.7640000000001,2025-04
3170,719,148,4,2025-11-05 03:48:57.612019,1319.04,263.808,2025-11
3171,726,463,3,2025-08-21 15:15:15.417532,425.70000000000005,85.14000000000001,2025-08
3172,225,50,6,2025-07-02 15:06:24.330729,473.70000000000005,94.74000000000001,2025-07
3173,118,134,7,2024-12-14 09:55:28.673592,1169.77,233.954,2024-12
3174,837,98,1,2025-03-01 04:16:03.022095,497.11,99.42200000000001,2025-03
3175,640,24,1,2025-07-29 21:19:25.157402,411.46,82.292,2025-07
3176,243,109,2,2025-09-04 21:50:57.019784,173.72,34.744,2025-09
3177,92,115,2,2024-12-01 23:28:36.733146,555.12,111.024,2024-12
3178,290,255,6,2025-08-19 03:18:22.486879,1121.76,224.352,2025-08
3179,244,322,7,2025-10-14 08:12:42.900549,1178.52,235.704,2025-10
3180,847,23,3,2025-03-14 15:16:58.276679,1363.47,272.694,2025-03
3181,178,440,5,2025-11-03 05:25:23.497692,797.25,159.45000000000002,2025-11
3182,87,95,7,2024-11-07 06:31:43.091998,1312.01,262.402,2024-11
3183,360,387,3,2025-06-28 13:42:25.316853,337.83,67.566,2025-06
3184,342,349,4,2025-02-28 04:57:38.189737,786.44,157.288,2025-02
3185,335,431,8,2025-01-19 06:13:14.701084,1995.52,399.10400000000004,2025-01
3186,22,495,4,2025-10-02 23:45:56.008035,50.28,10.056000000000001,2025-10
3187,335,212,9,2025-10-16 02:36:08.857422,3483.0,696.6,2025-10
3188,716,77,8,2025-05-14 21:20:34.159726,2540.08,508.016,2025-05
3189,357,493,9,2024-11-08 11:45:47.846519,3247.92,649.5840000000001,2024-11
3190,378,34,7,2025-03-06 11:30:44.275004,1095.64,219.12800000000004,2025-03
3191,181,250,1,2025-02-07 02:31:56.469843,98.15,19.630000000000003,2025-02
3192,183,24,5,2024-11-21 07:58:56.069580,2057.2999999999997,411.46,2024-11
3193,219,212,5,2025-10-27 18:46:21.428329,1935.0,387.0,2025-10
3194,376,295,4,2025-01-31 19:09:26.522091,568.72,113.74400000000001,2025-01
3195,471,113,1,2025-10-24 17:16:05.517017,64.95,12.990000000000002,2025-10
3196,299,266,6,2025-03-06 07:05:41.979791,1241.58,248.316,2025-03
3197,550,469,2,2025-06-26 01:55:25.515532,52.62,10.524000000000001,2025-06
3198,741,456,8,2025-04-01 09:58:24.042706,320.32,64.06400000000001,2025-04
3199,710,480,9,2025-02-03 04:50:39.418834,4459.41,891.8820000000001,2025-02
3200,713,397,8,2024-11-15 19:07:01.599990,3752.48,750.4960000000001,2024-11
3201,10,309,8,2025-06-22 14:51:28.608817,3444.48,688.8960000000001,2025-06
3202,312,464,3,2025-05-26 18:40:24.733498,457.74,91.548,2025-05
3203,42,410,4,2025-07-14 00:05:28.743748,1380.36,276.072,2025-07
3204,967,285,1,2025-07-01 07:07:55.302735,462.92,92.584,2025-07
3205,260,18,2,2025-01-16 12:13:17.934899,815.56,163.112,2025-01
3206,815,43,9,2025-03-23 03:45:39.481529,111.51,22.302000000000003,2025-03
3207,402,236,6,2024-12-07 11:02:54.969903,478.32,95.664,2024-12
3208,749,344,8,2025-01-11 18:59:09.096179,3072.08,614.416,2025-01
3209,782,178,6,2025-01-23 12:02:20.692202,119.39999999999999,23.88,2025-01
3210,709,224,9,2025-11-04 14:35:53.670134,1809.81,361.962,2025-11
3211,854,256,5,2025-06-15 12:07:59.735384,118.10000000000001,23.620000000000005,2025-06
3212,149,213,3,2025-09-17 07:37:47.267692,387.15000000000003,77.43,2025-09
3213,724,25,2,2024-11-29 08:58:02.137070,872.88,174.57600000000002,2024-11
3214,197,338,8,2025-09-08 21:32:48.088559,2264.16,452.832,2025-09
3215,823,136,7,2024-12-17 02:23:31.701564,1326.22,265.244,2024-12
3216,632,144,6,2025-11-05 02:23:26.151975,1748.52,349.704,2025-11
3217,755,306,1,2025-03-01 08:46:05.863300,248.28,49.656000000000006,2025-03
3218,820,238,8,2025-01-31 14:18:10.155147,2302.16,460.432,2025-01
3219,504,269,7,2025-02-26 19:05:26.884686,967.12,193.424,2025-02
3220,548,26,3,2025-09-07 18:42:26.603780,794.8799999999999,158.976,2025-09
3221,263,298,4,2024-11-18 11:27:39.085045,1726.52,345.30400000000003,2024-11
3222,327,272,6,2025-06-26 12:47:55.198244,1937.52,387.504,2025-06
3223,806,445,7,2025-10-12 13:46:46.114171,1527.33,305.466,2025-10
3224,980,87,9,2024-12-25 08:12:42.794773,3970.17,794.0340000000001,2024-12
3225,522,273,5,2025-10-22 14:20:23.027246,2028.4,405.68000000000006,2025-10
3226,449,78,4,2025-08-10 17:32:14.709455,759.88,151.976,2025-08
3227,261,329,6,2025-01-28 16:11:01.140576,1163.8799999999999,232.77599999999998,2025-01
3228,400,244,5,2024-12-04 17:14:47.589265,1384.8500000000001,276.97,2024-12
3229,595,341,8,2025-01-31 05:32:05.764008,2662.16,532.432,2025-01
3230,212,281,1,2025-01-03 11:08:07.737774,494.3,98.86000000000001,2025-01
3231,442,348,2,2025-08-09 10:44:32.469228,304.04,60.80800000000001,2025-08
3232,439,427,9,2025-08-11 06:57:01.459160,4041.63,808.326,2025-08
3233,231,159,5,2024-12-21 07:18:38.273903,2316.6,463.32,2024-12
3234,298,270,5,2025-08-09 01:51:38.223700,676.3,135.26,2025-08
3235,663,19,9,2025-01-17 09:49:25.474840,2396.34,479.26800000000003,2025-01
3236,490,439,8,2025-08-22 00:00:46.736923,868.72,173.74400000000003,2025-08
3237,971,478,7,2025-08-23 10:57:26.197481,3092.67,618.5340000000001,2025-08
3238,417,357,4,2025-06-30 21:30:36.993083,887.32,177.46400000000003,2025-06
3239,958,432,4,2024-12-20 11:29:55.322558,1121.8,224.36,2024-12
3240,941,56,5,2025-06-30 23:41:14.220162,215.85000000000002,43.17000000000001,2025-06
3241,830,161,4,2025-05-28 00:05:36.016183,1004.2,200.84000000000003,2025-05
3242,315,251,9,2025-05-17 09:39:44.742591,2329.83,465.966,2025-05
3243,858,307,2,2025-08-18 00:52:17.875039,213.24,42.648,2025-08
3244,38,47,5,2025-08-10 17:37:25.956222,326.9,65.38,2025-08
3245,646,186,5,2025-05-21 19:49:46.459032,600.8,120.16,2025-05
3246,459,432,8,2024-11-15 22:21:58.874459,2243.6,448.72,2024-11
3247,372,438,5,2025-04-07 19:30:02.232749,397.5,79.5,2025-04
3248,190,349,8,2024-11-22 04:30:26.808500,1572.88,314.576,2024-11
3249,537,7,7,2024-12-29 10:26:25.474694,1042.4399999999998,208.48799999999997,2024-12
3250,415,298,9,2025-01-15 02:30:01.469274,3884.67,776.9340000000001,2025-01
3251,676,485,6,2025-01-04 09:25:34.049590,2468.2799999999997,493.65599999999995,2025-01
3252,89,1,8,2025-07-05 10:45:32.363258,630.72,126.144,2025-07
3253,564,364,1,2025-04-01 04:39:03.563155,51.39,10.278,2025-04
3254,510,331,4,2025-01-06 07:13:05.056509,550.36,110.072,2025-01
3255,145,72,8,2024-12-16 01:03:30.027419,2466.64,493.328,2024-12
3256,236,31,4,2024-11-21 11:39:10.623837,770.4,154.08,2024-11
3257,848,6,1,2025-05-04 05:27:21.942850,100.88,20.176000000000002,2025-05
3258,747,158,4,2025-05-04 09:32:33.902210,532.56,106.512,2025-05
3259,832,158,8,2025-09-12 01:03:13.014577,1065.12,213.024,2025-09
3260,40,476,7,2025-07-07 16:41:00.841291,117.17999999999999,23.436,2025-07
3261,720,250,5,2025-03-03 22:15:02.135553,490.75,98.15,2025-03
3262,466,478,3,2025-06-25 18:53:05.574643,1325.43,265.086,2025-06
3263,29,124,8,2025-05-25 13:15:48.880423,3763.36,752.672,2025-05
3264,609,467,6,2025-02-27 23:16:53.859035,1530.72,306.144,2025-02
3265,738,94,5,2025-03-07 07:53:14.777502,428.15,85.63,2025-03
3266,970,390,6,2025-10-07 23:32:08.424298,2049.2400000000002,409.84800000000007,2025-10
3267,898,338,7,2024-11-07 07:18:12.264987,1981.1399999999999,396.228,2024-11
3268,483,456,2,2025-10-26 03:14:21.737413,80.08,16.016000000000002,2025-10
3269,545,387,6,2025-03-26 11:26:11.638111,675.66,135.132,2025-03
3270,521,437,7,2025-03-18 19:54:09.682545,2128.49,425.698,2025-03
3271,272,293,2,2025-09-26 05:38:08.894502,503.26,100.652,2025-09
3272,927,345,8,2025-02-25 20:21:41.532169,2735.04,547.008,2025-02
3273,176,435,7,2025-01-01 21:21:53.041120,3303.86,660.772,2025-01
3274,344,467,6,2024-11-20 17:41:03.610512,1530.72,306.144,2024-11
3275,155,194,2,2025-08-21 02:36:41.099793,401.14,80.22800000000001,2025-08
3276,395,319,2,2025-02-25 03:28:14.374002,413.04,82.608,2025-02
3277,502,49,8,2025-08-21 18:30:01.142102,378.72,75.74400000000001,2025-08
3278,148,188,6,2025-02-03 05:55:48.199951,2179.86,435.97200000000004,2025-02
3279,899,387,9,2024-11-17 20:02:59.023632,1013.49,202.698,2024-11
3280,818,97,2,2025-01-22 11:53:42.013061,162.28,32.456,2025-01
3281,3,259,7,2025-05-27 13:32:12.072998,2571.17,514.234,2025-05
3282,204,244,6,2024-12-02 07:18:23.442466,1661.8200000000002,332.36400000000003,2024-12
3283,780,84,5,2025-10-05 01:20:43.782924,1442.3,288.46,2025-10
3284,277,324,7,2025-02-27 03:24:46.326226,2501.8700000000003,500.3740000000001,2025-02
3285,228,189,3,2025-01-15 15:58:58.843397,439.40999999999997,87.882,2025-01
3286,783,338,1,2024-12-02 01:22:40.317744,283.02,56.604,2024-12
3287,763,271,4,2025-06-20 13:20:47.784661,1669.76,333.952,2025-06
3288,515,206,2,2025-10-02 11:54:51.504880,538.84,107.76800000000001,2025-10
3289,785,493,4,2024-11-20 09:32:19.318915,1443.52,288.704,2024-11
3290,978,223,6,2025-03-18 16:47:33.378751,101.58,20.316000000000003,2025-03
3291,607,169,6,2025-03-28 18:03:04.154817,2513.2200000000003,502.64400000000006,2025-03
3292,437,220,1,2025-06-04 05:55:07.738919,279.42,55.88400000000001,2025-06
3293,243,37,3,2025-04-25 02:15:57.578159,1122.24,224.448,2025-04
3294,389,107,4,2025-11-04 09:04:01.785216,928.68,185.736,2025-11
3295,172,311,5,2025-10-18 04:29:38.028221,1062.45,212.49,2025-10
3296,903,298,2,2025-06-26 15:41:48.537426,863.26,172.65200000000002,2025-06
3297,873,390,1,2024-11-07 05:40:59.059433,341.54,68.308,2024-11
3298,176,498,4,2025-03-25 12:19:36.641845,1586.52,317.30400000000003,2025-03
3299,204,374,4,2025-04-17 16:49:32.457569,1352.44,270.488,2025-04
3300,766,219,4,2025-04-20 14:15:12.482732,126.16,25.232,2025-04
3301,463,342,1,2025-05-26 22:38:27.074116,414.77,82.95400000000001,2025-05
3302,88,390,9,2025-09-29 06:53:10.111939,3073.86,614.772,2025-09
3303,432,325,6,2025-02-04 05:04:47.622195,1665.96,333.192,2025-02
3304,31,248,9,2025-09-02 20:27:10.205920,2418.39,483.678,2025-09
3305,794,194,7,2024-12-08 22:23:50.388202,1403.99,280.798,2024-12
3306,655,338,1,2025-04-28 07:32:43.096407,283.02,56.604,2025-04
3307,883,210,9,2025-08-03 20:07:32.164723,1385.46,277.09200000000004,2025-08
3308,548,301,7,2025-05-15 02:51:24.325867,3090.85,618.1700000000001,2025-05
3309,535,149,6,2025-11-03 22:51:31.117380,489.41999999999996,97.884,2025-11
3310,61,218,1,2025-09-28 18:24:39.319014,417.11,83.42200000000001,2025-09
3311,362,62,2,2025-04-29 06:09:15.094078,767.86,153.572,2025-04
3312,836,105,2,2025-06-22 08:47:50.708351,536.76,107.352,2025-06
3313,152,96,1,2024-11-13 16:37:30.392599,337.47,67.49400000000001,2024-11
3314,684,61,7,2025-03-29 00:17:36.947834,3406.48,681.296,2025-03
3315,49,228,8,2025-02-26 05:19:19.959528,591.2,118.24000000000001,2025-02
3316,991,84,4,2025-07-06 18:19:47.686446,1153.84,230.768,2025-07
3317,186,296,5,2024-12-28 04:40:18.755645,1514.65,302.93,2024-12
3318,826,16,3,2025-09-14 20:14:47.609745,1302.57,260.514,2025-09
3319,933,299,2,2025-05-27 05:27:42.545226,368.42,73.68400000000001,2025-05
3320,449,267,4,2025-01-05 05:47:31.221263,1923.04,384.608,2025-01
3321,718,64,8,2025-09-07 04:57:20.432103,2776.56,555.312,2025-09
3322,824,300,9,2025-05-17 11:12:17.191090,1882.44,376.48800000000006,2025-05
3323,431,270,9,2025-09-04 02:06:18.523120,1217.34,243.468,2025-09
3324,342,138,9,2025-09-18 12:09:32.542009,3325.68,665.136,2025-09
3325,135,16,1,2025-07-17 07:20:10.383078,434.19,86.83800000000001,2025-07
3326,873,46,1,2025-05-10 18:25:55.648446,110.61,22.122,2025-05
3327,597,41,9,2024-11-29 01:26:51.322891,4466.5199999999995,893.304,2024-11
3328,46,474,2,2025-07-20 04:48:01.831850,319.86,63.97200000000001,2025-07
3329,25,44,7,2025-09-15 14:47:47.510616,1202.32,240.464,2025-09
3330,220,12,5,2024-11-10 00:35:17.406569,950.6999999999999,190.14,2024-11
3331,888,320,8,2025-08-15 14:36:58.167876,2105.28,421.05600000000004,2025-08
3332,940,192,1,2025-07-15 15:06:52.118357,150.88,30.176000000000002,2025-07
3333,940,37,4,2025-05-09 05:49:40.565431,1496.32,299.264,2025-05
3334,451,375,8,2025-01-22 04:05:58.086850,476.16,95.23200000000001,2025-01
3335,955,52,2,2025-01-12 20:17:59.456912,242.0,48.400000000000006,2025-01
3336,750,286,7,2025-09-28 06:47:54.281016,2099.3700000000003,419.8740000000001,2025-09
3337,471,170,4,2024-11-14 00:18:19.975474,193.56,38.712,2024-11
3338,655,260,9,2024-12-13 07:48:28.005974,3910.7699999999995,782.154,2024-12
3339,894,231,2,2025-01-18 09:17:45.065716,338.94,67.788,2025-01
3340,932,377,9,2024-12-10 11:51:27.924206,2711.79,542.3580000000001,2024-12
3341,970,74,8,2025-01-22 11:04:58.241853,282.32,56.464,2025-01
3342,999,157,8,2025-04-17 18:46:04.456462,2207.36,441.47200000000004,2025-04
3343,808,342,7,2025-03-09 18:30:39.628097,2903.39,580.678,2025-03
3344,669,401,6,2025-09-28 09:43:15.234672,2449.98,489.99600000000004,2025-09
3345,539,422,2,2025-03-10 20:06:13.081437,235.76,47.152,2025-03
3346,531,224,6,2025-06-05 19:23:29.485880,1206.54,241.308,2025-06
3347,681,215,2,2025-05-08 15:23:03.344426,541.76,108.352,2025-05
3348,165,48,5,2025-08-02 17:30:47.657508,2301.7,460.34,2025-08
3349,812,154,7,2025-09-05 19:21:41.516820,2742.1800000000003,548.436,2025-09
3350,394,246,9,2025-01-28 04:02:00.063590,626.3100000000001,125.26200000000001,2025-01
3351,711,482,8,2025-07-21 20:08:57.795121,1752.32,350.464,2025-07
3352,105,102,6,2025-06-23 10:51:05.026517,2182.38,436.47600000000006,2025-06
3353,272,290,9,2024-12-21 17:54:37.370314,1587.06,317.41200000000003,2024-12
3354,344,304,6,2025-01-06 08:08:15.229308,1414.74,282.94800000000004,2025-01
3355,333,127,8,2025-07-03 12:22:47.470005,3681.04,736.2080000000001,2025-07
3356,754,299,7,2025-05-07 03:24:54.284092,1289.47,257.894,2025-05
3357,246,437,4,2025-09-03 01:30:58.732876,1216.28,243.256,2025-09
3358,430,126,3,2025-02-04 16:22:02.113312,1022.01,204.40200000000002,2025-02
3359,588,402,2,2024-12-25 04:43:15.705550,241.62,48.324000000000005,2024-12
3360,636,284,9,2025-01-09 03:49:41.164340,684.54,136.908,2025-01
3361,206,243,9,2024-11-23 06:03:16.636118,1220.7599999999998,244.15199999999996,2024-11
3362,20,75,5,2025-02-16 11:05:29.217813,1582.8,316.56,2025-02
3363,628,227,7,2024-12-21 23:36:20.050591,1898.19,379.63800000000003,2024-12
3364,419,9,5,2025-08-12 11:43:17.981907,1341.25,268.25,2025-08
3365,136,177,6,2025-09-22 00:38:03.495627,2703.18,540.636,2025-09
3366,919,297,6,2024-11-22 02:59:29.462819,2807.58,561.516,2024-11
3367,815,95,1,2025-06-24 13:17:53.582834,187.43,37.486000000000004,2025-06
3368,59,222,9,2025-05-12 01:26:29.268116,1189.53,237.906,2025-05
3369,748,344,1,2025-06-14 03:45:32.649528,384.01,76.802,2025-06
3370,366,459,7,2025-05-16 13:07:30.733156,2582.2999999999997,516.4599999999999,2025-05
3371,792,121,4,2025-04-11 19:07:17.944906,357.2,71.44,2025-04
3372,960,317,6,2025-05-24 20:17:56.060522,2601.0,520.2,2025-05
3373,751,16,8,2025-02-06 17:19:57.078759,3473.52,694.7040000000001,2025-02
3374,22,449,4,2025-07-21 21:17:43.015571,549.64,109.928,2025-07
3375,108,309,1,2025-10-25 16:11:10.323654,430.56,86.11200000000001,2025-10
3376,923,157,2,2025-05-25 06:58:07.547938,551.84,110.36800000000001,2025-05
3377,470,402,7,2025-01-14 23:58:16.878192,845.6700000000001,169.13400000000001,2025-01
3378,526,276,3,2025-03-08 13:58:14.686692,833.9100000000001,166.78200000000004,2025-03
3379,529,82,2,2025-06-26 07:24:22.262696,957.14,191.428,2025-06
3380,457,312,5,2025-05-31 10:55:39.076612,593.5,118.7,2025-05
3381,815,300,5,2025-07-19 16:57:52.176770,1045.8,209.16,2025-07
3382,350,256,4,2025-05-24 22:38:46.027417,94.48,18.896,2025-05
3383,480,495,8,2025-03-16 01:12:27.916260,100.56,20.112000000000002,2025-03
3384,759,132,3,2025-02-14 12:39:39.835553,67.86,13.572000000000001,2025-02
3385,889,356,2,2025-09-28 17:00:52.210379,84.7,16.94,2025-09
3386,641,258,5,2025-01-08 15:58:44.344864,1858.1,371.62,2025-01
3387,400,320,5,2025-05-18 22:00:58.373466,1315.8000000000002,263.16,2025-05
3388,475,361,2,2025-09-22 02:51:06.390918,853.8,170.76,2025-09
3389,364,500,6,2025-10-19 02:53:26.608363,2485.44,497.088,2025-10
3390,967,477,1,2024-11-21 20:22:24.894555,482.46,96.492,2024-11
3391,867,327,9,2025-07-08 08:20:41.096580,4349.7,869.94,2025-07
3392,276,336,7,2025-01-05 00:01:29.648678,2338.77,467.754,2025-01
3393,35,113,8,2025-11-05 21:13:12.594684,519.6,103.92000000000002,2025-11
3394,979,356,5,2025-05-02 01:26:45.226824,211.75,42.35,2025-05
3395,571,21,2,2025-10-22 20:16:20.147685,232.82,46.564,2025-10
3396,241,459,8,2025-07-10 02:30:02.613847,2951.2,590.24,2025-07
3397,806,172,3,2025-06-20 12:22:27.688226,951.9000000000001,190.38000000000002,2025-06
3398,219,22,5,2025-03-27 22:39:01.917880,218.95,43.79,2025-03
3399,468,471,6,2025-10-05 13:42:28.204563,1015.92,203.184,2025-10
3400,536,85,5,2025-07-29 20:33:02.071258,505.95,101.19,2025-07
3401,100,400,3,2025-07-04 13:57:42.946499,241.20000000000002,48.24000000000001,2025-07
3402,692,297,8,2024-12-28 01:46:22.734503,3743.44,748.6880000000001,2024-12
3403,249,180,5,2024-11-19 06:11:00.363939,1890.65,378.13000000000005,2024-11
3404,613,487,6,2024-11-14 11:23:46.587979,2192.2799999999997,438.45599999999996,2024-11
3405,7,368,6,2025-06-18 20:28:29.953199,2613.48,522.696,2025-06
3406,490,131,3,2025-04-26 01:06:11.688046,621.0,124.2,2025-04
3407,237,233,3,2024-12-10 20:32:48.153945,427.43999999999994,85.488,2024-12
3408,888,375,1,2025-09-14 11:01:08.463022,59.52,11.904000000000002,2025-09
3409,810,217,5,2025-03-31 12:45:20.378626,1366.15,273.23,2025-03
3410,546,213,6,2025-10-23 15:31:42.020791,774.3000000000001,154.86,2025-10
3411,202,67,5,2024-11-08 23:12:36.958304,2375.85,475.17,2024-11
3412,354,7,5,2025-03-19 14:59:32.441168,744.5999999999999,148.92,2025-03
3413,539,167,1,2025-06-09 23:38:22.831730,60.31,12.062000000000001,2025-06
3414,562,238,3,2025-07-30 01:55:10.683922,863.31,172.662,2025-07
3415,720,239,5,2025-09-01 13:12:53.706754,493.6,98.72000000000001,2025-09
3416,704,349,2,2024-12-10 14:26:07.629986,393.22,78.644,2024-12
3417,371,236,1,2025-03-19 03:56:09.208034,79.72,15.944,2025-03
3418,279,208,7,2025-05-13 00:11:25.819638,1986.0400000000002,397.2080000000001,2025-05
3419,384,373,3,2025-01-31 02:23:28.988293,366.51,73.302,2025-01
3420,992,182,1,2024-12-08 13:25:37.503903,402.05,80.41000000000001,2024-12
3421,475,455,1,2024-12-12 06:30:39.690153,193.15,38.63,2024-12
3422,765,156,4,2024-12-25 16:54:48.137202,1907.68,381.53600000000006,2024-12
3423,763,95,3,2025-04-03 10:48:59.905138,562.29,112.458,2025-04
3424,251,232,4,2025-06-14 18:15:13.621307,359.72,71.944,2025-06
3425,259,156,1,2025-06-04 06:52:46.247629,476.92,95.38400000000001,2025-06
3426,35,454,9,2025-11-03 09:53:48.727851,3435.4800000000005,687.0960000000001,2025-11
3427,759,115,3,2025-05-10 16:52:23.981683,832.6800000000001,166.53600000000003,2025-05
3428,443,282,7,2025-01-25 14:26:47.198565,421.33,84.266,2025-01
3429,11,481,4,2025-09-01 20:01:39.784261,191.32,38.264,2025-09
3430,860,237,9,2025-06-20 16:23:36.672769,678.33,135.66600000000003,2025-06
3431,142,146,3,2024-12-09 10:59:30.701945,737.91,147.582,2024-12
3432,948,336,6,2025-08-21 08:47:59.131326,2004.66,400.932,2025-08
3433,716,67,4,2025-06-12 17:00:01.574094,1900.68,380.136,2025-06
3434,30,191,5,2025-03-14 09:54:27.902017,2460.0,492.0,2025-03
3435,215,490,5,2025-09-05 05:31:41.063555,2324.35,464.87,2025-09
3436,133,244,9,2025-02-02 20:37:40.190680,2492.7300000000005,498.5460000000001,2025-02
3437,879,341,7,2025-01-28 20:59:12.108811,2329.39,465.878,2025-01
3438,35,1,7,2024-11-10 07:40:17.110096,551.88,110.376,2024-11
3439,850,336,3,2024-11-20 21:08:48.011935,1002.33,200.466,2024-11
3440,982,338,7,2025-07-17 06:55:19.169108,1981.1399999999999,396.228,2025-07
3441,616,23,8,2025-06-04 08:17:23.777365,3635.92,727.1840000000001,2025-06
3442,746,50,4,2024-12-07 14:55:45.500328,315.8,63.160000000000004,2024-12
3443,30,96,6,2025-04-25 16:34:44.502564,2024.8200000000002,404.96400000000006,2025-04
3444,663,98,8,2025-05-10 13:46:04.508837,3976.88,795.3760000000001,2025-05
3445,722,342,5,2024-12-25 03:27:27.162921,2073.85,414.77,2024-12
3446,769,437,6,2025-05-18 13:38:18.549456,1824.42,364.884,2025-05
3447,993,241,2,2025-09-06 11:30:44.698855,806.84,161.36800000000002,2025-09
3448,117,229,9,2025-03-14 15:55:48.661839,4208.3099999999995,841.6619999999999,2025-03
3449,811,163,3,2025-04-16 16:48:13.132299,214.20000000000002,42.84,2025-04
3450,344,442,4,2025-06-11 23:48:04.824685,811.88,162.376,2025-06
3451,834,56,3,2024-12-10 05:51:43.690525,129.51,25.902,2024-12
3452,937,154,9,2025-02-10 18:16:17.173934,3525.66,705.1320000000001,2025-02
3453,453,73,4,2025-04-30 00:26:23.004729,996.92,199.38400000000001,2025-04
3454,189,282,1,2025-06-02 15:38:16.801409,60.19,12.038,2025-06
3455,266,128,8,2025-02-25 21:15:45.848194,488.24,97.64800000000001,2025-02
3456,488,410,6,2025-01-03 17:49:47.850564,2070.54,414.108,2025-01
3457,692,10,6,2025-10-18 23:38:43.143564,2075.7,415.14,2025-10
3458,762,98,9,2025-06-23 01:20:59.790603,4473.99,894.798,2025-06
3459,627,245,7,2025-10-07 06:12:19.925561,1159.76,231.952,2025-10
3460,339,420,5,2025-02-11 15:34:05.595259,2019.5500000000002,403.9100000000001,2025-02
3461,30,72,7,2025-06-27 08:35:26.697777,2158.31,431.66200000000003,2025-06
3462,848,119,7,2025-10-11 09:59:00.274326,2553.9500000000003,510.7900000000001,2025-10
3463,469,490,7,2025-10-04 10:17:09.548823,3254.09,650.8180000000001,2025-10
3464,813,328,3,2025-08-15 02:45:34.696535,527.22,105.44400000000002,2025-08
3465,96,276,8,2025-09-08 15:57:21.726702,2223.76,444.75200000000007,2025-09
3466,590,324,6,2025-03-31 01:17:45.444941,2144.46,428.89200000000005,2025-03
3467,115,304,2,2024-11-11 01:11:39.711802,471.58,94.316,2024-11
3468,518,137,5,2025-10-01 15:25:03.624890,2489.3,497.86000000000007,2025-10
3469,647,105,1,2025-04-16 20:27:19.872334,268.38,53.676,2025-04
3470,67,34,7,2025-06-27 21:05:42.538358,1095.64,219.12800000000004,2025-06
3471,591,295,5,2024-12-04 00:19:21.728416,710.9000000000001,142.18000000000004,2024-12
3472,692,373,7,2025-08-29 19:21:14.799377,855.19,171.038,2025-08
3473,986,300,7,2025-07-20 09:36:16.751846,1464.12,292.824,2025-07
3474,842,465,6,2025-10-03 15:51:55.484942,1193.22,238.644,2025-10
3475,338,24,9,2025-05-31 12:04:59.959134,3703.14,740.628,2025-05
3476,739,414,7,2025-03-18 06:59:33.752956,3390.3799999999997,678.076,2025-03
3477,291,463,8,2024-11-28 12:48:35.305178,1135.2,227.04000000000002,2024-11
3478,777,103,3,2025-04-23 06:27:34.016298,250.64999999999998,50.129999999999995,2025-04
3479,807,25,9,2025-04-04 04:24:13.840848,3927.96,785.5920000000001,2025-04
3480,815,60,9,2025-04-25 17:03:50.611524,1261.98,252.39600000000002,2025-04
3481,113,497,7,2025-03-23 19:01:16.230358,3243.73,648.7460000000001,2025-03
3482,722,19,4,2025-08-19 17:13:55.976506,1065.04,213.008,2025-08
3483,406,243,3,2025-09-22 02:24:22.933739,406.91999999999996,81.384,2025-09
3484,673,317,4,2025-01-04 17:02:23.339792,1734.0,346.8,2025-01
3485,229,211,4,2024-11-24 22:57:48.107321,835.28,167.056,2024-11
3486,530,24,6,2025-10-24 10:28:10.199382,2468.7599999999998,493.75199999999995,2025-10
3487,779,335,4,2025-07-01 09:07:45.392434,1519.6,303.92,2025-07
3488,481,239,6,2025-07-15 14:55:32.688657,592.3199999999999,118.464,2025-07
3489,262,338,4,2025-08-11 08:31:13.041221,1132.08,226.416,2025-08
3490,15,139,5,2025-06-17 21:34:26.376084,478.05,95.61000000000001,2025-06
3491,996,175,7,2025-08-21 08:57:31.516199,913.5699999999999,182.714,2025-08
3492,204,289,6,2025-07-13 06:17:36.104821,2071.08,414.216,2025-07
3493,729,143,2,2025-07-29 05:35:06.693905,725.16,145.032,2025-07
3494,434,181,8,2025-05-12 03:10:41.356115,1282.32,256.464,2025-05
3495,269,147,9,2025-02-03 16:15:09.108553,3243.06,648.6120000000001,2025-02
3496,603,464,9,2025-05-25 13:50:17.353718,1373.22,274.644,2025-05
3497,816,34,5,2025-09-29 21:38:59.732057,782.6,156.52,2025-09
3498,856,393,4,2025-07-30 09:06:36.853830,1294.76,258.952,2025-07
3499,547,223,6,2025-08-04 06:09:55.211836,101.58,20.316000000000003,2025-08
3500,430,219,3,2025-09-27 13:30:15.639910,94.62,18.924000000000003,2025-09
3501,378,238,3,2025-02-04 23:38:19.168413,863.31,172.662,2025-02
3502,383,39,3,2024-12-12 17:06:11.607361,902.49,180.49800000000002,2024-12
3503,305,27,2,2025-04-09 20:10:17.101145,808.56,161.712,2025-04
3504,390,373,6,2025-08-01 23:59:02.229265,733.02,146.604,2025-08
3505,166,485,3,2025-06-03 13:53:35.760691,1234.1399999999999,246.82799999999997,2025-06
3506,369,191,1,2025-10-14 21:03:57.549253,492.0,98.4,2025-10
3507,964,118,8,2025-01-17 19:30:31.049466,1010.16,202.032,2025-01
3508,383,86,7,2025-04-04 06:11:34.700708,1894.27,378.85400000000004,2025-04
3509,25,280,6,2025-07-20 11:38:35.766955,1070.94,214.18800000000002,2025-07
3510,542,472,4,2025-02-16 23:35:55.608073,279.56,55.912000000000006,2025-02
3511,87,362,7,2025-08-11 23:55:56.662635,1944.1100000000001,388.82200000000006,2025-08
3512,145,153,2,2025-07-28 22:56:53.033318,383.76,76.752,2025-07
3513,469,304,9,2025-07-05 12:20:05.869979,2122.11,424.422,2025-07
3514,297,444,1,2025-05-23 12:17:37.330515,403.99,80.798,2025-05
3515,398,198,6,2025-02-02 22:35:58.509041,1994.8200000000002,398.96400000000006,2025-02
3516,465,199,7,2025-06-10 04:15:42.546960,377.93,75.586,2025-06
3517,502,315,8,2025-04-08 07:23:31.484126,1514.96,302.992,2025-04
3518,524,196,3,2025-09-25 01:05:17.516345,1355.5500000000002,271.11000000000007,2025-09
3519,204,425,9,2025-02-14 16:24:39.485843,4342.32,868.4639999999999,2025-02
3520,967,6,4,2024-11-21 18:36:43.095109,403.52,80.70400000000001,2024-11
3521,100,101,6,2025-04-14 19:28:00.730926,1525.56,305.112,2025-04
3522,622,10,1,2025-03-07 23:21:01.438646,345.95,69.19,2025-03
3523,802,451,7,2025-07-12 08:21:23.436528,1135.05,227.01,2025-07
3524,126,487,1,2025-10-18 22:49:26.661520,365.38,73.07600000000001,2025-10
3525,951,54,5,2024-12-04 13:54:47.993962,608.65,121.73,2024-12
3526,646,404,1,2025-02-02 12:49:59.502971,380.61,76.122,2025-02
3527,654,455,2,2025-06-05 20:47:50.802937,386.3,77.26,2025-06
3528,507,134,7,2025-09-25 01:53:42.305604,1169.77,233.954,2025-09
3529,283,225,9,2025-09-21 07:00:03.343831,1040.94,208.18800000000002,2025-09
3530,487,93,3,2025-07-20 09:50:13.356764,134.39999999999998,26.879999999999995,2025-07
3531,617,378,6,2024-12-29 15:25:02.163768,2729.52,545.904,2024-12
3532,543,444,3,2024-11-09 10:54:50.512440,1211.97,242.394,2024-11
3533,234,392,3,2024-12-24 08:24:35.640375,247.92000000000002,49.584,2024-12
3534,52,373,1,2025-10-10 12:20:59.110923,122.17,24.434,2025-10
3535,249,149,7,2024-12-02 20:48:50.722949,570.99,114.19800000000001,2024-12
3536,259,41,4,2025-03-12 04:25:59.419794,1985.12,397.024,2025-03
3537,427,21,4,2025-02-26 22:24:17.618610,465.64,93.128,2025-02
3538,239,397,9,2025-01-06 21:14:37.388718,4221.54,844.308,2025-01
3539,399,65,6,2024-12-19 19:04:15.154602,2071.68,414.336,2024-12
3540,602,456,7,2025-07-17 02:23:12.938120,280.28,56.056,2025-07
3541,757,456,7,2025-08-10 06:10:51.585904,280.28,56.056,2025-08
3542,577,268,1,2025-08-04 13:00:59.161297,475.5,95.10000000000001,2025-08
3543,472,355,1,2025-02-07 00:55:09.203446,259.86,51.97200000000001,2025-02
3544,400,359,2,2025-01-30 07:19:04.560797,513.9,102.78,2025-01
3545,750,66,5,2025-01-22 01:52:58.614002,826.4499999999999,165.29,2025-01
3546,929,477,3,2025-11-04 18:57:32.526077,1447.3799999999999,289.476,2025-11
3547,879,463,7,2024-12-28 09:16:21.690358,993.3000000000001,198.66000000000003,2024-12
3548,980,356,4,2025-02-15 19:28:06.416618,169.4,33.88,2025-02
3549,257,197,1,2025-05-24 00:44:20.062956,446.46,89.292,2025-05
3550,989,468,1,2025-09-13 02:34:04.457339,480.97,96.19400000000002,2025-09
3551,986,132,8,2025-07-14 06:15:46.969950,180.96,36.192,2025-07
3552,787,169,8,2025-06-02 13:39:33.482975,3350.96,670.192,2025-06
3553,103,398,6,2025-07-14 03:24:18.680192,1610.1000000000001,322.02000000000004,2025-07
3554,25,130,8,2025-06-01 18:53:38.330275,2928.08,585.616,2025-06
3555,148,394,9,2025-11-01 08:27:20.208823,756.4499999999999,151.29,2025-11
3556,244,409,3,2024-11-27 13:17:31.477294,902.0999999999999,180.42,2024-11
3557,836,181,4,2025-10-17 17:58:57.358024,641.16,128.232,2025-10
3558,784,434,9,2025-02-01 18:45:14.330035,3220.0199999999995,644.0039999999999,2025-02
3559,751,323,5,2024-11-16 02:08:42.656492,1895.95,379.19000000000005,2024-11
3560,877,427,4,2025-11-04 23:29:43.798238,1796.28,359.25600000000003,2025-11
3561,272,50,6,2025-07-09 03:27:27.639135,473.70000000000005,94.74000000000001,2025-07
3562,866,25,9,2025-01-14 12:11:35.468659,3927.96,785.5920000000001,2025-01
3563,308,90,7,2025-01-16 21:58:14.341582,2295.79,459.158,2025-01
3564,515,382,1,2025-08-31 16:36:42.746303,145.0,29.0,2025-08
3565,252,291,3,2025-05-12 12:09:58.050976,850.44,170.08800000000002,2025-05
3566,819,208,3,2025-02-19 05:58:38.466181,851.1600000000001,170.23200000000003,2025-02
3567,377,119,6,2025-09-08 11:01:41.987864,2189.1000000000004,437.8200000000001,2025-09
3568,991,76,2,2025-01-02 19:30:40.001432,947.12,189.424,2025-01
3569,501,258,7,2025-02-03 18:49:55.308969,2601.34,520.268,2025-02
3570,731,153,7,2025-01-20 03:13:46.603069,1343.1599999999999,268.632,2025-01
3571,630,229,1,2025-09-30 14:48:38.996912,467.59,93.518,2025-09
3572,496,383,4,2025-06-28 12:16:12.206087,976.76,195.352,2025-06
3573,783,190,8,2025-04-23 23:23:47.134130,143.68,28.736000000000004,2025-04
3574,634,61,6,2025-11-06 03:19:16.947231,2919.84,583.9680000000001,2025-11
3575,244,309,6,2025-06-09 17:52:15.361679,2583.36,516.672,2025-06
3576,689,85,4,2024-12-09 06:23:42.255968,404.76,80.952,2024-12
3577,509,141,6,2025-07-01 23:35:50.043156,401.70000000000005,80.34000000000002,2025-07
3578,895,485,8,2025-04-21 05:53:26.026591,3291.04,658.2080000000001,2025-04
3579,460,460,8,2024-12-11 20:12:48.627706,1718.16,343.63200000000006,2024-12
3580,68,478,7,2025-11-06 10:27:32.012872,3092.67,618.5340000000001,2025-11
3581,778,259,7,2025-06-08 14:54:38.384016,2571.17,514.234,2025-06
3582,298,438,6,2025-10-25 19:59:54.332513,477.0,95.4,2025-10
3583,819,340,4,2024-12-28 10:42:38.068346,966.28,193.256,2024-12
3584,563,49,2,2025-06-21 18:28:25.894274,94.68,18.936000000000003,2025-06
3585,781,241,4,2025-07-04 22:24:07.117066,1613.68,322.73600000000005,2025-07
3586,26,415,5,2025-05-02 23:58:59.045612,2240.95,448.19,2025-05
3587,245,310,2,2025-09-01 17:21:44.507117,895.84,179.168,2025-09
3588,898,123,8,2025-01-30 14:12:22.288303,3411.28,682.2560000000001,2025-01
3589,498,226,5,2025-07-03 02:35:37.824309,1733.85,346.77,2025-07
3590,153,416,9,2025-05-07 05:10:44.145382,4424.13,884.826,2025-05
3591,613,498,4,2025-05-29 13:40:16.446952,1586.52,317.30400000000003,2025-05
3592,944,6,6,2025-02-02 08:55:02.172179,605.28,121.056,2025-02
3593,702,237,2,2025-03-06 11:01:04.823146,150.74,30.148000000000003,2025-03
3594,991,115,7,2025-04-24 00:43:09.012497,1942.92,388.58400000000006,2025-04
3595,265,244,7,2025-06-02 12:32:49.144140,1938.7900000000002,387.75800000000004,2025-06
3596,106,143,5,2025-08-18 09:57:06.560967,1812.8999999999999,362.58,2025-08
3597,932,108,2,2025-08-18 15:30:00.499861,196.7,39.34,2025-08
3598,496,486,2,2025-07-21 09:26:11.314196,457.46,91.492,2025-07
3599,275,412,9,2025-07-21 01:14:27.999930,4482.2699999999995,896.454,2025-07
3600,81,395,7,2025-09-28 14:42:27.349477,2785.3700000000003,557.0740000000001,2025-09
3601,171,498,4,2025-07-27 09:29:54.716067,1586.52,317.30400000000003,2025-07
3602,841,297,2,2025-02-22 11:04:08.478874,935.86,187.17200000000003,2025-02
3603,951,487,4,2025-02-10 20:00:28.085388,1461.52,292.30400000000003,2025-02
3604,35,244,9,2025-10-10 01:19:33.269555,2492.7300000000005,498.5460000000001,2025-10
3605,392,122,2,2025-07-05 20:26:39.702805,224.6,44.92,2025-07
3606,367,303,6,2024-12-07 02:58:09.895569,1111.02,222.204,2024-12
3607,378,169,4,2025-08-05 18:06:52.389626,1675.48,335.096,2025-08
3608,875,482,3,2025-01-05 15:53:44.389182,657.12,131.424,2025-01
3609,430,332,4,2025-01-03 10:54:26.827261,1747.52,349.504,2025-01
3610,232,206,8,2025-08-31 12:53:55.383542,2155.36,431.07200000000006,2025-08
3611,778,25,4,2025-02-24 03:51:09.206357,1745.76,349.15200000000004,2025-02
3612,840,79,8,2025-06-07 01:15:05.066346,2281.52,456.30400000000003,2025-06
3613,704,430,6,2025-02-06 19:49:56.360808,825.96,165.192,2025-02
3614,490,289,5,2024-11-08 16:44:02.090762,1725.9,345.18000000000006,2024-11
3615,645,379,1,2025-02-14 06:53:59.841839,364.65,72.92999999999999,2025-02
3616,369,43,7,2025-06-27 08:08:22.542670,86.73,17.346,2025-06
3617,459,42,1,2025-10-18 21:30:45.249186,410.07,82.01400000000001,2025-10
3618,973,201,6,2025-01-02 04:56:34.058397,1677.78,335.55600000000004,2025-01
3619,441,358,5,2025-06-17 06:30:39.793500,438.5,87.7,2025-06
3620,747,168,6,2025-02-06 16:55:38.785794,1548.48,309.696,2025-02
3621,230,470,5,2025-11-05 05:07:12.120071,1769.9,353.98,2025-11
3622,250,50,2,2025-01-15 18:17:12.180048,157.9,31.580000000000002,2025-01
3623,973,419,4,2025-02-03 13:16:21.910864,615.28,123.056,2025-02
3624,697,224,4,2024-12-29 03:17:08.953231,804.36,160.872,2024-12
3625,677,183,6,2025-08-18 05:48:31.377457,1687.92,337.58400000000006,2025-08
3626,261,150,9,2025-08-26 21:53:17.398461,3595.32,719.0640000000001,2025-08
3627,899,339,9,2025-01-21 15:20:31.818113,499.14,99.828,2025-01
3628,397,498,6,2025-10-22 20:20:08.719563,2379.7799999999997,475.95599999999996,2025-10
3629,591,131,8,2024-11-16 19:44:40.157341,1656.0,331.20000000000005,2024-11
3630,313,481,4,2024-12-14 22:18:11.988160,191.32,38.264,2024-12
3631,615,327,4,2025-03-21 20:48:42.856077,1933.2,386.64000000000004,2025-03
3632,855,28,1,2025-04-27 08:34:01.598126,90.86,18.172,2025-04
3633,858,461,5,2025-03-16 10:28:56.615160,1186.45,237.29000000000002,2025-03
3634,853,404,8,2024-11-24 08:56:18.391568,3044.88,608.976,2024-11
3635,684,116,6,2024-12-23 22:46:22.555767,2867.2200000000003,573.4440000000001,2024-12
3636,168,397,5,2025-01-10 14:52:29.172053,2345.3,469.06000000000006,2025-01
3637,618,443,9,2025-09-27 09:15:20.611607,836.73,167.346,2025-09
3638,471,137,1,2025-05-01 20:48:49.425526,497.86,99.572,2025-05
3639,56,256,2,2025-05-14 16:09:18.736900,47.24,9.448,2025-05
3640,541,60,4,2025-10-31 07:56:09.642967,560.88,112.176,2025-10
3641,903,3,8,2025-04-19 01:53:17.865563,2148.16,429.632,2025-04
3642,385,177,4,2025-05-31 03:42:37.795738,1802.12,360.424,2025-05
3643,30,350,9,2025-04-23 03:40:10.683918,3680.0099999999998,736.002,2025-04
3644,679,222,7,2025-04-04 14:21:41.505670,925.1899999999999,185.038,2025-04
3645,924,471,7,2025-01-03 02:30:53.495092,1185.24,237.048,2025-01
3646,197,22,9,2025-08-19 16:00:17.073580,394.11,78.822,2025-08
3647,908,244,7,2025-03-11 14:29:30.188178,1938.7900000000002,387.75800000000004,2025-03
3648,921,171,6,2025-09-03 09:37:13.600043,1731.12,346.224,2025-09
3649,140,318,8,2025-03-06 14:53:27.092292,298.48,59.696000000000005,2025-03
3650,74,461,7,2025-08-13 14:52:12.000225,1661.03,332.206,2025-08
3651,398,54,6,2025-02-18 00:48:45.628599,730.38,146.076,2025-02
3652,558,238,1,2024-12-31 16:40:09.912490,287.77,57.554,2024-12
3653,536,47,4,2025-07-27 03:58:28.640070,261.52,52.304,2025-07
3654,986,358,1,2025-05-26 04:12:08.245680,87.7,17.540000000000003,2025-05
3655,864,423,3,2025-05-28 14:12:30.905642,1433.97,286.79400000000004,2025-05
3656,571,399,2,2024-12-08 22:26:07.443420,277.94,55.588,2024-12
3657,267,11,7,2025-08-29 03:17:12.369255,529.9699999999999,105.99399999999999,2025-08
3658,977,481,2,2025-08-29 16:35:16.483892,95.66,19.132,2025-08
3659,62,406,7,2024-12-15 03:09:07.816859,2141.2999999999997,428.26,2024-12
3660,857,102,1,2025-06-23 15:13:56.627717,363.73,72.74600000000001,2025-06
3661,411,299,7,2025-06-29 05:24:49.683494,1289.47,257.894,2025-06
3662,123,55,7,2024-11-21 04:34:46.050013,1276.8,255.36,2024-11
3663,494,220,6,2025-03-25 16:52:23.015506,1676.52,335.30400000000003,2025-03
3664,592,367,9,2025-04-05 23:32:03.372035,508.14,101.628,2025-04
3665,850,334,3,2025-01-03 03:00:09.086017,556.77,111.354,2025-01
3666,434,101,5,2025-01-01 17:00:40.901218,1271.3,254.26,2025-01
3667,809,476,3,2025-02-08 15:26:30.491686,50.22,10.044,2025-02
3668,743,307,8,2024-12-25 11:09:19.169736,852.96,170.592,2024-12
3669,73,436,2,2025-10-13 02:36:16.026532,880.46,176.092,2025-10
3670,861,156,7,2025-09-24 17:34:39.359375,3338.44,667.6880000000001,2025-09
3671,855,214,6,2025-03-13 10:51:21.722062,1932.1799999999998,386.436,2025-03
3672,920,243,3,2025-05-02 00:31:56.348829,406.91999999999996,81.384,2025-05
3673,196,411,1,2025-05-29 01:16:17.205711,256.03,51.205999999999996,2025-05
3674,331,60,3,2024-11-28 07:53:38.316003,420.65999999999997,84.132,2024-11
3675,123,111,5,2025-02-03 05:38:10.409884,1521.25,304.25,2025-02
3676,758,89,8,2025-09-26 08:11:59.462787,3025.68,605.136,2025-09
3677,545,311,2,2025-01-30 14:04:30.561277,424.98,84.99600000000001,2025-01
3678,370,244,7,2024-11-09 22:33:49.324503,1938.7900000000002,387.75800000000004,2024-11
3679,14,444,5,2025-04-23 23:54:16.846508,2019.95,403.99,2025-04
3680,130,136,8,2025-09-21 09:51:45.730607,1515.68,303.136,2025-09
3681,346,464,9,2025-01-31 15:26:56.773741,1373.22,274.644,2025-01
3682,842,83,1,2024-11-10 05:03:35.910617,65.16,13.032,2024-11
3683,457,188,4,2025-03-19 21:36:50.940221,1453.24,290.648,2025-03
3684,365,97,3,2024-11-08 20:07:03.100491,243.42000000000002,48.684000000000005,2024-11
3685,30,130,2,2025-07-23 03:40:12.415669,732.02,146.404,2025-07
3686,207,285,6,2025-04-15 01:51:58.270252,2777.52,555.504,2025-04
3687,131,192,1,2025-01-23 07:20:18.924067,150.88,30.176000000000002,2025-01
3688,516,421,5,2025-01-30 03:30:54.001090,1633.85,326.77,2025-01
3689,412,434,2,2025-10-04 15:20:44.112153,715.56,143.112,2025-10
3690,195,25,2,2025-02-01 05:00:36.604733,872.88,174.57600000000002,2025-02
3691,198,449,3,2025-06-21 16:23:59.828510,412.23,82.44600000000001,2025-06
3692,322,344,6,2025-06-30 11:51:25.948179,2304.06,460.812,2025-06
3693,611,498,4,2025-03-21 14:04:39.720138,1586.52,317.30400000000003,2025-03
3694,979,470,2,2025-08-30 00:59:44.665533,707.96,141.592,2025-08
3695,872,226,5,2025-07-03 23:19:56.525077,1733.85,346.77,2025-07
3696,718,28,8,2025-03-12 18:12:51.945295,726.88,145.376,2025-03
3697,399,114,3,2025-09-23 14:15:06.360466,1395.84,279.168,2025-09
3698,230,246,3,2024-11-24 20:57:17.281223,208.77,41.754000000000005,2024-11
3699,606,302,6,2024-12-21 05:10:53.921557,1466.28,293.25600000000003,2024-12
3700,711,445,2,2024-11-10 11:28:49.884969,436.38,87.27600000000001,2024-11
3701,585,229,5,2024-11-29 05:10:52.632661,2337.95,467.59,2024-11
3702,173,151,1,2025-04-10 05:34:09.745322,92.38,18.476,2025-04
3703,55,230,2,2025-10-29 15:50:42.379952,333.44,66.688,2025-10
3704,352,37,9,2025-10-20 05:55:47.528958,3366.72,673.344,2025-10
3705,902,258,9,2025-03-20 09:05:29.703355,3344.58,668.916,2025-03
3706,681,72,7,2025-07-14 18:09:22.919300,2158.31,431.66200000000003,2025-07
3707,693,379,9,2025-06-16 16:18:45.124007,3281.85,656.37,2025-06
3708,484,111,5,2025-07-15 15:26:56.551466,1521.25,304.25,2025-07
3709,766,324,1,2025-03-29 22:45:07.698931,357.41,71.48200000000001,2025-03
3710,816,214,4,2025-03-15 16:36:30.638574,1288.12,257.62399999999997,2025-03
3711,712,433,3,2025-02-27 01:54:15.847246,781.5,156.3,2025-02
3712,413,275,3,2024-11-23 04:22:58.232894,636.27,127.254,2024-11
3713,195,278,9,2025-01-06 04:27:24.229326,2602.53,520.5060000000001,2025-01
3714,156,341,1,2025-03-13 06:04:42.328921,332.77,66.554,2025-03
3715,886,496,4,2025-04-04 23:53:17.097887,1040.56,208.112,2025-04
3716,546,351,5,2025-06-28 15:31:19.225488,312.45,62.49,2025-06
3717,380,172,9,2024-11-26 10:20:25.493778,2855.7000000000003,571.1400000000001,2024-11
3718,76,469,1,2025-05-01 12:20:14.589805,26.31,5.2620000000000005,2025-05
3719,205,417,8,2024-12-16 16:48:37.055305,2209.36,441.87200000000007,2024-12
3720,683,226,7,2025-09-30 14:47:49.569172,2427.39,485.478,2025-09
3721,217,200,9,2025-09-18 09:06:02.292503,2639.16,527.832,2025-09
3722,208,292,5,2025-03-23 10:11:43.581067,1559.1499999999999,311.83,2025-03
3723,610,350,8,2024-12-29 06:12:45.555236,3271.12,654.224,2024-12
3724,984,303,7,2025-09-07 16:20:46.724962,1296.1899999999998,259.238,2025-09
3725,509,97,5,2025-07-05 06:39:37.358405,405.7,81.14,2025-07
3726,553,1,6,2025-02-13 00:21:51.450430,473.04,94.608,2025-02
3727,54,431,8,2024-11-11 12:56:28.037133,1995.52,399.10400000000004,2024-11
3728,523,377,1,2025-06-17 15:21:16.735345,301.31,60.262,2025-06
3729,505,71,1,2025-08-29 17:39:34.805426,408.37,81.674,2025-08
3730,922,282,6,2025-02-15 16:17:55.153325,361.14,72.228,2025-02
3731,400,175,6,2025-08-18 17:23:35.922620,783.06,156.612,2025-08
3732,868,31,8,2025-04-01 22:02:13.308267,1540.8,308.16,2025-04
3733,818,247,2,2025-06-02 22:35:38.682205,197.62,39.524,2025-06
3734,94,346,6,2025-06-11 17:58:57.272273,2054.82,410.96400000000006,2025-06
3735,769,259,6,2024-11-09 14:26:19.791607,2203.86,440.77200000000005,2024-11
3736,352,95,5,2025-03-14 23:57:48.333021,937.1500000000001,187.43000000000004,2025-03
3737,469,484,2,2024-11-22 07:58:15.538533,647.66,129.532,2024-11
3738,138,398,3,2024-12-29 02:43:37.331584,805.0500000000001,161.01000000000002,2024-12
3739,199,337,9,2024-11-18 10:39:55.545847,3870.63,774.1260000000001,2024-11
3740,358,43,9,2025-08-03 01:11:45.908431,111.51,22.302000000000003,2025-08
3741,340,273,8,2025-09-25 21:38:16.023321,3245.44,649.0880000000001,2025-09
3742,940,331,3,2025-03-20 07:17:02.202069,412.77,82.554,2025-03
3743,39,429,7,2025-11-01 14:39:48.797854,3126.5499999999997,625.31,2025-11
3744,234,24,5,2025-03-14 07:44:19.526200,2057.2999999999997,411.46,2025-03
3745,271,407,5,2025-04-04 19:12:13.953033,821.8000000000001,164.36,2025-04
3746,785,334,6,2025-11-02 21:04:09.134570,1113.54,222.708,2025-11
3747,416,225,7,2025-07-13 07:44:47.721720,809.62,161.924,2025-07
3748,454,58,3,2025-02-14 11:47:30.132624,505.23,101.046,2025-02
3749,117,14,4,2025-03-28 19:53:46.771155,590.0,118.0,2025-03
3750,596,167,8,2025-06-09 06:57:18.909921,482.48,96.49600000000001,2025-06
3751,102,52,7,2025-09-02 17:27:30.525434,847.0,169.4,2025-09
3752,27,139,9,2025-09-27 20:29:19.856752,860.49,172.098,2025-09
3753,338,191,4,2025-10-14 03:13:44.396709,1968.0,393.6,2025-10
3754,81,135,6,2025-08-12 10:08:43.079439,255.06,51.012,2025-08
3755,596,445,3,2025-06-14 02:34:47.592371,654.5699999999999,130.914,2025-06
3756,686,49,4,2025-03-14 01:59:53.561504,189.36,37.87200000000001,2025-03
3757,218,397,1,2025-08-07 16:06:00.870458,469.06,93.81200000000001,2025-08
3758,607,98,6,2024-12-31 10:33:16.475507,2982.66,596.532,2024-12
3759,184,247,8,2025-02-06 18:22:06.409511,790.48,158.096,2025-02
3760,66,472,3,2024-11-22 06:43:00.389766,209.67000000000002,41.934000000000005,2024-11
3761,282,355,5,2024-11-07 06:58:39.254698,1299.3000000000002,259.86000000000007,2024-11
3762,189,76,3,2025-03-17 15:15:06.864291,1420.68,284.136,2025-03
3763,137,464,1,2025-04-30 07:15:40.388244,152.58,30.516000000000005,2025-04
3764,705,405,2,2025-07-20 21:01:26.022580,706.18,141.236,2025-07
3765,474,9,7,2025-03-30 03:50:19.032685,1877.75,375.55,2025-03
3766,517,18,1,2025-01-29 21:33:59.972257,407.78,81.556,2025-01
3767,7,117,2,2024-12-14 17:57:03.097962,497.2,99.44,2024-12
3768,485,174,2,2025-02-14 20:22:55.161235,37.92,7.5840000000000005,2025-02
3769,748,482,5,2025-08-09 19:56:45.012725,1095.2,219.04000000000002,2025-08
3770,10,157,8,2025-09-30 14:42:51.366404,2207.36,441.47200000000004,2025-09
3771,360,337,5,2025-10-24 07:49:01.269305,2150.35,430.07,2025-10
3772,579,231,2,2025-03-15 18:32:47.500350,338.94,67.788,2025-03
3773,409,261,4,2025-02-20 05:27:27.586401,47.48,9.496,2025-02
3774,642,381,2,2025-04-26 09:29:09.174240,346.48,69.296,2025-04
3775,802,100,6,2025-03-10 13:58:04.638833,127.85999999999999,25.572,2025-03
3776,811,41,3,2024-12-19 18:56:34.800334,1488.84,297.768,2024-12
3777,569,230,6,2024-11-11 08:53:34.122229,1000.3199999999999,200.064,2024-11
3778,628,485,8,2025-06-15 09:53:34.907792,3291.04,658.2080000000001,2025-06
3779,257,332,4,2025-04-01 10:47:37.410303,1747.52,349.504,2025-04
3780,197,283,7,2024-11-26 20:25:38.701756,1305.5,261.1,2024-11
3781,490,43,5,2024-12-20 18:51:15.832581,61.95,12.39,2024-12
3782,818,284,7,2025-02-02 13:34:08.093636,532.4200000000001,106.48400000000002,2025-02
3783,756,125,5,2024-11-17 04:15:36.831941,525.3499999999999,105.07,2024-11
3784,609,347,3,2025-01-12 13:47:06.395787,488.84999999999997,97.77,2025-01
3785,815,48,1,2025-05-11 04:14:53.442770,460.34,92.068,2025-05
3786,993,181,8,2024-12-15 23:19:49.311590,1282.32,256.464,2024-12
3787,279,449,9,2025-04-24 09:02:13.032423,1236.69,247.33800000000002,2025-04
3788,931,65,2,2025-02-08 12:47:55.974413,690.56,138.112,2025-02
3789,159,290,3,2025-02-09 17:04:01.556304,529.02,105.804,2025-02
3790,669,37,3,2025-03-14 20:00:59.582581,1122.24,224.448,2025-03
3791,239,260,6,2025-06-29 10:49:25.177770,2607.18,521.436,2025-06
3792,237,252,4,2024-12-20 02:25:14.443516,358.96,71.792,2024-12
3793,516,380,2,2024-11-19 17:03:43.368569,325.96,65.192,2024-11
3794,498,148,9,2024-12-02 10:05:35.626297,2967.84,593.5680000000001,2024-12
3795,726,490,5,2025-02-10 03:48:29.948092,2324.35,464.87,2025-02
3796,120,111,7,2025-03-03 06:32:34.334966,2129.75,425.95000000000005,2025-03
3797,874,399,7,2025-01-01 08:40:08.718585,972.79,194.558,2025-01
3798,34,195,9,2025-01-29 02:26:54.450394,1579.59,315.918,2025-01
3799,144,89,4,2025-01-14 21:40:34.437476,1512.84,302.568,2025-01
3800,266,306,3,2025-02-04 14:04:42.506007,744.84,148.96800000000002,2025-02
3801,416,179,6,2025-05-30 12:38:30.520334,822.96,164.592,2025-05
3802,788,481,1,2025-01-04 07:40:53.098884,47.83,9.566,2025-01
3803,784,370,2,2025-09-03 17:00:50.799273,740.72,148.144,2025-09
3804,337,464,7,2025-10-20 18:55:32.137230,1068.0600000000002,213.61200000000005,2025-10
3805,977,122,1,2025-05-14 02:43:07.202513,112.3,22.46,2025-05
3806,645,466,8,2025-05-07 08:04:27.333843,3492.64,698.528,2025-05
3807,915,256,9,2024-12-25 20:57:54.964365,212.58,42.516000000000005,2024-12
3808,367,176,7,2025-09-26 09:26:59.893127,2429.0699999999997,485.81399999999996,2025-09
3809,27,95,2,2025-03-13 21:49:14.782766,374.86,74.97200000000001,2025-03
3810,459,347,3,2025-08-30 23:54:41.591685,488.84999999999997,97.77,2025-08
3811,795,145,2,2025-07-11 10:20:31.883583,406.58,81.316,2025-07
3812,636,98,8,2025-10-19 01:28:03.491251,3976.88,795.3760000000001,2025-10
3813,402,461,6,2025-08-20 17:32:31.288345,1423.74,284.748,2025-08
3814,709,6,1,2025-10-31 22:47:57.362957,100.88,20.176000000000002,2025-10
3815,319,235,5,2025-05-24 13:29:11.616959,738.9,147.78,2025-05
3816,265,199,6,2025-04-20 07:55:36.701880,323.94,64.788,2025-04
3817,617,395,3,2025-07-25 00:12:08.791439,1193.73,238.746,2025-07
3818,675,292,6,2025-04-09 00:50:33.979341,1870.98,374.196,2025-04
3819,245,304,2,2025-03-01 22:19:19.459253,471.58,94.316,2025-03
3820,256,452,9,2025-05-20 08:32:31.959284,827.1,165.42000000000002,2025-05
3821,953,11,2,2025-04-23 18:09:44.659947,151.42,30.284,2025-04
3822,276,377,9,2025-07-07 07:53:11.494473,2711.79,542.3580000000001,2025-07
3823,783,122,9,2025-05-07 00:38:50.965749,1010.6999999999999,202.14,2025-05
3824,149,326,8,2025-06-30 19:42:33.915689,3902.16,780.432,2025-06
3825,218,284,3,2025-06-20 10:33:56.844146,228.18,45.636,2025-06
3826,646,191,3,2025-04-03 03:36:34.613138,1476.0,295.2,2025-04
3827,774,86,4,2024-11-08 10:25:02.368443,1082.44,216.48800000000003,2024-11
3828,519,414,1,2025-06-16 18:02:40.012890,484.34,96.868,2025-06
3829,347,125,6,2024-12-01 19:19:21.609948,630.42,126.084,2024-12
3830,434,382,8,2025-05-09 17:12:47.347788,1160.0,232.0,2025-05
3831,738,276,8,2024-12-12 22:55:02.297142,2223.76,444.75200000000007,2024-12
3832,141,151,6,2025-05-10 20:31:00.019607,554.28,110.856,2025-05
3833,550,26,8,2025-09-24 10:45:48.841742,2119.68,423.936,2025-09
3834,912,476,3,2025-01-28 08:45:02.973132,50.22,10.044,2025-01
3835,97,147,5,2025-09-30 19:55:16.296287,1801.6999999999998,360.34,2025-09
3836,326,345,8,2025-07-02 21:08:42.789726,2735.04,547.008,2025-07
3837,932,171,4,2024-11-17 14:05:59.141024,1154.08,230.816,2024-11
3838,202,291,5,2025-03-18 20:42:10.778403,1417.4,283.48,2025-03
3839,932,392,4,2025-04-12 14:27:19.315840,330.56,66.11200000000001,2025-04
3840,258,206,5,2025-01-13 20:03:42.517018,1347.1000000000001,269.42,2025-01
3841,181,373,5,2025-03-27 08:33:55.008760,610.85,122.17000000000002,2025-03
3842,247,7,3,2025-07-06 16:56:07.563433,446.76,89.352,2025-07
3843,429,245,1,2025-08-22 17:24:10.380561,165.68,33.136,2025-08
3844,135,365,2,2024-12-16 06:54:24.515371,380.54,76.108,2024-12
3845,462,25,5,2024-12-24 16:38:58.827543,2182.2,436.44,2024-12
3846,685,366,8,2024-11-11 23:52:35.316501,615.76,123.152,2024-11
3847,843,131,7,2025-04-03 22:04:47.409398,1449.0,289.8,2025-04
3848,407,103,6,2025-05-14 01:38:39.694474,501.29999999999995,100.25999999999999,2025-05
3849,499,129,2,2025-08-30 00:37:42.649970,930.06,186.012,2025-08
3850,548,102,8,2025-03-14 04:41:23.918967,2909.84,581.9680000000001,2025-03
3851,939,65,4,2024-12-23 22:56:14.572932,1381.12,276.224,2024-12
3852,383,151,1,2024-11-27 06:48:52.753176,92.38,18.476,2024-11
3853,395,361,3,2025-06-25 21:34:43.656256,1280.6999999999998,256.14,2025-06
3854,821,356,4,2025-10-21 21:39:17.557845,169.4,33.88,2025-10
3855,295,492,7,2025-01-11 19:04:47.549386,858.76,171.752,2025-01
3856,199,242,2,2025-09-16 01:46:31.851328,554.7,110.94000000000001,2025-09
3857,533,498,6,2025-07-08 13:21:38.950968,2379.7799999999997,475.95599999999996,2025-07
3858,210,142,3,2025-02-26 05:27:47.301548,1201.1999999999998,240.23999999999998,2025-02
3859,296,191,3,2024-12-19 03:58:55.988907,1476.0,295.2,2024-12
3860,69,209,8,2025-01-12 02:18:20.115203,2394.88,478.97600000000006,2025-01
3861,673,124,1,2025-04-28 06:51:23.771966,470.42,94.084,2025-04
3862,186,193,1,2025-07-09 18:40:20.397576,196.12,39.224000000000004,2025-07
3863,284,491,8,2025-03-24 04:20:11.626822,1289.52,257.904,2025-03
3864,670,468,4,2025-02-21 01:27:29.049117,1923.88,384.77600000000007,2025-02
3865,902,431,4,2025-05-16 01:03:46.454756,997.76,199.55200000000002,2025-05
3866,430,421,2,2025-03-02 10:54:15.361886,653.54,130.708,2025-03
3867,667,346,1,2024-11-16 18:07:13.093691,342.47,68.49400000000001,2024-11
3868,353,275,6,2025-08-16 15:16:05.894587,1272.54,254.508,2025-08
3869,287,203,4,2025-01-07 02:17:55.590784,931.32,186.264,2025-01
3870,566,76,7,2025-09-27 08:20:33.607738,3314.92,662.984,2025-09
3871,709,313,1,2025-03-23 03:12:35.800328,63.22,12.644,2025-03
3872,486,13,1,2025-09-07 15:31:25.669558,355.02,71.004,2025-09
3873,831,383,1,2025-05-20 10:18:57.214135,244.19,48.838,2025-05
3874,998,373,7,2025-03-07 08:50:03.148778,855.19,171.038,2025-03
3875,604,282,2,2025-04-04 15:46:05.729509,120.38,24.076,2025-04
3876,377,204,1,2025-02-12 05:16:52.597243,70.39,14.078000000000001,2025-02
3877,217,318,8,2025-08-24 14:25:25.023916,298.48,59.696000000000005,2025-08
3878,218,233,7,2025-04-26 16:50:54.503022,997.3599999999999,199.47199999999998,2025-04
3879,924,234,8,2025-11-03 16:34:07.607660,2953.12,590.624,2025-11
3880,883,158,7,2024-11-08 14:52:13.677623,931.9799999999999,186.396,2024-11
3881,416,443,9,2025-08-07 01:47:44.683125,836.73,167.346,2025-08
3882,543,369,1,2025-03-31 13:49:11.987380,65.99,13.198,2025-03
3883,156,261,9,2025-06-25 20:19:22.288063,106.83,21.366,2025-06
3884,816,224,6,2024-12-03 08:39:11.935029,1206.54,241.308,2024-12
3885,243,217,7,2025-09-16 15:31:16.142035,1912.6100000000001,382.52200000000005,2025-09
3886,164,486,2,2025-03-25 04:55:26.412190,457.46,91.492,2025-03
3887,542,241,4,2024-12-31 10:06:19.143492,1613.68,322.73600000000005,2024-12
3888,465,307,6,2025-09-13 05:10:38.413029,639.72,127.94400000000002,2025-09
3889,177,166,5,2024-12-08 07:44:43.188925,363.25,72.65,2024-12
3890,864,476,3,2025-06-28 04:19:39.978884,50.22,10.044,2025-06
3891,386,247,9,2024-11-10 21:59:27.991349,889.29,177.858,2024-11
3892,624,258,6,2024-11-21 08:33:23.415464,2229.7200000000003,445.9440000000001,2024-11
3893,909,18,9,2025-08-08 00:02:33.484374,3670.0199999999995,734.0039999999999,2025-08
3894,895,220,2,2025-08-31 04:42:06.846679,558.84,111.76800000000001,2025-08
3895,628,280,2,2025-06-21 13:04:48.544753,356.98,71.396,2025-06
3896,397,341,6,2025-01-26 07:54:56.294303,1996.62,399.324,2025-01
3897,505,156,9,2025-01-28 02:40:40.109483,4292.28,858.456,2025-01
3898,115,478,6,2025-02-06 23:35:59.668165,2650.86,530.172,2025-02
3899,614,173,5,2025-11-03 03:19:26.756011,2129.95,425.99,2025-11
3900,48,25,7,2025-02-07 23:34:02.138217,3055.08,611.016,2025-02
3901,932,28,3,2025-05-31 05:13:19.956270,272.58,54.516,2025-05
3902,164,131,2,2025-04-20 10:22:09.620436,414.0,82.80000000000001,2025-04
3903,620,68,5,2025-10-31 16:57:09.616262,891.9499999999999,178.39,2025-10
3904,749,246,7,2025-07-11 08:21:55.686431,487.13,97.426,2025-07
3905,478,451,5,2025-02-19 16:45:36.515679,810.75,162.15,2025-02
3906,596,55,4,2024-11-26 15:41:56.091976,729.6,145.92000000000002,2024-11
3907,194,104,8,2025-11-04 04:01:40.152400,2174.24,434.84799999999996,2025-11
3908,896,208,5,2025-06-12 07:59:46.559864,1418.6000000000001,283.72,2025-06
3909,241,203,1,2025-06-18 08:31:37.266707,232.83,46.566,2025-06
3910,666,481,4,2024-11-23 11:24:46.243593,191.32,38.264,2024-11
3911,887,247,9,2025-01-15 15:12:49.974868,889.29,177.858,2025-01
3912,100,149,4,2025-01-17 23:25:38.355022,326.28,65.256,2025-01
3913,811,382,4,2025-04-04 04:32:30.599842,580.0,116.0,2025-04
3914,225,105,2,2025-03-02 00:57:47.208721,536.76,107.352,2025-03
3915,881,100,6,2025-10-13 06:05:25.862690,127.85999999999999,25.572,2025-10
3916,272,434,9,2025-10-09 22:41:52.918192,3220.0199999999995,644.0039999999999,2025-10
3917,147,432,5,2025-06-20 22:23:30.583213,1402.25,280.45,2025-06
3918,524,462,8,2025-04-15 10:46:30.195326,294.16,58.83200000000001,2025-04
3919,120,58,2,2025-06-11 14:21:57.065738,336.82,67.364,2025-06
3920,252,129,7,2024-12-22 17:23:07.932865,3255.21,651.042,2024-12
3921,707,183,2,2025-06-18 12:51:34.828173,562.64,112.528,2025-06
3922,110,221,6,2025-08-16 15:07:51.646366,514.26,102.852,2025-08
3923,346,409,1,2025-02-28 23:29:24.020139,300.7,60.14,2025-02
3924,560,330,3,2025-04-09 01:39:03.150882,1320.9,264.18,2025-04
3925,723,117,5,2025-07-25 12:59:30.665264,1243.0,248.60000000000002,2025-07
3926,823,16,9,2025-06-13 01:18:39.715183,3907.71,781.542,2025-06
3927,379,108,2,2024-12-07 14:39:38.886761,196.7,39.34,2024-12
3928,903,109,5,2024-12-21 15:52:07.843433,434.3,86.86000000000001,2024-12
3929,166,421,7,2025-02-13 14:02:45.690022,2287.39,457.478,2025-02
3930,658,307,8,2025-07-21 22:16:48.259935,852.96,170.592,2025-07
3931,753,229,8,2025-04-26 04:49:20.298563,3740.72,748.144,2025-04
3932,737,348,5,2025-01-08 14:12:27.972259,760.1,152.02,2025-01
3933,867,401,6,2025-08-19 14:02:13.029605,2449.98,489.99600000000004,2025-08
3934,252,256,4,2025-08-10 06:48:06.581152,94.48,18.896,2025-08
3935,166,208,3,2024-12-24 11:53:02.149599,851.1600000000001,170.23200000000003,2024-12
3936,981,117,2,2025-09-16 21:20:30.385462,497.2,99.44,2025-09
3937,809,248,9,2025-02-17 14:30:43.485045,2418.39,483.678,2025-02
3938,864,396,1,2025-07-14 19:01:33.593606,189.91,37.982,2025-07
3939,990,489,5,2025-01-10 23:28:15.322886,668.75,133.75,2025-01
3940,499,320,4,2025-04-09 12:51:30.617898,1052.64,210.52800000000002,2025-04
3941,398,489,1,2025-10-10 23:51:46.749976,133.75,26.75,2025-10
3942,937,89,4,2024-12-27 06:46:40.272639,1512.84,302.568,2024-12
3943,138,111,5,2025-04-14 00:16:12.794533,1521.25,304.25,2025-04
3944,30,37,1,2024-11-15 08:17:17.524852,374.08,74.816,2024-11
3945,144,238,4,2025-01-04 16:40:16.932788,1151.08,230.216,2025-01
3946,501,405,4,2025-04-13 00:40:07.556001,1412.36,282.472,2025-04
3947,926,110,8,2025-07-08 14:00:52.843594,2870.88,574.176,2025-07
3948,290,422,6,2025-07-25 11:24:34.463570,707.28,141.456,2025-07
3949,574,248,8,2024-11-14 18:42:46.454060,2149.68,429.936,2024-11
3950,958,326,2,2025-09-11 15:17:55.259401,975.54,195.108,2025-09
3951,396,235,4,2025-01-16 15:45:58.252621,591.12,118.224,2025-01
3952,748,17,5,2025-01-14 18:51:11.557328,876.9,175.38,2025-01
3953,870,368,7,2025-01-18 08:40:01.527048,3049.06,609.812,2025-01
3954,93,94,8,2025-08-21 20:46:54.115797,685.04,137.008,2025-08
3955,470,437,3,2025-03-30 05:08:11.920089,912.21,182.442,2025-03
3956,990,302,7,2025-02-02 00:45:42.477979,1710.6599999999999,342.132,2025-02
3957,119,63,2,2025-02-20 15:50:42.279016,621.3,124.25999999999999,2025-02
3958,689,357,8,2025-05-13 11:30:14.854657,1774.64,354.92800000000005,2025-05
3959,233,396,2,2025-03-14 05:23:44.238472,379.82,75.964,2025-03
3960,647,467,7,2025-08-05 09:29:40.957777,1785.8400000000001,357.16800000000006,2025-08
3961,833,180,8,2025-01-03 18:53:36.663873,3025.04,605.008,2025-01
3962,520,135,4,2025-03-21 09:36:39.275698,170.04,34.008,2025-03
3963,918,140,6,2025-08-16 20:22:21.273646,478.43999999999994,95.68799999999999,2025-08
3964,797,261,9,2025-07-28 07:57:53.160567,106.83,21.366,2025-07
3965,619,80,2,2024-11-21 11:19:36.324551,228.96,45.792,2024-11
3966,569,447,3,2025-09-17 05:55:25.875827,374.13,74.82600000000001,2025-09
3967,181,39,2,2025-03-27 20:41:24.220042,601.66,120.332,2025-03
3968,97,40,6,2025-08-26 20:26:26.716233,1159.74,231.948,2025-08
3969,102,415,6,2025-06-16 14:33:36.333880,2689.14,537.828,2025-06
3970,959,220,8,2025-01-08 12:29:59.203242,2235.36,447.07200000000006,2025-01
3971,556,17,8,2025-11-03 23:50:58.118980,1403.04,280.608,2025-11
3972,87,395,6,2024-12-23 12:06:25.634050,2387.46,477.492,2024-12
3973,828,8,7,2025-02-10 04:46:34.375873,1597.82,319.564,2025-02
3974,598,221,4,2025-06-25 07:51:16.498889,342.84,68.568,2025-06
3975,39,38,2,2025-05-17 18:38:21.574634,196.76,39.352000000000004,2025-05
3976,842,240,5,2025-07-09 05:46:45.142088,2335.95,467.19,2025-07
3977,9,462,3,2025-09-11 01:44:28.975809,110.31,22.062,2025-09
3978,152,496,1,2025-09-06 08:26:05.168215,260.14,52.028,2025-09
3979,123,397,8,2024-11-30 22:27:47.972355,3752.48,750.4960000000001,2024-11
3980,677,323,6,2025-01-15 08:57:16.085037,2275.14,455.028,2025-01
3981,658,145,7,2025-04-02 00:17:30.152880,1423.03,284.606,2025-04
3982,817,423,3,2024-11-19 12:42:33.794854,1433.97,286.79400000000004,2024-11
3983,233,103,8,2025-07-09 08:23:41.507417,668.4,133.68,2025-07
3984,44,463,5,2025-06-25 07:43:47.488468,709.5,141.9,2025-06
3985,857,106,7,2025-05-29 05:24:44.232162,1563.3100000000002,312.66200000000003,2025-05
3986,913,409,7,2025-05-20 15:22:45.395103,2104.9,420.98,2025-05
3987,190,288,8,2024-12-14 08:56:26.853745,2749.2,549.84,2024-12
3988,694,25,1,2025-08-02 18:04:42.447099,436.44,87.28800000000001,2025-08
3989,265,109,5,2025-03-04 04:38:41.383844,434.3,86.86000000000001,2025-03
3990,239,39,4,2025-03-12 01:55:12.720305,1203.32,240.664,2025-03
3991,298,217,5,2024-11-20 10:02:04.132439,1366.15,273.23,2024-11
3992,788,90,9,2025-03-19 04:21:51.208997,2951.7300000000005,590.3460000000001,2025-03
3993,973,16,2,2025-09-14 07:41:16.731570,868.38,173.67600000000002,2025-09
3994,159,286,9,2025-02-12 12:20:06.789179,2699.19,539.8380000000001,2025-02
3995,311,9,3,2025-01-10 05:59:58.781617,804.75,160.95000000000002,2025-01
3996,481,456,6,2025-06-21 07:33:09.886496,240.24,48.048,2025-06
3997,684,247,6,2024-12-02 09:39:41.098546,592.86,118.572,2024-12
3998,147,277,9,2024-11-22 00:41:19.027695,1625.8500000000001,325.1700000000001,2024-11
3999,627,64,1,2025-01-01 17:33:26.551401,347.07,69.414,2025-01
4000,839,318,4,2024-12-11 17:52:18.178355,149.24,29.848000000000003,2024-12
4001,657,406,5,2025-05-22 08:22:52.622399,1529.5,305.90000000000003,2025-05
4002,220,473,8,2024-11-25 18:38:30.814960,958.56,191.712,2024-11
4003,106,124,3,2025-10-18 13:43:08.154018,1411.26,282.252,2025-10
4004,996,156,6,2025-09-18 23:58:39.365623,2861.52,572.304,2025-09
4005,137,347,4,2025-10-16 04:47:44.488007,651.8,130.35999999999999,2025-10
4006,608,133,2,2025-10-05 02:18:42.772380,414.12,82.82400000000001,2025-10
4007,167,256,8,2025-03-01 09:47:50.124339,188.96,37.792,2025-03
4008,196,414,8,2025-04-02 13:32:40.192356,3874.72,774.944,2025-04
4009,133,248,1,2025-10-28 12:33:31.521762,268.71,53.742,2025-10
4010,920,335,5,2025-09-12 17:55:06.194732,1899.5,379.90000000000003,2025-09
4011,773,251,2,2025-06-14 22:04:00.348154,517.74,103.548,2025-06
4012,266,87,9,2025-03-26 21:27:56.393129,3970.17,794.0340000000001,2025-03
4013,602,41,3,2025-03-22 11:29:32.578042,1488.84,297.768,2025-03
4014,194,273,8,2025-06-06 15:53:49.439989,3245.44,649.0880000000001,2025-06
4015,471,203,5,2024-12-22 08:45:48.995051,1164.15,232.83000000000004,2024-12
4016,657,49,9,2024-12-25 02:27:32.800106,426.06000000000006,85.21200000000002,2024-12
4017,854,53,3,2025-02-15 04:56:41.028585,871.23,174.246,2025-02
4018,12,428,8,2025-03-30 17:51:14.655895,1098.48,219.69600000000003,2025-03
4019,452,419,8,2025-05-04 04:35:21.728793,1230.56,246.112,2025-05
4020,309,415,2,2025-04-01 11:50:59.374416,896.38,179.276,2025-04
4021,394,350,3,2025-08-23 12:34:06.196629,1226.67,245.33400000000003,2025-08
4022,98,317,6,2025-07-23 06:44:31.102801,2601.0,520.2,2025-07
4023,424,472,9,2024-11-19 03:20:55.521307,629.01,125.802,2024-11
4024,342,88,4,2024-12-18 03:47:09.687286,1155.44,231.08800000000002,2024-12
4025,959,95,3,2025-06-27 22:02:12.624282,562.29,112.458,2025-06
4026,425,431,3,2025-07-18 02:37:25.391517,748.3199999999999,149.664,2025-07
4027,612,109,5,2025-10-20 04:10:33.477634,434.3,86.86000000000001,2025-10
4028,620,344,4,2025-11-05 04:44:26.661768,1536.04,307.208,2025-11
4029,627,431,6,2025-07-25 00:36:32.313721,1496.6399999999999,299.328,2025-07
4030,281,231,5,2025-11-06 18:56:56.155887,847.35,169.47000000000003,2025-11
4031,700,275,5,2025-02-15 14:07:59.362845,1060.45,212.09000000000003,2025-02
4032,620,380,5,2025-09-06 16:47:58.667399,814.9,162.98000000000002,2025-09
4033,413,277,7,2025-06-29 02:32:47.253160,1264.55,252.91,2025-06
4034,386,284,2,2025-09-23 08:28:06.776949,152.12,30.424000000000003,2025-09
4035,860,50,7,2025-05-18 11:55:03.533644,552.65,110.53,2025-05
4036,253,25,4,2025-06-17 12:36:04.053912,1745.76,349.15200000000004,2025-06
4037,875,480,5,2025-08-11 09:51:13.585069,2477.45,495.49,2025-08
4038,103,119,2,2025-07-28 04:57:27.568329,729.7,145.94000000000003,2025-07
4039,767,377,5,2025-10-20 09:07:10.357642,1506.55,301.31,2025-10
4040,748,273,3,2025-02-12 00:32:39.289831,1217.04,243.40800000000002,2025-02
4041,608,15,2,2025-08-10 20:09:20.268569,732.0,146.4,2025-08
4042,274,328,1,2025-03-23 16:00:21.627029,175.74,35.148,2025-03
4043,464,255,7,2025-10-11 12:27:55.002640,1308.72,261.744,2025-10
4044,431,497,6,2024-12-28 10:23:33.666895,2780.34,556.0680000000001,2024-12
4045,792,124,6,2025-06-22 21:21:38.483523,2822.52,564.504,2025-06
4046,744,54,2,2025-10-25 22:04:52.689143,243.46,48.69200000000001,2025-10
4047,620,154,8,2024-11-13 14:38:49.859890,3133.92,626.7840000000001,2024-11
4048,457,308,9,2025-07-22 06:48:12.472816,3481.38,696.2760000000001,2025-07
4049,191,40,2,2025-09-05 01:04:14.636018,386.58,77.316,2025-09
4050,203,490,6,2025-04-01 14:34:29.371218,2789.2200000000003,557.844,2025-04
4051,467,490,3,2025-10-15 11:44:28.310845,1394.6100000000001,278.922,2025-10
4052,560,377,5,2025-10-21 05:46:29.992480,1506.55,301.31,2025-10
4053,869,258,3,2024-12-28 17:21:16.499866,1114.8600000000001,222.97200000000004,2024-12
4054,751,281,6,2025-06-10 10:27:36.873513,2965.8,593.1600000000001,2025-06
4055,488,73,6,2025-08-11 03:54:33.262964,1495.3799999999999,299.07599999999996,2025-08
4056,22,291,4,2025-04-17 02:41:24.858939,1133.92,226.78400000000002,2025-04
4057,795,89,6,2025-04-15 08:30:39.359980,2269.2599999999998,453.852,2025-04
4058,614,204,7,2024-12-24 14:40:52.258851,492.73,98.546,2024-12
4059,198,235,7,2025-01-29 13:47:01.076587,1034.46,206.89200000000002,2025-01
4060,599,412,4,2025-10-11 01:13:33.071453,1992.12,398.424,2025-10
4061,157,270,5,2025-11-04 15:41:15.747957,676.3,135.26,2025-11
4062,456,86,7,2025-05-08 11:42:32.961526,1894.27,378.85400000000004,2025-05
4063,633,332,2,2025-01-31 16:48:08.241982,873.76,174.752,2025-01
4064,42,43,8,2025-03-22 16:15:44.141793,99.12,19.824,2025-03
4065,805,421,8,2025-04-29 13:46:21.180152,2614.16,522.832,2025-04
4066,993,233,1,2025-03-14 06:54:36.440818,142.48,28.496,2025-03
4067,810,27,8,2024-12-09 12:51:46.240582,3234.24,646.848,2024-12
4068,848,376,3,2025-01-23 17:18:32.949225,172.05,34.410000000000004,2025-01
4069,860,334,5,2024-12-09 18:31:50.863997,927.95,185.59000000000003,2024-12
4070,567,471,2,2025-08-26 11:13:44.500129,338.64,67.728,2025-08
4071,819,307,4,2025-09-28 17:24:42.757827,426.48,85.296,2025-09
4072,162,273,6,2025-07-22 05:43:41.540981,2434.08,486.81600000000003,2025-07
4073,656,70,6,2025-09-26 17:00:25.991905,920.64,184.12800000000001,2025-09
4074,610,142,3,2025-08-16 01:48:22.582429,1201.1999999999998,240.23999999999998,2025-08
4075,402,450,6,2025-05-25 04:34:07.112449,1958.94,391.788,2025-05
4076,926,57,5,2025-11-06 14:01:26.691743,2434.2,486.84,2025-11
4077,233,219,2,2025-07-27 20:39:32.594514,63.08,12.616,2025-07
4078,47,290,2,2025-01-25 16:46:45.129790,352.68,70.536,2025-01
4079,610,76,9,2025-01-05 05:42:30.313546,4262.04,852.408,2025-01
4080,399,411,6,2025-07-03 20:20:12.509857,1536.1799999999998,307.236,2025-07
4081,117,16,4,2025-09-21 21:45:57.639281,1736.76,347.35200000000003,2025-09
4082,516,93,7,2025-09-18 11:09:41.403280,313.59999999999997,62.72,2025-09
4083,660,40,4,2024-11-28 04:45:58.286956,773.16,154.632,2024-11
4084,736,154,4,2024-11-28 18:06:21.342118,1566.96,313.39200000000005,2024-11
4085,766,155,8,2024-11-08 09:08:21.849789,2926.32,585.264,2024-11
4086,755,201,3,2025-01-09 04:42:15.779205,838.89,167.77800000000002,2025-01
4087,329,336,8,2025-05-13 07:33:07.655615,2672.88,534.576,2025-05
4088,307,233,5,2025-06-26 17:59:33.886748,712.4,142.48,2025-06
4089,549,205,7,2025-03-30 12:40:37.985275,1752.73,350.54600000000005,2025-03
4090,404,104,5,2025-05-20 03:27:02.984817,1358.8999999999999,271.78,2025-05
4091,225,11,6,2025-07-25 11:31:02.956382,454.26,90.852,2025-07
4092,872,143,2,2025-08-14 22:11:39.526861,725.16,145.032,2025-08
4093,467,239,8,2025-09-10 23:58:39.178482,789.76,157.952,2025-09
4094,495,403,6,2025-10-24 05:30:23.474557,2148.06,429.612,2025-10
4095,341,38,7,2025-06-13 07:20:18.401938,688.66,137.732,2025-06
4096,820,41,7,2025-10-04 13:42:43.430727,3473.96,694.792,2025-10
4097,541,164,7,2025-06-24 12:45:56.874823,3079.02,615.8040000000001,2025-06
4098,57,174,8,2025-02-21 20:37:12.039350,151.68,30.336000000000002,2025-02
4099,914,472,3,2025-02-22 10:58:29.138207,209.67000000000002,41.934000000000005,2025-02
4100,67,64,9,2024-11-12 06:35:37.614082,3123.63,624.7260000000001,2024-11
4101,524,251,7,2025-09-19 04:25:40.814080,1812.0900000000001,362.41800000000006,2025-09
4102,678,289,9,2025-01-05 10:29:46.711693,3106.62,621.3240000000001,2025-01
4103,52,146,1,2025-01-22 10:22:20.444065,245.97,49.194,2025-01
4104,189,436,1,2025-02-10 12:07:54.540907,440.23,88.046,2025-02
4105,600,43,8,2025-09-20 22:36:24.854804,99.12,19.824,2025-09
4106,457,116,1,2025-05-28 10:10:56.523945,477.87,95.57400000000001,2025-05
4107,481,83,4,2025-10-31 15:39:43.858418,260.64,52.128,2025-10
4108,694,455,4,2025-10-05 09:51:20.225381,772.6,154.52,2025-10
4109,449,105,3,2025-09-20 22:10:44.493958,805.14,161.02800000000002,2025-09
4110,474,293,5,2025-10-25 18:12:38.324255,1258.15,251.63000000000002,2025-10
4111,809,59,6,2025-04-23 17:02:46.155175,1745.04,349.00800000000004,2025-04
4112,192,143,5,2025-06-17 16:26:23.635843,1812.8999999999999,362.58,2025-06
4113,992,147,4,2024-12-26 22:46:33.386570,1441.36,288.272,2024-12
4114,943,167,6,2025-06-26 16:31:57.916656,361.86,72.372,2025-06
4115,850,435,3,2025-11-02 20:00:16.202375,1415.94,283.18800000000005,2025-11
4116,951,327,5,2025-09-03 21:57:22.685735,2416.5,483.3,2025-09
4117,741,398,1,2025-05-07 01:23:21.403855,268.35,53.67000000000001,2025-05
4118,664,31,7,2025-08-30 00:47:16.029197,1348.2,269.64000000000004,2025-08
4119,861,401,6,2025-07-08 08:51:59.278291,2449.98,489.99600000000004,2025-07
4120,280,174,6,2025-10-10 23:18:21.373904,113.76,22.752000000000002,2025-10
4121,227,301,7,2025-06-19 03:45:31.241704,3090.85,618.1700000000001,2025-06
4122,759,124,4,2024-12-22 08:46:46.542450,1881.68,376.336,2024-12
4123,298,262,9,2025-01-14 06:33:42.715286,1615.95,323.19000000000005,2025-01
4124,945,324,9,2025-06-01 19:07:34.191653,3216.69,643.3380000000001,2025-06
4125,957,247,2,2025-10-21 01:31:18.193775,197.62,39.524,2025-10
4126,466,379,4,2025-10-25 18:00:05.637810,1458.6,291.71999999999997,2025-10
4127,868,483,3,2025-06-01 15:26:13.705390,37.11,7.422000000000001,2025-06
4128,549,203,9,2025-02-20 02:27:16.827928,2095.4700000000003,419.09400000000005,2025-02
4129,559,171,2,2024-12-30 18:39:01.320176,577.04,115.408,2024-12
4130,290,188,2,2025-04-13 13:56:38.057909,726.62,145.324,2025-04
4131,505,381,3,2025-02-12 14:23:50.626550,519.72,103.94400000000002,2025-02
4132,987,280,2,2025-08-30 23:22:46.369375,356.98,71.396,2025-08
4133,56,226,4,2025-05-22 16:50:37.604766,1387.08,277.416,2025-05
4134,4,37,1,2025-06-18 23:07:27.613618,374.08,74.816,2025-06
4135,526,17,9,2025-05-12 06:52:09.347522,1578.42,315.684,2025-05
4136,788,180,2,2025-04-05 07:52:06.243327,756.26,151.252,2025-04
4137,319,438,2,2025-06-28 01:36:54.257712,159.0,31.8,2025-06
4138,856,27,4,2024-12-10 01:24:01.512891,1617.12,323.424,2024-12
4139,903,211,6,2024-12-13 09:15:33.325023,1252.92,250.58400000000003,2024-12
4140,834,464,1,2025-03-12 11:18:44.183865,152.58,30.516000000000005,2025-03
4141,227,431,6,2025-02-08 09:08:21.363123,1496.6399999999999,299.328,2025-02
4142,780,345,6,2025-05-06 15:09:41.400578,2051.2799999999997,410.256,2025-05
4143,609,14,1,2024-12-31 08:20:36.834255,147.5,29.5,2024-12
4144,369,31,2,2025-03-17 13:20:37.694474,385.2,77.04,2025-03
4145,21,331,9,2025-01-19 03:34:54.800939,1238.31,247.662,2025-01
4146,278,487,4,2025-01-23 21:51:13.723745,1461.52,292.30400000000003,2025-01
4147,630,460,7,2025-05-31 18:53:33.422477,1503.39,300.67800000000005,2025-05
4148,482,130,9,2025-08-28 00:26:22.046717,3294.09,658.8180000000001,2025-08
4149,198,49,1,2025-01-19 12:50:56.879496,47.34,9.468000000000002,2025-01
4150,198,269,7,2025-06-04 18:25:18.735352,967.12,193.424,2025-06
4151,687,329,6,2025-06-08 00:12:15.653531,1163.8799999999999,232.77599999999998,2025-06
4152,336,206,2,2025-01-28 03:15:26.407187,538.84,107.76800000000001,2025-01
4153,980,46,3,2025-01-01 14:05:30.419468,331.83,66.366,2025-01
4154,564,254,9,2025-09-22 00:33:09.652843,2928.5099999999998,585.702,2025-09
4155,458,288,4,2025-03-25 22:55:21.413628,1374.6,274.92,2025-03
4156,230,466,5,2025-08-07 19:13:04.857807,2182.9,436.58000000000004,2025-08
4157,319,471,4,2025-09-21 06:59:12.385389,677.28,135.456,2025-09
4158,364,181,3,2025-01-06 17:10:37.923319,480.87,96.174,2025-01
4159,789,168,3,2024-11-25 05:48:44.377306,774.24,154.848,2024-11
4160,922,38,8,2025-03-25 20:59:42.824533,787.04,157.40800000000002,2025-03
4161,526,111,1,2025-05-08 01:58:20.468249,304.25,60.85,2025-05
4162,53,235,2,2025-01-05 21:29:47.644812,295.56,59.112,2025-01
4163,179,386,1,2025-03-25 23:58:59.902498,490.7,98.14,2025-03
4164,641,4,2,2024-12-11 23:48:58.030703,225.92,45.184,2024-12
4165,829,198,4,2025-04-30 15:53:25.127033,1329.88,265.97600000000006,2025-04
4166,329,236,1,2025-04-09 23:14:37.002488,79.72,15.944,2025-04
4167,471,400,6,2025-09-30 10:57:08.843793,482.40000000000003,96.48000000000002,2025-09
4168,965,226,2,2024-12-04 07:18:11.074209,693.54,138.708,2024-12
4169,24,354,2,2025-04-20 09:18:28.775447,450.04,90.00800000000001,2025-04
4170,468,308,5,2025-09-20 04:41:28.523788,1934.1,386.82,2025-09
4171,613,449,6,2025-02-17 07:10:48.878623,824.46,164.89200000000002,2025-02
4172,978,300,8,2025-02-25 11:01:30.064612,1673.28,334.656,2025-02
4173,529,432,8,2025-06-03 17:05:47.174857,2243.6,448.72,2025-06
4174,989,357,1,2025-05-28 07:05:36.489768,221.83,44.36600000000001,2025-05
4175,781,452,2,2025-03-01 18:31:07.435532,183.8,36.760000000000005,2025-03
4176,33,332,2,2025-02-03 05:59:22.392352,873.76,174.752,2025-02
4177,588,278,3,2025-07-26 23:16:00.584736,867.51,173.502,2025-07
4178,10,50,1,2024-11-07 10:28:44.969696,78.95,15.790000000000001,2024-11
4179,46,19,7,2025-09-22 20:58:34.240960,1863.82,372.764,2025-09
4180,814,295,7,2025-05-14 00:48:43.097661,995.26,199.05200000000002,2025-05
4181,965,242,6,2025-07-19 21:59:07.059345,1664.1000000000001,332.82000000000005,2025-07
4182,338,325,6,2024-11-16 06:45:07.259691,1665.96,333.192,2024-11
4183,904,16,6,2025-08-28 04:41:30.198793,2605.14,521.028,2025-08
4184,568,387,3,2025-04-29 12:38:09.802673,337.83,67.566,2025-04
4185,506,123,1,2025-01-01 10:26:24.792435,426.41,85.28200000000001,2025-01
4186,735,117,5,2025-03-07 17:44:04.216714,1243.0,248.60000000000002,2025-03
4187,229,479,2,2025-10-06 02:16:36.710939,846.82,169.36400000000003,2025-10
4188,264,103,7,2025-02-08 13:53:53.194467,584.85,116.97000000000001,2025-02
4189,3,396,7,2025-02-23 09:09:57.408464,1329.37,265.87399999999997,2025-02
4190,498,414,4,2025-02-19 11:30:35.413333,1937.36,387.472,2025-02
4191,497,451,2,2024-11-23 15:21:59.655354,324.3,64.86,2024-11
4192,452,88,9,2025-04-11 10:48:31.905771,2599.7400000000002,519.9480000000001,2025-04
4193,665,482,2,2025-01-30 11:51:24.317444,438.08,87.616,2025-01
4194,974,20,2,2025-01-26 22:01:18.217376,63.94,12.788,2025-01
4195,284,238,4,2025-05-27 03:17:33.205140,1151.08,230.216,2025-05
4196,113,364,3,2025-07-23 09:18:14.909992,154.17000000000002,30.834000000000003,2025-07
4197,338,128,7,2025-01-11 19:21:09.183184,427.21000000000004,85.44200000000001,2025-01
4198,724,136,3,2025-07-17 22:03:27.350407,568.38,113.676,2025-07
4199,621,2,7,2025-08-29 00:12:00.268178,2385.6,477.12,2025-08
4200,761,456,3,2025-03-15 16:17:35.055616,120.12,24.024,2025-03
4201,955,333,5,2025-02-03 05:07:45.443318,1908.0,381.6,2025-02
4202,421,21,2,2025-09-07 10:58:38.369046,232.82,46.564,2025-09
4203,580,201,2,2025-01-21 08:08:14.762578,559.26,111.852,2025-01
4204,420,440,7,2025-05-17 04:12:12.820876,1116.1499999999999,223.23,2025-05
4205,11,497,9,2025-08-02 11:02:33.695282,4170.51,834.1020000000001,2025-08
4206,289,416,4,2025-09-12 14:34:59.794381,1966.28,393.25600000000003,2025-09
4207,669,429,3,2025-05-09 00:12:41.091044,1339.9499999999998,267.98999999999995,2025-05
4208,719,44,6,2025-08-28 00:25:12.341381,1030.56,206.112,2025-08
4209,844,287,8,2025-03-03 11:52:46.547060,486.48,97.296,2025-03
4210,969,133,7,2025-11-04 01:55:31.276957,1449.42,289.884,2025-11
4211,307,404,1,2025-04-05 01:17:10.053994,380.61,76.122,2025-04
4212,359,9,2,2025-03-12 04:40:49.112797,536.5,107.30000000000001,2025-03
4213,738,18,7,2025-01-31 08:58:07.416211,2854.46,570.892,2025-01
4214,457,73,7,2025-05-23 17:42:44.662294,1744.61,348.922,2025-05
4215,934,2,7,2025-03-08 03:52:11.938601,2385.6,477.12,2025-03
4216,115,347,7,2025-06-01 16:35:26.159957,1140.6499999999999,228.13,2025-06
4217,675,190,9,2025-09-29 23:39:28.798126,161.64000000000001,32.328,2025-09
4218,732,412,4,2025-03-20 09:28:13.731630,1992.12,398.424,2025-03
4219,370,54,7,2024-12-30 18:10:30.999074,852.11,170.42200000000003,2024-12
4220,535,90,5,2025-08-22 19:58:23.428321,1639.8500000000001,327.97,2025-08
4221,592,34,9,2024-12-22 20:38:59.524627,1408.68,281.73600000000005,2024-12
4222,807,402,4,2025-06-13 18:48:54.175920,483.24,96.64800000000001,2025-06
4223,177,400,3,2025-04-22 05:40:01.765471,241.20000000000002,48.24000000000001,2025-04
4224,535,207,5,2025-04-11 22:58:21.216694,2107.5,421.5,2025-04
4225,504,11,4,2024-12-06 03:57:58.224359,302.84,60.568,2024-12
4226,957,494,1,2025-08-27 23:19:58.526727,128.42,25.683999999999997,2025-08
4227,641,431,6,2024-12-17 04:16:15.636733,1496.6399999999999,299.328,2024-12
4228,98,339,2,2024-11-23 09:20:16.176488,110.92,22.184,2024-11
4229,456,269,9,2025-08-31 13:26:15.456678,1243.44,248.68800000000002,2025-08
4230,930,5,5,2025-10-04 03:13:14.692687,1347.8999999999999,269.58,2025-10
4231,528,494,5,2025-01-11 19:47:30.429662,642.0999999999999,128.42,2025-01
4232,18,346,5,2025-07-10 21:18:23.744947,1712.3500000000001,342.47,2025-07
4233,495,188,5,2025-04-22 16:19:43.236613,1816.55,363.31,2025-04
4234,380,494,3,2024-12-05 11:43:42.043082,385.26,77.052,2024-12
4235,213,340,5,2025-04-15 16:55:37.357042,1207.85,241.57,2025-04
4236,964,230,3,2025-04-18 19:59:19.708608,500.15999999999997,100.032,2025-04
4237,165,428,2,2025-03-06 08:17:23.768297,274.62,54.92400000000001,2025-03
4238,630,69,3,2024-12-21 09:58:34.355838,336.6,67.32000000000001,2024-12
4239,317,57,6,2025-08-29 10:02:37.803409,2921.04,584.208,2025-08
4240,934,97,7,2025-09-15 11:01:46.544749,567.98,113.596,2025-09
4241,447,454,5,2025-05-01 00:50:53.136990,1908.6000000000001,381.72,2025-05
4242,193,40,9,2025-07-15 08:56:28.673854,1739.61,347.922,2025-07
4243,879,318,6,2025-02-22 12:43:52.964144,223.86,44.772000000000006,2025-02
4244,456,166,9,2025-07-08 08:19:37.888876,653.85,130.77,2025-07
4245,603,401,8,2024-11-22 12:32:56.155710,3266.64,653.328,2024-11
4246,317,233,1,2025-05-28 04:59:35.690173,142.48,28.496,2025-05
4247,912,125,6,2025-02-14 04:37:52.079322,630.42,126.084,2025-02
4248,533,333,1,2025-02-20 04:28:29.436681,381.6,76.32000000000001,2025-02
4249,977,479,6,2025-04-25 02:05:32.571520,2540.46,508.09200000000004,2025-04
4250,958,439,1,2025-02-03 05:34:25.872647,108.59,21.718000000000004,2025-02
4251,883,163,7,2025-03-09 01:39:13.104918,499.80000000000007,99.96000000000002,2025-03
4252,140,22,5,2024-12-24 11:15:51.252745,218.95,43.79,2024-12
4253,204,403,3,2025-09-09 14:23:10.653311,1074.03,214.806,2025-09
4254,987,267,4,2025-10-04 21:36:10.896514,1923.04,384.608,2025-10
4255,673,339,4,2025-07-21 10:07:08.488658,221.84,44.368,2025-07
4256,988,200,7,2025-08-23 05:47:14.416225,2052.6800000000003,410.53600000000006,2025-08
4257,841,373,9,2025-05-18 11:36:59.387569,1099.53,219.906,2025-05
4258,148,126,7,2025-06-30 12:35:08.201172,2384.69,476.93800000000005,2025-06
4259,385,389,9,2025-09-07 05:02:04.285630,1073.79,214.758,2025-09
4260,41,259,6,2025-07-18 19:34:25.837410,2203.86,440.77200000000005,2025-07
4261,548,322,8,2024-11-24 03:25:03.063032,1346.88,269.37600000000003,2024-11
4262,406,405,3,2025-01-21 03:37:11.052876,1059.27,211.854,2025-01
4263,809,5,9,2025-04-16 07:20:53.482349,2426.22,485.24399999999997,2025-04
4264,234,6,9,2024-11-15 01:00:16.223141,907.92,181.584,2024-11
4265,14,444,8,2025-04-04 16:55:15.616512,3231.92,646.384,2025-04
4266,557,176,8,2025-06-23 06:27:35.231855,2776.08,555.216,2025-06
4267,189,377,9,2025-07-27 17:38:59.475757,2711.79,542.3580000000001,2025-07
4268,27,458,4,2025-01-22 18:48:04.689415,138.88,27.776,2025-01
4269,377,147,7,2025-01-06 05:15:58.312540,2522.3799999999997,504.47599999999994,2025-01
4270,270,129,2,2025-05-16 04:24:03.618142,930.06,186.012,2025-05
4271,456,157,6,2025-03-11 20:19:44.217473,1655.52,331.10400000000004,2025-03
4272,901,102,6,2025-10-12 11:25:05.565425,2182.38,436.47600000000006,2025-10
4273,113,174,8,2025-04-13 18:37:25.742449,151.68,30.336000000000002,2025-04
4274,953,336,2,2025-04-10 14:13:33.822708,668.22,133.644,2025-04
4275,530,106,7,2025-03-23 00:25:04.354034,1563.3100000000002,312.66200000000003,2025-03
4276,725,249,8,2025-09-07 06:45:48.467837,1879.84,375.968,2025-09
4277,899,472,7,2025-06-20 22:35:41.945532,489.23,97.846,2025-06
4278,219,180,7,2025-05-25 06:37:54.874166,2646.91,529.382,2025-05
4279,75,449,2,2024-12-20 17:11:58.811107,274.82,54.964,2024-12
4280,157,264,6,2025-07-18 14:40:28.356132,2987.04,597.408,2025-07
4281,160,407,2,2025-03-30 18:47:06.873799,328.72,65.74400000000001,2025-03
4282,80,36,3,2024-11-09 07:49:22.871063,592.3199999999999,118.464,2024-11
4283,630,95,8,2025-09-06 06:41:16.788467,1499.44,299.88800000000003,2025-09
4284,909,454,5,2025-07-05 15:13:36.722993,1908.6000000000001,381.72,2025-07
4285,852,417,1,2025-04-02 06:19:07.545923,276.17,55.23400000000001,2025-04
4286,827,419,8,2025-02-02 01:16:15.215319,1230.56,246.112,2025-02
4287,504,178,7,2025-09-27 11:51:52.207002,139.29999999999998,27.86,2025-09
4288,656,8,3,2025-04-28 12:16:31.917267,684.78,136.956,2025-04
4289,815,180,6,2024-12-22 09:40:01.105573,2268.7799999999997,453.756,2024-12
4290,530,344,6,2025-03-23 08:31:25.093984,2304.06,460.812,2025-03
4291,214,37,6,2025-10-25 12:57:17.992084,2244.48,448.896,2025-10
4292,912,231,1,2024-11-26 01:10:11.299333,169.47,33.894,2024-11
4293,820,358,8,2025-05-14 05:32:49.682562,701.6,140.32000000000002,2025-05
4294,8,216,9,2025-02-08 18:04:18.164873,688.23,137.64600000000002,2025-02
4295,595,406,6,2025-09-01 12:53:42.229690,1835.3999999999999,367.08,2025-09
4296,545,340,5,2025-05-18 21:21:29.782951,1207.85,241.57,2025-05
4297,800,328,1,2025-01-06 12:25:55.903332,175.74,35.148,2025-01
4298,543,150,7,2025-10-01 17:04:23.114985,2796.36,559.272,2025-10
4299,17,168,1,2025-07-31 06:05:31.497704,258.08,51.616,2025-07
4300,325,155,1,2025-02-11 00:34:56.122691,365.79,73.158,2025-02
4301,238,104,3,2025-10-06 22:07:55.116075,815.3399999999999,163.06799999999998,2025-10
4302,940,443,4,2025-06-08 20:57:49.058478,371.88,74.376,2025-06
4303,515,22,1,2024-12-17 04:40:29.933414,43.79,8.758000000000001,2024-12
4304,407,64,7,2025-06-05 06:23:47.215810,2429.49,485.89799999999997,2025-06
4305,300,5,2,2025-10-31 04:49:35.889574,539.16,107.832,2025-10
4306,645,391,8,2025-09-07 08:21:48.846814,981.12,196.22400000000002,2025-09
4307,957,120,3,2025-03-14 19:58:10.971399,1182.3899999999999,236.47799999999998,2025-03
4308,766,347,5,2025-01-05 16:12:30.797046,814.75,162.95000000000002,2025-01
4309,721,103,4,2025-04-04 21:43:24.266613,334.2,66.84,2025-04
4310,677,271,9,2025-09-27 21:53:38.479637,3756.96,751.392,2025-09
4311,472,484,3,2025-02-11 04:35:28.675546,971.49,194.298,2025-02
4312,207,62,5,2025-09-24 21:58:46.735234,1919.65,383.93000000000006,2025-09
4313,100,1,1,2025-06-25 18:08:38.145875,78.84,15.768,2025-06
4314,577,91,7,2025-07-16 02:07:04.107833,1752.17,350.434,2025-07
4315,973,80,8,2025-09-27 18:17:29.453913,915.84,183.168,2025-09
4316,144,428,6,2025-07-17 15:14:38.851296,823.86,164.77200000000002,2025-07
4317,412,329,8,2024-12-26 13:41:52.160522,1551.84,310.368,2024-12
4318,34,123,7,2025-02-04 11:44:10.212067,2984.8700000000003,596.974,2025-02
4319,870,403,6,2025-05-19 08:02:54.224005,2148.06,429.612,2025-05
4320,213,323,2,2025-01-22 16:36:41.943815,758.38,151.67600000000002,2025-01
4321,583,363,6,2025-06-11 12:15:23.200873,632.4000000000001,126.48000000000002,2025-06
4322,566,427,9,2025-07-10 14:06:32.064404,4041.63,808.326,2025-07
4323,369,85,2,2025-09-17 14:03:49.355374,202.38,40.476,2025-09
4324,599,178,4,2025-01-16 07:39:46.917202,79.6,15.92,2025-01
4325,677,419,1,2025-07-11 09:09:05.441875,153.82,30.764,2025-07
4326,63,214,3,2025-10-10 05:44:32.689603,966.0899999999999,193.218,2025-10
4327,972,325,3,2025-01-21 23:28:51.632600,832.98,166.596,2025-01
4328,360,369,9,2025-02-02 01:43:44.744571,593.91,118.782,2025-02
4329,467,329,1,2025-10-08 13:44:19.737271,193.98,38.796,2025-10
4330,815,303,3,2025-01-14 15:05:55.981054,555.51,111.102,2025-01
4331,658,135,7,2024-11-30 18:20:45.005682,297.57,59.514,2024-11
4332,443,265,1,2024-12-14 20:53:29.053026,490.82,98.164,2024-12
4333,854,176,9,2025-02-12 02:49:53.689250,3123.09,624.618,2025-02
4334,592,74,9,2025-10-18 10:00:15.351666,317.61,63.522000000000006,2025-10
4335,678,133,8,2025-03-15 06:13:26.504542,1656.48,331.29600000000005,2025-03
4336,341,371,5,2025-06-02 00:25:54.808108,543.4000000000001,108.68000000000002,2025-06
4337,865,368,9,2025-08-10 07:41:12.847522,3920.22,784.044,2025-08
4338,162,436,5,2025-05-27 16:29:04.124023,2201.15,440.23,2025-05
4339,644,495,9,2025-02-23 11:56:21.247316,113.13,22.626,2025-02
4340,530,200,4,2025-04-02 23:27:14.865194,1172.96,234.592,2025-04
4341,361,55,2,2025-09-07 21:39:16.160730,364.8,72.96000000000001,2025-09
4342,639,258,7,2024-12-06 13:17:55.872407,2601.34,520.268,2024-12
4343,259,77,6,2025-05-23 03:03:12.921624,1905.06,381.012,2025-05
4344,312,91,6,2025-05-16 05:10:35.263556,1501.8600000000001,300.372,2025-05
4345,527,255,3,2025-08-04 00:18:00.133991,560.88,112.176,2025-08
4346,645,376,6,2025-10-29 20:55:43.864606,344.1,68.82000000000001,2025-10
4347,133,150,4,2025-04-29 09:25:01.945635,1597.92,319.58400000000006,2025-04
4348,600,454,1,2025-01-04 17:00:08.140596,381.72,76.34400000000001,2025-01
4349,180,3,1,2025-06-30 10:22:55.553439,268.52,53.704,2025-06
4350,897,394,5,2025-11-01 09:38:05.822540,420.25,84.05000000000001,2025-11
4351,757,194,6,2025-05-21 03:58:14.731933,1203.42,240.68400000000003,2025-05
4352,709,2,8,2025-10-04 17:06:50.016418,2726.4,545.2800000000001,2025-10
4353,431,303,7,2024-11-10 05:30:25.309887,1296.1899999999998,259.238,2024-11
4354,85,48,1,2024-11-12 23:15:12.312588,460.34,92.068,2024-11
4355,244,369,8,2025-08-19 05:51:30.462795,527.92,105.584,2025-08
4356,26,401,9,2024-12-31 20:02:00.971513,3674.97,734.994,2024-12
4357,89,50,8,2025-03-17 20:21:30.948016,631.6,126.32000000000001,2025-03
4358,891,238,7,2025-06-24 00:12:13.457178,2014.3899999999999,402.878,2025-06
4359,761,124,1,2025-06-27 22:27:47.761462,470.42,94.084,2025-06
4360,254,398,7,2025-05-31 17:39:57.364074,1878.4500000000003,375.69000000000005,2025-05
4361,496,455,9,2025-05-11 14:14:27.257575,1738.3500000000001,347.6700000000001,2025-05
4362,699,19,4,2025-04-02 21:28:48.135251,1065.04,213.008,2025-04
4363,147,386,2,2025-05-19 23:43:03.845129,981.4,196.28,2025-05
4364,379,455,6,2025-10-26 13:55:34.456048,1158.9,231.78000000000003,2025-10
4365,838,403,2,2025-01-28 07:16:36.105613,716.02,143.204,2025-01
4366,302,128,5,2025-09-02 03:07:17.768623,305.15,61.03,2025-09
4367,675,348,3,2025-08-07 12:40:11.448912,456.06000000000006,91.21200000000002,2025-08
4368,990,164,9,2025-08-22 03:02:03.583261,3958.7400000000002,791.748,2025-08
4369,329,345,9,2025-02-04 13:52:14.945232,3076.92,615.384,2025-02
4370,189,139,2,2025-06-13 19:02:12.758329,191.22,38.244,2025-06
4371,373,40,4,2025-02-10 00:44:46.101800,773.16,154.632,2025-02
4372,879,270,7,2025-01-16 08:43:34.381258,946.8199999999999,189.364,2025-01
4373,438,198,2,2024-12-11 19:35:28.148495,664.94,132.98800000000003,2024-12
4374,204,105,5,2025-03-21 06:47:35.349027,1341.9,268.38000000000005,2025-03
4375,482,326,6,2025-06-15 10:44:20.143042,2926.62,585.324,2025-06
4376,304,102,1,2025-10-01 07:06:47.610252,363.73,72.74600000000001,2025-10
4377,452,476,5,2025-01-30 08:04:58.492057,83.69999999999999,16.74,2025-01
4378,66,475,7,2025-07-02 22:32:00.744275,3046.89,609.378,2025-07
4379,241,242,5,2025-07-17 01:31:07.589273,1386.75,277.35,2025-07
4380,844,286,8,2024-11-12 16:12:52.115136,2399.28,479.85600000000005,2024-11
4381,899,480,2,2025-09-25 12:57:08.610235,990.98,198.19600000000003,2025-09
4382,395,402,2,2025-10-11 18:48:20.279673,241.62,48.324000000000005,2025-10
4383,364,203,4,2025-07-04 11:23:54.819056,931.32,186.264,2025-07
4384,66,38,9,2025-01-13 13:44:56.970163,885.42,177.084,2025-01
4385,9,347,3,2025-05-05 12:50:01.327331,488.84999999999997,97.77,2025-05
4386,615,351,7,2025-01-19 02:47:14.669418,437.43,87.486,2025-01
4387,965,120,6,2025-03-31 06:33:23.042950,2364.7799999999997,472.95599999999996,2025-03
4388,816,374,3,2025-01-26 22:24:45.294832,1014.33,202.866,2025-01
4389,956,230,5,2024-12-15 03:55:40.250118,833.6,166.72000000000003,2024-12
4390,9,326,9,2025-02-24 10:52:54.299899,4389.93,877.9860000000001,2025-02
4391,214,332,8,2025-01-23 07:24:55.299829,3495.04,699.008,2025-01
4392,50,372,9,2025-02-18 19:42:42.330943,353.25,70.65,2025-02
4393,857,92,6,2024-12-31 15:02:16.849677,1275.3600000000001,255.07200000000003,2024-12
4394,402,484,6,2025-08-19 12:50:38.390936,1942.98,388.596,2025-08
4395,370,318,7,2025-08-17 04:53:36.100622,261.17,52.23400000000001,2025-08
4396,742,265,4,2025-01-09 04:55:13.827695,1963.28,392.656,2025-01
4397,959,302,9,2025-03-12 02:36:25.486120,2199.42,439.884,2025-03
4398,400,113,8,2025-11-02 15:32:33.138427,519.6,103.92000000000002,2025-11
4399,812,240,8,2025-04-12 01:02:52.555099,3737.52,747.504,2025-04
4400,589,255,9,2025-05-09 21:16:26.416332,1682.64,336.528,2025-05
4401,507,392,7,2025-02-16 13:13:07.084108,578.48,115.69600000000001,2025-02
4402,436,154,9,2025-10-18 20:46:44.369204,3525.66,705.1320000000001,2025-10
4403,450,476,2,2025-02-03 23:01:35.219256,33.48,6.696,2025-02
4404,943,475,7,2025-01-27 06:33:18.258661,3046.89,609.378,2025-01
4405,607,461,5,2025-02-10 18:11:50.605464,1186.45,237.29000000000002,2025-02
4406,573,307,5,2025-05-01 03:25:20.002905,533.1,106.62,2025-05
4407,345,391,3,2025-09-28 14:09:44.380008,367.92,73.584,2025-09
4408,706,1,2,2025-02-07 14:00:34.382081,157.68,31.536,2025-02
4409,714,418,5,2024-11-29 10:27:39.337343,1879.9,375.98,2024-11
4410,543,479,5,2025-01-04 16:33:00.284948,2117.05,423.4100000000001,2025-01
4411,772,22,3,2025-07-30 08:40:56.101899,131.37,26.274,2025-07
4412,528,397,9,2024-12-02 10:32:46.452727,4221.54,844.308,2024-12
4413,373,2,6,2024-12-09 10:58:26.031463,2044.8000000000002,408.96000000000004,2024-12
4414,328,493,5,2025-08-11 14:00:45.708711,1804.4,360.88000000000005,2025-08
4415,888,47,6,2025-10-03 00:44:33.178664,392.28,78.456,2025-10
4416,449,305,6,2025-05-20 16:31:22.225810,2248.02,449.60400000000004,2025-05
4417,293,176,9,2025-10-22 09:44:44.909668,3123.09,624.618,2025-10
4418,561,423,8,2025-03-15 19:36:04.964159,3823.92,764.7840000000001,2025-03
4419,18,144,3,2025-07-27 22:51:09.993449,874.26,174.852,2025-07
4420,969,39,7,2025-10-27 01:20:32.303549,2105.81,421.16200000000003,2025-10
4421,50,70,5,2025-03-04 11:14:56.706872,767.2,153.44000000000003,2025-03
4422,893,116,6,2025-03-23 10:43:44.580845,2867.2200000000003,573.4440000000001,2025-03
4423,235,148,6,2025-07-22 20:54:57.407937,1978.56,395.712,2025-07
4424,635,49,4,2025-11-05 06:45:01.693216,189.36,37.87200000000001,2025-11
4425,607,436,1,2025-06-22 13:52:49.984012,440.23,88.046,2025-06
4426,849,308,7,2025-08-25 10:44:58.715316,2707.74,541.548,2025-08
4427,322,21,2,2025-08-05 06:51:05.354478,232.82,46.564,2025-08
4428,758,258,3,2025-10-27 14:46:57.055046,1114.8600000000001,222.97200000000004,2025-10
4429,40,272,7,2025-11-04 06:10:05.049726,2260.44,452.088,2025-11
4430,248,413,4,2025-01-05 16:31:11.784966,947.2,189.44000000000003,2025-01
4431,282,490,9,2025-05-27 00:51:42.853192,4183.83,836.7660000000001,2025-05
4432,64,297,9,2025-07-23 09:05:31.705508,4211.37,842.274,2025-07
4433,706,144,2,2025-06-15 18:39:06.777730,582.84,116.56800000000001,2025-06
4434,615,297,1,2025-09-08 01:47:32.317267,467.93,93.58600000000001,2025-09
4435,522,232,2,2025-10-03 16:10:51.595437,179.86,35.972,2025-10
4436,503,371,4,2024-12-25 03:33:10.588617,434.72,86.94400000000002,2024-12
4437,96,217,4,2025-10-18 19:49:27.519104,1092.92,218.58400000000003,2025-10
4438,157,490,3,2025-09-25 10:41:39.068070,1394.6100000000001,278.922,2025-09
4439,255,69,6,2025-03-26 03:02:43.606674,673.2,134.64000000000001,2025-03
4440,89,245,5,2025-06-06 09:52:58.032321,828.4000000000001,165.68000000000004,2025-06
4441,161,130,2,2025-05-01 21:06:32.962829,732.02,146.404,2025-05
4442,492,235,7,2025-10-25 19:38:11.004538,1034.46,206.89200000000002,2025-10
4443,677,118,3,2025-05-16 11:20:02.567815,378.81,75.762,2025-05
4444,266,304,4,2025-04-02 19:13:49.922984,943.16,188.632,2025-04
4445,770,494,5,2025-03-24 04:00:37.556551,642.0999999999999,128.42,2025-03
4446,789,125,2,2025-09-25 15:45:19.601576,210.14,42.028,2025-09
4447,103,331,6,2025-07-14 04:26:48.387735,825.54,165.108,2025-07
4448,912,391,5,2025-04-09 06:42:21.209469,613.2,122.64000000000001,2025-04
4449,500,225,8,2025-02-14 23:05:31.415304,925.28,185.056,2025-02
4450,12,393,7,2025-07-09 02:38:56.532180,2265.83,453.166,2025-07
4451,513,124,3,2025-06-01 17:25:28.547889,1411.26,282.252,2025-06
4452,659,339,6,2025-10-27 05:49:51.153208,332.76,66.552,2025-10
4453,813,258,4,2025-03-12 05:04:16.328721,1486.48,297.296,2025-03
4454,448,385,3,2025-09-15 06:46:20.904727,774.48,154.89600000000002,2025-09
4455,770,383,7,2025-10-21 02:43:40.504507,1709.33,341.866,2025-10
4456,656,386,5,2025-09-19 10:58:34.016575,2453.5,490.70000000000005,2025-09
4457,892,376,2,2025-07-29 07:54:18.396389,114.7,22.94,2025-07
4458,461,45,7,2025-01-21 23:15:49.112055,2696.61,539.322,2025-01
4459,499,42,4,2024-12-10 22:10:17.044684,1640.28,328.05600000000004,2024-12
4460,982,401,8,2024-11-27 17:14:00.857034,3266.64,653.328,2024-11
4461,343,339,4,2025-10-18 01:06:41.718961,221.84,44.368,2025-10
4462,667,238,5,2025-08-28 18:06:41.598401,1438.85,287.77,2025-08
4463,658,111,2,2024-11-09 02:04:40.413663,608.5,121.7,2024-11
4464,887,219,2,2025-04-11 04:17:40.904782,63.08,12.616,2025-04
4465,610,53,3,2025-02-07 23:29:43.543210,871.23,174.246,2025-02
4466,389,422,8,2025-10-13 09:15:58.489043,943.04,188.608,2025-10
4467,544,86,4,2025-05-01 21:23:43.527836,1082.44,216.48800000000003,2025-05
4468,354,420,4,2025-02-25 21:54:13.726040,1615.64,323.12800000000004,2025-02
4469,862,180,4,2025-04-15 14:59:04.733260,1512.52,302.504,2025-04
4470,950,26,7,2024-12-04 10:45:41.963882,1854.7199999999998,370.94399999999996,2024-12
4471,372,41,7,2024-12-06 10:06:29.573423,3473.96,694.792,2024-12
4472,586,94,6,2025-08-22 14:59:53.780863,513.78,102.756,2025-08
4473,128,324,7,2025-11-06 19:22:37.824969,2501.8700000000003,500.3740000000001,2025-11
4474,632,346,6,2025-01-23 08:10:50.666210,2054.82,410.96400000000006,2025-01
4475,121,294,6,2025-06-01 16:36:49.261873,336.78000000000003,67.35600000000001,2025-06
4476,779,123,1,2025-06-11 12:26:48.949867,426.41,85.28200000000001,2025-06
4477,31,107,5,2025-08-24 09:35:28.291162,1160.85,232.17,2025-08
4478,813,108,1,2025-02-01 11:04:38.952748,98.35,19.67,2025-02
4479,29,361,4,2025-07-25 14:45:00.144286,1707.6,341.52,2025-07
4480,372,68,9,2025-05-24 04:50:11.374922,1605.5099999999998,321.102,2025-05
4481,722,398,8,2024-12-29 08:29:38.235117,2146.8,429.36000000000007,2024-12
4482,119,389,6,2025-06-09 16:08:50.328523,715.86,143.172,2025-06
4483,412,490,2,2025-10-07 22:15:26.611052,929.74,185.948,2025-10
4484,209,488,8,2025-01-28 01:53:45.159476,2563.2,512.64,2025-01
4485,561,113,2,2025-05-07 03:02:42.400504,129.9,25.980000000000004,2025-05
4486,798,228,4,2025-08-10 02:06:51.784733,295.6,59.120000000000005,2025-08
4487,299,244,3,2025-05-23 16:19:49.139328,830.9100000000001,166.18200000000002,2025-05
4488,600,435,6,2025-09-24 03:03:44.563712,2831.88,566.3760000000001,2025-09
4489,74,107,9,2025-05-21 14:55:01.497874,2089.5299999999997,417.90599999999995,2025-05
4490,609,189,4,2025-03-09 10:16:58.776377,585.88,117.176,2025-03
4491,736,486,8,2025-08-06 23:45:36.043650,1829.84,365.968,2025-08
4492,78,302,4,2025-08-12 19:51:58.395932,977.52,195.50400000000002,2025-08
4493,451,49,2,2025-07-19 09:28:30.801553,94.68,18.936000000000003,2025-07
4494,723,90,6,2025-01-03 06:23:27.045348,1967.8200000000002,393.5640000000001,2025-01
4495,646,409,4,2024-12-13 04:55:28.899403,1202.8,240.56,2024-12
4496,587,371,3,2025-08-03 09:01:41.689807,326.04,65.20800000000001,2025-08
4497,677,39,3,2025-03-29 19:25:11.611570,902.49,180.49800000000002,2025-03
4498,432,299,8,2025-07-28 23:19:17.147211,1473.68,294.73600000000005,2025-07
4499,440,314,3,2025-01-21 11:29:16.142625,631.38,126.27600000000001,2025-01
4500,620,76,8,2025-11-06 06:17:40.132056,3788.48,757.696,2025-11
4501,222,399,9,2025-09-03 19:00:16.346732,1250.73,250.14600000000002,2025-09
4502,210,142,2,2025-05-23 15:08:05.882875,800.8,160.16,2025-05
4503,793,292,1,2025-10-07 12:00:00.808891,311.83,62.366,2025-10
4504,851,197,8,2025-02-25 02:39:03.330922,3571.68,714.336,2025-02
4505,928,455,6,2025-07-23 05:18:08.502303,1158.9,231.78000000000003,2025-07
4506,417,371,2,2025-10-29 23:16:27.848378,217.36,43.47200000000001,2025-10
4507,953,93,2,2025-07-30 16:15:29.536820,89.6,17.919999999999998,2025-07
4508,762,385,2,2025-03-14 15:51:11.776991,516.32,103.26400000000001,2025-03
4509,943,19,1,2025-11-03 04:05:35.421298,266.26,53.252,2025-11
4510,219,254,6,2025-09-13 05:25:43.608342,1952.34,390.468,2025-09
4511,684,98,5,2025-02-12 16:26:02.444212,2485.55,497.11000000000007,2025-02
4512,132,229,8,2025-08-07 03:14:01.171515,3740.72,748.144,2025-08
4513,159,124,7,2024-11-21 05:45:30.029691,3292.94,658.5880000000001,2024-11
4514,421,275,4,2025-03-28 00:50:43.946028,848.36,169.67200000000003,2025-03
4515,718,26,3,2025-08-18 13:22:00.770368,794.8799999999999,158.976,2025-08
4516,226,213,4,2025-06-14 22:06:08.135856,516.2,103.24000000000001,2025-06
4517,380,235,6,2025-05-28 08:32:23.768522,886.6800000000001,177.336,2025-05
4518,895,282,2,2024-11-27 03:32:42.236585,120.38,24.076,2024-11
4519,924,428,6,2025-08-24 00:48:16.436199,823.86,164.77200000000002,2025-08
4520,484,374,9,2025-05-29 10:15:20.881272,3042.9900000000002,608.5980000000001,2025-05
4521,253,48,8,2025-08-13 22:37:54.928689,3682.72,736.544,2025-08
4522,372,220,2,2025-04-29 05:01:03.091169,558.84,111.76800000000001,2025-04
4523,158,157,6,2025-03-29 15:21:10.457753,1655.52,331.10400000000004,2025-03
4524,861,277,2,2024-12-05 11:52:56.166402,361.3,72.26,2024-12
4525,840,356,8,2025-08-02 18:29:25.377475,338.8,67.76,2025-08
4526,433,427,5,2025-04-18 20:25:53.933871,2245.35,449.07,2025-04
4527,552,137,4,2025-04-07 03:06:26.355227,1991.44,398.288,2025-04
4528,45,409,1,2025-10-08 10:44:12.150387,300.7,60.14,2025-10
4529,107,434,4,2025-03-10 10:23:26.715830,1431.12,286.224,2025-03
4530,459,412,8,2025-08-30 11:11:55.142129,3984.24,796.848,2025-08
4531,559,36,6,2024-12-12 14:51:08.688120,1184.6399999999999,236.928,2024-12
4532,299,237,9,2024-11-30 00:17:14.385659,678.33,135.66600000000003,2024-11
4533,150,190,8,2025-10-31 19:32:15.835603,143.68,28.736000000000004,2025-10
4534,382,216,2,2025-07-05 07:05:07.095585,152.94,30.588,2025-07
4535,522,191,3,2024-11-16 00:12:06.215706,1476.0,295.2,2024-11
4536,423,166,5,2025-10-13 06:02:40.972591,363.25,72.65,2025-10
4537,745,345,3,2025-09-18 16:32:50.475549,1025.6399999999999,205.128,2025-09
4538,487,458,5,2024-11-22 08:51:53.245183,173.6,34.72,2024-11
4539,692,76,6,2025-08-06 04:51:07.988393,2841.36,568.272,2025-08
4540,210,14,9,2024-12-16 09:27:56.958042,1327.5,265.5,2024-12
4541,424,126,7,2024-12-31 13:17:16.918185,2384.69,476.93800000000005,2024-12
4542,143,354,3,2025-07-08 17:09:12.718800,675.0600000000001,135.01200000000003,2025-07
4543,927,198,2,2025-01-30 15:10:45.615523,664.94,132.98800000000003,2025-01
4544,287,132,5,2025-02-03 13:39:39.775633,113.10000000000001,22.620000000000005,2025-02
4545,747,481,1,2025-04-11 19:03:13.283518,47.83,9.566,2025-04
4546,79,75,8,2025-02-15 23:42:20.176658,2532.48,506.49600000000004,2025-02
4547,623,135,1,2025-09-30 17:53:43.739900,42.51,8.502,2025-09
4548,363,487,7,2025-09-18 01:11:33.665786,2557.66,511.532,2025-09
4549,125,56,2,2025-03-13 19:53:09.429296,86.34,17.268,2025-03
4550,997,303,7,2025-04-27 00:26:11.953352,1296.1899999999998,259.238,2025-04
4551,133,268,1,2024-12-01 01:37:12.939868,475.5,95.10000000000001,2024-12
4552,845,368,3,2025-08-22 04:09:17.297237,1306.74,261.348,2025-08
4553,753,311,7,2025-08-01 07:16:48.444259,1487.43,297.48600000000005,2025-08
4554,207,271,8,2025-07-18 12:04:35.814511,3339.52,667.904,2025-07
4555,102,313,9,2025-07-21 07:11:36.839370,568.98,113.796,2025-07
4556,867,154,5,2025-07-30 23:57:53.308545,1958.7,391.74,2025-07
4557,570,121,4,2025-08-30 20:23:54.086957,357.2,71.44,2025-08
4558,47,182,5,2025-03-29 05:35:05.561801,2010.25,402.05,2025-03
4559,560,61,3,2024-12-15 22:18:08.128531,1459.92,291.98400000000004,2024-12
4560,751,308,6,2025-05-11 01:42:49.663146,2320.92,464.184,2025-05
4561,530,367,9,2025-09-28 12:01:42.338790,508.14,101.628,2025-09
4562,926,241,7,2025-04-10 16:41:01.320496,2823.94,564.788,2025-04
4563,186,293,5,2024-12-24 11:54:37.565080,1258.15,251.63000000000002,2024-12
4564,121,149,5,2025-01-16 00:46:21.763373,407.84999999999997,81.57,2025-01
4565,628,486,8,2025-07-07 20:12:23.693070,1829.84,365.968,2025-07
4566,548,360,3,2025-03-28 23:20:29.753575,539.22,107.84400000000001,2025-03
4567,473,172,1,2025-09-07 14:33:34.998690,317.3,63.46000000000001,2025-09
4568,519,106,9,2025-07-29 23:33:00.184397,2009.97,401.994,2025-07
4569,150,384,9,2025-01-29 22:43:51.476552,4052.07,810.4140000000001,2025-01
4570,491,180,7,2025-08-10 23:58:13.718201,2646.91,529.382,2025-08
4571,785,426,3,2024-11-10 09:08:30.463050,743.16,148.632,2024-11
4572,572,238,8,2024-11-11 04:45:34.355466,2302.16,460.432,2024-11
4573,959,97,8,2025-04-08 20:31:32.561201,649.12,129.824,2025-04
4574,685,215,7,2025-03-18 17:37:36.324586,1896.1599999999999,379.23199999999997,2025-03
4575,457,449,4,2025-07-17 08:44:40.188035,549.64,109.928,2025-07
4576,524,500,4,2025-05-07 13:58:23.661456,1656.96,331.39200000000005,2025-05
4577,448,249,3,2025-08-17 03:35:53.280939,704.9399999999999,140.988,2025-08
4578,483,453,3,2025-05-06 19:32:09.481070,1312.0500000000002,262.41,2025-05
4579,569,432,9,2025-01-17 01:11:00.421751,2524.0499999999997,504.80999999999995,2025-01
4580,310,38,6,2025-01-23 06:51:22.731199,590.28,118.056,2025-01
4581,433,142,6,2025-07-24 19:47:31.219159,2402.3999999999996,480.47999999999996,2025-07
4582,143,99,3,2025-03-23 04:10:35.158610,1210.35,242.07,2025-03
4583,14,132,3,2025-04-16 11:45:16.818689,67.86,13.572000000000001,2025-04
4584,312,180,6,2025-10-13 16:38:31.844612,2268.7799999999997,453.756,2025-10
4585,395,13,8,2025-07-20 23:35:59.765818,2840.16,568.032,2025-07
4586,318,313,1,2025-05-28 08:07:35.005232,63.22,12.644,2025-05
4587,160,420,8,2025-10-24 21:02:36.575701,3231.28,646.2560000000001,2025-10
4588,452,268,7,2025-05-09 03:08:29.300436,3328.5,665.7,2025-05
4589,570,242,3,2025-06-03 05:56:13.717814,832.0500000000001,166.41000000000003,2025-06
4590,480,110,4,2025-08-20 09:57:10.154714,1435.44,287.088,2025-08
4591,475,371,8,2025-06-23 11:17:35.156777,869.44,173.88800000000003,2025-06
4592,890,411,5,2025-06-06 12:21:57.916076,1280.1499999999999,256.03,2025-06
4593,378,187,4,2025-04-03 22:16:15.349533,485.96,97.19200000000001,2025-04
4594,315,164,9,2025-07-02 20:34:39.830855,3958.7400000000002,791.748,2025-07
4595,993,386,6,2025-07-24 13:28:27.713625,2944.2,588.84,2025-07
4596,573,130,8,2024-11-18 06:13:54.727181,2928.08,585.616,2024-11
4597,279,366,8,2025-06-13 07:37:25.388345,615.76,123.152,2025-06
4598,539,340,3,2025-08-02 09:49:43.288999,724.71,144.942,2025-08
4599,493,194,9,2025-09-29 04:20:06.521753,1805.1299999999999,361.026,2025-09
4600,148,239,6,2024-12-08 04:28:35.744322,592.3199999999999,118.464,2024-12
4601,798,72,7,2025-10-11 20:34:28.583028,2158.31,431.66200000000003,2025-10
4602,806,99,1,2025-02-11 02:22:14.546409,403.45,80.69,2025-02
4603,111,16,3,2025-06-05 15:59:44.804184,1302.57,260.514,2025-06
4604,41,409,5,2025-06-23 09:31:23.092782,1503.5,300.7,2025-06
4605,634,134,6,2025-01-02 05:24:25.311464,1002.6600000000001,200.53200000000004,2025-01
4606,440,283,8,2024-12-02 18:36:36.248622,1492.0,298.40000000000003,2024-12
4607,770,31,9,2025-08-11 12:40:00.991936,1733.3999999999999,346.68,2025-08
4608,653,153,8,2024-11-06 17:46:39.152592,1535.04,307.008,2024-11
4609,232,333,6,2025-05-29 18:35:09.927330,2289.6000000000004,457.9200000000001,2025-05
4610,70,176,2,2025-09-12 09:39:53.388232,694.02,138.804,2025-09
4611,200,75,5,2025-06-12 01:40:17.277083,1582.8,316.56,2025-06
4612,343,300,2,2025-01-10 16:04:09.918610,418.32,83.664,2025-01
4613,169,260,9,2025-06-10 16:14:32.519042,3910.7699999999995,782.154,2025-06
4614,30,331,8,2025-10-05 18:07:23.021158,1100.72,220.144,2025-10
4615,618,289,1,2025-07-10 07:56:14.744301,345.18,69.036,2025-07
4616,458,443,5,2025-03-28 21:04:44.780072,464.85,92.97000000000001,2025-03
4617,285,325,2,2025-10-14 19:36:40.610168,555.32,111.06400000000002,2025-10
4618,655,6,2,2024-12-26 14:50:51.848046,201.76,40.352000000000004,2024-12
4619,985,164,6,2025-10-18 13:08:07.544914,2639.16,527.832,2025-10
4620,216,405,7,2024-11-10 18:37:48.714474,2471.6299999999997,494.32599999999996,2024-11
4621,861,345,6,2025-09-29 10:44:03.055657,2051.2799999999997,410.256,2025-09
4622,621,449,8,2025-07-09 17:15:21.112458,1099.28,219.856,2025-07
4623,992,471,5,2025-05-26 10:49:06.189007,846.5999999999999,169.32,2025-05
4624,425,1,4,2025-07-04 07:42:07.035207,315.36,63.072,2025-07
4625,778,125,7,2025-06-03 10:34:20.669674,735.49,147.098,2025-06
4626,933,29,8,2025-09-10 07:41:54.224296,1321.52,264.30400000000003,2025-09
4627,272,385,8,2025-03-27 14:13:21.283333,2065.28,413.05600000000004,2025-03
4628,403,153,3,2025-03-05 15:29:02.556689,575.64,115.128,2025-03
4629,730,406,3,2025-10-14 00:07:23.681727,917.6999999999999,183.54,2025-10
4630,579,90,9,2024-12-13 07:33:36.658632,2951.7300000000005,590.3460000000001,2024-12
4631,740,219,6,2025-09-25 01:22:32.983980,189.24,37.848000000000006,2025-09
4632,773,303,2,2025-04-05 03:42:24.686647,370.34,74.068,2025-04
4633,750,348,6,2024-12-30 14:08:11.867050,912.1200000000001,182.42400000000004,2024-12
4634,334,421,4,2025-08-18 09:30:16.942140,1307.08,261.416,2025-08
4635,997,92,4,2025-06-25 13:44:31.298124,850.24,170.048,2025-06
4636,843,354,2,2025-09-15 17:42:05.436139,450.04,90.00800000000001,2025-09
4637,687,146,7,2024-12-27 17:33:31.075263,1721.79,344.358,2024-12
4638,388,435,9,2025-07-25 09:25:28.485335,4247.82,849.564,2025-07
4639,217,194,4,2025-08-24 06:03:09.021884,802.28,160.45600000000002,2025-08
4640,615,260,1,2024-11-09 11:58:25.908463,434.53,86.906,2024-11
4641,753,74,6,2025-05-21 18:54:08.931028,211.74,42.348000000000006,2025-05
4642,616,453,9,2025-07-31 00:02:19.591254,3936.15,787.23,2025-07
4643,16,249,9,2025-02-03 12:15:16.345559,2114.8199999999997,422.96399999999994,2025-02
4644,905,276,3,2025-08-07 04:47:33.766513,833.9100000000001,166.78200000000004,2025-08
4645,285,45,2,2025-03-23 09:47:21.349485,770.46,154.092,2025-03
4646,261,24,5,2024-11-17 08:15:34.923324,2057.2999999999997,411.46,2024-11
4647,146,493,6,2024-12-09 01:53:29.166508,2165.2799999999997,433.056,2024-12
4648,291,441,6,2025-09-22 23:29:18.309419,1063.68,212.73600000000002,2025-09
4649,341,56,5,2025-08-11 12:06:20.500535,215.85000000000002,43.17000000000001,2025-08
4650,96,156,7,2025-05-31 21:49:54.695574,3338.44,667.6880000000001,2025-05
4651,796,189,5,2025-01-23 18:50:17.311878,732.35,146.47,2025-01
4652,389,144,7,2025-08-20 13:46:00.425786,2039.94,407.98800000000006,2025-08
4653,304,304,3,2025-10-05 22:04:56.908882,707.37,141.47400000000002,2025-10
4654,326,392,3,2025-10-06 08:31:34.205139,247.92000000000002,49.584,2025-10
4655,972,477,1,2025-07-02 17:24:34.028152,482.46,96.492,2025-07
4656,885,458,8,2025-07-23 11:10:38.859884,277.76,55.552,2025-07
4657,759,151,3,2025-02-24 00:48:12.681226,277.14,55.428,2025-02
4658,44,330,8,2025-05-07 21:37:44.437101,3522.4,704.48,2025-05
4659,554,29,8,2025-01-18 21:11:07.786181,1321.52,264.30400000000003,2025-01
4660,681,477,9,2025-03-12 19:00:48.950234,4342.139999999999,868.4279999999999,2025-03
4661,76,126,8,2025-04-16 17:32:34.344703,2725.36,545.072,2025-04
4662,906,59,9,2025-02-23 21:01:18.931079,2617.56,523.5120000000001,2025-02
4663,863,54,5,2025-01-31 04:50:29.066302,608.65,121.73,2025-01
4664,349,333,7,2025-09-02 20:22:49.912739,2671.2000000000003,534.2400000000001,2025-09
4665,826,473,2,2024-12-05 11:38:51.789779,239.64,47.928,2024-12
4666,212,83,5,2025-07-31 19:03:02.475733,325.79999999999995,65.16,2025-07
4667,753,158,4,2025-07-25 04:41:06.468037,532.56,106.512,2025-07
4668,343,72,1,2025-07-19 13:39:00.855326,308.33,61.666,2025-07
4669,994,365,1,2024-12-21 01:33:49.884204,190.27,38.054,2024-12
4670,780,51,4,2025-09-03 12:55:40.172873,837.4,167.48000000000002,2025-09
4671,116,256,3,2024-11-25 09:37:43.557645,70.86,14.172,2024-11
4672,224,212,2,2025-09-01 13:36:39.133794,774.0,154.8,2025-09
4673,537,406,1,2025-10-07 23:24:13.950724,305.9,61.18,2025-10
4674,778,336,8,2025-05-29 06:39:32.728705,2672.88,534.576,2025-05
4675,623,32,7,2025-02-18 11:15:52.777782,3016.2999999999997,603.26,2025-02
4676,692,101,4,2024-11-18 04:22:08.748607,1017.04,203.40800000000002,2024-11
4677,520,421,1,2025-01-02 01:04:35.261733,326.77,65.354,2025-01
4678,524,357,9,2025-10-11 23:37:13.541867,1996.47,399.29400000000004,2025-10
4679,162,309,5,2024-12-11 04:06:42.799497,2152.8,430.56000000000006,2024-12
4680,596,60,1,2025-08-17 19:27:06.599227,140.22,28.044,2025-08
4681,198,435,5,2025-04-12 20:42:20.131546,2359.9,471.98,2025-04
4682,220,497,2,2025-10-15 21:42:58.675245,926.78,185.356,2025-10
4683,256,359,8,2025-11-05 11:09:41.673798,2055.6,411.12,2025-11
4684,444,359,7,2025-06-16 15:32:26.896441,1798.6499999999999,359.73,2025-06
4685,420,51,4,2025-02-01 19:31:10.021356,837.4,167.48000000000002,2025-02
4686,752,364,6,2025-04-13 05:19:42.102862,308.34000000000003,61.668000000000006,2025-04
4687,229,95,6,2025-09-09 20:56:25.639915,1124.58,224.916,2025-09
4688,807,489,1,2025-02-26 09:56:47.012253,133.75,26.75,2025-02
4689,633,25,3,2025-09-09 23:15:10.989875,1309.32,261.864,2025-09
4690,190,19,3,2025-09-24 15:10:20.503229,798.78,159.756,2025-09
4691,908,390,6,2025-08-12 05:17:18.690817,2049.2400000000002,409.84800000000007,2025-08
4692,725,500,9,2025-05-31 23:17:40.581272,3728.16,745.6320000000001,2025-05
4693,21,229,6,2025-09-04 22:45:30.993484,2805.54,561.1080000000001,2025-09
4694,815,268,8,2025-04-26 13:16:22.311386,3804.0,760.8000000000001,2025-04
4695,817,444,8,2025-08-01 22:53:18.344491,3231.92,646.384,2025-08
4696,561,206,3,2025-10-11 21:53:40.666948,808.26,161.65200000000002,2025-10
4697,836,302,9,2025-05-26 04:12:18.155030,2199.42,439.884,2025-05
4698,589,272,7,2025-09-03 04:06:38.864583,2260.44,452.088,2025-09
4699,834,304,7,2024-11-19 19:25:32.573667,1650.53,330.106,2024-11
4700,864,378,5,2025-02-22 13:07:25.768307,2274.6,454.92,2025-02
4701,444,499,8,2025-10-31 18:18:32.361460,1896.88,379.37600000000003,2025-10
4702,561,137,1,2025-10-12 22:27:57.436337,497.86,99.572,2025-10
4703,289,161,9,2024-12-22 16:33:30.464551,2259.4500000000003,451.8900000000001,2024-12
4704,309,38,6,2025-05-16 04:32:16.488144,590.28,118.056,2025-05
4705,172,32,6,2025-05-23 12:44:19.566185,2585.3999999999996,517.0799999999999,2025-05
4706,875,54,4,2025-03-25 13:54:41.182946,486.92,97.38400000000001,2025-03
4707,480,4,6,2025-06-28 05:03:59.076981,677.76,135.552,2025-06
4708,883,239,1,2024-12-15 05:24:47.778287,98.72,19.744,2024-12
4709,396,443,1,2025-08-11 05:04:11.169799,92.97,18.594,2025-08
4710,734,374,8,2025-09-04 16:44:30.079346,2704.88,540.976,2025-09
4711,962,64,8,2025-02-06 17:17:17.610163,2776.56,555.312,2025-02
4712,184,7,5,2025-02-18 11:49:41.442635,744.5999999999999,148.92,2025-02
4713,291,75,7,2024-11-14 08:53:52.703961,2215.92,443.184,2024-11
4714,93,218,2,2024-11-29 21:37:14.547626,834.22,166.84400000000002,2024-11
4715,897,256,8,2025-02-07 07:08:05.666389,188.96,37.792,2025-02
4716,991,407,3,2024-12-30 03:26:57.575766,493.08000000000004,98.61600000000001,2024-12
4717,100,81,1,2025-10-21 20:09:52.984927,56.98,11.396,2025-10
4718,502,290,4,2025-05-09 16:39:07.374436,705.36,141.072,2025-05
4719,609,416,8,2025-08-19 20:40:47.179941,3932.56,786.5120000000001,2025-08
4720,286,405,3,2025-08-31 07:23:38.003930,1059.27,211.854,2025-08
4721,120,45,1,2025-06-05 16:57:25.628575,385.23,77.046,2025-06
4722,27,118,9,2025-09-21 04:04:24.932555,1136.43,227.28600000000003,2025-09
4723,659,367,5,2024-11-18 12:40:11.566080,282.3,56.46000000000001,2024-11
4724,381,190,4,2025-03-02 15:48:49.803627,71.84,14.368000000000002,2025-03
4725,940,354,7,2025-05-01 11:03:06.129099,1575.14,315.028,2025-05
4726,76,25,4,2025-01-17 16:08:07.950617,1745.76,349.15200000000004,2025-01
4727,711,414,3,2024-11-11 15:34:52.087916,1453.02,290.604,2024-11
4728,789,378,9,2025-04-06 01:16:37.472479,4094.28,818.8560000000001,2025-04
4729,621,251,3,2024-12-03 12:24:38.106808,776.61,155.322,2024-12
4730,341,208,5,2025-08-02 02:21:55.085068,1418.6000000000001,283.72,2025-08
4731,340,71,9,2025-06-04 06:46:17.869929,3675.33,735.066,2025-06
4732,832,329,6,2025-06-02 05:51:23.840019,1163.8799999999999,232.77599999999998,2025-06
4733,20,36,9,2025-10-30 10:32:27.871501,1776.96,355.39200000000005,2025-10
4734,491,313,9,2025-09-16 13:32:36.311106,568.98,113.796,2025-09
4735,777,420,7,2025-07-26 19:10:33.066475,2827.3700000000003,565.474,2025-07
4736,565,19,3,2025-08-07 15:20:10.250830,798.78,159.756,2025-08
4737,384,346,7,2024-12-30 10:15:29.585197,2397.29,479.458,2024-12
4738,22,278,6,2025-08-04 08:08:58.187915,1735.02,347.004,2025-08
4739,276,426,5,2025-06-05 11:18:42.042492,1238.6,247.72,2025-06
4740,319,175,1,2025-09-10 20:02:13.509022,130.51,26.102,2025-09
4741,567,202,9,2025-08-04 08:46:29.277960,3613.0499999999997,722.61,2025-08
4742,755,204,1,2025-02-20 07:24:37.544788,70.39,14.078000000000001,2025-02
4743,557,325,3,2025-06-18 13:13:17.507313,832.98,166.596,2025-06
4744,782,223,6,2025-03-27 10:05:39.306203,101.58,20.316000000000003,2025-03
4745,792,58,3,2025-03-17 20:10:30.782482,505.23,101.046,2025-03
4746,703,139,1,2024-12-05 04:24:32.126593,95.61,19.122,2024-12
4747,75,128,1,2025-07-27 15:58:22.621545,61.03,12.206000000000001,2025-07
4748,953,479,4,2025-06-03 15:51:26.950883,1693.64,338.72800000000007,2025-06
4749,505,465,6,2025-05-22 03:35:16.728783,1193.22,238.644,2025-05
4750,737,186,8,2025-08-12 12:10:39.578569,961.28,192.256,2025-08
4751,827,2,7,2025-03-26 13:22:23.416215,2385.6,477.12,2025-03
4752,690,387,4,2025-09-14 03:04:13.227318,450.44,90.08800000000001,2025-09
4753,584,207,7,2025-08-22 05:38:16.824915,2950.5,590.1,2025-08
4754,127,461,1,2025-02-21 23:36:25.785425,237.29,47.458,2025-02
4755,106,60,5,2025-01-09 00:28:33.920699,701.1,140.22,2025-01
4756,442,473,7,2025-02-14 09:37:13.906699,838.74,167.74800000000002,2025-02
4757,238,269,2,2025-08-05 08:43:48.887238,276.32,55.264,2025-08
4758,395,484,9,2025-07-20 13:41:12.570338,2914.47,582.894,2025-07
4759,109,281,2,2024-11-26 10:45:49.100875,988.6,197.72000000000003,2024-11
4760,904,274,6,2025-09-06 13:26:37.222417,1393.8600000000001,278.77200000000005,2025-09
4761,238,493,7,2025-04-27 00:41:53.019363,2526.16,505.23199999999997,2025-04
4762,113,358,7,2025-04-29 13:51:33.585812,613.9,122.78,2025-04
4763,540,496,5,2025-06-25 15:29:22.338545,1300.6999999999998,260.14,2025-06
4764,805,151,9,2025-08-30 20:45:51.255456,831.42,166.284,2025-08
4765,918,102,2,2024-12-22 11:38:50.825142,727.46,145.49200000000002,2024-12
4766,407,84,4,2024-11-21 21:19:50.288232,1153.84,230.768,2024-11
4767,49,444,6,2025-06-25 18:24:31.504117,2423.94,484.788,2025-06
4768,180,478,2,2025-06-13 17:55:56.683399,883.62,176.72400000000002,2025-06
4769,118,320,9,2025-01-07 05:25:06.650001,2368.44,473.68800000000005,2025-01
4770,65,388,6,2024-11-22 03:24:36.100554,1716.96,343.39200000000005,2024-11
4771,865,167,2,2025-05-02 16:11:45.261136,120.62,24.124000000000002,2025-05
4772,572,102,5,2025-09-29 03:26:11.208992,1818.65,363.73,2025-09
4773,441,408,6,2025-01-23 11:03:21.026097,2716.5,543.3000000000001,2025-01
4774,760,76,4,2025-05-08 12:22:56.489438,1894.24,378.848,2025-05
4775,888,217,1,2025-10-20 17:11:11.077469,273.23,54.64600000000001,2025-10
4776,446,79,1,2025-10-28 13:31:29.348331,285.19,57.038000000000004,2025-10
4777,749,198,3,2025-01-07 17:56:01.026454,997.4100000000001,199.48200000000003,2025-01
4778,591,38,5,2025-01-22 02:07:01.584502,491.9,98.38,2025-01
4779,664,498,8,2024-12-18 07:08:04.943806,3173.04,634.6080000000001,2024-12
4780,382,236,6,2025-05-06 00:41:21.764325,478.32,95.664,2025-05
4781,262,108,1,2025-10-26 03:01:04.960028,98.35,19.67,2025-10
4782,37,457,7,2025-03-28 01:33:25.381658,140.70000000000002,28.140000000000004,2025-03
4783,635,113,3,2025-10-27 04:57:42.100055,194.85000000000002,38.970000000000006,2025-10
4784,390,312,6,2025-03-20 00:27:50.867852,712.2,142.44000000000003,2025-03
4785,565,376,4,2024-12-12 01:47:58.062021,229.4,45.88,2024-12
4786,163,164,5,2025-02-22 03:38:31.061571,2199.3,439.86000000000007,2025-02
4787,644,394,3,2025-01-27 07:29:49.157270,252.14999999999998,50.43,2025-01
4788,52,43,9,2025-05-20 14:55:13.773024,111.51,22.302000000000003,2025-05
4789,771,318,9,2025-06-20 23:16:26.208422,335.79,67.158,2025-06
4790,844,156,8,2025-07-08 15:34:19.255583,3815.36,763.0720000000001,2025-07
4791,163,445,3,2025-07-13 10:44:53.871725,654.5699999999999,130.914,2025-07
4792,130,134,8,2024-11-08 08:12:52.351597,1336.88,267.37600000000003,2024-11
4793,85,316,1,2025-05-30 15:27:45.765393,352.55,70.51,2025-05
4794,953,110,7,2025-10-30 21:32:22.800899,2512.02,502.404,2025-10
4795,552,304,5,2024-12-27 00:08:47.343469,1178.95,235.79000000000002,2024-12
4796,93,69,5,2025-03-09 04:18:50.813818,561.0,112.2,2025-03
4797,711,72,2,2025-09-29 22:35:20.579776,616.66,123.332,2025-09
4798,66,338,9,2025-03-16 21:57:17.235446,2547.18,509.436,2025-03
4799,206,482,4,2025-02-24 07:13:00.175370,876.16,175.232,2025-02
4800,227,21,6,2025-09-02 07:22:25.480646,698.46,139.692,2025-09
4801,786,188,4,2025-04-15 00:43:24.337824,1453.24,290.648,2025-04
4802,428,188,2,2024-12-18 17:24:46.396691,726.62,145.324,2024-12
4803,90,41,6,2025-03-28 00:22:14.490346,2977.68,595.536,2025-03
4804,68,458,7,2024-11-09 04:52:07.922833,243.04,48.608000000000004,2024-11
4805,182,38,3,2025-06-18 22:14:37.920552,295.14,59.028,2025-06
4806,533,159,5,2025-04-09 19:54:38.157866,2316.6,463.32,2025-04
4807,298,223,7,2025-01-02 17:12:32.218803,118.50999999999999,23.701999999999998,2025-01
4808,716,336,2,2025-10-12 20:13:54.195097,668.22,133.644,2025-10
4809,409,209,9,2025-08-19 15:35:41.817896,2694.2400000000002,538.8480000000001,2025-08
4810,737,250,3,2025-08-16 22:44:42.314647,294.45000000000005,58.890000000000015,2025-08
4811,926,440,8,2025-01-26 19:12:03.520500,1275.6,255.12,2025-01
4812,765,180,4,2025-09-10 15:42:48.655403,1512.52,302.504,2025-09
4813,464,204,6,2025-01-09 06:34:18.681674,422.34000000000003,84.46800000000002,2025-01
4814,389,470,9,2025-04-01 14:17:17.756943,3185.82,637.1640000000001,2025-04
4815,352,282,4,2025-03-07 18:50:51.921423,240.76,48.152,2025-03
4816,212,93,3,2025-07-18 23:23:01.105127,134.39999999999998,26.879999999999995,2025-07
4817,588,178,9,2024-12-16 11:41:00.409794,179.1,35.82,2024-12
4818,614,247,1,2025-03-23 12:36:11.974617,98.81,19.762,2025-03
4819,122,226,8,2025-02-17 07:35:46.173183,2774.16,554.832,2025-02
4820,538,445,9,2025-04-21 07:25:51.258923,1963.71,392.742,2025-04
4821,176,323,7,2025-09-21 02:08:05.903103,2654.33,530.866,2025-09
4822,541,115,6,2025-02-11 02:24:52.523988,1665.3600000000001,333.07200000000006,2025-02
4823,297,79,8,2025-05-11 21:45:26.729823,2281.52,456.30400000000003,2025-05
4824,255,166,9,2025-04-30 04:36:54.445783,653.85,130.77,2025-04
4825,627,490,1,2024-12-16 20:06:13.241195,464.87,92.974,2024-12
4826,267,139,8,2024-12-19 19:19:15.672800,764.88,152.976,2024-12
4827,491,147,2,2025-01-01 18:06:11.528920,720.68,144.136,2025-01
4828,203,316,4,2025-02-10 19:59:29.615144,1410.2,282.04,2025-02
4829,950,21,8,2024-11-28 00:48:19.721536,931.28,186.256,2024-11
4830,438,403,4,2025-08-17 05:10:12.824911,1432.04,286.408,2025-08
4831,236,439,8,2025-08-07 05:38:58.738866,868.72,173.74400000000003,2025-08
4832,865,462,2,2024-12-20 18:38:16.807667,73.54,14.708000000000002,2024-12
4833,289,305,5,2025-08-18 07:54:20.500013,1873.3500000000001,374.6700000000001,2025-08
4834,625,450,2,2025-08-31 14:12:44.802719,652.98,130.596,2025-08
4835,423,325,4,2025-02-26 11:19:44.986576,1110.64,222.12800000000004,2025-02
4836,299,95,1,2025-07-14 17:50:05.128361,187.43,37.486000000000004,2025-07
4837,996,309,2,2025-11-03 10:45:08.044376,861.12,172.22400000000002,2025-11
4838,389,455,4,2025-06-14 13:45:47.396605,772.6,154.52,2025-06
4839,48,37,9,2025-09-04 23:27:04.639524,3366.72,673.344,2025-09
4840,121,54,5,2025-02-25 21:56:59.843121,608.65,121.73,2025-02
4841,75,444,5,2025-10-05 17:59:18.552762,2019.95,403.99,2025-10
4842,554,255,1,2025-01-19 23:45:12.058789,186.96,37.392,2025-01
4843,31,488,5,2025-07-07 04:26:33.829945,1602.0,320.40000000000003,2025-07
4844,184,279,7,2025-08-29 11:53:28.126141,446.59999999999997,89.32,2025-08
4845,611,107,5,2025-04-14 08:22:04.702744,1160.85,232.17,2025-04
4846,737,445,1,2025-02-16 16:58:31.383951,218.19,43.638000000000005,2025-02
4847,914,190,7,2025-05-19 06:20:01.728020,125.72,25.144000000000002,2025-05
4848,21,143,5,2024-11-10 07:36:02.917104,1812.8999999999999,362.58,2024-11
4849,530,499,8,2025-03-28 00:00:24.237128,1896.88,379.37600000000003,2025-03
4850,345,448,3,2025-10-11 16:12:34.933341,1064.52,212.904,2025-10
4851,4,417,2,2025-05-12 16:05:50.747991,552.34,110.46800000000002,2025-05
4852,416,444,6,2025-10-27 16:54:49.149127,2423.94,484.788,2025-10
4853,609,379,7,2025-08-29 00:46:13.700749,2552.5499999999997,510.51,2025-08
4854,479,77,1,2024-12-24 13:04:29.859549,317.51,63.502,2024-12
4855,376,441,1,2025-05-13 09:15:41.157557,177.28,35.456,2025-05
4856,121,3,5,2025-06-22 06:55:05.648175,1342.6,268.52,2025-06
4857,512,95,4,2025-05-07 02:49:53.350547,749.72,149.94400000000002,2025-05
4858,533,384,7,2025-07-23 19:26:05.568052,3151.61,630.3220000000001,2025-07
4859,847,345,6,2024-12-10 13:19:36.300221,2051.2799999999997,410.256,2024-12
4860,761,488,6,2025-10-22 20:45:34.097215,1922.3999999999999,384.48,2025-10
4861,15,95,4,2025-06-09 19:12:37.050264,749.72,149.94400000000002,2025-06
4862,352,445,6,2025-06-06 09:48:53.751390,1309.1399999999999,261.828,2025-06
4863,657,337,6,2024-12-05 13:19:11.489110,2580.42,516.0840000000001,2024-12
4864,398,405,2,2025-07-17 13:00:51.543491,706.18,141.236,2025-07
4865,340,62,3,2025-10-09 17:19:25.367810,1151.79,230.358,2025-10
4866,34,466,3,2025-07-25 21:34:33.932828,1309.74,261.94800000000004,2025-07
4867,34,259,8,2024-11-14 19:45:02.080946,2938.48,587.696,2024-11
4868,738,350,5,2025-06-02 14:27:38.885902,2044.4499999999998,408.89,2025-06
4869,91,94,1,2025-05-15 10:53:57.159038,85.63,17.126,2025-05
4870,891,171,9,2025-05-21 06:39:56.725871,2596.68,519.336,2025-05
4871,291,361,1,2025-10-17 17:57:34.221336,426.9,85.38,2025-10
4872,802,261,7,2025-08-19 18:16:54.543247,83.08999999999999,16.618,2025-08
4873,819,335,2,2025-09-03 02:35:31.608763,759.8,151.96,2025-09
4874,557,447,6,2025-05-26 01:57:17.607357,748.26,149.65200000000002,2025-05
4875,193,272,2,2025-05-19 01:37:37.435908,645.84,129.168,2025-05
4876,292,454,7,2025-11-02 03:37:03.680146,2672.04,534.408,2025-11
4877,418,307,1,2024-11-13 15:57:32.169239,106.62,21.324,2024-11
4878,887,348,9,2024-11-22 20:59:11.815392,1368.18,273.636,2024-11
4879,606,118,7,2025-08-15 23:45:11.993418,883.89,176.77800000000002,2025-08
4880,948,168,3,2025-01-24 21:23:56.971480,774.24,154.848,2025-01
4881,382,452,5,2025-04-02 05:47:17.496771,459.5,91.9,2025-04
4882,217,406,2,2024-12-30 21:11:22.296756,611.8,122.36,2024-12
4883,485,143,4,2025-06-17 23:47:15.737558,1450.32,290.064,2025-06
4884,677,62,5,2025-07-25 17:02:17.966975,1919.65,383.93000000000006,2025-07
4885,78,195,8,2025-02-24 10:26:53.334881,1404.08,280.816,2025-02
4886,984,372,5,2025-04-15 00:11:17.940112,196.25,39.25,2025-04
4887,911,4,3,2024-11-10 11:08:53.218066,338.88,67.776,2024-11
4888,533,392,2,2025-07-09 16:54:41.407452,165.28,33.056000000000004,2025-07
4889,206,227,2,2025-10-13 03:55:18.460790,542.34,108.46800000000002,2025-10
4890,226,1,8,2025-08-04 01:32:24.286958,630.72,126.144,2025-08
4891,292,147,6,2025-05-06 04:38:43.657045,2162.04,432.408,2025-05
4892,226,141,3,2025-02-21 22:12:16.522666,200.85000000000002,40.17000000000001,2025-02
4893,483,305,3,2025-08-22 13:33:57.002602,1124.01,224.80200000000002,2025-08
4894,384,371,8,2025-07-02 09:56:25.245304,869.44,173.88800000000003,2025-07
4895,1,365,4,2024-11-11 16:59:09.049107,761.08,152.216,2024-11
4896,418,243,4,2025-02-24 10:46:34.135911,542.56,108.512,2025-02
4897,486,378,4,2025-11-01 17:11:13.646020,1819.68,363.93600000000004,2025-11
4898,232,496,8,2025-01-01 04:53:22.943935,2081.12,416.224,2025-01
4899,86,179,9,2025-05-20 15:57:49.173881,1234.44,246.88800000000003,2025-05
4900,381,299,7,2025-09-14 00:39:42.714821,1289.47,257.894,2025-09
4901,675,85,1,2025-01-11 08:48:14.207173,101.19,20.238,2025-01
4902,616,359,7,2025-04-24 11:07:04.539849,1798.6499999999999,359.73,2025-04
4903,606,210,5,2025-09-15 10:54:07.787809,769.7,153.94000000000003,2025-09
4904,480,243,4,2025-03-23 06:03:59.569346,542.56,108.512,2025-03
4905,383,267,8,2025-07-31 17:15:32.142438,3846.08,769.216,2025-07
4906,239,255,4,2025-04-20 06:01:40.848557,747.84,149.568,2025-04
4907,489,259,1,2025-08-12 17:06:58.975254,367.31,73.462,2025-08
4908,705,165,7,2025-04-01 23:20:35.661477,158.76,31.752,2025-04
4909,265,30,7,2025-02-22 11:09:43.618355,2896.8799999999997,579.376,2025-02
4910,524,433,3,2025-09-12 17:29:05.174133,781.5,156.3,2025-09
4911,903,435,2,2025-07-01 02:28:03.332965,943.96,188.79200000000003,2025-07
4912,343,382,8,2025-06-29 03:03:28.441916,1160.0,232.0,2025-06
4913,768,455,4,2025-02-09 08:53:53.796417,772.6,154.52,2025-02
4914,799,460,4,2025-06-24 08:30:59.737755,859.08,171.81600000000003,2025-06
4915,652,150,7,2025-03-10 10:24:12.072252,2796.36,559.272,2025-03
4916,264,107,5,2025-01-29 18:10:39.354799,1160.85,232.17,2025-01
4917,663,483,4,2025-05-16 18:56:29.411880,49.48,9.896,2025-05
4918,891,166,8,2025-01-04 19:04:44.947633,581.2,116.24000000000001,2025-01
4919,308,74,9,2025-07-17 16:54:57.009645,317.61,63.522000000000006,2025-07
4920,298,244,4,2025-01-18 15:46:50.961152,1107.88,221.57600000000002,2025-01
4921,98,153,3,2025-01-24 08:53:54.563901,575.64,115.128,2025-01
4922,618,493,4,2025-01-18 03:04:43.145520,1443.52,288.704,2025-01
4923,81,441,1,2024-11-28 10:50:41.886821,177.28,35.456,2024-11
4924,248,292,6,2025-08-02 19:12:14.632063,1870.98,374.196,2025-08
4925,439,392,3,2025-04-06 10:18:32.955501,247.92000000000002,49.584,2025-04
4926,866,184,5,2025-04-23 11:02:38.719539,1839.25,367.85,2025-04
4927,880,441,4,2024-12-19 23:33:23.152425,709.12,141.824,2024-12
4928,572,247,1,2025-09-10 20:19:54.117062,98.81,19.762,2025-09
4929,175,329,1,2025-08-11 02:04:02.452199,193.98,38.796,2025-08
4930,422,150,8,2025-08-21 15:02:56.308442,3195.84,639.1680000000001,2025-08
4931,681,500,7,2025-05-03 14:07:30.217202,2899.6800000000003,579.936,2025-05
4932,277,244,9,2025-04-06 04:26:52.389757,2492.7300000000005,498.5460000000001,2025-04
4933,739,278,2,2025-04-23 09:12:44.855448,578.34,115.668,2025-04
4934,874,424,2,2025-05-21 11:47:33.257291,220.5,44.1,2025-05
4935,124,229,6,2025-10-18 18:53:24.872295,2805.54,561.1080000000001,2025-10
4936,709,387,8,2025-04-11 03:29:27.465928,900.88,180.17600000000002,2025-04
4937,246,487,6,2025-08-20 16:04:24.099329,2192.2799999999997,438.45599999999996,2025-08
4938,23,180,3,2025-10-03 00:06:29.180579,1134.3899999999999,226.878,2025-10
4939,519,172,2,2025-02-02 20:05:56.881735,634.6,126.92000000000002,2025-02
4940,473,338,3,2025-07-10 02:28:17.487819,849.06,169.812,2025-07
4941,537,241,9,2025-01-26 00:52:33.834914,3630.78,726.1560000000001,2025-01
4942,175,460,8,2025-05-23 22:39:45.583486,1718.16,343.63200000000006,2025-05
4943,274,64,9,2025-03-11 01:17:16.618779,3123.63,624.7260000000001,2025-03
4944,398,76,3,2025-07-18 10:13:06.702950,1420.68,284.136,2025-07
4945,43,68,2,2025-07-15 19:41:14.447225,356.78,71.356,2025-07
4946,23,256,4,2025-09-01 23:14:27.005780,94.48,18.896,2025-09
4947,91,155,3,2025-09-15 19:31:03.545933,1097.3700000000001,219.47400000000005,2025-09
4948,675,148,2,2025-03-20 03:05:16.036286,659.52,131.904,2025-03
4949,649,401,8,2025-05-22 06:23:53.261451,3266.64,653.328,2025-05
4950,463,127,4,2025-06-02 12:08:02.554858,1840.52,368.10400000000004,2025-06
4951,234,399,1,2024-12-24 20:07:38.215328,138.97,27.794,2024-12
4952,88,307,8,2025-03-24 14:28:19.764880,852.96,170.592,2025-03
4953,82,495,3,2025-01-04 19:17:30.560699,37.71,7.542000000000001,2025-01
4954,193,204,2,2025-10-01 04:38:13.890698,140.78,28.156000000000002,2025-10
4955,529,333,8,2025-07-18 18:13:10.136275,3052.8,610.5600000000001,2025-07
4956,718,249,8,2025-01-09 20:43:28.311993,1879.84,375.968,2025-01
4957,137,288,7,2025-08-24 01:53:57.258394,2405.5499999999997,481.10999999999996,2025-08
4958,714,61,5,2025-02-14 14:36:23.938189,2433.2,486.64,2025-02
4959,842,269,5,2024-11-06 15:51:13.894699,690.8,138.16,2024-11
4960,333,199,3,2025-08-12 12:23:24.360534,161.97,32.394,2025-08
4961,754,484,1,2025-02-19 17:05:29.880506,323.83,64.766,2025-02
4962,418,382,9,2025-02-09 17:44:12.228097,1305.0,261.0,2025-02
4963,410,335,4,2025-10-13 23:43:29.580186,1519.6,303.92,2025-10
4964,997,306,6,2025-04-22 03:13:01.575353,1489.68,297.93600000000004,2025-04
4965,393,222,9,2025-03-07 01:44:33.619796,1189.53,237.906,2025-03
4966,118,159,2,2025-06-02 01:11:51.897082,926.64,185.328,2025-06
4967,201,244,3,2025-06-29 11:01:47.296654,830.9100000000001,166.18200000000002,2025-06
4968,823,108,2,2024-11-14 02:51:36.533853,196.7,39.34,2024-11
4969,16,377,3,2025-03-07 12:02:11.835762,903.9300000000001,180.78600000000003,2025-03
4970,412,229,3,2025-06-04 03:30:27.467320,1402.77,280.55400000000003,2025-06
4971,132,211,1,2025-05-22 21:26:17.735735,208.82,41.764,2025-05
4972,307,264,2,2025-08-01 00:59:42.927664,995.68,199.136,2025-08
4973,342,128,8,2025-10-24 03:03:22.427443,488.24,97.64800000000001,2025-10
4974,546,308,7,2024-12-20 01:25:32.888394,2707.74,541.548,2024-12
4975,892,318,9,2024-11-20 18:45:53.139510,335.79,67.158,2024-11
4976,637,216,6,2024-11-24 18:56:57.984393,458.82,91.76400000000001,2024-11
4977,681,293,5,2025-08-10 01:17:20.586557,1258.15,251.63000000000002,2025-08
4978,258,301,3,2025-01-07 16:35:09.406754,1324.65,264.93,2025-01
4979,507,295,4,2024-12-28 10:36:33.466584,568.72,113.74400000000001,2024-12
4980,567,481,2,2025-03-19 16:41:44.553661,95.66,19.132,2025-03
4981,589,165,1,2025-01-11 02:33:29.045274,22.68,4.5360000000000005,2025-01
4982,759,198,9,2025-03-24 21:15:49.274770,2992.2300000000005,598.4460000000001,2025-03
4983,976,454,5,2024-12-08 10:36:07.288128,1908.6000000000001,381.72,2024-12
4984,13,190,7,2025-02-11 07:30:14.065353,125.72,25.144000000000002,2025-02
4985,871,457,9,2025-03-09 07:09:49.471898,180.9,36.18,2025-03
4986,158,450,9,2025-03-20 13:34:21.000678,2938.41,587.682,2025-03
4987,217,196,3,2025-02-12 16:00:24.174441,1355.5500000000002,271.11000000000007,2025-02
4988,7,318,8,2024-11-13 02:51:00.285812,298.48,59.696000000000005,2024-11
4989,478,337,5,2025-05-09 20:14:52.182913,2150.35,430.07,2025-05
4990,261,3,1,2025-08-26 04:15:43.049598,268.52,53.704,2025-08
4991,902,104,2,2025-10-29 21:00:04.585518,543.56,108.71199999999999,2025-10
4992,244,224,1,2025-06-02 05:05:15.642034,201.09,40.218,2025-06
4993,463,378,8,2025-05-12 22:01:57.166002,3639.36,727.8720000000001,2025-05
4994,217,254,4,2025-02-20 21:56:15.821870,1301.56,260.312,2025-02
4995,87,293,8,2025-04-13 16:45:37.644444,2013.04,402.608,2025-04
4996,819,219,5,2024-12-29 16:36:14.072883,157.7,31.54,2024-12
4997,421,142,3,2025-03-26 16:17:11.589833,1201.1999999999998,240.23999999999998,2025-03
4998,983,255,1,2025-10-28 04:35:04.108122,186.96,37.392,2025-10
4999,873,288,3,2025-07-22 13:57:26.881136,1030.9499999999998,206.18999999999997,2025-07
5000,555,344,1,2025-01-14 06:04:29.314874,384.01,76.802,2025-01
