id,nome,email,telefone,cidade,estado,data_cadastro
1,João Gabriel Almeida,glima@gmail.com,(071) 2176-3633,da Mata,RO,2025-02-21 22:09:41.135771
2,Alícia Mendes,camilarodrigues@hotmail.com,+55 41 6395-6153,Mendes,PA,2025-02-27 14:21:13.151363
3,Manuela Correia,bernardo59@yahoo.com.br,0500 502 6284,Silva,AM,2025-08-04 00:11:06.480753
4,Rafael Ribeiro,araujorenan@ig.com.br,41 8946-9291,Freitas,AC,2025-08-15 18:36:30.235320
5,Sra. Stella Rodrigues,bda-cruz@bol.com.br,(021) 2567 0770,Sales Verde,SP,2025-06-25 15:54:56.826739
6,André da Mata,fernandeslucas-gabriel@yahoo.com.br,(021) 8632-0797,Santos,MS,2024-04-30 15:18:28.663033
7,Dr. Noah Sales,lopesisadora@bol.com.br,(071) 9493-8761,da Conceição de Minas,PE,2025-10-16 07:18:01.083551
8,Ana Cunha,luanamoura@yahoo.com.br,+55 81 1971 9502,Almeida Verde,RR,2025-08-10 22:43:03.866432
9,Rafael Ferreira,alanaaragao@gmail.com,+55 (061) 9376 7315,Fogaça,RS,2025-04-09 09:38:26.354663
10,Camila Sales,murilo42@gmail.com,0300 125 0125,Rocha da Serra,RR,2024-07-01 07:23:03.347536
11,Ana Laura da Cunha,wcarvalho@bol.com.br,+55 41 9912 0554,Oliveira de Castro,DF,2024-04-04 07:19:18.347563
12,Maria Fernanda Ramos,antonio25@ig.com.br,(081) 7080-7200,Moraes,RO,2024-11-21 13:47:53.777115
13,Paulo Barros,hfreitas@bol.com.br,(021) 4339-1700,Ribeiro,RR,2025-10-10 15:24:24.871209
14,Carolina Moraes,valentina31@ig.com.br,(081) 2173 0208,Pereira,AM,2025-04-16 01:57:57.926214
15,Alexandre da Mota,oliveiradiogo@bol.com.br,(041) 4548-9999,Pereira,RO,2025-05-29 18:38:59.378767
16,Maria Alice Cunha,cpinto@uol.com.br,+55 (031) 5036-8567,Peixoto,RS,2024-09-08 17:10:42.783357
17,Gustavo Henrique Moura,anovaes@yahoo.com.br,(031) 2932-3501,Nunes,RS,2024-11-18 16:55:28.825622
18,Sr. Enzo Gabriel Cavalcanti,martinsemanuella@hotmail.com,11 3960-5490,da Rocha do Sul,RN,2025-09-30 10:22:23.519033
19,Maria Julia Ferreira,rodriguesmaite@yahoo.com.br,0800-572-2421,Mendes,AC,2024-07-05 21:49:47.964164
20,Sr. Lucca Costela,davi-lucca00@yahoo.com.br,0300 859 0898,Carvalho,DF,2024-05-06 16:37:33.389731
21,Maria Luiza Correia,ana-livia51@uol.com.br,+55 84 9276-8714,Porto de Goiás,CE,2025-05-27 00:01:01.413313
22,Júlia Nascimento,tcunha@ig.com.br,(081) 4643 2967,Jesus,MG,2023-11-19 18:35:26.721026
23,Leonardo Ribeiro,pedro-lucas09@gmail.com,(021) 5483 5574,Teixeira da Praia,PR,2024-05-06 23:45:49.862636
24,Benjamin Nogueira,pedro-henrique35@uol.com.br,84 5803-9468,Cardoso de Minas,BA,2025-10-03 06:53:21.428911
25,Renan Souza,theodas-neves@hotmail.com,+55 (021) 4278 7463,Rodrigues,SP,2024-04-17 23:44:01.595599
26,Melissa Teixeira,pmelo@hotmail.com,71 9753 4042,Rodrigues do Amparo,ES,2024-05-26 20:35:15.366853
27,Srta. Vitória Gomes,ymoraes@bol.com.br,+55 (011) 3680 0722,Teixeira,SC,2025-09-08 02:56:51.659381
28,Sr. Vicente Barros,nogueirabryan@hotmail.com,+55 41 5321-6495,da Mota Verde,RJ,2024-09-24 17:30:53.129782
29,Amanda Pinto,vlopes@hotmail.com,61 8556 4684,Correia,MS,2024-06-25 12:23:59.060620
30,Laura Moreira,santosluiz-otavio@uol.com.br,+55 81 3001-7717,da Rosa,PI,2024-03-06 01:08:06.482317
31,Davi Lucca Lima,ribeiroluna@bol.com.br,81 7599-3011,Freitas,PE,2025-01-21 19:41:06.245502
32,Renan Teixeira,tgomes@hotmail.com,51 5337 2628,Nogueira,RN,2025-01-04 09:37:14.571568
33,Vitor Hugo Freitas,kgoncalves@uol.com.br,31 4848 3718,da Mota,RS,2024-09-20 09:00:47.140387
34,Lavínia Teixeira,levi88@hotmail.com,84 2888 1926,Azevedo,AL,2024-06-20 21:41:18.879792
35,Letícia Ferreira,evelyn13@hotmail.com,+55 (084) 9961 1193,da Luz,PE,2025-08-23 23:19:19.386508
36,Raquel Gonçalves,arthursales@gmail.com,21 7287 8359,Silveira Verde,RO,2025-10-28 11:14:40.444705
37,Felipe da Cunha,diogopeixoto@hotmail.com,(051) 5901 1601,Caldeira,RJ,2025-11-03 05:21:02.766427
38,Yago Jesus,augusto32@yahoo.com.br,+55 41 3380-8908,da Luz,AP,2025-03-04 04:45:54.737720
39,Laís Pinto,cardosomaria-cecilia@bol.com.br,81 8991-4128,Cardoso do Oeste,PA,2024-09-06 18:52:04.978302
40,Gustavo Rocha,diaslucas@uol.com.br,+55 (031) 6021 6005,Correia do Campo,AM,2024-05-24 01:42:19.161780
41,Dr. Guilherme Almeida,da-luzhenrique@uol.com.br,+55 41 2576 7062,Azevedo,PR,2024-10-04 18:37:42.781957
42,Maria Luiza Cunha,bruna21@uol.com.br,0900-231-3135,Duarte,AL,2024-01-16 10:02:05.743319
43,Dr. Diego da Cunha,lopesdanilo@uol.com.br,+55 84 7466 4557,Lima,PR,2024-12-04 21:01:15.899397
44,Luiz Fernando Silva,melomaria-julia@yahoo.com.br,+55 (021) 0414 5755,Nogueira de Farias,BA,2024-12-01 06:11:50.299257
45,Isabelly Ramos,cardosoleonardo@ig.com.br,+55 (031) 8480 3521,Costa,GO,2025-04-28 20:06:24.274597
46,Lucas Gabriel Fogaça,yda-costa@uol.com.br,(071) 7234 9109,Cavalcanti Grande,PI,2024-07-20 07:42:40.203505
47,Murilo Aragão,ana-livianascimento@gmail.com,+55 (041) 7013-3844,das Neves,BA,2025-09-22 01:13:38.383446
48,Luana da Rosa,luiz-felipecampos@bol.com.br,+55 61 6775-0299,Ferreira do Norte,AC,2023-12-08 01:28:24.714399
49,Laís Dias,nbarros@gmail.com,+55 71 4816 9034,Campos,PI,2025-01-20 19:54:53.071391
50,Davi Luiz Jesus,caue77@gmail.com,51 2241 4742,Freitas,ES,2025-07-23 21:03:49.346350
51,Clarice Farias,fogacaana@yahoo.com.br,(051) 2962 6500,Gomes do Norte,RR,2025-03-15 17:09:09.218440
52,Erick Teixeira,msouza@uol.com.br,(041) 8374 2858,Souza,MA,2024-10-23 13:05:09.158495
53,Sabrina Rocha,ana-julia99@bol.com.br,+55 (021) 4396 7202,Cardoso,PE,2025-03-26 17:52:26.742725
54,Olivia Fernandes,iazevedo@bol.com.br,(031) 3958-1773,da Rosa do Galho,SC,2025-03-05 00:59:24.314298
55,Felipe Almeida,joaopires@ig.com.br,+55 (071) 1050 2331,da Mota,RS,2025-03-20 08:10:21.195427
56,João Pedro da Mata,bda-paz@bol.com.br,61 9748 0936,da Rocha,SC,2025-03-13 22:12:05.259637
57,Srta. Juliana Rezende,vieiraantonio@yahoo.com.br,21 5198 6914,Costela,SP,2024-06-06 16:30:25.715718
58,Daniel da Mata,danilonunes@uol.com.br,61 1001-9459,Oliveira de Minas,AM,2023-11-30 18:15:37.478782
59,Maria Alice Lopes,lopesemilly@yahoo.com.br,11 0101-6168,Pires,AM,2024-10-20 08:28:41.504861
60,Vicente Carvalho,afreitas@ig.com.br,(051) 9362 6443,Nascimento Alegre,AP,2024-06-24 18:51:26.618782
61,Yasmin Ferreira,viniciusteixeira@hotmail.com,+55 81 4765-5402,Campos das Flores,SP,2025-10-03 01:57:16.775411
62,Raul Farias,caldeirabrenda@ig.com.br,+55 (021) 7763 0973,Silveira do Galho,AC,2023-11-08 22:26:50.753592
63,Levi Gomes,wteixeira@hotmail.com,+55 21 5877-4512,Sales,MG,2025-04-26 07:20:51.421791
64,Dra. Isabella Lopes,vitorianogueira@bol.com.br,+55 (081) 5020 0094,Ferreira Paulista,GO,2024-08-30 11:32:38.850125
65,Maria Luiza Moreira,jesusbrenda@uol.com.br,+55 (081) 5084 6787,Pereira Verde,RJ,2025-07-25 22:30:19.954398
66,Sra. Sarah Teixeira,ana-beatrizda-cruz@ig.com.br,(084) 6043-0903,Fogaça da Mata,SC,2024-07-01 15:51:44.646567
67,Juan Farias,bmartins@hotmail.com,+55 (031) 0158-6145,Cunha da Praia,SP,2024-03-10 15:11:17.256437
68,Alexia Castro,ldas-neves@hotmail.com,+55 (071) 8413-0602,Santos,PI,2025-03-10 20:48:10.311982
69,Sabrina Nunes,viniciussilva@bol.com.br,+55 (081) 8014 8236,da Costa,AP,2025-02-06 17:32:33.103305
70,Samuel Peixoto,hnogueira@bol.com.br,+55 (051) 4015-2439,Azevedo,AP,2025-10-13 16:16:37.432286
71,Felipe Pinto,da-cunhajoao-vitor@hotmail.com,(051) 0770-6289,Novaes da Prata,PI,2023-12-17 06:06:48.197722
72,Lucca Souza,peixotofernanda@bol.com.br,+55 84 1446-2974,da Paz,TO,2024-01-02 04:26:09.397848
73,Calebe da Luz,kfreitas@uol.com.br,+55 21 2037-1351,Moura do Norte,AM,2024-05-29 22:47:04.885237
74,Theo Azevedo,jviana@hotmail.com,71 1572 5257,Rodrigues das Pedras,RR,2025-07-02 12:55:24.958140
75,Calebe Oliveira,elima@uol.com.br,(021) 7035-6061,Rocha,RN,2025-04-02 23:51:25.338771
76,Levi Rodrigues,gabrielnunes@gmail.com,+55 84 7411 7407,Duarte,SE,2025-02-23 16:06:27.035281
77,Arthur da Rosa,maria-claragomes@bol.com.br,0900 453 8302,Nunes de Minas,ES,2024-10-13 04:08:59.164033
78,Lara Ferreira,maria-sophiaazevedo@uol.com.br,+55 61 8573-8874,Gonçalves da Prata,RR,2024-09-16 19:56:08.385834
79,Stephany Melo,da-mataana-luiza@gmail.com,(071) 9783 7410,Barros Paulista,ES,2025-02-07 08:49:56.247399
80,Isabel Caldeira,oliveiramaria-sophia@hotmail.com,51 6213 2927,Farias de Aragão,PI,2025-03-09 21:09:55.093714
81,Levi Pinto,yurioliveira@yahoo.com.br,+55 (011) 1421-5024,Sales,SP,2024-06-16 16:58:03.796976
82,Dr. Luiz Miguel Fernandes,melissamoraes@gmail.com,+55 71 1787-6951,da Cruz de Dias,RN,2023-12-25 23:52:55.943010
83,Cauã Cardoso,goncalveslucas-gabriel@uol.com.br,(051) 8775-6570,Cardoso,PE,2024-02-24 06:58:57.105012
84,Leonardo da Mota,benjaminteixeira@bol.com.br,+55 (071) 3224-9738,das Neves,RN,2024-09-09 14:31:11.552754
85,Pietro Viana,duarteesther@bol.com.br,+55 (021) 2097-3563,Viana do Galho,RN,2024-11-06 11:45:15.461471
86,Enzo Gabriel Cavalcanti,lucas-gabriel35@bol.com.br,71 9785-8468,Martins do Sul,PB,2024-01-17 03:23:18.892266
87,Giovanna Araújo,castroalana@bol.com.br,+55 41 1387-5355,Aragão das Flores,AM,2024-01-27 00:38:59.534656
88,Gabrielly da Mata,meloenzo-gabriel@yahoo.com.br,+55 (071) 1470-7107,da Costa de Gonçalves,PR,2024-08-05 04:04:18.239654
89,Kaique Araújo,kgomes@bol.com.br,11 0640-1045,Moura de Santos,PE,2025-03-31 20:34:31.080960
90,Cauê Caldeira,ofreitas@gmail.com,0800 017 8433,da Mota,RN,2025-04-12 22:55:17.480297
91,Stephany Moura,vitor-hugoda-mata@gmail.com,+55 61 0922-9409,Nunes de Minas,ES,2023-11-14 07:45:36.121478
92,Sophia Nascimento,davida-paz@gmail.com,+55 31 3309 9116,Nascimento do Campo,GO,2024-01-19 00:12:17.253879
93,João Miguel Freitas,barrosnina@uol.com.br,+55 21 6082-3808,Lima,AC,2025-07-28 11:02:05.441464
94,Giovanna Gonçalves,pietro93@ig.com.br,(011) 3255-4696,Martins,RS,2025-06-25 09:27:02.139750
95,Pedro Henrique Nogueira,maria-fernandapinto@ig.com.br,+55 (011) 6171 4736,Nogueira,CE,2025-06-14 05:33:43.900448
96,Luiz Otávio Cavalcanti,ucostela@yahoo.com.br,(031) 6392 2881,Pinto,SC,2025-10-13 12:39:55.731847
97,Esther Pinto,fduarte@ig.com.br,21 3713 4821,Moreira do Sul,AP,2023-12-01 16:10:05.936254
98,Danilo Oliveira,caio98@yahoo.com.br,+55 (084) 0360 0348,da Mota,MT,2024-04-01 17:20:55.194908
99,Erick Cavalcanti,stephanyda-costa@ig.com.br,+55 21 6542-8132,Martins do Sul,CE,2025-02-25 11:44:26.151230
100,Eduardo Jesus,isismoreira@bol.com.br,+55 (071) 2833-3507,Peixoto,SE,2025-08-26 03:12:08.613132
101,Júlia Almeida,joaquimporto@bol.com.br,+55 (051) 0315-5809,Silveira de Costa,SP,2024-08-30 01:40:40.788781
102,Luiz Henrique Rodrigues,yalves@yahoo.com.br,(041) 8587-4613,da Mota,PA,2025-09-06 20:26:56.935256
103,Ana Vitória Costela,joao-vitor95@yahoo.com.br,+55 (071) 6031 9956,Jesus,MA,2025-06-12 14:38:53.294208
104,Dr. Felipe Barros,ryanpereira@ig.com.br,51 1305 4164,Novaes,AC,2025-09-26 05:19:04.361363
105,Stephany Cavalcanti,pedro-miguel90@uol.com.br,+55 81 5611-0864,da Cunha Alegre,MS,2024-04-19 16:55:34.826751
106,Igor Cardoso,cardosoisadora@bol.com.br,+55 (021) 6717-1744,Nascimento do Galho,SE,2024-06-30 09:14:19.912102
107,Bryan Martins,lorena51@bol.com.br,11 4871 4933,Gomes da Prata,MG,2024-06-20 16:41:27.377142
108,Igor Cardoso,efreitas@ig.com.br,0500-029-8897,Melo,PR,2024-12-17 11:28:49.303748
109,Srta. Alexia Monteiro,rodrigoviana@gmail.com,(021) 3695 0613,Carvalho,SE,2024-10-25 08:34:02.578341
110,Nathan Correia,da-cunhacamila@uol.com.br,(061) 9541-8081,Silveira de Costela,MS,2025-06-03 16:19:29.909474
111,Pedro Henrique Silva,cauedias@gmail.com,+55 81 3869 7078,Carvalho,PE,2024-07-02 03:03:40.147735
112,Stephany Nunes,luanafogaca@ig.com.br,+55 11 6181-0518,da Cunha do Galho,RR,2025-06-22 22:44:20.512702
113,Emanuelly da Luz,luiz-miguelsilveira@ig.com.br,(061) 7476-4101,Castro da Praia,TO,2025-01-26 08:49:38.169100
114,Agatha Fernandes,martinsbenicio@uol.com.br,+55 (071) 1837-3591,da Cunha da Prata,MT,2025-07-30 21:00:11.511711
115,Ana Carolina Silveira,almeidamarina@ig.com.br,+55 (031) 3514 9483,Lopes,PE,2023-12-04 10:00:06.895947
116,Alexia Ramos,xda-costa@hotmail.com,(061) 7493 2792,Correia Verde,AM,2024-10-04 01:43:35.141667
117,Sr. Breno Barros,carolina68@ig.com.br,+55 11 9770 3745,Nogueira de Goiás,RN,2023-12-13 23:00:09.587378
118,Felipe Lopes,lcampos@uol.com.br,(031) 7654-8059,Freitas,MG,2025-06-02 16:14:28.143631
119,Thiago Porto,nina01@uol.com.br,+55 (081) 0281 6510,Aragão de da Mota,RO,2023-12-26 14:39:41.527354
120,Raquel Carvalho,freitasbenicio@gmail.com,(031) 8994-2253,Alves,BA,2025-07-26 18:54:11.023223
121,Luiz Miguel Gonçalves,bviana@gmail.com,(084) 0910-6290,da Cruz,PE,2024-12-26 14:01:01.461359
122,Lucas Gabriel Ramos,cda-conceicao@yahoo.com.br,51 6341 6943,Alves,AL,2025-07-22 22:16:03.750258
123,Dr. Davi Lucca Silva,caldeiradaniela@yahoo.com.br,+55 (081) 2493 9573,Viana Alegre,MG,2025-04-15 16:36:00.504871
124,Arthur Pires,luiz-felipeda-cruz@uol.com.br,81 6795-1858,da Luz,MS,2024-06-21 18:25:16.416544
125,Sabrina Barbosa,arthursouza@yahoo.com.br,+55 (011) 4463 4182,Carvalho,RS,2023-12-30 13:21:48.186324
126,Henrique Duarte,novaeslaura@hotmail.com,+55 (031) 0157-2768,Gomes,PI,2025-10-16 20:43:16.510010
127,Marcos Vinicius Cardoso,luiz-otavio71@gmail.com,0900 646 8016,Almeida Paulista,DF,2024-08-08 15:54:27.604128
128,Luna Gonçalves,joaquimferreira@ig.com.br,51 0029 7749,Dias do Sul,RN,2023-11-30 08:35:37.452802
129,Luigi Vieira,juliana15@yahoo.com.br,+55 (071) 7684-5954,Silveira de Goiás,PI,2024-08-03 14:47:02.961880
130,Sr. Davi Lucas Aragão,epires@uol.com.br,+55 11 8914-5525,Caldeira,AP,2024-03-25 16:41:18.251783
131,André Melo,icardoso@gmail.com,+55 41 6087-8055,Cunha dos Dourados,MG,2023-12-28 13:44:53.352837
132,Olivia Teixeira,mariane09@ig.com.br,+55 11 3980 4375,Pires de Pereira,AM,2024-11-30 15:51:59.460048
133,Diogo Pires,portosarah@ig.com.br,+55 61 9284 1574,das Neves de da Cunha,ES,2025-03-29 00:11:31.736691
134,Thales Cavalcanti,carolinarocha@ig.com.br,+55 (051) 4351 8014,Rezende de Costa,SC,2024-10-24 18:37:05.920531
135,Isadora da Rosa,joanavieira@yahoo.com.br,51 4883 5960,Ramos,MA,2024-12-19 10:25:46.141355
136,Danilo Caldeira,moraesvitoria@uol.com.br,+55 81 6948-7095,da Mata de Mendes,RN,2023-11-22 06:55:49.509541
137,João Moura,felipealmeida@bol.com.br,(081) 2147-7129,Fogaça de Carvalho,MS,2025-03-24 11:15:25.263194
138,Vitor Gabriel Fernandes,silvacarlos-eduardo@yahoo.com.br,0900-890-2762,da Cruz de Nogueira,PR,2024-03-07 05:26:38.409433
139,Dra. Maysa Caldeira,fariasvitoria@ig.com.br,+55 31 3228 4259,Carvalho Verde,PI,2025-11-06 06:56:07.300389
140,Maria Alice Almeida,wcastro@uol.com.br,0300 924 8354,Ribeiro,RN,2024-05-02 11:40:32.503502
141,Danilo da Rosa,brendanascimento@ig.com.br,81 9067-0121,Carvalho de Goiás,MS,2025-02-16 09:23:47.860159
142,Giovanna Pereira,azevedonathan@uol.com.br,+55 84 8636 0945,Almeida Verde,GO,2025-10-13 15:18:39.579236
143,Noah Novaes,emanuelfernandes@gmail.com,+55 41 1235 1631,Gomes do Oeste,RN,2024-02-08 10:56:21.936851
144,Sr. Paulo da Paz,vicente99@yahoo.com.br,(051) 7117 1234,Almeida,AC,2025-05-01 19:11:04.508584
145,Renan Oliveira,framos@hotmail.com,21 1688 0363,Ramos da Prata,SP,2025-02-17 09:03:59.061934
146,Maria Viana,rafaela68@bol.com.br,(031) 8420 8409,Nogueira,MA,2024-02-02 22:38:39.353096
147,Beatriz Moura,silvagabriel@yahoo.com.br,+55 (021) 8740 0881,Rodrigues,SP,2025-05-25 01:03:45.176213
148,Daniela Araújo,pedrooliveira@ig.com.br,+55 84 1808 4510,Martins,MS,2025-05-18 07:06:54.389019
149,Dr. Bernardo Correia,tmoura@yahoo.com.br,+55 84 1968 5065,Vieira,PI,2024-09-23 23:14:28.093334
150,Dra. Juliana Aragão,pedro-miguelda-conceicao@uol.com.br,+55 (084) 6376-8761,Castro,MG,2024-02-14 07:04:29.726215
151,Gabrielly Alves,diogo72@bol.com.br,41 5475 1355,Lima,RN,2025-11-01 12:10:43.945675
152,Sophia Azevedo,vfernandes@gmail.com,+55 (084) 9666-8398,Costela,AM,2025-02-28 22:11:32.995151
153,Dr. Enzo da Mata,oliveiraguilherme@uol.com.br,(011) 4315-2827,Nunes da Praia,PR,2024-10-03 05:15:22.766767
154,Srta. Ana Luiza Aragão,fariasana-livia@gmail.com,+55 (021) 1425 9493,Lima,AC,2024-12-27 09:38:19.853805
155,Levi Porto,viniciuscostela@ig.com.br,+55 (071) 9213 9976,Moreira do Sul,BA,2025-10-07 16:39:59.578815
156,Eduarda Campos,fcampos@hotmail.com,51 1715 3169,Cavalcanti,PR,2025-04-09 12:58:47.729992
157,Rodrigo Moraes,goncalveslaura@hotmail.com,+55 (031) 7897 7602,Azevedo de Pereira,RR,2025-06-18 16:29:58.986721
158,Diego Nunes,pedro05@yahoo.com.br,31 3947 7799,Silva do Norte,CE,2025-09-06 05:35:48.970809
159,Leandro Jesus,gabriel71@yahoo.com.br,(081) 1666 1623,Sales de Minas,SC,2024-09-08 02:28:31.389601
160,Luiz Otávio Ferreira,manuelasilveira@yahoo.com.br,(021) 1816 8250,Souza das Flores,PA,2025-09-20 06:20:11.523545
161,Dr. Bryan Duarte,nascimentoraul@hotmail.com,+55 21 1703 9101,Oliveira,SE,2025-02-27 02:54:22.233491
162,Dra. Sophia Cardoso,enzopires@bol.com.br,71 4602 6797,Viana,AM,2025-07-01 06:38:59.012287
163,Pietra Vieira,amoraes@gmail.com,+55 84 5889-9040,Gonçalves do Amparo,BA,2024-01-23 18:41:56.911117
164,Ana Sophia Moura,pda-cruz@yahoo.com.br,81 8965 5575,Souza,MT,2024-09-02 13:50:31.416580
165,Pedro Lucas Sales,sarahgoncalves@hotmail.com,(051) 2317 2368,da Cunha da Serra,PI,2024-09-15 10:33:01.724798
166,Sr. Rafael da Cruz,vmendes@hotmail.com,0900-505-6648,Ramos de Costa,PB,2024-04-09 06:53:33.424986
167,Beatriz Costa,emonteiro@hotmail.com,51 3754 6134,Viana Paulista,DF,2024-07-19 11:42:48.087111
168,Maria Fernanda Nunes,davi-lucasmelo@gmail.com,(051) 2091 5156,Rocha,DF,2024-10-04 14:41:07.149705
169,Davi Lucas Ramos,wfogaca@hotmail.com,+55 51 8262 8529,Costela da Prata,RS,2025-06-10 08:48:27.522335
170,Luiza da Costa,fernandamartins@hotmail.com,21 7422-0080,Dias,RN,2025-10-26 17:04:42.742688
171,Sra. Bianca Correia,costayuri@gmail.com,(041) 0905-1804,Fernandes do Sul,SC,2025-02-04 20:42:03.114833
172,Otávio Oliveira,maysaoliveira@yahoo.com.br,(011) 1397 2960,da Costa,PR,2025-04-07 12:39:01.452141
173,Isis Nascimento,ffogaca@uol.com.br,(061) 8232-0051,Alves,PI,2024-09-22 18:46:29.475147
174,Ana Júlia da Rocha,oliveiramaysa@hotmail.com,+55 (061) 2200-4742,da Luz,MS,2024-04-03 14:13:17.397921
175,Mariane Azevedo,icostela@bol.com.br,+55 81 6837 9489,da Paz,PA,2023-11-25 12:11:35.236280
176,Júlia Nogueira,vcampos@yahoo.com.br,(021) 8304-4386,da Paz do Amparo,RN,2025-08-14 15:28:52.124808
177,Sabrina Sales,yda-rosa@yahoo.com.br,(011) 8077 1579,Cavalcanti,GO,2024-01-16 09:52:18.051435
178,Pedro Henrique Moura,lramos@uol.com.br,+55 41 0130 3792,Correia,AM,2025-09-27 04:32:01.430000
179,Heitor Novaes,gabrielly17@gmail.com,(084) 9903 6981,Martins,AP,2024-09-09 15:16:27.245016
180,Antônio Fernandes,julia00@gmail.com,(021) 7292-8359,Novaes de Castro,SE,2024-09-16 16:08:06.896107
181,Gabriel da Luz,davi47@hotmail.com,(011) 9870 4082,Lima de Goiás,MS,2025-03-30 09:07:59.725253
182,Nicolas Araújo,guilhermeazevedo@yahoo.com.br,+55 11 3740 6167,Monteiro de Mendes,AM,2025-10-06 03:12:23.304731
183,Sr. Enzo Gabriel Ramos,nascimentocalebe@bol.com.br,(041) 3131 0103,Carvalho,RR,2025-10-19 00:19:41.009142
184,Helena Costa,zcavalcanti@gmail.com,51 9432 2840,da Cunha,PE,2023-12-12 19:56:00.320819
185,Maria Cecília Sales,maysasilva@gmail.com,+55 (041) 5918 1368,Costa,AP,2024-06-24 14:00:42.849639
186,Nathan Aragão,mouraisis@ig.com.br,+55 51 8166 3024,Silva,PI,2024-01-11 17:47:43.931528
187,Levi Monteiro,fda-cunha@bol.com.br,0900-107-5405,Ramos,AM,2024-08-30 01:08:29.592560
188,Dr. Cauê Barbosa,sda-costa@yahoo.com.br,81 3511-2563,Ribeiro Verde,PR,2024-12-18 20:15:54.608571
189,Dr. Theo Almeida,mcavalcanti@uol.com.br,31 2944 1286,Jesus do Campo,AC,2025-04-11 07:40:48.457957
190,Enzo da Rosa,santosguilherme@yahoo.com.br,+55 61 3065-9074,Martins,RN,2024-12-17 06:05:29.218029
191,Daniela Duarte,xgomes@hotmail.com,0300 056 3162,Costela do Amparo,AM,2024-04-22 02:44:58.641850
192,Luiz Gustavo Nascimento,silvamilena@yahoo.com.br,0900 284 2828,da Rosa do Galho,MT,2024-01-29 23:06:45.119605
193,Kamilly Nascimento,martinsgabrielly@ig.com.br,+55 21 1897 0896,Barros da Prata,PB,2024-05-10 09:18:40.169505
194,Yasmin Fogaça,vnogueira@uol.com.br,(011) 9426-2590,Pereira,PR,2024-09-02 16:51:03.548709
195,Yuri Pinto,xpires@bol.com.br,31 1405 9249,da Rocha,PB,2025-01-11 18:10:55.250461
196,Paulo Moura,ferreirarenan@ig.com.br,+55 84 0515-4776,Correia Grande,MT,2025-01-26 13:49:58.738327
197,Davi Lucas Aragão,luiz-miguel10@bol.com.br,0800-613-4466,Cardoso,SP,2024-05-11 17:31:49.030946
198,Larissa Jesus,ana-beatriz88@hotmail.com,51 7943 8497,Jesus do Sul,AP,2024-06-29 06:31:04.046841
199,Dr. Benjamin Cardoso,fariasluna@uol.com.br,+55 (031) 3578 0910,Farias do Galho,RS,2024-04-01 08:25:07.653102
200,Dr. Luiz Felipe Aragão,emanuellada-mata@bol.com.br,+55 71 9559 7228,Lopes,MS,2023-11-18 09:52:34.656941
201,Noah Fernandes,thomas77@bol.com.br,(081) 2509-6959,Nunes,RN,2024-05-10 18:40:08.535516
202,Antônio Fogaça,esthercarvalho@hotmail.com,51 1862 4811,Gonçalves,SE,2024-08-16 04:22:47.300780
203,Luiz Gustavo Mendes,cardosoluiz-otavio@gmail.com,11 9978-9761,Pinto,DF,2024-04-13 04:25:16.393877
204,Kevin Ramos,mourathiago@uol.com.br,51 5621 0655,Jesus,PR,2024-12-14 09:34:32.184595
205,Lorenzo Dias,ada-cruz@hotmail.com,0800-833-9452,Dias,ES,2025-02-25 19:33:39.829973
206,Emanuelly Moraes,augustoda-conceicao@bol.com.br,(011) 5924-1113,Pires do Oeste,GO,2024-01-09 10:23:37.912797
207,Pedro Henrique Cavalcanti,clara57@uol.com.br,+55 (081) 2830 1583,Gomes das Pedras,MS,2024-12-05 15:27:57.985466
208,Lucca Ramos,lavinia43@hotmail.com,(081) 0529-4361,Nogueira,MS,2024-10-08 17:17:22.134544
209,Miguel da Rocha,barbosabeatriz@hotmail.com,+55 51 1555 3054,Fogaça dos Dourados,AC,2023-12-04 22:43:01.106995
210,Eduarda Nunes,vsilveira@hotmail.com,+55 (071) 1584 5289,Caldeira do Sul,MT,2025-07-30 17:59:19.193499
211,Dra. Sophia Pires,ecarvalho@yahoo.com.br,+55 (061) 2599-7816,Carvalho,MG,2023-12-31 20:14:58.649860
212,Srta. Isabel Campos,mda-cunha@yahoo.com.br,+55 (041) 2450 7554,Barros,AM,2024-07-13 03:30:21.030041
213,João Pedro Fogaça,ana-sophiaaragao@uol.com.br,(031) 6917-0482,da Luz,GO,2023-11-15 22:39:56.016584
214,Vicente Lima,fernanda62@uol.com.br,41 7275-0042,Duarte de da Mota,MT,2025-01-21 21:39:22.817099
215,Ana Beatriz Farias,helena49@bol.com.br,+55 21 0051-4919,Alves de Goiás,RN,2024-02-09 10:20:19.323377
216,Murilo Silva,msilva@gmail.com,+55 31 3029-3575,Monteiro de Goiás,CE,2025-01-08 13:27:43.245660
217,Sophie Oliveira,fogacathiago@gmail.com,61 7238 1268,Fogaça,RO,2024-02-18 20:17:01.660557
218,Luigi Monteiro,agathateixeira@uol.com.br,+55 (031) 7734-9881,Fogaça do Galho,AP,2024-03-21 13:06:48.629231
219,Maria Julia Jesus,danilovieira@ig.com.br,61 8448-0016,Nascimento,PI,2024-11-28 20:42:26.179493
220,Sra. Maria Fernanda Aragão,leonardo41@uol.com.br,81 2800-3003,Fernandes de Nogueira,AL,2024-02-29 23:13:10.087611
221,Ana Beatriz Ferreira,maria-fernanda59@bol.com.br,+55 61 1083 2719,Teixeira de Cavalcanti,RR,2025-07-08 14:29:34.820782
222,Fernanda Silveira,alveslivia@bol.com.br,+55 (071) 3458 4754,Costela,AC,2025-01-14 13:38:59.201071
223,Srta. Brenda Peixoto,luanasilveira@gmail.com,+55 21 3654-9712,Silva de Aragão,PI,2024-02-01 15:51:12.179167
224,Sr. Danilo da Cruz,mnascimento@uol.com.br,+55 (031) 3993 9422,Castro,TO,2025-09-05 00:38:27.525078
225,Dra. Raquel Martins,pedro-miguelgoncalves@uol.com.br,0800 451 8834,Viana de Campos,PE,2025-01-03 06:52:24.434447
226,Sra. Maria Luiza Cardoso,hmendes@ig.com.br,0300 137 2921,da Mota,PA,2024-09-21 12:17:09.410843
227,Natália Fernandes,kaiqueda-mota@yahoo.com.br,+55 41 3433 3809,da Mota da Mata,PA,2025-06-15 14:58:56.002833
228,Gabriela Cavalcanti,stella90@hotmail.com,+55 11 6557-1037,Costela,PE,2024-08-16 03:29:09.143896
229,Elisa da Rocha,ysilveira@ig.com.br,+55 81 6952 9589,Mendes,BA,2025-01-10 21:37:22.623933
230,Gustavo Henrique Oliveira,jaragao@bol.com.br,0800 240 8410,da Paz do Galho,SE,2024-02-12 21:53:53.493202
231,Noah Cavalcanti,silvaleticia@gmail.com,+55 (021) 9616 0506,da Cruz de Goiás,RS,2025-08-08 17:44:08.747902
232,Ana Julia Azevedo,davi-lucas83@gmail.com,0500 809 5416,Dias,RO,2024-06-02 06:50:31.817734
233,Antônio Martins,sribeiro@ig.com.br,(031) 8681-6423,Caldeira de Gomes,ES,2025-08-12 00:00:30.217235
234,Yago Araújo,claralima@gmail.com,81 6549-4697,Moura,MA,2024-08-02 17:02:06.206837
235,Luiz Henrique Ribeiro,juan18@hotmail.com,+55 61 0315-1572,Rodrigues,MS,2024-10-02 16:10:43.173007
236,Maitê Correia,caue87@uol.com.br,(061) 9120-4536,Moreira,DF,2024-02-04 06:37:24.889452
237,Dra. Maria Alice Mendes,cardosojuliana@bol.com.br,41 3489-0379,Farias do Norte,RN,2025-10-13 02:37:59.534506
238,Maria Vitória Porto,eduarte@bol.com.br,(021) 6178 6994,Lima,TO,2024-05-10 18:11:16.800864
239,Renan Teixeira,smartins@ig.com.br,31 4207 9197,Lopes do Galho,PB,2025-05-13 12:45:39.329284
240,Rafaela Nascimento,sabrinada-cunha@hotmail.com,+55 31 0697-1812,Melo,PR,2024-02-25 17:01:30.707833
241,Camila Barros,davi-lucas46@hotmail.com,+55 41 7285-1876,Jesus,PA,2023-11-22 02:12:27.737347
242,Juan Rocha,thalesda-cruz@yahoo.com.br,(021) 6417-2584,Cavalcanti,RR,2024-10-20 04:50:04.764777
243,Srta. Luana Jesus,ana-juliarezende@bol.com.br,84 5531 4869,Moura,PE,2024-09-11 05:12:57.586491
244,Dra. Marcela Monteiro,da-rosagabriela@hotmail.com,0500-602-9039,Caldeira,RO,2025-05-10 07:10:06.745645
245,Ana Lívia Carvalho,limamarcelo@ig.com.br,+55 11 0791 7684,Cavalcanti,PE,2024-03-27 09:19:37.018686
246,Dr. Theo Santos,cunhasarah@ig.com.br,+55 51 9919 5573,da Mota,RN,2024-07-02 15:44:35.777185
247,Murilo Teixeira,asilva@gmail.com,0800-229-8996,da Luz dos Dourados,AL,2023-11-28 14:21:41.659578
248,Sophie Cavalcanti,santosesther@bol.com.br,+55 51 1160 4681,Gonçalves do Galho,RO,2024-07-21 22:37:48.796342
249,Maria Luiza Campos,da-motadiego@bol.com.br,0300-867-8893,Nunes da Serra,AC,2024-06-02 19:09:49.707797
250,Juliana Pinto,helena56@bol.com.br,+55 21 6141-9149,Monteiro Alegre,RJ,2025-10-07 08:04:59.030454
251,Augusto Alves,goncalvesbryan@bol.com.br,+55 (084) 6053 8004,Nunes,PR,2024-03-08 12:22:47.810869
252,Maria Fernanda Jesus,lauracarvalho@bol.com.br,61 8497-1463,Rocha do Oeste,ES,2025-05-31 10:48:42.679083
253,Igor Pinto,qaraujo@bol.com.br,11 1846-4832,da Mata da Praia,RS,2025-02-28 18:08:28.532630
254,Catarina Pereira,enzo-gabrielvieira@gmail.com,+55 (021) 8741 7323,da Cruz de Dias,RS,2024-05-02 22:37:21.238552
255,Sr. Murilo Caldeira,renan35@ig.com.br,61 5678-2073,Lopes,AL,2025-02-13 17:44:03.358827
256,Bruna Moura,daniela97@yahoo.com.br,41 4531 0460,da Conceição do Norte,AP,2024-10-25 12:52:41.022207
257,Clara Ramos,ana-liviabarros@yahoo.com.br,(021) 3491 1713,Farias,TO,2025-06-17 19:34:57.483351
258,Lucas Gabriel Rocha,lorenzocosta@gmail.com,+55 41 6150-8016,Nogueira dos Dourados,AL,2024-09-08 10:05:02.537243
259,Gabriela Gomes,kdias@uol.com.br,(061) 2076 4845,Lima,AC,2025-05-14 21:59:29.869881
260,Sra. Maria Vieira,barbaralima@uol.com.br,(021) 1542 0093,Ribeiro,BA,2024-06-01 11:01:24.639618
261,Diogo Rodrigues,clara95@gmail.com,81 9083-2075,da Rocha,CE,2024-06-25 19:55:38.723549
262,Luiz Otávio Jesus,samuel74@hotmail.com,+55 (021) 1577 9197,Oliveira dos Dourados,PI,2025-07-03 12:11:48.781484
263,João Felipe Cardoso,calebe42@yahoo.com.br,+55 (021) 0541 6826,Almeida de Alves,AC,2024-09-08 07:04:39.603802
264,Catarina Cardoso,joao-miguelmoreira@ig.com.br,(071) 6399 7418,Teixeira,DF,2025-01-26 11:59:15.588559
265,Ana Lívia da Luz,daniela85@uol.com.br,11 2792 5748,Barros,PB,2024-11-24 16:29:21.513777
266,Beatriz Costela,elisa96@hotmail.com,+55 (051) 0114 0759,Mendes das Flores,RS,2024-08-03 16:15:38.939081
267,Sr. Yago Oliveira,dda-cruz@hotmail.com,0800 263 4905,Costa Paulista,MG,2025-07-26 06:26:14.445896
268,Nicolas Nunes,oda-conceicao@yahoo.com.br,(081) 6625-0729,da Paz,AC,2025-04-05 09:49:07.195863
269,Sr. Gustavo da Conceição,stella95@gmail.com,84 7504 1237,Mendes,AC,2025-09-21 22:58:26.922703
270,Sra. Natália da Luz,ferreiraana-livia@ig.com.br,21 6329 6511,Ribeiro,TO,2024-07-30 04:45:26.362795
271,Raul da Cunha,portolarissa@hotmail.com,+55 (011) 8503 4624,Pires,PI,2023-11-22 07:30:22.665419
272,Dra. Evelyn Melo,limaian@gmail.com,+55 31 7193-7839,Correia de da Rocha,PE,2025-03-27 19:36:27.635866
273,Leandro Freitas,salesmaria-vitoria@uol.com.br,+55 31 8851-5005,Cunha do Sul,MA,2024-09-13 14:49:35.352667
274,Maysa Nascimento,renan19@yahoo.com.br,+55 41 6284-6829,Silva de Goiás,AC,2024-11-25 12:47:54.171374
275,Alana da Rocha,milena65@hotmail.com,(071) 6034-8988,Viana da Mata,DF,2025-10-06 22:16:38.111269
276,Levi Pires,thales29@ig.com.br,0500-276-7391,Lima de Campos,PI,2025-01-20 17:13:03.066712
277,João Lucas da Conceição,bruno01@gmail.com,+55 (021) 3400-2692,Correia de Minas,SE,2024-10-03 18:17:20.006604
278,Maria da Rosa,kamilly08@ig.com.br,+55 71 4742 6855,Freitas dos Dourados,MA,2025-03-20 02:13:36.241479
279,Carlos Eduardo Costela,csales@yahoo.com.br,0900-068-2593,Martins,AL,2024-01-08 04:02:41.207061
280,Helena Ribeiro,pedro-miguel08@yahoo.com.br,+55 (021) 3605-0915,das Neves,AM,2024-03-27 21:16:23.237771
281,Maria Alice Barros,wda-paz@ig.com.br,0300-200-4309,Novaes do Norte,AC,2024-07-30 18:36:24.150674
282,Ana Carolina da Cruz,marcos-vinicius42@ig.com.br,71 3587-2032,Correia,SE,2024-04-09 14:30:36.729481
283,Maitê Correia,freitascatarina@hotmail.com,31 4849-0936,da Cruz de Correia,PI,2024-12-31 11:37:31.611698
284,João Cavalcanti,cardosocatarina@uol.com.br,+55 41 4654-5297,Barros Paulista,MS,2025-08-01 21:13:40.232117
285,Enrico Viana,da-conceicaoalexandre@ig.com.br,+55 41 8408-7772,Melo,MS,2025-03-08 21:17:57.787668
286,Calebe Duarte,da-rochabianca@ig.com.br,(051) 9281-5483,Jesus Verde,PE,2024-09-28 07:26:39.612411
287,Cecília Castro,ufarias@uol.com.br,+55 (011) 3094-8900,da Rosa,RJ,2025-07-17 23:17:36.084278
288,Bianca Mendes,maria-eduardaalves@ig.com.br,21 2920-5349,Ribeiro,MG,2024-08-22 05:28:19.032867
289,Heloísa Cardoso,da-luzmatheus@hotmail.com,+55 11 0290-8464,da Costa da Mata,PR,2025-09-06 04:57:25.323409
290,Maria Clara Fernandes,ecardoso@yahoo.com.br,(041) 7710 4517,Farias de Barbosa,BA,2024-01-12 10:11:39.509430
291,Rafaela Cardoso,marcos-vinicius78@gmail.com,(051) 7863 1941,Viana,AP,2024-12-01 22:55:19.488533
292,Dra. Giovanna da Rosa,da-conceicaothiago@hotmail.com,+55 (071) 0110-1065,da Rosa de Freitas,MT,2025-01-30 13:15:28.883290
293,Sr. Thiago da Cunha,cgoncalves@uol.com.br,+55 21 2050-6772,Melo,BA,2025-01-22 08:28:17.338120
294,Larissa Silveira,thomas31@ig.com.br,+55 (071) 1038 4589,da Paz,BA,2025-06-17 19:24:05.596568
295,Kaique Melo,ana32@uol.com.br,(011) 2808 1845,Gomes,ES,2023-12-16 22:02:58.910455
296,Letícia Oliveira,diogocampos@hotmail.com,61 9401-2286,Monteiro das Flores,BA,2025-07-07 00:28:33.542350
297,Júlia da Paz,enzo-gabrielda-mota@bol.com.br,+55 (031) 8308 0951,Fernandes,CE,2025-04-17 00:38:32.175478
298,Larissa Barbosa,maria-eduardanovaes@yahoo.com.br,+55 (084) 8526-5590,Rezende,MG,2025-05-18 23:41:52.604727
299,Leandro Araújo,vicentemonteiro@uol.com.br,(031) 0004-2962,da Paz da Praia,MT,2025-05-18 03:13:16.241622
300,Caio Vieira,clara77@bol.com.br,+55 11 0343 4714,Rocha Verde,MG,2024-05-13 00:55:21.522966
301,Clarice Cunha,miguelnovaes@bol.com.br,61 6763-6597,Souza,AC,2025-05-08 09:49:03.573794
302,Ana Sophia Fogaça,diasmariana@uol.com.br,21 1935-0436,Melo,CE,2024-08-09 03:48:41.775960
303,Isabel Gomes,aragaopedro-miguel@gmail.com,+55 41 4742-5927,da Luz Alegre,MG,2023-12-19 05:35:35.703085
304,Sr. Marcelo Barros,barrosemanuel@bol.com.br,0500 121 5057,Souza Alegre,PB,2024-08-14 23:45:43.214432
305,João Felipe Santos,joao-pedro08@hotmail.com,+55 (061) 8164-7580,Moreira do Amparo,BA,2023-11-24 16:31:16.849277
306,Alícia Cunha,mendeslara@uol.com.br,+55 (051) 4668-8314,Correia de Melo,DF,2025-03-06 12:20:55.313020
307,Kevin Barbosa,laura91@bol.com.br,(061) 1018-0622,Freitas,RJ,2024-02-16 23:19:09.578846
308,Emilly Rocha,rezendeluiza@ig.com.br,+55 (031) 8271-8321,Fernandes,CE,2023-11-17 16:43:34.286222
309,Juliana Carvalho,bernardo39@gmail.com,(011) 8860-4535,Cardoso,AM,2025-07-08 15:11:36.470423
310,Sra. Cecília Martins,esther12@ig.com.br,+55 (071) 9879 1607,Barbosa,CE,2024-07-10 22:22:25.288601
311,Clara da Cruz,otavio36@ig.com.br,(011) 3233 8747,Santos de Minas,RO,2024-03-03 14:12:11.338439
312,Vinicius Lima,luigida-paz@yahoo.com.br,0500-763-0180,Duarte de Porto,CE,2024-10-12 18:07:20.774133
313,Isaac Peixoto,carlos-eduardo49@ig.com.br,31 5672-6435,Freitas,PB,2025-07-16 13:42:27.187044
314,Eloah Pinto,nmoura@uol.com.br,31 1049-6246,Nunes das Flores,CE,2024-08-23 15:57:53.936899
315,Stephany Barros,manuela18@hotmail.com,0500 225 3529,Duarte,PE,2024-03-22 17:28:31.458382
316,Anthony Carvalho,gabrielmoraes@ig.com.br,(061) 4051 5074,Viana,SE,2024-06-10 06:44:51.127973
317,Camila Teixeira,davi-lucas30@ig.com.br,51 8276 4853,Correia dos Dourados,PB,2024-02-01 03:20:00.457797
318,Dr. Lucas Gabriel Martins,ccavalcanti@yahoo.com.br,+55 51 2265 4863,Cunha,SC,2025-03-17 05:11:09.253609
319,Evelyn da Cunha,mariana18@bol.com.br,71 7188-8642,Lopes do Galho,TO,2025-06-18 03:57:40.272510
320,Dra. Ana Laura Rezende,cribeiro@gmail.com,21 8313 3248,Rodrigues,SC,2025-08-26 08:37:17.715866
321,Calebe Costa,leonardosilva@gmail.com,+55 (031) 5098-2765,Viana do Norte,MT,2024-07-16 17:40:44.999237
322,Sr. Henrique Mendes,yuri59@uol.com.br,41 1903-3161,da Paz,TO,2024-12-02 23:40:47.548800
323,Luana Cavalcanti,cecilia72@hotmail.com,+55 51 5696 8995,Correia das Pedras,SE,2025-03-02 20:25:28.441443
324,Paulo Gonçalves,oaraujo@bol.com.br,31 6977 8748,Souza Grande,RS,2025-04-22 20:23:02.944224
325,Henrique Ribeiro,da-conceicaogustavo-henrique@ig.com.br,(061) 0137-2129,Aragão de da Luz,TO,2025-09-28 21:29:03.084133
326,Sophie Pereira,lopesandre@gmail.com,(051) 2301-7156,Porto,RR,2024-12-12 01:30:42.599065
327,Vicente da Paz,nina66@uol.com.br,21 3275 7049,Rezende dos Dourados,RR,2025-04-20 16:52:14.054015
328,Davi Lucca Costela,mouramatheus@gmail.com,71 7510-1599,Dias,MG,2024-03-22 03:43:02.119933
329,Sra. Brenda Jesus,hteixeira@uol.com.br,61 7384 4000,Campos,AC,2023-12-07 12:04:44.939087
330,Isabella Melo,aragaoeduardo@ig.com.br,31 1714 6138,Novaes,SC,2025-04-29 00:30:43.800718
331,Sr. Matheus Peixoto,anada-cunha@hotmail.com,0500-220-9307,Souza,MT,2025-04-04 11:38:46.994508
332,Anthony Costa,emanuellamelo@hotmail.com,61 0088-4816,Nogueira de Novaes,PI,2024-12-09 11:37:23.785946
333,Nicolas da Conceição,ana-beatrizsilveira@bol.com.br,(061) 2057 7483,da Cunha,MA,2024-02-03 16:28:18.420381
334,Marcelo Nascimento,fernandaporto@hotmail.com,0900-922-5070,Peixoto,AL,2024-03-26 01:07:01.988966
335,Cauã Vieira,da-motaana-clara@uol.com.br,(021) 0245-8898,Rodrigues,AM,2025-10-26 16:35:26.051296
336,Pietro Martins,luigi40@gmail.com,81 4300 4992,Correia,SP,2025-07-06 22:32:44.064590
337,Gabrielly Alves,samuel06@hotmail.com,0300-709-3980,Peixoto do Norte,AC,2024-03-07 23:04:55.647422
338,Sra. Ana Julia Gomes,sofia66@gmail.com,0500-039-4028,Melo,BA,2025-03-31 09:34:07.095155
339,Arthur Correia,barrosrafaela@hotmail.com,0300 039 8753,da Costa do Amparo,PE,2024-07-18 02:48:37.033965
340,Gabrielly Farias,ana-liviada-rocha@ig.com.br,+55 (011) 4587 1459,Caldeira de Goiás,PR,2023-12-10 08:03:50.806324
341,Vitor Farias,xcampos@bol.com.br,+55 51 3586 1618,Gomes,MG,2024-06-15 02:09:51.356366
342,Gabriela da Cruz,gustavo80@ig.com.br,+55 61 0162 6038,Martins do Norte,RS,2025-11-06 07:39:01.697989
343,Eduarda da Costa,da-cruzsarah@bol.com.br,(021) 8821-3128,Santos Verde,AC,2025-07-19 10:38:26.523894
344,Luna Moraes,rafaela29@bol.com.br,+55 (051) 2369 4621,Jesus do Oeste,AL,2025-01-08 13:32:32.543914
345,Sra. Rebeca Barros,ppeixoto@bol.com.br,61 7758-1068,Ramos da Mata,PA,2025-09-19 13:49:21.204784
346,Caio da Mata,maria-luiza97@uol.com.br,61 9450 7232,Farias,MT,2024-09-03 18:37:54.439283
347,Sofia Rodrigues,eda-mota@uol.com.br,0500-839-1870,Azevedo de da Conceição,SE,2024-10-04 19:08:41.325014
348,Marcos Vinicius Caldeira,alveseduarda@gmail.com,61 7053 8637,Campos de Minas,PB,2025-04-16 19:26:41.205975
349,Lucas Moura,enzocarvalho@ig.com.br,81 6376 7313,Alves do Oeste,MG,2025-03-12 18:12:44.944168
350,Cecília Peixoto,jnascimento@ig.com.br,+55 31 4433-0528,Nogueira,CE,2025-10-29 13:11:02.068591
351,Ian Lima,pietro94@ig.com.br,21 5412-0069,Cardoso,MS,2024-05-01 02:14:36.056723
352,Sr. Benício da Paz,cardosomariana@hotmail.com,+55 (051) 0726-7988,Mendes de da Cruz,BA,2024-09-29 19:11:01.696040
353,Olivia Peixoto,helenacosta@hotmail.com,+55 (081) 3736 2057,da Costa,AL,2024-05-18 00:29:35.474754
354,Laís Carvalho,castrolarissa@uol.com.br,(061) 4634-0505,Caldeira,PR,2025-10-01 05:46:20.341583
355,Paulo Ribeiro,da-mataluna@gmail.com,+55 31 6491-0852,Mendes,MS,2024-12-15 15:31:15.685248
356,Gabriela Caldeira,emanuellalima@gmail.com,81 1570 5673,da Cunha,TO,2023-11-16 04:33:12.119147
357,Srta. Maria Luiza Campos,beniciopires@yahoo.com.br,51 8996 3169,Dias de Caldeira,TO,2024-10-27 11:14:46.143527
358,Enrico Moraes,moreiralorenzo@ig.com.br,+55 84 6738-2630,Rezende,PB,2025-06-14 10:14:49.597387
359,Sr. Yuri Costela,valentina08@yahoo.com.br,0900 824 2709,Lima,RS,2025-02-28 16:23:51.094487
360,Ana Sophia Ferreira,barrosbernardo@ig.com.br,+55 81 3913-9373,Pires da Praia,MG,2025-02-10 13:36:32.827204
361,Lucca Mendes,joana49@hotmail.com,+55 (051) 0459-3511,Mendes,BA,2024-10-17 09:56:59.448424
362,Nicolas da Rocha,rafaelsouza@hotmail.com,(084) 6171 8147,Vieira do Oeste,RO,2023-11-15 06:32:02.823689
363,Dr. Samuel Costela,da-motaluiz-henrique@hotmail.com,(061) 2803 2501,Viana de Vieira,AL,2024-04-25 17:18:06.666845
364,Bruno Freitas,barrosenzo-gabriel@gmail.com,+55 41 5131 4535,da Mata Grande,RS,2024-09-23 00:03:18.368121
365,Sra. Letícia Fernandes,fariasrodrigo@yahoo.com.br,+55 84 8976-0069,Cardoso da Praia,TO,2024-11-17 11:06:35.311608
366,Sr. Vitor Souza,zfreitas@bol.com.br,+55 41 7383 3126,da Luz,AC,2024-02-06 21:15:35.421857
367,Maitê Nunes,maria-cecilia72@yahoo.com.br,71 6319 8993,Lima,SP,2025-11-04 03:47:14.469213
368,Catarina Fogaça,fogacamarcelo@yahoo.com.br,84 5925 0271,da Conceição,RR,2024-05-14 01:12:17.236165
369,Alana Cardoso,ana-carolinacarvalho@gmail.com,0500 537 6610,Silveira do Oeste,TO,2024-09-13 14:55:27.114239
370,Kaique Gomes,calebe83@uol.com.br,0300-715-6780,Novaes,MS,2024-08-28 05:05:21.834815
371,Beatriz Rezende,lunafreitas@ig.com.br,81 4469-5412,da Mota da Mata,AP,2024-11-05 07:13:29.730094
372,Clara Jesus,yuricarvalho@hotmail.com,+55 (081) 6848 0471,Correia das Flores,PE,2025-05-24 04:48:32.076681
373,Joana Mendes,pintomilena@hotmail.com,+55 (021) 6469-6474,Costela de Fogaça,AM,2024-06-05 09:54:38.642151
374,Júlia Moura,benjamin03@hotmail.com,+55 (021) 9351-1146,Duarte Grande,PI,2023-12-27 12:05:10.824173
375,Dr. Enrico Rocha,maria-luiza57@ig.com.br,(011) 7600-5979,Almeida,CE,2025-09-13 02:23:02.541784
376,Maria Sophia Rezende,zlopes@ig.com.br,51 1971 2894,Jesus dos Dourados,SE,2025-10-19 21:44:33.253457
377,Beatriz Rodrigues,diogo00@hotmail.com,+55 (021) 6701 6860,Moura do Campo,RJ,2025-01-04 13:26:35.397539
378,Benício Dias,esthercavalcanti@hotmail.com,(021) 6278 1945,Caldeira,MS,2025-10-11 13:00:12.692719
379,Ana Laura Rocha,cda-conceicao@uol.com.br,0800-676-1085,Duarte Verde,RJ,2025-04-30 19:58:55.168067
380,Eloah Pires,enzo06@bol.com.br,+55 11 8084-0591,Ribeiro,AP,2025-07-09 21:03:57.972345
381,Sophia Barros,pedro-lucaspires@yahoo.com.br,+55 (021) 3644 0031,Silva Paulista,CE,2025-03-14 13:18:07.787087
382,Daniel Sales,castrojoao-miguel@uol.com.br,0800-613-4401,Melo de Porto,BA,2024-06-01 14:04:25.682379
383,Isabel Gomes,silveiranoah@ig.com.br,+55 (051) 1958-1303,Caldeira,SP,2025-03-23 16:01:36.642435
384,Luiz Miguel Cavalcanti,nmoraes@ig.com.br,61 2696-3422,Peixoto,GO,2024-02-06 16:09:40.146770
385,Cecília Ribeiro,joao-gabriel84@yahoo.com.br,+55 11 2907 6132,Nogueira Verde,RJ,2024-10-30 02:18:38.404877
386,Thomas Fogaça,wmelo@hotmail.com,(081) 8403-0669,Fogaça,RJ,2025-07-17 20:16:43.150986
387,Ana Júlia Pinto,zsantos@hotmail.com,+55 (061) 1413-1203,Farias do Oeste,SC,2024-09-19 02:40:06.016331
388,Isaac Fernandes,peixotoluiz-felipe@ig.com.br,0900-321-8005,Teixeira Grande,SP,2024-03-25 09:54:23.505099
389,Leandro Rocha,ynovaes@hotmail.com,61 0328 1442,Araújo,AP,2023-11-16 16:39:03.378108
390,Igor Dias,otavio19@yahoo.com.br,+55 71 1118-1135,Jesus,PR,2025-01-28 10:06:07.856988
391,Lara da Mata,barbosaalicia@yahoo.com.br,41 8734 2930,Rodrigues,AL,2024-06-12 03:53:59.567687
392,João Felipe Correia,moraesantonio@yahoo.com.br,+55 (031) 2325 4206,Araújo,TO,2024-10-23 06:15:49.090371
393,Julia Cunha,da-luzemanuelly@yahoo.com.br,31 9714 2838,das Neves do Sul,AP,2023-12-12 18:28:04.388602
394,Levi Mendes,costaanthony@bol.com.br,21 2113-6466,Monteiro Verde,PA,2024-10-27 17:36:57.786411
395,Larissa Cavalcanti,gomesaugusto@ig.com.br,31 3568 6145,da Rocha do Amparo,CE,2024-09-11 07:49:18.875678
396,Sra. Esther Rocha,joaoda-paz@gmail.com,41 9943 7190,da Cunha,DF,2025-01-10 00:55:24.417779
397,João Guilherme Ferreira,gabriel16@yahoo.com.br,71 0211 2187,Alves,PB,2025-09-10 11:03:16.378180
398,Helena Castro,portonicolas@yahoo.com.br,+55 (041) 9938 8134,da Costa de Minas,AM,2024-08-15 13:43:59.922207
399,Eloah Alves,da-conceicaovicente@uol.com.br,+55 31 2443 6220,Silva,AP,2024-10-19 09:05:40.204738
400,Dr. Marcelo Alves,arthur27@yahoo.com.br,+55 (084) 5907 7328,Cardoso,RO,2024-05-10 09:30:31.651746
401,Maria Clara Peixoto,carvalhoaugusto@gmail.com,+55 (081) 1215-2661,Carvalho,PA,2023-12-26 18:20:08.071440
402,Yuri Barbosa,bruno63@uol.com.br,84 0819-9504,Mendes,MA,2025-05-25 04:45:06.840374
403,Luiza Moreira,marcelada-conceicao@bol.com.br,+55 (011) 9413-9610,Cardoso Alegre,SC,2024-04-15 04:36:13.502473
404,Thales Carvalho,luiz-henriquesilveira@bol.com.br,+55 84 0736 2914,Campos,ES,2024-03-22 15:56:43.050200
405,Gabriel Dias,hgomes@uol.com.br,11 0006-5683,Castro,AP,2025-10-08 20:39:57.026337
406,Dr. Gabriel Martins,luiz-henriquejesus@gmail.com,+55 (041) 3805 5324,Moura das Pedras,AL,2024-10-21 13:19:26.040895
407,Emanuella Melo,mpereira@yahoo.com.br,+55 71 8988 8942,Oliveira do Sul,RR,2025-03-02 00:39:09.726465
408,Enrico Aragão,jrodrigues@ig.com.br,(041) 6552 3152,Araújo,MG,2024-03-23 15:08:54.010132
409,Sr. Erick da Paz,ggomes@hotmail.com,61 8346 2546,Nunes,PB,2024-04-02 07:10:15.882900
410,Cauã Costa,jdias@bol.com.br,81 6456-3736,Rocha de Pinto,AM,2025-10-04 05:53:03.284523
411,Eloah Cunha,daniloda-conceicao@yahoo.com.br,+55 21 4877 7646,da Conceição Paulista,BA,2024-03-19 19:10:21.647867
412,Dr. Rodrigo Pinto,das-nevesfernando@uol.com.br,84 9926 6668,das Neves,AC,2025-03-14 22:13:28.570126
413,João Felipe Pinto,snunes@bol.com.br,51 5001 9162,Nunes,RO,2025-02-20 23:02:05.455073
414,Srta. Nina Duarte,dcampos@hotmail.com,+55 (021) 9002 4965,Lima da Praia,ES,2024-09-11 07:09:05.488423
415,Sr. André Martins,smelo@ig.com.br,+55 41 7808 7307,Viana de Minas,MA,2025-11-01 03:34:21.674557
416,Thomas Nogueira,larissapires@uol.com.br,(031) 0023 3248,Moreira Paulista,AP,2025-01-02 22:19:43.192432
417,Milena Nogueira,fda-costa@hotmail.com,+55 (011) 5288 7962,Santos de Lima,RN,2023-11-08 00:40:29.362626
418,Srta. Heloísa Fogaça,rodriguesfernanda@uol.com.br,+55 (051) 9391 1633,Fogaça,MG,2025-07-24 16:05:17.619514
419,Pedro Lucas Fernandes,claricegomes@hotmail.com,(041) 0320 1368,Moraes,MA,2024-11-18 05:49:22.064437
420,João Pedro Ferreira,alexandre15@ig.com.br,0900 356 5645,Farias,PI,2025-03-25 11:27:00.679837
421,Sr. Lucas Gabriel Pinto,freitascecilia@bol.com.br,(041) 2626 2305,Caldeira de Melo,AC,2025-03-21 11:04:25.671798
422,Dr. Thales Monteiro,manuelafreitas@uol.com.br,+55 (071) 8197-7740,Pereira de da Mata,RN,2024-06-30 17:19:49.211396
423,Henrique da Paz,agathalima@uol.com.br,(031) 6855 4757,Silva Alegre,PA,2024-09-20 09:00:13.785942
424,Pietro Nunes,das-nevesstella@uol.com.br,(061) 8173 0948,das Neves,SE,2025-02-06 06:33:33.722674
425,Esther Freitas,bianca24@uol.com.br,(061) 0365 7965,Nascimento do Amparo,DF,2025-09-25 20:51:26.501733
426,Srta. Maria Cardoso,drocha@gmail.com,+55 (011) 2231 5149,Cunha,DF,2024-10-18 12:24:58.179176
427,Nicolas Duarte,rodriguesmilena@gmail.com,+55 51 0771 4079,Duarte,AM,2024-03-02 06:58:07.897699
428,Yasmin Duarte,davi-lucasalmeida@bol.com.br,(041) 3548-7273,Santos,AM,2024-06-03 00:45:31.411973
429,Ana Lívia das Neves,mirellafogaca@gmail.com,+55 81 2119-8639,Oliveira,SC,2025-04-11 08:17:19.962220
430,Dr. Luiz Otávio Lima,eduarda32@ig.com.br,+55 31 5072-1158,da Paz,RN,2024-03-08 23:54:07.943233
431,Davi Lucca da Cunha,pereiravicente@ig.com.br,+55 41 5387-2923,da Mata,SC,2024-07-01 23:19:13.700669
432,Francisco Barros,emanuellycaldeira@bol.com.br,0500 641 0851,Alves das Flores,SP,2024-12-02 18:33:01.013910
433,Francisco Moreira,rafaeladas-neves@bol.com.br,+55 (071) 5588 0259,da Rosa,SP,2023-11-10 22:50:51.289167
434,Murilo da Costa,guilherme03@bol.com.br,+55 (084) 1636-9174,Lima,PR,2025-08-03 19:46:50.866954
435,Nicolas Silva,xaraujo@bol.com.br,(061) 3722-5562,Martins,RR,2025-07-20 21:45:32.183579
436,Maria Alice Fernandes,silvaluiz-otavio@ig.com.br,+55 (071) 4543-5635,da Luz de Goiás,RR,2024-06-22 05:56:12.288584
437,Fernanda Fernandes,maria-ceciliacaldeira@uol.com.br,(081) 3346-7649,Dias Verde,PA,2024-04-20 03:32:18.904064
438,Pedro Lucas Costa,rezendegustavo-henrique@yahoo.com.br,+55 (011) 0592 4364,Lopes de Novaes,MG,2025-01-28 06:24:17.709173
439,Bryan Monteiro,ssantos@ig.com.br,+55 81 9599-7437,Pinto da Mata,ES,2024-07-25 19:37:31.144401
440,Dr. Anthony Souza,hteixeira@hotmail.com,+55 41 3941-8875,Santos de Duarte,AL,2025-02-06 06:24:53.987715
441,Luiz Gustavo Novaes,danielmendes@ig.com.br,0900-381-9990,Martins de da Rosa,MG,2025-10-28 19:55:16.915775
442,Maitê Moraes,noahsilveira@uol.com.br,51 6315 0306,Gomes,CE,2025-10-24 17:51:47.667544
443,Valentina da Cruz,maria-vitoriafogaca@gmail.com,(031) 5270 0957,da Conceição do Amparo,MA,2024-05-23 14:59:03.890850
444,Sr. Noah Duarte,diogosilva@gmail.com,(041) 6162 9735,da Costa,RS,2023-12-26 19:52:54.128854
445,Paulo Fogaça,mendesrodrigo@gmail.com,+55 (061) 8881-7835,Cavalcanti Grande,PR,2025-05-24 09:52:08.998836
446,Maria Luiza Jesus,costacalebe@gmail.com,+55 (011) 5265 8796,Alves,RJ,2024-12-17 08:18:39.259638
447,Diogo Nascimento,da-costaantonio@gmail.com,0900 542 5075,Ramos Alegre,AC,2024-12-10 07:11:51.641587
448,Davi da Paz,teixeiranicolas@hotmail.com,+55 31 0612-1978,Campos,RJ,2023-11-14 00:39:27.198422
449,João Felipe Oliveira,eloah51@yahoo.com.br,+55 (021) 1433 5284,Dias,MA,2024-11-24 12:01:57.607861
450,Rafael Duarte,qpinto@yahoo.com.br,(051) 1605 0075,Gomes das Pedras,PI,2025-06-12 23:05:30.904769
451,João Miguel Rezende,nfreitas@yahoo.com.br,(041) 1679-1864,Martins,ES,2024-05-15 18:59:51.821824
452,Sra. Ana Sophia da Rocha,vinicius93@yahoo.com.br,21 7478-0448,Melo,RO,2023-12-22 12:53:31.405500
453,Rafael Duarte,maysa43@hotmail.com,+55 (071) 0520-5618,Jesus,PI,2025-06-08 03:40:40.923702
454,Gabriel Souza,pmelo@gmail.com,81 2468-5601,Oliveira,AC,2024-08-02 11:13:58.224936
455,Valentina Costela,brendadias@bol.com.br,0500 410 8636,da Paz do Oeste,AL,2025-05-29 23:36:48.176238
456,Erick Duarte,yuri95@yahoo.com.br,0300 871 1496,da Cunha,PI,2025-07-29 02:17:31.256707
457,Gabriel Ramos,silvavitoria@bol.com.br,11 5869 4660,da Costa,AL,2025-06-01 20:41:13.699985
458,Sarah Martins,lais66@yahoo.com.br,0800 454 5617,Peixoto,PI,2025-09-29 08:37:09.553280
459,Bárbara Ribeiro,nascimentosofia@hotmail.com,+55 (061) 2878-4323,Alves de Rodrigues,PA,2024-08-01 21:25:39.970525
460,Felipe Pires,isabelly98@yahoo.com.br,81 6584 0815,Carvalho das Pedras,SP,2025-04-23 06:04:18.425192
461,Maria Julia Teixeira,pedro-miguelda-conceicao@uol.com.br,+55 51 3878 8328,da Rosa,GO,2024-03-31 22:11:03.494224
462,Henrique Costa,teixeiracalebe@ig.com.br,71 8002-9904,Rodrigues,SC,2024-08-17 21:05:56.925902
463,Natália Martins,luiz-felipeporto@hotmail.com,+55 21 0260-1330,Fogaça,SC,2025-05-02 16:44:19.265452
464,Felipe Teixeira,cunhamaria-luiza@hotmail.com,+55 81 4967-0057,Rodrigues,PB,2025-02-01 09:35:19.337730
465,Lavínia Pires,barbosamaria@hotmail.com,+55 (021) 4393 1216,da Luz da Mata,MS,2025-06-05 21:08:07.088157
466,Davi Lucas Barros,limaana-livia@gmail.com,0300 566 1331,da Cruz do Sul,GO,2025-06-15 13:24:08.426271
467,Nicolas Novaes,goncalvesbreno@uol.com.br,+55 51 2375 5989,Costela,TO,2025-10-30 22:53:26.512258
468,Laís Costa,juan24@gmail.com,41 8085 7298,Costela do Amparo,AP,2024-09-13 04:39:44.316186
469,Mirella da Conceição,tgoncalves@hotmail.com,84 2382 2499,Barros,DF,2024-04-16 15:30:34.083724
470,Kevin Moreira,ana-julia20@yahoo.com.br,+55 31 2857 1315,da Luz,MG,2024-08-19 01:59:25.208481
471,Pedro Rocha,claramendes@yahoo.com.br,+55 61 4687 8330,da Paz,RO,2024-08-28 16:03:52.009416
472,Dra. Larissa da Cunha,eduardo93@yahoo.com.br,+55 81 0716 7829,Rezende,PB,2025-02-28 17:22:11.489393
473,Eduarda Fogaça,eda-mota@hotmail.com,(084) 3777 9727,das Neves,DF,2025-05-21 07:42:52.741762
474,Raul Nogueira,rodrigo86@hotmail.com,+55 (031) 3653 7139,Dias,CE,2024-08-19 16:11:23.926575
475,Dr. Samuel Rezende,cardosovitoria@ig.com.br,+55 71 1102-6018,Ferreira Verde,MG,2025-09-21 23:44:42.458869
476,Luiz Otávio Mendes,maragao@bol.com.br,(081) 7908 0102,Sales de Sales,AP,2024-10-22 00:16:22.115738
477,Vitor Hugo Jesus,laura01@bol.com.br,+55 84 7032 5900,Freitas,SC,2024-02-10 07:48:49.435131
478,Marcelo Barros,camilamelo@gmail.com,+55 21 8001 0560,Teixeira de Lopes,AC,2024-02-27 22:53:10.291029
479,Sra. Heloísa Fogaça,salestheo@bol.com.br,+55 81 5565-1510,Campos de Cardoso,PA,2024-04-02 19:00:17.622951
480,Daniela Peixoto,psantos@gmail.com,11 6690-0330,Fernandes Alegre,PA,2024-02-15 05:12:31.729702
481,Pedro Miguel Moreira,cmoura@gmail.com,(061) 6341-1677,Gomes de Nunes,SE,2024-05-30 01:48:19.644222
482,Emanuella Ribeiro,elisa49@uol.com.br,(011) 1101-2912,Sales de Barros,PA,2025-08-11 13:04:26.301330
483,Luna Costela,kevin11@bol.com.br,+55 (031) 7986 5895,Sales,AP,2024-08-07 08:45:07.469909
484,Paulo Silva,luiz-miguel57@yahoo.com.br,(071) 2542-1743,Almeida,AC,2023-12-21 02:19:26.292872
485,Isabella Correia,larafogaca@bol.com.br,51 7428 1742,Correia de Dias,MS,2025-03-04 09:09:16.472811
486,Evelyn Rocha,das-nevespedro-miguel@gmail.com,+55 84 7877-5725,da Conceição de Ferreira,PR,2025-05-30 11:55:17.131856
487,Davi Lucca Oliveira,salescecilia@gmail.com,+55 (061) 2927-5918,Sales das Flores,SP,2025-04-21 11:53:43.957794
488,Stephany Silveira,bgomes@uol.com.br,0900-087-5306,Pinto de Nogueira,GO,2024-06-04 13:02:51.052625
489,João Pedro Rocha,luiz-fernandoda-costa@bol.com.br,(021) 5452-5281,Duarte,PE,2024-07-16 08:59:56.527147
490,Eduardo Vieira,nlima@uol.com.br,+55 81 8010 8479,Cardoso Verde,AL,2025-06-19 11:18:07.340061
491,Bruna Aragão,jcavalcanti@uol.com.br,81 8986-2078,Duarte,BA,2024-01-23 10:14:44.941637
492,Beatriz Rocha,luiz-otavio84@yahoo.com.br,+55 (011) 2177 4518,Santos,RR,2024-04-29 03:07:08.878361
493,João Lima,lopesjuan@gmail.com,+55 84 5819 9134,Lopes do Campo,SP,2024-02-11 23:40:45.106157
494,Cauã Lopes,ooliveira@yahoo.com.br,+55 81 1924-2479,Moraes da Serra,SE,2025-02-11 16:30:08.382228
495,Sra. Maitê Nascimento,evelyncavalcanti@ig.com.br,31 0914-9311,Pires do Sul,SE,2024-10-24 11:24:23.728397
496,Lara Gonçalves,qteixeira@bol.com.br,+55 (081) 1619 5891,Castro,TO,2024-02-22 07:04:31.209650
497,Ian das Neves,rafaelda-conceicao@yahoo.com.br,61 8460-2275,Campos,PI,2024-07-12 23:29:30.341143
498,Isabelly Melo,ucampos@bol.com.br,0900 566 7358,Ramos,SE,2024-09-25 10:37:59.869411
499,Catarina Dias,asilva@bol.com.br,0500 863 4584,Peixoto do Norte,MG,2024-03-20 02:18:13.183260
500,Clarice Almeida,zcostela@uol.com.br,0300 555 2148,Cardoso,TO,2025-07-26 10:18:22.628381
501,Miguel da Conceição,mendesraquel@yahoo.com.br,+55 (084) 2917-4058,da Conceição de Azevedo,SE,2024-04-27 08:04:22.975774
502,Cauã Vieira,marcos-viniciusteixeira@ig.com.br,0300-369-4988,Santos,PA,2024-11-09 14:57:56.681064
503,Vinicius Moraes,sarah47@gmail.com,(041) 4605 9855,Nascimento Paulista,PR,2024-10-02 19:21:16.134509
504,Sr. Davi Lucas Rocha,ndas-neves@bol.com.br,51 7208 4342,da Paz,SC,2025-08-20 20:30:12.449741
505,Alice da Paz,otavio81@yahoo.com.br,+55 (071) 3558 6967,Oliveira,PA,2024-12-12 20:28:15.642519
506,Luna Silveira,raquel19@uol.com.br,+55 61 1888-0172,Correia,BA,2024-09-09 06:44:38.677208
507,Davi Lucas Costa,emanuella80@uol.com.br,61 5705 7597,Alves,ES,2025-04-17 06:13:24.920378
508,Benício Castro,caldeiraenrico@yahoo.com.br,71 3375-5689,Cunha,SE,2024-03-10 09:32:42.801198
509,Catarina Moura,enzo82@gmail.com,31 5130 0359,Almeida da Serra,MG,2024-06-10 20:52:42.475679
510,Luana Pereira,qrodrigues@ig.com.br,0900-495-6654,Cardoso,SP,2025-05-26 21:42:10.346914
511,Sarah Costela,martinslaura@hotmail.com,41 1900-0106,da Luz dos Dourados,RN,2024-07-13 03:40:32.404839
512,Fernando Alves,isabel76@uol.com.br,81 1287 5802,Novaes das Pedras,MG,2023-12-13 00:55:52.566819
513,Pedro Lucas Teixeira,fernandesmariane@yahoo.com.br,+55 81 7876-0878,Melo do Campo,PA,2024-04-30 17:15:47.866020
514,Yuri Nascimento,evelyn03@gmail.com,21 0827 5803,da Cruz de Nogueira,SP,2025-08-19 16:31:26.950475
515,Mariana Santos,fernanda07@hotmail.com,+55 21 0235 4788,Monteiro,BA,2025-09-02 06:31:43.033522
516,Melissa Costa,pvieira@hotmail.com,(031) 4706-1517,Freitas do Galho,RJ,2024-07-04 09:31:52.912810
517,Emanuelly Pires,joao-lucasmoraes@ig.com.br,(031) 3069 2040,Pereira,BA,2025-02-19 02:20:08.500357
518,Lucas Gabriel Ribeiro,tribeiro@ig.com.br,21 5270-3553,Campos das Pedras,TO,2025-02-08 17:06:38.465125
519,João Felipe Nunes,gustavo-henriquefarias@yahoo.com.br,+55 31 1578-4779,Almeida,PR,2025-02-11 05:17:07.745272
520,Heitor da Mata,esilveira@yahoo.com.br,(041) 8265 8623,da Cunha,PB,2025-06-13 02:39:47.850640
521,Clara Cardoso,kcarvalho@bol.com.br,+55 (021) 5636 1918,Nascimento das Flores,RR,2025-08-08 14:56:51.308860
522,Erick Martins,dfreitas@uol.com.br,+55 21 8135-0642,Caldeira das Pedras,MA,2024-10-02 02:44:31.710806
523,Paulo Cardoso,iteixeira@gmail.com,0300 867 3340,Pinto,PE,2024-08-01 14:34:43.188360
524,Sr. Thiago Cardoso,marcos-vinicius91@hotmail.com,0500-445-4672,Ramos de Minas,AP,2025-09-12 05:19:56.987938
525,Caio da Cruz,wcostela@yahoo.com.br,+55 (031) 1646 0089,Nunes,RJ,2025-07-03 07:11:25.517803
526,Sophie Viana,gnovaes@bol.com.br,61 2460 1157,Campos de Moreira,MS,2024-03-20 07:54:00.088376
527,Bianca da Mata,wcardoso@bol.com.br,(084) 7761 4770,Pereira Verde,GO,2025-05-24 19:34:46.709149
528,Cecília Alves,ynovaes@hotmail.com,51 5393 2809,Azevedo,RR,2024-02-27 16:33:46.458133
529,Sofia Pires,sabrinacardoso@ig.com.br,+55 11 5501-6177,Moraes do Sul,RO,2024-06-22 02:54:45.735324
530,Arthur Viana,kaique19@yahoo.com.br,+55 71 0910 1841,da Rosa de Cavalcanti,PR,2025-08-24 03:16:00.194706
531,João Lucas Martins,isabel63@yahoo.com.br,+55 (071) 0596 1708,Costela Verde,MG,2023-11-20 20:25:39.208368
532,Renan Silva,julianada-costa@yahoo.com.br,+55 (021) 2224 8051,Moreira de Duarte,MG,2025-05-09 18:57:12.457888
533,Lívia Mendes,talves@ig.com.br,41 7383-0988,Rodrigues,RO,2025-07-17 00:38:43.574157
534,Pedro Monteiro,isabellalima@bol.com.br,(041) 5809-0934,Aragão de Cunha,AP,2025-09-28 08:52:58.101397
535,Natália da Cunha,moraesfernanda@gmail.com,+55 (071) 9665 6253,Barros,PE,2024-05-08 04:14:03.538034
536,Nathan Pereira,viniciuspires@bol.com.br,41 7017-9406,Campos da Prata,RJ,2025-08-29 21:33:48.705333
537,Luiz Otávio da Mota,aragaoana-clara@gmail.com,(021) 7226-3084,Moraes,GO,2025-10-30 16:00:34.410205
538,Luna Monteiro,vitor-gabrielrodrigues@gmail.com,+55 (071) 6318 6639,Carvalho,AC,2024-10-29 17:28:46.560972
539,Enzo Gabriel Castro,barrosisabel@yahoo.com.br,(041) 4293-4275,Pereira,MT,2025-05-16 18:12:08.837551
540,Davi Lopes,pmoura@uol.com.br,(021) 7389-8109,Costa,RO,2024-12-15 23:50:47.063332
541,Benjamin da Costa,heloisa54@uol.com.br,81 0445-8308,da Rocha da Prata,PB,2025-05-31 18:55:46.048082
542,Laís das Neves,araujogustavo@yahoo.com.br,(061) 5568 9143,Nascimento do Sul,RJ,2025-06-14 05:53:07.014297
543,Luiz Fernando Martins,mporto@gmail.com,51 6914 0899,Campos,RJ,2025-10-08 04:29:10.277202
544,Mariana Moraes,vianaleticia@gmail.com,+55 81 8198-2164,Rezende de Minas,PB,2024-01-01 12:54:17.870764
545,Eduardo Pinto,melobrenda@hotmail.com,(071) 8459 9112,Pereira,MT,2025-09-25 17:56:37.417273
546,Vinicius da Conceição,santosmatheus@hotmail.com,+55 (011) 4337-7481,da Mota de Minas,TO,2024-09-23 19:55:51.183399
547,Kevin Alves,davi-luiz79@uol.com.br,+55 61 7777-5540,Barros,ES,2023-12-15 02:08:49.809150
548,Vitória da Cunha,barrosmaria-cecilia@gmail.com,(011) 3379 3543,Viana do Norte,TO,2023-12-18 14:19:12.937751
549,Luiz Otávio Monteiro,hda-cunha@uol.com.br,(021) 0376-8478,Pinto Grande,PI,2025-04-25 06:59:53.927347
550,Samuel Gonçalves,nogueiramaria-cecilia@gmail.com,(031) 6397-5456,Alves,RR,2024-09-19 18:29:07.212049
551,Pedro Miguel Farias,ryan57@ig.com.br,+55 51 9193 5912,Teixeira,RJ,2024-07-03 15:15:25.584730
552,Luiz Miguel Farias,heitormendes@bol.com.br,(011) 7616 1403,Dias Grande,RJ,2025-03-27 06:33:16.931285
553,Alana Pereira,sophie26@yahoo.com.br,+55 (011) 1739 5488,Nunes do Campo,MS,2023-12-09 02:12:22.717653
554,Emanuella Farias,vicentenascimento@gmail.com,0300 830 9241,da Luz,RJ,2024-04-29 02:03:15.609165
555,Miguel Silva,mda-cruz@yahoo.com.br,(061) 4246-9138,da Cruz de Minas,SC,2025-10-03 22:05:15.375960
556,Daniel Oliveira,daniel20@gmail.com,+55 84 5816-9042,Martins Grande,RO,2025-05-08 17:30:14.765059
557,Benjamin Fogaça,castroantonio@gmail.com,+55 11 3443 5777,Rodrigues das Flores,RJ,2025-01-12 14:15:19.851086
558,Emanuelly Jesus,walmeida@bol.com.br,11 4651 0300,Carvalho,PR,2024-11-01 19:39:15.444547
559,Srta. Lara Campos,cardosomarina@gmail.com,0900-774-6610,Lima,PA,2025-02-20 15:08:00.400120
560,Diogo Pereira,kpeixoto@yahoo.com.br,+55 21 7356 9086,Cardoso,AC,2025-11-04 14:14:49.710773
561,Pietra Pires,cunhamilena@gmail.com,+55 41 2247-7980,Rocha do Galho,MA,2024-10-14 15:02:12.627755
562,Sr. Enzo Pereira,cmartins@gmail.com,+55 11 6678 7527,Carvalho de Minas,TO,2024-10-07 21:08:31.092563
563,Ana Júlia da Conceição,afernandes@ig.com.br,(041) 4369-1953,Nunes,GO,2025-09-09 13:34:21.467397
564,Luiz Fernando Monteiro,kamilly31@yahoo.com.br,(041) 5315 0904,Silveira de Goiás,CE,2025-09-02 01:02:09.223157
565,Letícia Silva,mouraana@gmail.com,+55 51 5043 6179,Barbosa,RO,2024-04-02 15:17:52.381656
566,Maria Luiza Martins,almeidalorenzo@gmail.com,+55 (011) 3450 5137,da Paz de Cardoso,TO,2024-09-03 00:06:31.756324
567,Juliana Peixoto,rezendemarcos-vinicius@hotmail.com,84 3230-5244,Dias de Silva,RO,2025-07-08 11:25:11.137729
568,Levi Freitas,livia73@hotmail.com,(041) 4353-3556,Gonçalves,PE,2023-11-27 15:43:10.406336
569,Enzo Gabriel Gonçalves,kporto@uol.com.br,+55 (021) 8662-8449,Martins,RO,2024-04-07 02:43:27.238667
570,Benício Vieira,joao-miguel44@yahoo.com.br,71 3542 9625,Vieira da Serra,PE,2025-10-26 01:47:35.999174
571,Pedro Henrique Silveira,cauegoncalves@uol.com.br,(041) 1690 4711,Oliveira da Praia,AL,2024-05-26 05:37:05.981708
572,Elisa da Luz,marinaaraujo@ig.com.br,+55 81 0507 2652,da Costa,AL,2024-07-26 01:59:50.423481
573,Calebe da Rocha,caragao@hotmail.com,+55 (031) 2244 0247,Castro,PI,2023-11-18 11:24:33.656102
574,Luiz Miguel Correia,bernardomoura@gmail.com,0300-287-5108,Gomes,TO,2024-01-09 21:26:18.692338
575,Renan Pinto,danilo36@bol.com.br,+55 51 6961 1360,Novaes,BA,2024-02-17 05:50:50.871772
576,Dr. Bruno Campos,murilo07@hotmail.com,(061) 0307 6582,Costela Alegre,PA,2025-04-06 16:56:42.511230
577,Davi Lucas da Cunha,cauemonteiro@bol.com.br,+55 84 6061 9233,Mendes,RO,2025-02-15 04:16:23.213151
578,Sra. Lívia Rocha,monteiromaria-fernanda@bol.com.br,41 7692 1861,Silva,TO,2025-03-01 14:32:20.006569
579,Dr. Vitor Gabriel Rezende,otavioda-mota@yahoo.com.br,31 8798 6641,da Cruz do Oeste,PA,2025-01-16 14:11:26.283038
580,Ana Julia Monteiro,augusto22@ig.com.br,+55 81 7355 9723,Fernandes Grande,AP,2025-06-13 12:33:49.519812
581,Nicolas Pinto,luiz-gustavocunha@ig.com.br,(081) 6896-9346,Aragão do Oeste,SE,2025-03-15 20:05:46.858100
582,Maria Julia da Mata,luna01@hotmail.com,+55 61 5384-6524,Alves da Mata,PI,2024-03-01 19:13:37.274358
583,Davi Luiz da Luz,yduarte@ig.com.br,(081) 2240 9956,Dias,TO,2023-12-31 21:24:59.114564
584,Kamilly Ferreira,foliveira@hotmail.com,+55 31 6724 8410,da Luz,BA,2024-04-20 17:33:50.000151
585,Mariana Costela,dda-mata@hotmail.com,(041) 1166-4834,Costela dos Dourados,PA,2025-08-17 04:28:38.451257
586,Sr. Kaique Costela,maria-alice47@bol.com.br,+55 (011) 6035 7678,Fogaça,CE,2025-06-13 03:17:45.412760
587,Valentina das Neves,felipegoncalves@bol.com.br,0900 310 7470,Nunes,RJ,2024-01-11 16:18:18.715403
588,Eduarda Almeida,leticia88@gmail.com,+55 61 2981-8792,Cardoso da Praia,RO,2024-10-02 00:34:17.526806
589,Heitor Oliveira,pcarvalho@uol.com.br,0900 484 0789,da Costa das Pedras,RJ,2024-02-10 14:58:17.380848
590,Maria Alice Gomes,emanuella31@uol.com.br,(084) 1445 8090,Novaes,SE,2023-12-10 12:22:17.796826
591,Caroline Souza,lucas-gabriel01@uol.com.br,0900 269 4776,Silveira de Lima,MG,2025-05-20 05:03:20.396959
592,Emanuelly Moreira,thalesmoraes@gmail.com,11 9687 3520,Silva,RR,2025-04-30 13:57:50.123781
593,Sophia Ferreira,lorenzocardoso@bol.com.br,51 7977 8088,Barbosa do Norte,CE,2025-06-03 12:50:47.050385
594,Rafaela Moura,diasgiovanna@yahoo.com.br,81 4187-1222,Lopes,BA,2023-11-29 17:16:24.475442
595,Fernanda Ferreira,agomes@uol.com.br,+55 (081) 6498 9638,das Neves de Minas,AP,2024-11-18 03:42:48.023182
596,Raul Azevedo,rafaela05@ig.com.br,(061) 7923 0847,da Luz,RO,2024-07-28 03:20:56.933075
597,Maria Vitória Santos,yda-luz@bol.com.br,+55 21 3956-5769,Duarte do Oeste,AP,2025-04-24 05:14:38.593535
598,Sra. Isabel da Mota,da-luzana-livia@yahoo.com.br,(011) 1538-0358,da Cruz de Caldeira,RS,2024-05-04 22:43:53.368106
599,Daniel Mendes,isaacribeiro@ig.com.br,(061) 4792 0586,Farias,DF,2024-02-09 06:50:27.965313
600,Luna da Costa,pgoncalves@hotmail.com,+55 (051) 7718-4532,Vieira das Flores,MS,2025-01-11 04:15:14.421844
601,Ana Carolina Santos,matheus39@uol.com.br,(084) 7430 6439,Santos de Ramos,SC,2025-07-28 01:48:25.582597
602,Joana Pires,ribeirorenan@hotmail.com,0900-606-0063,Pereira do Sul,MT,2025-06-15 03:58:36.925895
603,Igor Azevedo,vitor-gabriel89@yahoo.com.br,21 3107-4949,da Conceição de Minas,PA,2025-05-26 22:23:19.804036
604,Nicolas Nogueira,mendeslivia@hotmail.com,+55 (081) 0123 7042,da Cruz dos Dourados,SC,2025-03-29 18:35:31.342150
605,Luna Ferreira,ana-sophia29@hotmail.com,+55 (011) 6240-7831,Martins,PB,2024-09-24 07:02:41.119178
606,Dra. Manuela Rodrigues,luiz-gustavo17@gmail.com,+55 (011) 9307 2688,Dias,PI,2024-04-11 13:29:22.390877
607,Ana Júlia da Mata,da-rosafrancisco@gmail.com,71 8551-5707,Ramos do Amparo,MT,2024-08-29 08:47:34.923752
608,Pedro Miguel Rocha,ferreiraelisa@hotmail.com,0300 218 7655,Barbosa da Praia,SE,2024-10-04 05:13:16.338356
609,Sabrina Souza,joao-felipealves@ig.com.br,+55 31 3233-0416,Rocha,MT,2024-08-21 20:37:51.490745
610,Júlia Rezende,isadoraazevedo@yahoo.com.br,(084) 4350-0104,da Mota Alegre,SP,2023-11-17 20:55:09.979055
611,Emanuella Pires,liviadias@ig.com.br,+55 21 6808-6283,Rocha,RJ,2024-03-18 15:55:38.495635
612,Olivia Teixeira,tcarvalho@bol.com.br,(061) 9609-5846,Teixeira,BA,2024-10-30 13:27:11.239955
613,Ian da Cunha,qferreira@hotmail.com,(041) 8142 8671,Cardoso de da Costa,RN,2023-11-30 13:55:54.819108
614,Laís Souza,guilhermemoreira@yahoo.com.br,0900-638-7103,Rocha de Martins,TO,2024-04-15 14:51:00.163553
615,Luna Azevedo,bianca08@bol.com.br,(031) 6631 4076,Viana,GO,2024-12-02 15:31:30.321341
616,Ana Beatriz Fogaça,rafaelnascimento@bol.com.br,81 0072 1471,Araújo,AM,2025-02-03 10:31:18.630423
617,Gustavo Henrique da Cunha,ceciliacorreia@uol.com.br,(041) 0538 0701,Gonçalves de Peixoto,AC,2024-03-15 13:59:24.193257
618,Sophia Martins,rebecasilveira@ig.com.br,(051) 1452 1506,da Cunha,PI,2024-09-05 01:05:06.809427
619,Bryan Ribeiro,davi-lucca60@hotmail.com,+55 (061) 4246-0279,Gomes das Pedras,TO,2024-04-12 13:13:58.964157
620,Gabriel Nogueira,wmendes@bol.com.br,+55 81 5430 4185,Sales de Azevedo,PE,2023-11-14 10:27:34.941076
621,Sarah Costa,jnogueira@ig.com.br,+55 (061) 1218-8589,Novaes,PB,2024-12-06 17:59:17.531842
622,Yuri da Paz,ana-sophia36@hotmail.com,(061) 5550-6620,Porto das Flores,TO,2025-10-24 04:47:20.012208
623,Dr. Marcos Vinicius Monteiro,melissa17@uol.com.br,+55 11 3187-2187,da Costa de Moura,TO,2024-10-08 20:45:28.218544
624,Anthony da Rocha,ana61@uol.com.br,0900 693 9569,Silveira,ES,2024-11-29 08:38:32.261569
625,Dr. Danilo Barbosa,goncalvesmaite@uol.com.br,51 5935 2402,Cardoso,SE,2025-03-04 16:32:44.164961
626,Daniel Silveira,uazevedo@uol.com.br,+55 (061) 5149-1706,Teixeira,PI,2025-06-08 13:47:00.302373
627,Luna Sales,anogueira@hotmail.com,21 8177 1289,Melo do Campo,AM,2025-11-05 08:17:23.616872
628,Sr. Otávio Aragão,hmoura@bol.com.br,(021) 4924-6839,Nascimento,AM,2025-08-30 23:39:02.626615
629,Sra. Heloísa Castro,onunes@gmail.com,+55 84 8543-6155,Pereira,PI,2025-10-27 02:21:24.341579
630,Ana Lívia Alves,ssantos@ig.com.br,51 7164 2163,Pires,CE,2025-04-07 00:32:29.496903
631,Levi Lopes,joao-migueljesus@hotmail.com,(041) 5773 4077,Gomes,AP,2025-01-03 07:38:41.750150
632,Maitê Jesus,omartins@yahoo.com.br,(021) 5493 6445,Rodrigues,SC,2024-02-23 21:58:49.389532
633,João Vitor Gomes,yasmin48@bol.com.br,+55 31 1049-7746,Peixoto,RN,2024-12-24 15:15:14.125779
634,Lucas Gabriel da Mota,osales@bol.com.br,21 2533-6332,Dias,MS,2024-11-10 22:14:23.459706
635,Sr. João Sales,aragaolais@gmail.com,11 0821-4607,Rocha,GO,2025-04-26 20:04:01.312384
636,João Pedro Fogaça,enricofogaca@gmail.com,(011) 8252 9847,Dias,PA,2023-11-15 12:48:25.080583
637,Dr. Lucca Jesus,duartejoao-gabriel@yahoo.com.br,(061) 2703-9950,Alves de Minas,MG,2025-05-17 04:34:26.214581
638,Daniela da Costa,mcampos@gmail.com,31 6205-6053,Viana,PE,2024-04-29 14:21:50.537712
639,Sr. Luigi Carvalho,dcosta@ig.com.br,+55 81 3022 9253,da Mata,TO,2024-05-25 16:48:43.410897
640,Larissa Silveira,xgoncalves@uol.com.br,(061) 9945 1938,Fogaça,AP,2025-08-25 23:54:13.517314
641,Luiz Gustavo Novaes,tsilva@yahoo.com.br,31 6029-1334,Duarte dos Dourados,TO,2025-10-15 11:16:33.856421
642,Dr. Vicente Dias,monteirojulia@bol.com.br,(071) 4521 8077,Correia,TO,2023-11-29 19:41:45.288782
643,Alexia da Mata,luccanovaes@yahoo.com.br,81 6272-7008,Souza,ES,2025-07-25 16:26:10.382719
644,Dr. Vitor Hugo Rocha,elisa86@bol.com.br,0800 297 6366,Jesus,RO,2023-11-14 06:59:08.272568
645,Sra. Elisa Farias,joao-vitor59@gmail.com,+55 (071) 6111-4017,Fogaça,BA,2025-05-31 03:30:34.460339
646,Lucas Souza,costelaheloisa@bol.com.br,+55 (051) 8960-5776,Silveira,MG,2025-09-22 15:44:29.824450
647,Sr. Isaac da Paz,ualves@bol.com.br,0800-192-8405,Porto das Pedras,CE,2024-03-10 03:51:49.283406
648,Ana Laura da Costa,lorena08@ig.com.br,+55 84 1304-2282,da Luz,SC,2025-05-25 20:01:33.421659
649,Thales da Paz,peixotosarah@bol.com.br,0300 485 0796,Peixoto Grande,CE,2024-06-28 02:09:50.158038
650,Luiz Gustavo Souza,nmendes@bol.com.br,+55 41 0582 4478,Jesus da Serra,GO,2024-04-26 09:51:51.975792
651,Srta. Elisa Monteiro,isadora57@bol.com.br,+55 71 2690-3308,Santos,AC,2024-06-23 14:18:11.317479
652,João Lucas Freitas,vieiradanilo@bol.com.br,(021) 7287-6894,Lopes de Minas,PA,2024-08-18 21:31:06.089129
653,Igor da Costa,arthur69@ig.com.br,(011) 6617 8012,Araújo do Campo,RJ,2024-01-15 11:33:58.034378
654,Raquel Nascimento,da-luzgabrielly@bol.com.br,81 8742-5896,da Luz de Porto,AC,2023-12-11 13:35:36.044086
655,Arthur da Cruz,ferreiradiego@gmail.com,+55 (011) 7658-1182,Novaes da Prata,MG,2025-07-22 01:56:02.867620
656,Anthony Cardoso,vitor79@uol.com.br,0900 381 3811,Costa do Norte,PE,2025-01-10 03:42:23.014119
657,Nicole Ferreira,brocha@hotmail.com,41 7774-9326,Souza do Amparo,PR,2025-02-02 14:31:27.845051
658,João Melo,claricemartins@ig.com.br,+55 (021) 4588 2202,da Luz das Flores,RS,2024-03-30 22:35:46.442250
659,Augusto Almeida,claricealmeida@yahoo.com.br,+55 31 1621-0051,da Rosa,SP,2024-11-18 19:44:37.938532
660,Manuela Farias,livia90@uol.com.br,(061) 7095 7008,Pinto da Mata,AM,2024-11-20 03:45:18.612498
661,Elisa Porto,zjesus@gmail.com,+55 (061) 7459 1322,Barbosa dos Dourados,SC,2024-01-24 15:35:34.890002
662,Maria Alice Moreira,portorodrigo@gmail.com,+55 41 7280 3302,Azevedo,AL,2025-05-03 08:59:52.212497
663,Gabriel Lima,hda-rocha@yahoo.com.br,+55 31 0182 5157,Ramos,SP,2024-08-14 18:43:25.470583
664,Joana da Conceição,iviana@ig.com.br,+55 61 0569 0287,das Neves Alegre,PB,2023-12-29 18:08:52.439661
665,Enzo Sales,ribeirofernando@gmail.com,+55 (021) 7705-0516,Rocha,MG,2024-12-03 11:48:03.013227
666,Luiz Fernando Carvalho,claricenunes@uol.com.br,+55 11 1299-7435,Barbosa do Amparo,ES,2024-05-06 06:04:05.542539
667,Nathan Lima,maysa14@gmail.com,31 2841 1291,Pinto,RJ,2025-01-08 16:21:56.564046
668,Vitória da Rosa,rdas-neves@gmail.com,0300 478 4046,Alves das Flores,AC,2024-08-22 17:46:37.384529
669,Sr. Marcos Vinicius Pires,valmeida@ig.com.br,(081) 0195-5642,Rodrigues do Amparo,RR,2025-05-29 20:41:44.395176
670,Rebeca Freitas,anthonyrezende@yahoo.com.br,(031) 9805 3279,Costa de Gonçalves,SP,2025-02-15 22:28:40.095583
671,Cauã Cunha,hsales@yahoo.com.br,+55 84 8593-1824,Carvalho,PB,2024-05-05 06:23:49.329229
672,Davi Luiz Dias,cpeixoto@yahoo.com.br,+55 31 1422-9703,Freitas Grande,AL,2024-04-09 23:21:32.329060
673,Alexandre Fogaça,otaviocostela@ig.com.br,+55 (051) 0058-2337,Castro da Prata,MA,2025-07-06 01:15:11.226911
674,Eloah Alves,henriquecavalcanti@bol.com.br,31 6952-5862,da Conceição da Serra,AL,2023-11-24 21:11:59.621834
675,Enrico Oliveira,luiz-felipe62@hotmail.com,+55 (061) 8925-0541,Barbosa,ES,2025-06-28 20:55:30.946144
676,Helena Oliveira,nmoreira@hotmail.com,84 8388 4293,Caldeira da Mata,BA,2024-05-21 15:32:54.020434
677,Marcos Vinicius Costela,da-conceicaodanilo@uol.com.br,61 9607 1303,da Cunha de Dias,RS,2024-11-08 03:29:27.811250
678,Marcos Vinicius Rezende,piresmaria-cecilia@gmail.com,+55 61 2702-6006,da Rosa de Souza,DF,2024-02-07 13:24:20.198403
679,Heloísa Cardoso,ymoreira@yahoo.com.br,+55 (041) 9007-9022,Azevedo,SC,2025-01-24 19:56:20.549156
680,Isis das Neves,mendeskaique@uol.com.br,+55 (051) 8089-3471,Lima,PB,2024-08-22 09:34:51.844582
681,Ana Vitória Jesus,araujoana-luiza@bol.com.br,(061) 4262 5493,Silva,PE,2024-06-14 08:18:26.252377
682,Pedro Costa,cnovaes@yahoo.com.br,0500 341 3807,Rezende de Minas,ES,2025-05-30 08:44:51.184438
683,Sr. Pietro Ferreira,beatrizmartins@uol.com.br,+55 71 7588 4765,Gomes,SC,2025-08-25 18:20:31.530868
684,Eduardo Moreira,lda-rosa@gmail.com,31 3201-3617,das Neves de Barros,DF,2025-06-23 15:12:33.467343
685,Evelyn Vieira,silvaigor@yahoo.com.br,84 2978-8881,Caldeira da Praia,BA,2025-09-04 00:49:18.518567
686,Dr. Raul Gonçalves,calebemoura@gmail.com,+55 81 0930-9815,Costela,CE,2023-12-27 11:20:49.931101
687,Carlos Eduardo Fernandes,yuri32@bol.com.br,+55 (011) 4210-0445,Santos,AC,2025-07-17 19:52:53.591141
688,Eduarda Lima,ana-luizanunes@uol.com.br,0300-034-4697,Nascimento de Duarte,AC,2024-09-30 18:49:03.709679
689,Gabriela Jesus,souzalorena@hotmail.com,21 6914-1416,Rocha da Serra,PA,2024-02-05 12:49:20.451409
690,Vitor Hugo Rocha,helena44@uol.com.br,(051) 5331 2156,Silva,DF,2024-03-08 08:36:29.098184
691,Marcela Santos,bdas-neves@gmail.com,+55 41 9980-2833,Martins,MA,2023-11-26 11:31:46.119381
692,Miguel Campos,tjesus@hotmail.com,0500 554 7994,Ferreira Paulista,PB,2024-11-18 01:21:20.962894
693,Dra. Lara Barros,moreiralucca@gmail.com,+55 11 0389 4155,Cavalcanti Paulista,AP,2025-06-11 22:39:29.948933
694,Agatha Cardoso,das-nevesrebeca@bol.com.br,+55 21 2650 9750,Moreira de Moraes,PA,2025-06-22 02:53:53.952630
695,Agatha Rezende,fsilveira@bol.com.br,11 3601 3279,Cunha,RR,2024-08-23 18:59:54.768348
696,Maria Melo,cardososamuel@yahoo.com.br,11 7579-9079,Barbosa,MA,2023-11-15 17:05:39.912706
697,Bárbara Lima,luiz-fernandodas-neves@bol.com.br,41 7519 8065,Ribeiro,SE,2025-08-07 14:33:01.266847
698,Clara Dias,xfreitas@ig.com.br,+55 (071) 5061-4224,Duarte,ES,2025-09-09 10:12:10.638365
699,Ana Lívia Cardoso,arthurjesus@gmail.com,(041) 4692-1517,Costela do Galho,MS,2025-04-13 14:29:16.780699
700,Maria Julia da Mata,costeladaniela@uol.com.br,11 7421-5994,Santos,AM,2024-02-19 07:32:19.292894
701,Ana Clara Ribeiro,maria-ceciliamendes@gmail.com,+55 41 3189 9818,Nascimento da Praia,PI,2025-07-12 11:34:34.714215
702,Heloísa Dias,sabrinapires@bol.com.br,0300 251 5816,Gomes da Mata,GO,2024-04-16 05:30:16.960115
703,Ana Vitória da Rocha,costelamanuela@bol.com.br,(021) 5403-5860,Peixoto do Oeste,PE,2025-07-06 23:34:51.251982
704,Maysa Castro,davi-luccada-rocha@yahoo.com.br,71 4858 4264,Moraes,RN,2025-05-02 06:36:39.376457
705,Yago da Cunha,da-conceicaovitoria@hotmail.com,0500-874-4191,Novaes,TO,2025-11-01 20:57:26.446326
706,Dra. Ana Clara Novaes,mirellamonteiro@yahoo.com.br,0500-251-6577,Carvalho,RJ,2024-08-20 12:03:07.452145
707,Isadora Viana,ffogaca@yahoo.com.br,31 5361-5916,Dias do Amparo,PI,2024-01-15 01:05:13.065316
708,Dra. Pietra Nunes,eduardocardoso@hotmail.com,+55 71 0977 0959,Melo do Campo,RS,2025-04-08 13:37:14.572919
709,Amanda Campos,luiz-fernandocardoso@ig.com.br,(061) 7433-1665,Gonçalves dos Dourados,MG,2024-10-14 19:49:41.819436
710,Mariane da Conceição,eduarda76@bol.com.br,+55 61 0890-6751,Caldeira da Prata,MS,2024-03-18 16:45:35.227102
711,Gabriel Monteiro,fernandesmaria-cecilia@ig.com.br,(084) 4916-9804,da Rocha,PE,2024-02-21 06:54:23.851199
712,Luiz Henrique da Cunha,rezendeclarice@hotmail.com,+55 (011) 9214-0493,Correia Grande,RO,2024-03-21 07:59:49.009694
713,Bernardo Porto,melomarcos-vinicius@hotmail.com,61 1467-4660,Farias de Minas,RO,2025-09-24 02:01:50.723141
714,Pedro Henrique Moraes,lucca81@gmail.com,0300 100 0885,Fogaça da Prata,BA,2025-05-01 02:27:48.041508
715,Breno Ramos,paulo09@bol.com.br,+55 71 7041 2149,Melo,PR,2024-06-30 16:34:46.022078
716,Bárbara da Rocha,davicavalcanti@ig.com.br,84 7701 5977,Freitas,AC,2024-06-07 16:42:22.039295
717,Enrico da Mata,moraesryan@uol.com.br,(021) 5482-9591,Dias,PA,2024-03-18 12:34:14.725894
718,Maria Eduarda Lopes,rafaelrodrigues@gmail.com,+55 (051) 6774 3588,Souza da Prata,AM,2025-05-19 15:35:49.344223
719,Brenda Pires,goncalvesmariane@bol.com.br,0800-866-3590,Castro,BA,2023-11-07 19:11:42.188505
720,Arthur Gonçalves,jcardoso@ig.com.br,(011) 7887-7972,Pinto,RO,2025-08-24 04:04:08.863273
721,Emilly Souza,lopesnicole@hotmail.com,11 8965-3378,Araújo,MA,2024-06-11 23:35:21.653404
722,Laís da Mata,wrezende@gmail.com,71 3372-6694,Azevedo,AP,2025-02-28 00:41:52.945777
723,Larissa Silveira,lbarbosa@hotmail.com,(031) 4093-8220,Fernandes Grande,AP,2025-01-11 21:15:24.835991
724,Emilly Gomes,ybarbosa@uol.com.br,+55 11 8597-2768,Almeida,PB,2025-02-19 15:52:05.509931
725,Luiz Fernando Moraes,dcostela@gmail.com,+55 41 6392 5622,Souza,AC,2025-02-08 04:48:03.814734
726,Luna Silveira,isabella65@bol.com.br,51 6875 8804,Porto da Praia,DF,2024-05-06 12:37:41.464603
727,Marina Cardoso,teixeiralaura@ig.com.br,84 3842 3666,Carvalho do Oeste,GO,2023-11-18 23:34:07.482747
728,João Guilherme Nogueira,sofiagomes@yahoo.com.br,51 6515 4167,Pinto,AL,2025-01-23 03:22:22.048335
729,Clarice Moura,amanda98@gmail.com,+55 84 9831-5337,Araújo Grande,RR,2025-09-19 00:11:57.475888
730,Ana Lívia Rocha,aragaonathan@uol.com.br,(041) 7958-1158,Gonçalves,AC,2025-08-01 23:09:02.859370
731,Antônio Carvalho,da-costahenrique@uol.com.br,0300 634 4538,Cardoso,RJ,2024-09-26 02:03:47.836069
732,Daniel Cunha,dcosta@uol.com.br,+55 (041) 2090-0686,Nogueira,SE,2025-09-26 08:47:06.878303
733,Kevin Silva,pedro-henrique97@bol.com.br,+55 (011) 9136 8488,Fogaça de Martins,MA,2023-11-13 13:28:20.701489
734,Lucas Gabriel Silva,marianecostela@bol.com.br,71 9738 4955,Barbosa,GO,2024-06-06 03:40:11.733065
735,Maria Clara Silveira,cardosobernardo@uol.com.br,(011) 8314 6747,Nunes do Galho,PI,2025-05-11 01:55:39.199931
736,Eduarda Moraes,ana-julia88@ig.com.br,11 7389-4726,Pires de Cavalcanti,SC,2024-12-16 00:38:46.413225
737,Maria Eduarda Fernandes,wpires@ig.com.br,0300-758-1397,Mendes,MT,2025-10-24 17:11:26.150117
738,Rafaela Freitas,alexia41@gmail.com,(011) 1197-9629,Gonçalves,RJ,2024-07-09 14:14:30.243934
739,Isadora Farias,joao-felipefreitas@gmail.com,+55 31 6658 6642,da Mata,SC,2025-02-26 23:22:10.282501
740,Vitor Hugo Ramos,barrosluiza@gmail.com,21 8246-8132,Campos de Farias,ES,2025-07-24 06:32:50.793077
741,Dra. Joana Martins,julia29@gmail.com,(031) 7326-9508,Fogaça Alegre,AM,2024-07-15 08:38:17.367434
742,Luigi Rezende,vieirapietro@bol.com.br,(061) 9829 7769,Azevedo,RJ,2024-09-11 20:27:47.981654
743,Thales Souza,monteiroluiz-felipe@hotmail.com,+55 61 3075 2579,Freitas,MS,2024-08-28 06:40:21.438746
744,Sr. Davi Lucca Santos,rodrigueshenrique@bol.com.br,84 4882-5471,Souza,BA,2024-04-09 13:19:25.637735
745,Isaac Gomes,nascimentobernardo@yahoo.com.br,+55 71 2380-4150,Fernandes,MS,2024-04-25 12:52:14.431827
746,Sr. Davi Lucca Nascimento,diascaio@uol.com.br,+55 (061) 4092-2840,Moraes,ES,2025-05-31 12:40:43.711558
747,Pedro Miguel da Rocha,qsouza@ig.com.br,71 5419 4360,das Neves,RS,2024-05-28 02:28:41.927109
748,Melissa Pires,uda-luz@yahoo.com.br,+55 71 0567-0285,Rezende do Norte,SE,2025-07-04 12:17:36.023430
749,Sra. Lorena Ribeiro,da-costadavi@gmail.com,71 6284-0006,Martins,PR,2025-04-06 10:06:44.800076
750,Bianca Lima,leticiacorreia@yahoo.com.br,+55 (011) 1935-5238,Campos,PR,2023-12-18 09:32:17.340159
751,Camila da Luz,xda-rosa@hotmail.com,(011) 1844-6370,Peixoto do Norte,PI,2025-09-14 17:21:09.014463
752,Dr. Caio Rezende,glopes@uol.com.br,84 5788 3766,Monteiro de Nogueira,SC,2025-10-29 01:41:41.850844
753,Renan Ferreira,claricemelo@bol.com.br,(081) 6524-7176,da Luz do Galho,AP,2024-10-15 04:05:42.623219
754,João Pedro Gonçalves,marcelo80@uol.com.br,(071) 5869 1401,Moraes,AL,2025-06-08 14:35:19.643554
755,Dra. Yasmin Martins,fcaldeira@bol.com.br,+55 (041) 8060 0111,Oliveira,PE,2024-04-18 05:45:15.774147
756,Maria Julia Teixeira,barbara50@hotmail.com,(041) 8404-1582,Lopes da Serra,RJ,2024-12-27 10:08:12.064735
757,Guilherme Araújo,pietrobarros@ig.com.br,11 9669 5364,Gomes da Serra,RO,2024-07-10 10:17:25.476724
758,Alexandre Correia,igorribeiro@yahoo.com.br,71 2385-5580,Ramos das Pedras,DF,2025-05-24 13:57:11.483984
759,Gabriela Fernandes,otaviogomes@gmail.com,+55 (011) 3398 0799,Ribeiro,CE,2025-09-11 11:28:01.782275
760,Júlia Castro,brendada-mota@bol.com.br,+55 84 2374 0019,da Mata do Norte,AM,2024-10-19 04:07:08.273307
761,Heloísa Fogaça,wdias@gmail.com,0900-997-8626,da Conceição de Caldeira,PI,2024-12-25 17:51:28.163776
762,Sophie Almeida,gustavo-henriquecostela@bol.com.br,+55 31 0622 2828,Carvalho,PR,2025-02-21 17:48:56.586466
763,Maria Alice Araújo,pietro39@hotmail.com,(011) 6482 3085,da Mata do Norte,AC,2024-05-29 19:09:16.418315
764,Lara Novaes,lorenada-paz@bol.com.br,+55 (041) 1319 9030,Araújo,RS,2025-05-14 03:31:31.607683
765,Sophia Aragão,da-conceicaoana-livia@yahoo.com.br,+55 (031) 4804-5527,Fogaça,AL,2024-06-27 22:22:31.178755
766,Sofia Fogaça,ana-sophia98@yahoo.com.br,+55 (071) 9859-2634,Cunha,MS,2024-03-14 12:27:37.906621
767,Vitor Nunes,thomasaragao@uol.com.br,(041) 6023 1271,da Cunha,MT,2024-11-16 02:31:55.985081
768,Sr. Raul Gonçalves,thiago14@hotmail.com,(071) 4596-4429,Ferreira,PR,2025-04-05 02:07:32.527958
769,Thales Ribeiro,calebe15@gmail.com,+55 (041) 3086 7012,Jesus,SC,2024-01-21 05:41:02.076202
770,Heloísa Nogueira,novaesana-laura@hotmail.com,+55 51 1647 9806,Santos da Prata,RN,2024-03-21 03:05:50.740422
771,Sofia Jesus,azevedobenjamin@yahoo.com.br,51 9547 9835,Moreira de da Rosa,MA,2025-10-26 05:56:36.013501
772,Arthur Almeida,mourapietra@ig.com.br,+55 61 8761-0602,Cardoso,GO,2024-04-24 00:50:15.001741
773,Maria Vitória da Paz,enrico97@bol.com.br,+55 (084) 4861 7483,Teixeira,CE,2025-08-17 07:03:22.701878
774,Gabrielly Castro,dmelo@gmail.com,(031) 0993 2218,Mendes,PB,2024-12-24 13:31:37.144913
775,Dra. Helena Cunha,peixotolucas-gabriel@bol.com.br,61 4689-0872,da Conceição,RR,2025-09-14 10:17:36.528313
776,Ana Clara Ferreira,cnovaes@uol.com.br,+55 51 5388 8537,Farias de Aragão,PI,2024-12-09 01:35:50.416886
777,Emanuella Santos,rafaelda-mota@bol.com.br,71 5413 6917,da Mata,BA,2024-12-10 02:23:10.719319
778,Sophia Campos,fernandesgabrielly@uol.com.br,21 5040-3808,da Mota do Amparo,AM,2025-03-30 15:04:36.096040
779,Bryan Costa,claricedias@bol.com.br,71 2011 4615,da Mota,RN,2023-12-01 16:39:14.140796
780,Kamilly da Rocha,da-cunhamaria-sophia@ig.com.br,+55 (081) 9658-6445,Nogueira de Castro,MS,2024-06-11 16:40:28.517225
781,Dra. Maria Alves,erickcampos@uol.com.br,11 0791-5197,Nunes,MA,2024-08-20 10:41:04.212273
782,Yasmin Gonçalves,da-pazbryan@bol.com.br,51 8049 7548,da Mata,RN,2024-12-24 09:51:42.226142
783,Manuela Nogueira,wda-mata@yahoo.com.br,84 4139 8920,Ramos,TO,2025-02-21 18:02:26.017959
784,Gabrielly Aragão,lrocha@bol.com.br,61 4918-5114,Farias,AC,2023-12-03 17:16:54.778541
785,Dra. Letícia Ribeiro,pedro28@hotmail.com,+55 81 9204-3247,Castro,BA,2024-05-03 23:27:59.324965
786,Ana Clara Aragão,joao-pedro68@gmail.com,11 3970 2562,da Mata,AP,2024-07-31 19:51:48.939934
787,Sr. Lucas Gabriel Cardoso,matheus22@hotmail.com,+55 81 5965-3412,Pereira do Oeste,PI,2025-08-18 05:24:43.764929
788,Sr. Leandro Novaes,kamilly02@bol.com.br,0500-836-8248,Martins do Sul,SP,2025-03-14 00:17:52.844179
789,Lucas Gabriel Melo,fmendes@ig.com.br,+55 11 5491-7133,Pires do Galho,PB,2025-03-06 21:33:07.874851
790,Theo Pires,portoana-livia@bol.com.br,(081) 9259-4198,Araújo de da Cruz,RR,2024-10-04 21:32:45.917495
791,Luigi da Luz,melovitoria@yahoo.com.br,(051) 2519-3857,Ferreira Alegre,MA,2025-07-15 10:51:25.460892
792,Henrique Barros,tteixeira@gmail.com,+55 71 3426 2643,Correia de Minas,AC,2025-06-07 20:09:33.378282
793,Luiz Miguel Sales,limamilena@bol.com.br,51 8747 1876,Carvalho dos Dourados,DF,2025-05-14 00:33:42.348968
794,Maria Julia Cunha,pereirayasmin@gmail.com,+55 41 4274 6124,Nascimento,AM,2024-02-23 19:02:22.535481
795,Pedro da Rocha,ncastro@bol.com.br,(041) 9927 5018,Porto,MS,2025-01-28 11:40:44.573644
796,Heitor Nascimento,luiza68@uol.com.br,(051) 6959 3129,da Mota dos Dourados,RS,2025-05-11 02:12:24.184965
797,Francisco Silveira,camilaribeiro@gmail.com,0300 974 1608,Cunha,PA,2025-01-12 04:24:45.002830
798,Matheus Lopes,njesus@uol.com.br,+55 84 2763 3549,Moura de Costela,RR,2024-01-25 19:30:31.189071
799,Vicente Alves,idas-neves@uol.com.br,84 8152 6664,da Cunha,RJ,2025-09-25 13:39:25.891489
800,Calebe das Neves,andrecosta@gmail.com,71 1898-0894,Rodrigues,PR,2025-10-09 08:24:33.491086
801,Bryan Pires,nunesana-livia@bol.com.br,+55 21 2516 3177,Cavalcanti,CE,2025-07-20 01:02:16.065329
802,Raquel Fogaça,vitor25@gmail.com,+55 (011) 4327-8879,Farias de Ramos,AP,2024-11-27 23:29:55.621842
803,Pedro Henrique Rodrigues,limaluana@uol.com.br,+55 21 6073 4438,Costa,AP,2025-11-01 22:18:16.280921
804,João Gabriel das Neves,cnascimento@gmail.com,+55 41 0965-3759,Sales,AM,2025-09-07 02:42:11.329273
805,Lara Cardoso,vianamaria-cecilia@bol.com.br,+55 (081) 9003 6788,da Luz do Sul,PB,2024-01-31 19:01:48.673416
806,Dr. Marcos Vinicius Cardoso,barrosana-livia@bol.com.br,(084) 3158-9145,Rodrigues,SP,2024-06-13 03:47:45.448563
807,Laís Pires,marianafreitas@hotmail.com,81 9772-4232,Azevedo,CE,2024-08-23 21:58:30.057550
808,Ian da Luz,vcastro@hotmail.com,41 6704-0790,Campos,TO,2025-05-10 22:48:04.787468
809,Ian Azevedo,fernandada-mota@yahoo.com.br,+55 11 3414-7824,Carvalho de Lopes,SE,2024-10-23 20:58:53.811133
810,Diego Castro,esther59@hotmail.com,41 7869 0812,Cardoso,MG,2024-02-13 22:25:40.113772
811,Yago das Neves,da-conceicaomaria-fernanda@bol.com.br,(041) 9208 4615,Nunes,MT,2024-06-22 15:54:07.660260
812,Gustavo Henrique Barros,maite73@ig.com.br,0800 659 4557,Melo de Goiás,TO,2024-10-15 18:29:51.757293
813,Heloísa Mendes,xcastro@yahoo.com.br,+55 41 5237-3190,Freitas do Galho,SC,2025-10-02 20:03:34.883551
814,Luiz Fernando da Rosa,luiz-felipemoraes@gmail.com,+55 (081) 1207-3107,Gomes de Melo,AM,2024-03-02 03:46:21.387510
815,Dr. Samuel Novaes,oliveiraana-julia@ig.com.br,+55 31 8233 3181,Nascimento Verde,SP,2025-03-19 18:35:31.285522
816,Carolina Jesus,ana-luizaoliveira@bol.com.br,+55 (041) 4731 9690,Monteiro,RO,2024-04-02 14:38:05.310220
817,Evelyn Rodrigues,tvieira@gmail.com,+55 (021) 4091-8184,Costa do Sul,SE,2024-12-05 00:08:51.700925
818,Brenda Farias,dgomes@yahoo.com.br,+55 84 6149 8778,Santos das Flores,PA,2024-12-29 08:53:24.792890
819,Thiago Sales,barbosaemanuella@yahoo.com.br,21 1636 9534,Costela Verde,AP,2024-08-28 14:07:49.217012
820,Vitor Hugo Barros,cfernandes@hotmail.com,11 6850-7905,da Rocha de Nunes,PR,2025-08-20 06:01:50.359833
821,Luana Cardoso,felipe59@bol.com.br,+55 (084) 5740-7534,Martins,BA,2024-05-07 21:16:10.970754
822,Isabella Lima,fernandada-luz@ig.com.br,11 1098 9885,Ramos,PE,2025-10-14 09:50:11.020365
823,Gustavo Cardoso,uvieira@ig.com.br,+55 (041) 2071-9557,Pinto,MG,2025-02-10 16:04:37.497345
824,Vitor Rezende,martinsheloisa@hotmail.com,(021) 2679 7936,Caldeira das Flores,RN,2025-03-28 12:49:45.759624
825,Sra. Maria Eduarda Viana,spereira@uol.com.br,+55 (041) 5295 0673,Correia,RJ,2023-11-11 10:45:33.433331
826,Alexandre Castro,rebeca47@bol.com.br,+55 21 4285-1877,Nascimento,PB,2023-11-26 14:38:00.594986
827,Maria Cecília Castro,costelapedro-lucas@yahoo.com.br,+55 (021) 3987-5310,Pinto,CE,2024-03-08 01:52:35.678441
828,Caio Viana,julia03@yahoo.com.br,+55 (061) 4274 7369,Barbosa,SE,2025-07-05 18:28:04.619766
829,Bianca Martins,maria-julia77@ig.com.br,41 6236 5798,Fogaça,CE,2024-11-18 01:14:52.114976
830,Manuela Gomes,kaique30@gmail.com,0800 578 0684,da Cruz da Serra,MA,2025-09-19 08:35:30.464785
831,Alícia Pinto,raulcavalcanti@ig.com.br,+55 84 3909-0191,da Mata,PB,2024-08-31 02:34:53.458406
832,Vicente Pires,paulo25@ig.com.br,31 3421-5896,Cardoso,PR,2023-11-14 15:50:19.476562
833,Heloísa Pereira,pintojoaquim@yahoo.com.br,+55 (011) 0109 6715,Cavalcanti da Mata,SP,2025-10-25 19:05:47.151610
834,Pietra Teixeira,ijesus@uol.com.br,+55 (071) 4753-6611,das Neves do Amparo,RR,2023-11-14 21:52:48.561588
835,Luiza Lopes,henrique49@uol.com.br,(011) 7283-8679,Farias do Amparo,PI,2023-11-24 06:44:49.590711
836,Carlos Eduardo Fogaça,souzamanuela@bol.com.br,(051) 1330-6387,Cardoso Verde,RO,2025-10-22 16:46:08.161915
837,Marcos Vinicius Ribeiro,gabriela99@hotmail.com,(021) 6806-8260,Barbosa de Minas,MG,2024-08-13 14:23:55.396913
838,Mariane Sales,nascimentojoao@uol.com.br,(071) 8676-9915,Pereira do Amparo,RJ,2025-02-15 07:35:56.840828
839,Ana Clara Martins,diogo96@gmail.com,(041) 1856 8074,Freitas,AM,2024-06-08 01:27:34.854467
840,Sr. Francisco Ferreira,limajoao-lucas@hotmail.com,(051) 1788 6383,Santos,PI,2025-04-10 22:03:11.259818
841,Pedro da Cunha,thalescastro@hotmail.com,(041) 7130-2387,Lopes,PI,2025-01-18 08:29:13.671846
842,Lara das Neves,ana-liviadas-neves@gmail.com,+55 (021) 4185 5865,Cardoso do Sul,TO,2024-02-22 07:52:06.766156
843,Júlia Pereira,davi-luiz39@ig.com.br,81 5587 1391,Fogaça de da Conceição,DF,2024-09-11 08:21:38.194449
844,Pietro Novaes,theo97@hotmail.com,(021) 7129 0662,Souza,PB,2024-10-04 11:00:09.007253
845,Esther Moreira,maria-luizamelo@yahoo.com.br,(061) 4094-9043,Pinto das Pedras,MA,2025-07-06 04:57:54.241772
846,Davi Lucca Jesus,heloisaduarte@uol.com.br,(071) 9274-8939,da Luz da Mata,PI,2025-01-25 05:51:51.782326
847,Ana Beatriz da Rocha,maria-cecilia14@gmail.com,(031) 5999-7548,Porto,AP,2024-05-20 22:26:31.038172
848,Leonardo Melo,julia74@hotmail.com,0900 665 9694,Cardoso de Goiás,SP,2024-11-28 23:58:40.328066
849,Davi Campos,da-cunhaevelyn@yahoo.com.br,+55 (071) 1193 6008,Novaes do Norte,CE,2024-04-14 10:00:25.776391
850,Isaac Silveira,novaesrodrigo@gmail.com,(071) 7268 9238,Cunha,DF,2024-07-12 10:53:36.596457
851,Raul Cardoso,luiz-miguelcavalcanti@hotmail.com,+55 (071) 4598-3370,Sales,MS,2024-03-01 08:38:29.816941
852,Ana da Cunha,isaac48@yahoo.com.br,+55 (011) 5606 5423,Cavalcanti,GO,2024-07-25 12:45:52.189308
853,Gabriela Cavalcanti,pietrorodrigues@ig.com.br,84 2998-7819,Farias,PB,2024-04-21 12:49:21.994854
854,Dr. André da Costa,bfernandes@gmail.com,21 1067-4543,da Mata,PR,2025-08-03 21:31:14.953826
855,Caio da Rocha,pedro-lucas82@hotmail.com,(084) 7633 8701,Ferreira de Farias,BA,2024-01-01 01:08:17.359777
856,Carlos Eduardo Teixeira,luccagoncalves@ig.com.br,+55 (061) 2790-6696,Campos de Goiás,RN,2025-10-10 14:34:45.960597
857,Maria Sophia Monteiro,hcosta@gmail.com,+55 (031) 1819-6290,Correia,DF,2024-11-21 19:59:09.514245
858,Raquel da Luz,jsantos@bol.com.br,+55 11 7759-1047,Alves,PR,2024-08-16 20:23:50.063310
859,Vinicius Nogueira,bcorreia@yahoo.com.br,+55 (051) 0359-0062,Caldeira,SE,2024-11-14 15:44:08.052696
860,Lavínia Monteiro,maitearagao@uol.com.br,(011) 3188-6023,Azevedo,PA,2024-08-22 02:05:57.742207
861,Levi Campos,qnascimento@gmail.com,(081) 9846 8097,Ferreira de Farias,ES,2024-09-18 04:41:06.558773
862,Sr. Caio Souza,oliveiraemanuelly@uol.com.br,41 1129-0000,Nogueira da Prata,RN,2025-08-21 11:22:51.644056
863,Agatha da Cruz,gustavo-henriqueda-cruz@hotmail.com,0500 065 2832,Costela do Norte,AP,2025-02-14 01:58:10.866208
864,Benício Peixoto,acampos@uol.com.br,81 0550-1111,da Paz,TO,2025-04-02 13:30:16.271755
865,Maria Sophia Lopes,ribeirocarolina@uol.com.br,61 4020-4059,Rodrigues,GO,2025-08-02 21:37:50.696362
866,Amanda Barros,enriconunes@hotmail.com,(081) 8059 0731,Araújo Alegre,AL,2024-03-07 16:32:09.376880
867,Nicolas Rocha,camilacardoso@gmail.com,+55 61 9725-2956,Pereira,DF,2025-03-14 13:04:12.482469
868,Sarah Viana,leandrogomes@ig.com.br,(051) 1561-9242,Costa,DF,2025-04-19 09:45:57.452931
869,Enzo Caldeira,thiago49@bol.com.br,(041) 9021 7146,Pires,CE,2025-09-12 13:22:30.272110
870,Theo da Rosa,enzobarros@uol.com.br,11 8600-5377,Nascimento,DF,2024-01-31 07:36:28.759216
871,Daniela Mendes,bernardoda-costa@yahoo.com.br,51 1623 6969,Silva de da Cruz,PR,2024-01-27 17:24:39.362607
872,Eduardo da Cruz,da-costamiguel@gmail.com,+55 (071) 9045 2566,Pereira,AC,2025-04-29 02:31:12.500281
873,Maria Luiza da Paz,cardosojuliana@bol.com.br,(081) 5668 5849,Gomes,BA,2024-08-23 02:20:55.633624
874,Davi Martins,tpinto@hotmail.com,31 5443 3218,Barros das Flores,AM,2024-11-26 20:36:19.054848
875,Maria Alice Barbosa,xrezende@gmail.com,0300 782 1704,Cavalcanti Paulista,AM,2025-03-05 08:40:21.509675
876,Sr. Fernando Caldeira,afarias@yahoo.com.br,21 7765 4364,Pires,BA,2024-12-25 11:18:27.950039
877,Dra. Cecília Oliveira,barbara35@ig.com.br,+55 71 8468 6760,Fernandes da Prata,BA,2025-02-04 17:46:53.339662
878,Natália Aragão,henriquesilva@gmail.com,+55 (041) 4119 5517,Carvalho do Amparo,SE,2024-01-20 00:21:28.627223
879,Fernando Nunes,sda-rocha@bol.com.br,+55 (021) 7631 7931,Oliveira do Campo,PA,2024-10-05 19:17:54.574656
880,Thomas Costa,eduarda67@ig.com.br,(084) 0121-4143,Costa,MS,2024-08-31 13:33:07.120193
881,Carlos Eduardo Pires,laiscastro@uol.com.br,61 3727-4031,Aragão,PA,2024-10-05 13:44:14.871212
882,Kaique Cardoso,limatheo@gmail.com,11 8856 4822,Cardoso de da Rocha,RO,2024-03-07 01:50:50.609026
883,Esther Nunes,alanaoliveira@gmail.com,+55 (021) 0438 3186,Fernandes dos Dourados,GO,2024-07-27 00:39:03.803010
884,Ana Júlia Melo,rebeca31@ig.com.br,(071) 8199-0507,Teixeira,GO,2024-01-05 11:06:06.816497
885,João Vitor Moreira,duartelorenzo@uol.com.br,+55 31 4015 5343,Novaes de Barros,CE,2024-08-16 07:06:50.294728
886,Leonardo Teixeira,ycosta@bol.com.br,(021) 1842 6713,da Mota,AP,2025-04-02 18:50:52.771171
887,Henrique Gomes,pereirajuan@bol.com.br,0500-085-4078,Cavalcanti,RS,2024-04-26 20:49:06.204178
888,Pedro Henrique Costa,correiafrancisco@gmail.com,0300-901-7161,Ramos do Galho,GO,2024-03-05 14:51:47.731337
889,Maysa da Conceição,qcorreia@gmail.com,11 4236 1291,Correia,RN,2024-12-28 21:00:34.629126
890,Ana Vitória Freitas,diogocosta@gmail.com,+55 (071) 8665-7464,Cavalcanti do Norte,PA,2024-09-18 10:00:49.566580
891,Sra. Clarice Fernandes,carolinedas-neves@hotmail.com,+55 (031) 8853-9347,Fernandes,SC,2025-02-28 06:51:44.810499
892,Maria Cecília Gomes,luiz-miguel37@uol.com.br,51 9493 9623,Jesus da Praia,AP,2024-06-15 15:50:02.349546
893,Pietro Nogueira,nda-costa@ig.com.br,+55 (081) 3604 2870,Ferreira,DF,2025-09-09 05:20:23.799920
894,Rodrigo Duarte,ncarvalho@yahoo.com.br,+55 31 6323 2704,Porto,MA,2025-07-19 04:23:19.551214
895,Isabella Mendes,wpinto@ig.com.br,+55 (041) 1253 8238,da Costa,RJ,2025-06-30 05:32:16.493229
896,Bernardo Dias,gustavo-henrique42@yahoo.com.br,+55 (011) 9662-3934,Lopes de Barros,BA,2024-12-22 13:47:39.490714
897,Ryan Farias,leonardonunes@gmail.com,21 1659 5735,Jesus de Goiás,PR,2024-04-27 13:35:13.180156
898,Emanuel Teixeira,alanada-rosa@yahoo.com.br,+55 81 6017-3237,Cardoso,ES,2024-11-18 04:57:31.547673
899,Nathan da Costa,tnascimento@hotmail.com,+55 (081) 0043-2845,Campos,ES,2024-05-31 07:18:15.567597
900,Emanuella Aragão,cavalcantiana-julia@uol.com.br,(011) 1400 8345,Vieira,RJ,2025-10-16 20:40:52.638853
901,Sr. Diego Lima,uda-mata@bol.com.br,+55 (061) 8640 8854,Lima,BA,2024-10-17 11:41:41.413079
902,Pietra Moraes,bryan91@hotmail.com,51 8622 9651,Lima,RS,2024-04-13 21:12:19.299627
903,Pietro Melo,ian94@hotmail.com,0800 417 4774,Farias Alegre,MS,2024-11-14 01:50:31.484665
904,Stella Azevedo,xfreitas@gmail.com,0800 963 5170,Rodrigues de Costela,AC,2025-04-11 11:31:28.665655
905,Sr. Fernando Ribeiro,ncastro@ig.com.br,84 0330 0677,Ramos,RJ,2024-02-25 02:44:11.063242
906,Dr. Enzo Jesus,pgomes@uol.com.br,(041) 5886-6498,Azevedo,AC,2024-09-26 02:55:50.130616
907,Lorenzo Melo,da-rosamaysa@ig.com.br,+55 81 5412 4897,Castro do Oeste,TO,2024-05-21 15:03:23.055925
908,Dra. Giovanna Souza,barrosbrenda@bol.com.br,(011) 4742-1748,Costela do Oeste,BA,2024-11-16 11:48:35.082191
909,Augusto Souza,pereiraisis@ig.com.br,0800 050 5458,Novaes,PB,2024-10-21 09:32:39.523770
910,Sr. Lorenzo Caldeira,caldeiravitor@yahoo.com.br,0500-088-2689,Campos,TO,2024-04-14 00:12:03.679124
911,Sra. Julia da Costa,da-mataalexandre@uol.com.br,61 2670 2642,Rocha,DF,2023-11-19 15:16:57.985174
912,Dra. Gabriela Novaes,joana19@yahoo.com.br,+55 31 9171-1485,Porto do Campo,RS,2025-09-12 05:25:43.330266
913,Helena Sales,fernandopires@yahoo.com.br,61 6360 3875,das Neves dos Dourados,AL,2023-12-13 20:11:23.364132
914,Manuela da Rosa,andrepeixoto@ig.com.br,(051) 7895 5348,Fernandes,AM,2024-03-16 09:17:33.475149
915,João Felipe Silveira,mirellafreitas@hotmail.com,61 8060 3346,Vieira,AC,2024-04-03 14:57:20.005084
916,Sabrina Ramos,pedro-henrique75@gmail.com,+55 84 7149-6868,Barbosa,PE,2024-03-08 21:08:06.572053
917,Dra. Mariane Pinto,andrelima@ig.com.br,(071) 1160-5646,Barros de Goiás,SE,2025-07-03 17:00:06.327475
918,Vinicius Souza,alexiaaragao@uol.com.br,+55 (011) 3327-2224,Silveira da Mata,MG,2025-03-28 14:49:56.393156
919,Luiza Alves,manuelafreitas@hotmail.com,0800-347-3886,Duarte,AM,2024-11-16 08:56:37.763123
920,Nathan Martins,arthur48@gmail.com,+55 (061) 4750-5829,Peixoto de Porto,SP,2024-12-10 12:56:55.667217
921,Ana Clara Pereira,cavalcantiheloisa@bol.com.br,+55 (081) 5873 0725,Porto,CE,2024-11-21 19:47:57.448750
922,Dra. Ana Laura Cunha,bruna56@gmail.com,0500-381-0603,Barbosa,PB,2024-04-01 10:06:56.903030
923,Sr. Vitor Hugo Moraes,wcostela@ig.com.br,21 1562-6679,Barbosa das Pedras,AP,2025-07-17 05:18:09.230908
924,Dra. Elisa Sales,asales@ig.com.br,+55 51 6509 6026,Gomes do Amparo,RJ,2023-12-16 02:29:49.995595
925,Dra. Maria Fernanda Rodrigues,teixeiraraquel@ig.com.br,84 1130-3016,Barbosa,MS,2024-06-15 07:40:28.638463
926,Sr. Gabriel Costa,gpinto@yahoo.com.br,11 6582 2883,Araújo da Serra,MS,2025-05-05 01:38:13.533862
927,Julia Peixoto,vitor-hugoda-costa@ig.com.br,(084) 1584 2642,Vieira de Minas,BA,2025-11-05 07:15:38.135438
928,Clara Barbosa,gomesheitor@uol.com.br,(021) 6861 9384,Ramos das Flores,PE,2023-12-06 07:30:45.245489
929,Levi da Rocha,vda-mota@bol.com.br,(081) 8161-9806,Ferreira do Sul,SE,2024-03-16 05:45:13.072843
930,Bernardo Sales,gustavofreitas@ig.com.br,+55 41 2966 8829,Barbosa,DF,2024-09-05 00:00:57.126057
931,Anthony Ribeiro,das-nevesemanuella@bol.com.br,+55 71 0460-6655,Correia,PE,2024-03-17 20:56:32.908417
932,Helena Pereira,campospaulo@uol.com.br,(051) 6811 4625,Barros,RR,2025-10-02 16:16:31.440326
933,Isabella Silva,ana-beatrizjesus@uol.com.br,(071) 5270 0227,Monteiro de das Neves,MG,2024-03-15 00:10:35.340063
934,Bernardo Vieira,da-conceicaogabrielly@uol.com.br,+55 61 8506-1078,Monteiro do Campo,AM,2024-08-15 11:02:57.742238
935,Pedro Henrique Rezende,gustavocavalcanti@gmail.com,+55 (041) 0830-4370,Gomes de da Luz,AM,2024-01-08 21:08:51.133666
936,Sra. Marcela da Mota,leviaragao@hotmail.com,(041) 6215-3246,Caldeira das Flores,SC,2024-08-06 23:32:24.606822
937,Diogo Pires,inascimento@bol.com.br,61 0188 9799,Costa,AC,2024-04-22 21:26:47.602071
938,Luna Lopes,da-rochacamila@yahoo.com.br,+55 (031) 6354-1003,da Rocha do Galho,GO,2025-05-04 08:06:48.756076
939,Ana Júlia Freitas,hcunha@gmail.com,+55 (084) 7886-9201,Ramos de Carvalho,DF,2025-06-04 15:21:53.042781
940,Benício da Mata,uda-mata@hotmail.com,0300-949-2647,Gomes das Flores,SP,2025-10-27 13:45:54.822116
941,Thales Martins,mirella64@hotmail.com,+55 21 6803-7447,da Costa das Pedras,CE,2025-10-02 00:10:00.164311
942,Rafaela Novaes,thomasda-mota@hotmail.com,+55 (041) 8890-2055,Souza,MT,2024-02-28 04:56:47.291801
943,Giovanna Martins,lorena69@bol.com.br,11 7386 4806,Caldeira,AP,2024-03-26 15:13:31.153171
944,Esther Teixeira,teixeirabruna@yahoo.com.br,+55 61 8699 0936,Costa,SE,2025-07-30 14:55:39.728652
945,Ana Vitória Barbosa,ribeiroyuri@hotmail.com,(071) 8115-1714,Barros,ES,2024-01-12 21:30:51.063750
946,Sr. Henrique Gonçalves,diasgabriel@uol.com.br,+55 (061) 1856 8814,Freitas,MA,2024-03-27 06:54:06.112518
947,Raquel Cardoso,alicia96@ig.com.br,+55 (081) 6739 3356,Mendes de Goiás,RN,2024-03-04 20:33:51.198273
948,Mariane Ribeiro,elisa99@bol.com.br,+55 (061) 8320-0747,Viana de Carvalho,PR,2024-01-13 08:59:52.081376
949,Miguel Almeida,uramos@hotmail.com,+55 71 3254 4009,Sales,RJ,2025-07-20 18:49:19.667219
950,Lara Ribeiro,hmoreira@yahoo.com.br,0500 690 9303,Moreira Paulista,CE,2024-03-05 06:36:13.679348
951,Sofia Moreira,mendesbeatriz@uol.com.br,+55 51 0798 3874,Souza,AL,2025-07-25 06:14:44.485138
952,Cecília Barbosa,novaesvalentina@yahoo.com.br,+55 51 7153 8827,Caldeira,MS,2024-08-17 21:30:26.577508
953,Sr. Cauê da Cunha,camila89@uol.com.br,+55 51 5248 7024,Pires do Galho,SP,2025-11-05 01:17:36.428683
954,Arthur Fernandes,valentina94@bol.com.br,+55 (041) 6172-1885,Castro,PI,2025-08-05 20:47:03.753881
955,Maria Clara Costa,mendesstella@hotmail.com,+55 21 9117-3980,Azevedo de Duarte,CE,2024-06-30 14:40:29.086746
956,Sr. João Felipe Rodrigues,bduarte@uol.com.br,(051) 7067-5177,Mendes,SE,2025-08-08 03:40:46.948998
957,Yuri Aragão,cda-rosa@yahoo.com.br,21 0198-3071,Porto,MS,2025-01-25 09:00:39.671226
958,Benício Farias,moraeskaique@bol.com.br,(011) 2479-6251,da Paz,RJ,2024-02-23 00:26:19.803972
959,Heitor Pinto,sophiasales@yahoo.com.br,+55 (071) 8227-0428,das Neves,PR,2024-10-18 11:42:55.813592
960,Dra. Kamilly Ferreira,almeidalucas@ig.com.br,21 2402-7927,Peixoto,PB,2025-10-14 00:01:02.892751
961,Maria Clara Campos,franciscolima@gmail.com,11 3466-6669,Pereira das Pedras,AC,2025-02-15 19:38:40.787752
962,Marcos Vinicius Sales,maria-vitoria27@ig.com.br,(081) 0059 5666,Ribeiro,BA,2024-10-31 13:58:56.601363
963,Lívia Nunes,rodriguesaugusto@yahoo.com.br,+55 71 4033-3244,Duarte,PA,2024-03-11 14:28:35.698947
964,Bianca Silveira,alexia49@bol.com.br,71 0989 8278,Cardoso da Prata,RN,2025-07-08 09:44:08.468740
965,Heitor da Luz,jesusfrancisco@yahoo.com.br,11 7797-3347,Nogueira,DF,2024-12-19 05:51:45.299728
966,Sra. Camila Caldeira,raul02@uol.com.br,0300-202-0001,Dias,AC,2025-01-21 16:58:47.737216
967,Dr. Paulo Monteiro,fernandopires@hotmail.com,+55 41 8965 7190,Dias,RJ,2025-03-18 19:24:36.932634
968,Ana Laura Pires,alicia67@hotmail.com,+55 51 4999 2416,Moraes,GO,2025-01-16 05:58:08.216422
969,Isis Pinto,maria-luizapinto@yahoo.com.br,(031) 1666-0290,Silveira do Amparo,SE,2024-03-11 03:44:18.118956
970,Sarah Costela,lucasmoreira@yahoo.com.br,(061) 2300-1069,Barros,AP,2025-09-25 08:54:14.541136
971,Mariana das Neves,renan49@hotmail.com,+55 (071) 2175 8097,Pires,SP,2025-03-27 04:16:17.126970
972,Leandro da Conceição,rda-luz@bol.com.br,+55 81 6857 5470,Nascimento,DF,2025-04-30 14:02:55.935004
973,João Vitor Alves,teixeiraemilly@ig.com.br,(021) 9218 0197,Carvalho,RS,2024-04-02 22:55:24.842740
974,Ana Clara da Mota,ana-luiza25@bol.com.br,31 6997-5537,Duarte da Mata,PA,2024-05-27 16:23:35.029590
975,João Pedro Viana,cunhaalana@gmail.com,11 4911-8904,Ferreira Alegre,DF,2025-08-07 22:49:25.673284
976,Clara Monteiro,melomanuela@hotmail.com,71 7874 7009,Araújo,AP,2024-08-04 22:08:43.039799
977,Carlos Eduardo Viana,otavio36@hotmail.com,+55 84 9416-5930,Silveira da Serra,PE,2025-07-30 23:46:40.658327
978,Alice Cavalcanti,stephany85@gmail.com,+55 (084) 7527 5368,da Paz,AM,2025-02-12 09:36:44.727856
979,Srta. Sophie Martins,davi58@ig.com.br,(021) 7916 1103,Campos,ES,2024-04-24 20:32:30.124513
980,Fernando Almeida,raquel61@ig.com.br,(021) 5980-0308,Pires da Praia,AL,2025-04-06 16:10:02.248341
981,Bárbara Cardoso,ceciliavieira@hotmail.com,+55 (061) 7715 4499,da Conceição,ES,2025-06-15 21:22:06.879501
982,Gabriel Moreira,jda-cruz@uol.com.br,41 2567-8107,Peixoto,PE,2025-09-01 01:09:12.053251
983,Heloísa Cunha,rmonteiro@ig.com.br,(051) 9147 6271,Monteiro,PR,2024-04-29 07:15:27.343480
984,Thomas Nogueira,ffogaca@bol.com.br,21 5846-7253,Mendes de Caldeira,RN,2025-01-18 11:10:43.650794
985,Gabriel Fernandes,lsantos@gmail.com,0500 674 6427,Souza de Minas,PA,2024-10-03 08:47:23.319287
986,Ana Júlia Carvalho,mendesbruno@yahoo.com.br,(081) 0978 2806,Melo dos Dourados,AC,2024-07-07 13:03:27.589304
987,Isabelly da Rocha,ysantos@hotmail.com,(051) 9026-0302,Ramos de Rodrigues,SC,2024-07-27 11:46:55.525380
988,Davi Lucca Lima,nicole58@gmail.com,61 4697 0065,Aragão,AM,2025-08-29 11:52:39.343178
989,Augusto Ribeiro,sophie38@gmail.com,51 7993 3021,Cavalcanti Verde,TO,2024-09-23 10:20:28.386467
990,Ana Sophia Jesus,jfogaca@bol.com.br,0500-190-3779,Costa de Cunha,SE,2025-04-10 16:04:22.484919
991,Dr. Leonardo Sales,anthonycunha@ig.com.br,+55 21 4536 0382,Jesus,AL,2025-01-22 00:29:50.525725
992,Sarah Dias,wlopes@hotmail.com,+55 (071) 4744-5596,Cardoso da Serra,SC,2025-09-14 04:30:02.476552
993,Maria Sophia Ramos,zda-mota@bol.com.br,51 1336 5830,Jesus,MS,2025-02-26 23:04:11.460691
994,Stephany Silveira,maria-eduardaalves@gmail.com,(061) 9180 4422,Vieira,SP,2025-01-09 21:38:27.094548
995,Joana Teixeira,laura27@bol.com.br,(011) 7911-9974,Moura do Oeste,RJ,2025-05-28 23:46:32.117638
996,João Gabriel Silveira,zda-cunha@bol.com.br,71 2576-2284,Campos do Amparo,CE,2025-04-13 10:31:08.686474
997,Fernando da Mata,odas-neves@ig.com.br,31 4533 1580,Pereira das Flores,RN,2024-02-21 05:22:41.808464
998,Pedro Pires,luna38@yahoo.com.br,+55 (011) 7704 1839,Caldeira,SP,2025-08-06 21:02:24.567030
999,Maria Cecília Santos,kalves@yahoo.com.br,+55 (031) 4548-9869,Rocha de Lopes,TO,2025-08-08 18:45:09.523448
1000,Maria Fernanda Peixoto,jgomes@uol.com.br,(071) 6698 8826,Ferreira,RJ,2025-06-25 21:54:25.736334
