id,cliente_id,produto_id,quantidade,data_venda,valor_total
1,272,73,8,2025-02-03 02:34:22.291563,557.2
2,299,30,9,2025-11-03 08:25:45.399425,717.84
3,474,21,1,2025-10-29 18:16:40.679746,183.43
4,106,152,4,2025-10-24 06:13:25.462336,1200.72
5,234,338,1,2024-11-07 18:32:17.474027,94.08
6,529,95,8,2025-05-25 01:50:49.170737,3488.48
7,445,280,4,2024-11-22 23:28:54.803521,980.24
8,251,73,6,2024-11-10 17:49:32.504169,417.9
9,773,247,6,2025-07-13 08:50:55.499882,1973.82
10,692,169,7,2024-12-14 08:28:34.238853,2979.27
11,921,365,6,2025-06-24 17:52:44.535230,1914.96
12,920,370,3,2025-03-24 18:28:49.081502,486.48
13,312,157,3,2025-01-16 11:17:50.180968,588.78
14,739,287,2,2025-05-23 11:57:59.132334,73.04
15,97,373,9,2025-04-04 04:43:15.437464,3743.91
16,190,114,9,2025-08-15 17:25:13.878500,1259.82
17,131,21,3,2025-02-06 21:42:46.465526,550.29
18,703,204,5,2025-06-04 08:43:54.020162,1101.85
19,19,47,1,2025-07-11 14:03:11.994752,155.6
20,548,169,3,2025-04-16 03:13:29.381905,1276.83
21,101,88,1,2025-02-21 18:08:19.011453,368.55
22,24,43,8,2025-08-07 21:10:26.508754,3280.24
23,71,320,9,2025-10-20 11:09:22.871937,969.48
24,217,87,1,2024-12-11 02:32:17.005731,322.68
25,505,352,2,2025-07-27 12:00:52.489000,840.54
26,221,470,3,2025-08-16 07:21:45.630611,365.04
27,424,211,2,2025-05-09 02:54:05.037511,491.78
28,368,463,8,2025-01-22 12:52:34.824703,1044.48
29,367,338,3,2024-12-19 14:19:26.449184,282.24
30,938,208,8,2025-04-19 19:04:47.927204,245.6
31,146,270,3,2025-09-19 04:23:03.542772,878.31
32,385,16,6,2025-03-26 05:28:00.096386,1120.62
33,930,492,8,2025-03-05 03:17:02.630866,947.92
34,10,54,2,2025-03-10 12:33:51.176830,734.96
35,359,199,6,2025-07-11 14:21:03.645112,124.68
36,507,408,8,2025-01-26 09:25:32.674448,569.2
37,156,219,6,2025-08-15 03:50:40.054086,723.3
38,33,365,5,2025-09-10 10:25:10.061684,1595.8
39,504,487,8,2025-10-28 01:32:12.919005,3023.28
40,387,140,8,2024-11-12 08:13:34.034708,264.16
41,942,384,5,2025-09-07 10:11:47.779303,1336.85
42,670,470,5,2025-07-17 19:20:17.433483,608.4
43,43,353,8,2025-01-15 05:17:12.610093,457.36
44,976,198,2,2025-05-09 21:11:14.037601,132.58
45,748,399,3,2025-08-05 08:26:29.981322,821.64
46,874,458,2,2025-07-20 18:59:42.404181,429.16
47,581,181,2,2025-03-03 21:53:14.222414,704.62
48,517,338,1,2025-08-26 09:59:22.330978,94.08
49,135,66,9,2025-08-09 22:24:43.430278,4362.48
50,403,254,1,2025-08-06 20:16:02.704382,82.77
51,724,390,3,2025-08-07 03:17:36.743532,158.55
52,276,356,4,2025-06-22 06:53:01.681854,287.84
53,577,368,5,2025-07-12 02:17:36.753339,1564.7
54,418,354,9,2025-04-16 01:52:17.683296,1390.14
55,360,448,7,2025-06-16 11:52:29.774426,2414.16
56,730,173,9,2025-01-25 09:21:52.516991,946.8
57,420,435,2,2025-02-27 05:01:47.013259,86.04
58,656,313,5,2024-11-27 13:40:23.764027,568.45
59,743,290,2,2024-11-13 12:33:04.760914,463.1
60,788,292,1,2024-11-22 12:13:15.949267,196.73
61,138,354,1,2025-05-20 04:54:36.998108,154.46
62,921,322,5,2025-08-21 17:38:32.009794,2338.3
63,501,464,1,2025-08-26 10:48:05.916273,480.44
64,794,191,8,2025-08-15 16:41:14.192493,3294.24
65,305,90,1,2025-03-03 10:27:46.667967,163.88
66,541,71,6,2025-04-23 08:26:35.469187,2132.1
67,551,306,1,2025-01-10 02:10:18.849277,283.01
68,500,70,8,2025-07-19 09:24:35.210079,1569.36
69,632,41,1,2025-10-05 08:51:35.465742,289.18
70,528,276,7,2024-12-11 00:03:46.170365,3080.0
71,494,39,4,2025-09-02 22:37:52.207157,1691.32
72,404,90,4,2025-04-25 11:59:11.458955,655.52
73,493,82,5,2025-07-29 09:51:32.321732,1809.55
74,397,271,5,2025-10-15 16:45:38.580425,1416.9
75,197,307,4,2025-08-06 06:11:00.377683,543.36
76,594,435,3,2025-02-17 06:10:30.130314,129.06
77,914,42,5,2025-04-14 11:00:23.950059,1640.75
78,565,468,1,2025-01-06 11:35:36.141580,182.73
79,625,114,5,2025-06-26 20:25:14.922891,699.9
80,653,118,2,2025-10-21 14:38:13.289770,329.52
81,363,28,3,2024-12-30 01:46:40.421535,179.31
82,530,223,8,2025-09-19 11:52:39.290709,2320.8
83,876,21,3,2024-12-11 21:51:33.971784,550.29
84,302,34,4,2025-03-07 09:35:32.015072,85.44
85,112,145,7,2024-12-19 05:04:31.604711,84.98
86,409,218,1,2025-07-02 00:55:53.978295,263.78
87,996,190,2,2025-10-06 20:55:22.303324,982.58
88,823,269,4,2024-12-14 12:36:44.429344,483.56
89,55,12,7,2024-12-15 20:19:03.758570,2373.49
90,108,376,1,2025-08-04 20:29:51.600014,256.22
91,905,4,6,2025-08-02 11:35:17.854927,1762.38
92,530,65,3,2025-05-18 17:25:42.644873,1231.8
93,198,362,8,2025-07-19 01:36:16.636321,423.52
94,975,279,7,2025-03-09 07:10:59.823057,1571.15
95,362,13,4,2025-05-12 23:09:10.545671,273.2
96,404,108,3,2024-12-15 05:36:42.075424,97.26
97,635,186,4,2025-04-14 14:15:08.850349,1660.08
98,853,393,4,2025-10-25 08:12:28.856741,255.84
99,152,267,9,2025-04-22 16:42:58.934502,1959.93
100,223,91,1,2025-09-03 13:51:14.599306,196.87
101,35,270,7,2025-06-07 20:12:31.059278,2049.39
102,301,323,1,2025-07-20 06:37:02.039373,150.17
103,264,336,5,2025-05-29 22:56:39.006673,1764.5
104,930,473,5,2025-07-27 09:20:57.449665,2319.65
105,578,18,9,2025-04-14 13:21:53.129115,2982.42
106,57,420,1,2024-11-27 04:31:01.781615,56.28
107,607,89,2,2025-03-14 19:46:58.308409,355.24
108,731,256,4,2025-02-04 03:10:20.259105,194.68
109,144,347,1,2025-07-30 22:37:05.827789,117.75
110,438,42,8,2025-05-08 13:54:03.694900,2625.2
111,897,189,8,2025-09-13 08:04:13.781786,1330.56
112,127,182,3,2025-01-06 21:57:19.642243,297.93
113,141,374,3,2025-05-29 18:05:24.626881,1193.28
114,677,407,5,2025-03-26 20:03:46.393335,1681.7
115,756,354,3,2025-06-08 04:38:54.135485,463.38
116,257,44,4,2025-03-11 03:53:48.689907,550.84
117,119,366,9,2025-06-07 14:06:32.241956,1714.23
118,816,187,6,2025-04-13 18:00:20.754511,2442.84
119,767,91,3,2025-04-30 20:08:26.997104,590.61
120,760,358,1,2025-09-26 12:33:26.537738,130.66
121,445,374,4,2025-05-13 01:44:40.250407,1591.04
122,221,437,8,2025-10-24 14:49:07.988516,674.64
123,961,111,2,2025-01-10 02:51:43.367731,758.36
124,948,59,8,2025-04-02 11:07:50.704316,2710.16
125,528,83,3,2025-03-31 07:45:44.867852,159.15
126,888,163,6,2025-07-27 05:35:37.405101,527.4
127,631,315,5,2024-12-12 13:36:23.428082,115.05
128,534,187,3,2025-06-25 18:05:56.942803,1221.42
129,975,32,9,2025-02-14 22:04:07.280405,801.36
130,650,277,9,2024-11-17 13:51:25.060611,3767.31
131,372,203,5,2025-08-10 02:20:10.990258,1019.05
132,977,93,2,2025-08-06 06:42:08.489663,463.42
133,377,426,1,2025-08-22 23:47:59.818772,110.17
134,374,242,7,2025-04-23 21:21:23.063427,1124.69
135,453,406,9,2025-09-02 23:32:26.342721,3755.07
136,54,357,6,2025-04-05 07:08:28.210101,505.2
137,711,451,9,2025-05-29 23:55:36.820345,3035.52
138,146,409,6,2024-11-16 01:02:22.515971,209.52
139,813,222,9,2025-06-19 16:02:26.675804,534.96
140,489,324,9,2025-02-23 17:22:58.642728,2905.29
141,102,254,9,2025-03-18 10:55:21.300567,744.93
142,663,448,1,2025-03-13 08:06:55.691312,344.88
143,994,169,1,2025-05-29 00:26:49.881283,425.61
144,431,338,7,2025-05-07 15:58:54.487189,658.56
145,202,158,8,2025-07-14 09:38:29.824784,3472.88
146,678,41,9,2025-06-02 14:31:16.030712,2602.62
147,587,336,7,2025-06-13 23:29:17.850246,2470.3
148,247,65,9,2025-06-20 00:52:22.545846,3695.4
149,523,32,6,2025-03-23 11:41:20.381093,534.24
150,150,85,2,2025-06-20 20:59:34.878685,992.5
151,255,158,4,2025-02-02 01:15:37.904287,1736.44
152,40,474,1,2025-10-25 10:43:45.079685,376.82
153,787,360,9,2024-12-14 13:38:46.228040,319.41
154,826,297,9,2025-03-21 14:58:44.266656,243.36
155,671,401,6,2025-02-09 08:42:42.172915,1332.06
156,725,308,1,2025-09-22 03:31:41.951755,123.46
157,566,225,2,2025-08-28 03:00:27.461861,446.58
158,159,204,2,2025-06-24 21:23:13.622882,440.74
159,572,72,2,2025-05-08 15:36:40.711541,365.7
160,225,422,7,2025-05-26 06:06:29.148333,2373.28
161,892,283,7,2025-07-08 10:41:34.432579,3476.48
162,140,222,5,2025-02-03 22:21:51.386553,297.2
163,738,83,7,2025-10-17 11:47:09.799873,371.35
164,757,331,7,2025-05-14 12:36:40.043299,1769.88
165,169,442,9,2025-08-07 16:44:26.882657,1237.59
166,546,488,1,2025-10-27 06:52:03.514961,304.33
167,323,270,4,2025-01-23 02:56:26.372895,1171.08
168,252,312,4,2025-04-23 12:45:03.210263,1718.04
169,80,179,6,2025-04-15 22:38:05.031183,536.94
170,609,440,9,2025-09-06 14:27:08.017033,1525.77
171,133,288,3,2025-01-02 12:32:10.096654,685.98
172,443,418,4,2025-10-11 00:12:15.096197,989.68
173,927,214,9,2025-07-19 02:46:06.182055,3530.7
174,713,209,4,2025-01-06 02:23:08.189098,1959.2
175,403,161,6,2025-07-31 01:01:18.102096,1771.2
176,586,358,8,2025-07-10 02:37:24.908433,1045.28
177,912,476,1,2025-01-13 11:01:30.304875,368.82
178,933,221,1,2025-07-30 08:21:15.355246,13.52
179,923,490,2,2025-04-18 05:52:04.860167,267.7
180,978,293,1,2025-10-08 18:58:20.784968,361.28
181,926,288,3,2024-12-15 05:13:22.386968,685.98
182,465,336,7,2025-08-23 04:32:49.182582,2470.3
183,361,184,9,2025-07-25 09:22:06.007167,1804.23
184,322,328,9,2025-07-23 02:36:38.640067,1149.75
185,522,357,3,2025-01-09 05:47:22.712638,252.6
186,185,242,8,2025-03-15 22:21:33.609447,1285.36
187,448,400,5,2025-08-25 03:24:38.433155,429.15
188,888,104,3,2025-01-19 10:57:33.904855,325.05
189,644,9,5,2025-02-08 23:36:23.436732,875.5
190,781,420,3,2025-01-22 06:06:13.733650,168.84
191,678,434,3,2025-04-24 16:19:50.035009,50.46
192,896,400,1,2025-02-23 21:21:39.248039,85.83
193,31,58,6,2025-02-13 14:23:50.316385,991.86
194,268,429,9,2025-02-03 11:53:16.304571,169.11
195,472,227,8,2025-07-10 22:44:55.396321,2809.2
196,474,183,8,2024-12-01 12:51:57.588856,2537.92
197,213,295,4,2025-04-25 02:25:13.716634,1501.08
198,248,93,3,2025-03-16 14:03:52.434172,695.13
199,246,483,3,2025-02-02 00:30:45.183930,271.2
200,908,258,1,2025-06-17 04:19:39.698633,263.2
201,519,288,9,2025-09-14 00:06:28.656705,2057.94
202,147,394,6,2025-02-13 20:16:38.290594,2258.1
203,7,10,4,2025-08-15 11:57:50.002922,875.72
204,629,446,4,2025-04-05 20:25:28.633533,1555.0
205,609,357,9,2025-09-30 19:03:32.061856,757.8
206,66,354,8,2025-01-26 00:38:12.137165,1235.68
207,319,454,8,2025-09-22 05:46:56.625478,1623.68
208,563,248,6,2024-12-31 17:01:26.692364,276.42
209,122,431,8,2025-03-12 01:03:33.823988,980.56
210,52,483,3,2024-12-08 15:19:02.209757,271.2
211,105,76,1,2024-12-08 15:17:34.393378,438.89
212,828,88,2,2025-05-23 00:54:08.077982,737.1
213,163,108,7,2025-01-18 06:57:40.079156,226.94
214,44,63,9,2025-02-04 18:34:58.601655,759.78
215,558,92,1,2025-10-15 04:16:46.776836,362.0
216,147,166,6,2025-04-28 16:13:00.242019,2720.1
217,368,88,6,2024-11-15 04:20:51.729959,2211.3
218,958,343,7,2025-06-27 13:26:19.366975,3432.59
219,407,361,3,2025-01-17 22:04:15.380633,99.06
220,527,22,3,2025-05-08 19:02:59.088116,177.78
221,625,462,6,2024-12-09 02:22:25.022386,2209.74
222,858,351,8,2025-05-14 18:34:21.711207,628.56
223,549,56,6,2025-10-25 12:33:06.272562,1363.5
224,360,167,9,2025-10-29 22:04:04.230887,2522.25
225,958,252,9,2025-05-15 14:52:09.994584,122.94
226,34,208,7,2025-01-06 09:28:40.074252,214.9
227,103,366,1,2025-03-12 11:29:02.492781,190.47
228,995,469,3,2024-12-08 06:56:10.089224,1309.71
229,559,62,3,2025-07-29 09:16:04.723845,864.48
230,949,79,2,2024-11-21 15:19:40.645629,799.1
231,825,418,4,2025-11-06 18:06:47.006830,989.68
232,794,476,5,2024-12-23 00:43:04.649437,1844.1
233,620,438,3,2025-09-20 20:06:41.115010,286.23
234,825,63,2,2025-04-02 18:52:23.039355,168.84
235,708,148,3,2025-07-29 08:54:13.370533,625.86
236,427,139,1,2025-10-23 17:30:01.357471,443.9
237,252,176,9,2024-11-16 05:53:40.071526,2550.06
238,122,17,3,2024-12-02 08:14:51.788801,770.4
239,809,298,9,2024-12-10 11:59:33.933497,1693.35
240,930,49,1,2025-04-24 19:54:01.872703,436.06
241,619,307,4,2025-08-08 09:16:08.394242,543.36
242,316,316,4,2025-08-10 02:36:28.543550,1114.24
243,99,233,6,2025-06-29 21:32:59.345368,1551.72
244,361,272,8,2025-09-07 05:57:19.464172,1013.36
245,36,330,5,2025-08-31 02:33:54.933437,228.4
246,153,378,2,2025-10-04 14:41:41.241158,22.8
247,605,5,1,2025-09-02 07:01:27.697858,263.06
248,248,307,5,2025-02-25 10:15:47.176153,679.2
249,886,25,4,2025-02-26 01:25:20.351232,569.84
250,903,368,7,2025-07-21 07:17:00.997513,2190.58
251,572,440,5,2025-08-27 19:43:17.888940,847.65
252,766,163,7,2024-11-29 23:06:45.983089,615.3
253,39,235,2,2025-09-24 16:53:37.161992,727.18
254,642,373,3,2025-02-20 06:11:47.750529,1247.97
255,427,96,4,2025-04-14 04:01:53.821971,1006.52
256,746,464,6,2025-06-23 09:12:16.423008,2882.64
257,284,396,9,2025-02-06 19:09:11.905178,4398.93
258,964,484,8,2025-05-27 09:15:02.013613,3261.6
259,135,144,5,2025-05-30 11:22:36.497886,945.25
260,191,93,5,2025-04-29 18:31:56.308667,1158.55
261,374,351,8,2025-06-12 20:43:48.220639,628.56
262,626,481,6,2025-05-10 20:34:48.253236,2478.54
263,772,67,3,2025-08-05 05:13:47.975840,932.85
264,145,153,8,2025-08-10 04:16:46.764610,3740.4
265,341,423,1,2025-07-11 08:09:19.456441,213.13
266,367,250,2,2025-06-10 22:39:52.232966,434.38
267,439,44,2,2025-04-11 21:02:45.559257,275.42
268,590,221,1,2025-10-07 10:38:05.374427,13.52
269,10,417,1,2025-09-03 21:22:04.265001,174.6
270,633,173,2,2025-06-16 10:17:06.032014,210.4
271,585,306,1,2024-11-29 00:03:21.029221,283.01
272,901,82,4,2024-12-13 18:50:50.547592,1447.64
273,257,426,5,2025-09-24 04:08:05.162488,550.85
274,605,415,2,2025-10-12 22:19:50.411036,480.46
275,487,317,2,2025-02-03 23:35:50.171364,404.08
276,158,21,7,2025-07-23 12:42:30.399133,1284.01
277,419,499,6,2025-05-01 13:06:59.458331,1290.24
278,273,277,8,2025-08-22 13:23:53.938502,3348.72
279,246,196,8,2025-05-24 20:12:28.708268,2721.6
280,308,36,9,2025-05-23 04:49:17.017949,3553.47
281,539,369,6,2024-11-12 15:20:40.715559,1005.6
282,324,129,2,2025-05-06 11:49:41.657820,102.0
283,101,357,1,2024-12-02 11:22:34.023740,84.2
284,871,174,7,2025-01-30 06:27:18.392470,760.48
285,771,137,1,2025-01-06 16:45:54.642811,111.34
286,121,209,5,2025-03-28 09:16:27.394235,2449.0
287,187,254,6,2025-10-19 06:59:17.407492,496.62
288,113,369,5,2025-01-13 05:20:17.867097,838.0
289,387,275,4,2025-03-01 16:19:53.570407,1496.36
290,732,42,5,2025-09-07 07:58:37.074161,1640.75
291,601,224,6,2025-08-31 15:23:13.404846,1109.04
292,974,199,9,2025-01-05 10:54:11.199425,187.02
293,942,174,8,2025-04-03 05:51:20.832526,869.12
294,540,384,3,2025-05-02 20:50:09.881724,802.11
295,585,168,7,2025-08-23 23:45:51.503943,2199.75
296,348,389,2,2025-08-21 12:34:40.666905,818.56
297,357,149,2,2024-11-15 01:03:40.200016,483.9
298,592,201,7,2025-06-24 12:03:42.549618,336.98
299,656,487,8,2024-11-19 06:41:52.587200,3023.28
300,873,368,1,2025-03-03 02:32:55.183284,312.94
301,630,406,7,2024-11-22 13:28:40.250236,2920.61
302,88,499,9,2025-05-26 12:02:52.613427,1935.36
303,914,405,2,2024-12-04 17:49:10.704287,100.88
304,387,14,8,2025-10-26 01:06:04.382424,1954.88
305,10,114,9,2024-11-22 04:12:43.538465,1259.82
306,522,90,6,2025-03-17 16:38:57.546546,983.28
307,752,268,9,2025-10-22 03:31:40.227633,2426.94
308,321,478,8,2025-08-09 10:39:01.353770,976.24
309,900,57,6,2025-04-25 02:16:27.499393,2404.62
310,339,231,8,2025-06-01 04:19:44.998811,3494.56
311,575,371,9,2025-05-03 14:48:44.567996,2518.2
312,223,21,7,2025-05-09 12:59:34.968116,1284.01
313,482,297,9,2025-08-04 06:17:03.984459,243.36
314,288,365,5,2025-04-04 20:32:08.580226,1595.8
315,459,404,6,2025-08-21 22:26:16.984677,2595.78
316,277,372,7,2025-04-30 03:14:10.545073,2076.9
317,457,213,7,2024-12-09 10:50:08.512092,3059.07
318,569,197,5,2024-12-17 09:32:21.121256,1877.75
319,75,95,4,2025-01-23 10:25:56.481208,1744.24
320,787,500,3,2025-05-01 01:22:29.259382,488.04
321,667,378,4,2025-06-21 17:07:15.925556,45.6
322,448,406,6,2025-06-09 17:37:50.569130,2503.38
323,922,325,7,2025-01-07 11:10:48.789866,3342.5
324,715,165,3,2025-03-12 20:04:15.474547,73.65
325,36,438,9,2025-04-22 06:07:16.661092,858.69
326,794,392,1,2025-02-07 13:41:24.615440,318.75
327,527,113,5,2025-03-23 03:35:51.353123,385.2
328,431,270,6,2025-07-01 16:39:36.631886,1756.62
329,428,453,6,2025-04-18 22:27:35.218031,735.0
330,139,350,5,2025-08-13 01:59:50.806706,1031.1
331,334,471,4,2025-10-07 23:54:36.284608,606.36
332,354,468,5,2025-02-22 06:40:11.705890,913.65
333,787,353,4,2025-06-03 22:03:46.704167,228.68
334,124,183,9,2025-01-13 10:30:44.048903,2855.16
335,428,191,5,2025-06-28 22:29:19.424533,2058.9
336,255,472,2,2025-05-29 16:32:52.066594,736.84
337,444,446,8,2025-09-21 21:45:15.799380,3110.0
338,401,302,6,2025-06-03 00:07:24.721752,2994.84
339,789,142,7,2025-06-03 23:05:59.941880,2544.57
340,35,1,1,2025-06-24 19:59:47.190984,283.37
341,347,352,4,2025-07-13 20:52:05.912112,1681.08
342,595,404,7,2025-04-04 10:21:35.247765,3028.41
343,263,64,4,2025-01-24 00:42:48.784200,444.72
344,782,172,3,2024-11-23 19:13:57.673177,61.68
345,351,420,1,2025-03-25 12:18:16.753570,56.28
346,152,195,7,2025-09-04 20:42:29.766403,3292.73
347,844,7,7,2025-06-23 17:55:41.932623,1015.77
348,514,244,9,2025-10-06 03:25:30.172830,764.55
349,623,96,3,2024-11-23 22:43:08.391013,754.89
350,840,385,7,2024-12-16 09:42:32.350678,3175.69
351,880,281,3,2025-07-13 11:02:36.383041,506.25
352,391,120,5,2025-10-22 11:19:54.854153,1593.7
353,914,364,4,2025-05-06 20:42:37.623900,1961.96
354,480,225,2,2025-08-14 04:46:32.451273,446.58
355,719,259,8,2025-01-20 21:47:08.087802,1925.28
356,379,205,6,2025-06-08 16:13:16.327743,2910.0
357,643,350,4,2025-04-08 00:58:12.814839,824.88
358,920,482,7,2025-08-29 10:08:40.065337,1037.54
359,731,186,3,2025-03-27 15:54:09.400004,1245.06
360,133,62,4,2025-08-14 05:26:16.898251,1152.64
361,900,248,9,2025-03-09 21:35:04.264928,414.63
362,2,39,7,2025-03-07 17:13:06.961036,2959.81
363,731,465,6,2025-02-20 00:22:10.320368,1194.0
364,554,31,6,2025-07-08 04:53:59.280911,285.96
365,268,453,5,2025-08-28 16:08:38.082520,612.5
366,347,246,8,2025-05-16 06:21:51.581407,348.08
367,392,475,6,2024-11-21 14:03:16.147946,586.56
368,100,471,5,2025-02-15 07:07:36.384725,757.95
369,126,20,8,2024-11-26 19:53:11.598326,249.92
370,213,170,6,2024-12-06 02:21:21.160509,821.52
371,481,24,2,2025-01-12 14:55:24.690478,651.4
372,213,451,2,2025-04-13 14:02:39.928458,674.56
373,375,204,7,2025-04-10 11:28:18.348258,1542.59
374,798,241,8,2025-03-21 19:18:36.652008,618.72
375,683,137,6,2025-05-07 06:50:48.920573,668.04
376,870,81,9,2025-09-21 15:45:30.783872,451.26
377,173,265,8,2025-07-01 16:33:28.173403,1694.48
378,581,417,4,2025-06-23 23:06:13.446781,698.4
379,593,496,8,2025-10-06 13:22:43.168448,2017.04
380,790,408,1,2025-10-22 10:55:09.594389,71.15
381,230,357,3,2024-12-26 17:00:27.627414,252.6
382,762,410,8,2025-05-30 12:41:37.742099,1837.52
383,280,63,8,2025-05-15 01:29:53.492099,675.36
384,873,441,7,2024-12-30 17:57:38.807872,3462.41
385,105,386,1,2025-09-07 01:03:51.243023,150.44
386,485,212,5,2025-08-23 07:57:50.795584,836.25
387,57,335,1,2025-07-30 23:07:24.447555,119.59
388,966,376,6,2025-03-13 04:34:31.742256,1537.32
389,280,361,8,2025-07-08 06:03:11.181559,264.16
390,151,461,6,2025-04-24 09:38:56.229876,2810.58
391,442,48,9,2025-08-05 14:44:44.293588,814.41
392,994,244,6,2025-07-24 00:10:17.273690,509.7
393,269,145,6,2025-10-27 02:42:24.384295,72.84
394,95,403,7,2025-05-31 17:58:00.417084,259.42
395,172,259,6,2024-12-02 13:42:19.026576,1443.96
396,487,165,1,2024-11-07 22:35:57.336459,24.55
397,758,474,7,2025-01-18 21:57:42.234553,2637.74
398,291,312,9,2025-06-08 03:49:37.972903,3865.59
399,784,469,6,2025-08-30 17:39:27.442459,2619.42
400,188,423,7,2025-05-31 17:26:59.704551,1491.91
401,937,445,4,2025-04-10 12:58:03.443722,755.52
402,179,185,5,2025-06-25 03:27:51.789842,680.05
403,112,423,1,2025-04-23 15:43:57.039147,213.13
404,813,197,1,2025-01-19 11:34:14.851341,375.55
405,155,216,4,2025-07-13 23:46:10.516280,1339.88
406,38,322,1,2025-03-21 06:46:04.125923,467.66
407,284,304,1,2025-03-31 15:44:35.174130,314.95
408,590,306,1,2024-11-30 17:45:51.365199,283.01
409,987,153,9,2025-08-22 19:12:07.608420,4207.95
410,102,282,4,2025-07-07 16:40:18.373796,1542.64
411,176,91,5,2025-03-08 08:30:44.473646,984.35
412,94,9,9,2025-01-18 22:43:39.953169,1575.9
413,414,439,3,2025-10-22 07:46:52.148356,966.96
414,35,343,1,2025-07-20 09:27:04.027651,490.37
415,98,151,5,2025-06-30 06:35:18.500773,589.2
416,663,184,5,2025-02-10 09:29:14.251065,1002.35
417,732,388,4,2025-08-23 22:46:56.307497,1786.32
418,213,408,8,2025-07-23 00:44:05.336413,569.2
419,969,158,8,2025-10-29 19:06:43.896328,3472.88
420,194,74,5,2025-10-31 07:51:24.643677,1974.15
421,823,76,4,2025-01-26 01:43:11.079426,1755.56
422,459,201,2,2025-08-28 08:52:40.611140,96.28
423,17,472,4,2025-03-26 07:45:14.777618,1473.68
424,480,422,8,2025-05-07 21:10:07.551555,2712.32
425,317,269,7,2025-01-11 05:24:36.013459,846.23
426,80,123,9,2024-12-12 18:43:12.855719,1213.11
427,17,281,2,2025-07-07 22:16:37.777285,337.5
428,510,226,5,2025-01-30 03:14:45.827504,914.45
429,807,499,4,2025-09-22 03:50:45.449685,860.16
430,995,292,3,2024-11-16 14:38:44.644367,590.19
431,660,254,3,2025-01-02 23:52:38.758810,248.31
432,925,116,1,2025-04-21 19:51:54.758122,440.77
433,132,364,5,2025-06-04 11:56:45.853480,2452.45
434,256,56,5,2025-02-07 02:34:01.625954,1136.25
435,889,12,8,2025-04-03 00:20:59.174480,2712.56
436,219,270,4,2025-03-28 11:57:40.229932,1171.08
437,943,399,6,2025-01-16 21:04:07.765997,1643.28
438,973,237,6,2025-08-21 20:33:45.774203,459.84
439,973,391,9,2025-02-08 02:32:35.060104,1005.03
440,674,185,7,2025-04-06 10:55:40.222168,952.07
441,661,267,8,2025-03-21 23:21:50.119823,1742.16
442,768,253,5,2025-05-19 23:33:23.220177,1714.55
443,532,177,2,2025-09-14 07:13:44.452304,614.12
444,886,340,3,2025-02-11 23:02:19.895944,954.81
445,640,94,6,2025-02-03 02:46:57.566241,470.1
446,227,357,2,2025-09-05 11:22:05.519507,168.4
447,993,172,1,2025-01-10 01:24:35.223826,20.56
448,638,296,6,2025-09-01 09:11:46.134305,236.04
449,728,96,3,2025-08-05 04:21:22.399288,754.89
450,968,117,5,2024-11-25 22:54:54.764188,110.8
451,52,460,9,2025-07-20 04:13:08.412396,1339.29
452,926,248,7,2025-08-20 05:34:15.035625,322.49
453,860,401,9,2025-01-21 23:29:05.674719,1998.09
454,55,367,8,2024-11-19 03:34:53.857756,1418.8
455,861,78,9,2025-07-11 01:57:50.702237,2242.8
456,709,260,6,2025-07-27 18:16:37.113860,2953.02
457,406,61,5,2025-05-03 14:13:51.718808,1895.25
458,222,357,2,2025-02-26 13:19:39.095302,168.4
459,563,193,4,2025-10-03 09:09:38.076966,543.76
460,535,98,9,2025-07-26 08:49:36.751061,1141.65
461,931,106,9,2025-03-28 17:15:07.322652,2570.85
462,25,137,6,2024-12-18 21:18:05.198443,668.04
463,997,273,3,2025-07-29 03:46:30.590548,76.23
464,915,355,5,2025-08-18 18:14:17.915492,1506.5
465,431,153,6,2024-12-03 18:55:13.682799,2805.3
466,495,447,9,2024-11-30 16:10:26.765559,2874.6
467,509,214,3,2025-03-19 07:26:31.579901,1176.9
468,746,399,6,2025-03-08 10:24:32.226043,1643.28
469,750,470,3,2025-06-03 23:24:52.220971,365.04
470,87,281,3,2025-08-27 23:05:39.555360,506.25
471,35,243,8,2025-07-04 16:55:07.792962,829.36
472,232,76,8,2025-10-10 06:41:02.653870,3511.12
473,20,173,5,2025-09-17 19:14:07.392101,526.0
474,212,319,5,2025-05-21 04:56:49.038568,2207.85
475,704,191,9,2025-08-14 02:26:35.253133,3706.02
476,17,491,4,2025-02-09 10:30:41.034530,398.0
477,381,452,9,2025-08-13 03:30:46.310843,2952.0
478,114,454,2,2025-10-28 09:05:58.441118,405.92
479,249,492,3,2024-11-26 22:11:22.224153,355.47
480,722,431,7,2025-05-10 01:26:38.270241,857.99
481,388,4,4,2025-09-27 08:51:27.240770,1174.92
482,429,192,4,2025-07-12 20:32:18.161670,1427.92
483,555,20,1,2024-11-23 10:11:46.923919,31.24
484,800,57,3,2025-06-10 07:45:23.289361,1202.31
485,46,64,1,2025-06-15 11:47:33.821763,111.18
486,221,262,5,2024-12-02 14:30:24.283803,1062.25
487,475,121,7,2025-03-08 18:53:52.514209,646.24
488,763,380,6,2025-08-14 21:36:41.025406,1329.06
489,613,50,2,2025-02-27 10:03:38.634100,313.76
490,867,402,3,2025-02-18 08:30:06.707812,1333.68
491,537,439,8,2025-03-21 09:04:23.506020,2578.56
492,712,26,8,2025-04-07 14:01:30.517735,1595.52
493,959,457,9,2025-09-17 04:51:55.973254,2427.93
494,31,232,7,2025-03-20 19:20:31.474827,2573.62
495,521,216,6,2025-01-09 10:03:13.091341,2009.82
496,20,29,1,2025-11-05 14:31:19.658430,487.9
497,57,148,4,2025-04-12 06:53:41.223403,834.48
498,338,188,1,2025-07-13 02:20:37.317192,443.5
499,396,35,4,2025-05-14 15:10:44.012201,1234.76
500,698,491,3,2025-08-09 17:12:54.286776,298.5
501,620,41,3,2025-06-26 13:10:00.214210,867.54
502,374,470,4,2025-08-25 10:16:36.215477,486.72
503,738,373,7,2025-05-28 23:58:24.854998,2911.93
504,819,403,8,2025-03-07 22:01:35.013479,296.48
505,49,43,5,2025-04-30 07:00:55.175456,2050.15
506,691,23,8,2025-03-28 14:53:46.087422,2541.44
507,19,225,7,2025-10-25 13:57:42.485482,1563.03
508,215,266,1,2025-10-10 06:10:37.874333,260.53
509,40,34,9,2024-11-22 10:44:59.260690,192.24
510,717,338,3,2025-07-14 06:59:23.812750,282.24
511,916,322,9,2025-07-05 17:07:50.822859,4208.94
512,380,424,1,2025-10-12 02:09:47.268838,83.9
513,452,242,1,2025-01-19 02:28:18.069509,160.67
514,323,102,9,2025-07-31 06:37:32.529179,3456.54
515,998,74,5,2025-06-17 00:15:53.140469,1974.15
516,550,242,3,2025-01-21 20:04:45.498133,482.01
517,776,95,2,2025-02-22 17:13:41.383872,872.12
518,794,376,7,2025-10-30 16:41:48.221983,1793.54
519,29,35,5,2024-12-20 15:44:04.863056,1543.45
520,11,402,7,2025-10-02 21:58:13.412890,3111.92
521,53,232,1,2025-04-12 14:35:04.696211,367.66
522,23,307,7,2025-02-09 19:44:55.633339,950.88
523,764,147,1,2025-07-17 08:49:35.675808,445.1
524,63,392,9,2025-03-23 01:33:37.655346,2868.75
525,381,15,1,2025-02-18 16:25:08.263297,262.73
526,595,433,9,2025-10-29 01:27:51.182894,4307.13
527,416,23,9,2025-09-15 15:44:39.493677,2859.12
528,603,349,5,2025-03-17 13:53:44.692016,1891.5
529,736,438,1,2025-06-16 15:14:01.948884,95.41
530,921,112,2,2025-08-05 02:18:00.313224,856.84
531,934,208,7,2025-05-12 03:30:21.512921,214.9
532,772,473,2,2025-04-26 21:16:05.314492,927.86
533,926,402,1,2024-12-14 14:47:16.447293,444.56
534,951,329,2,2025-08-09 02:45:11.123658,516.3
535,518,493,5,2025-02-20 01:58:32.710027,275.1
536,405,385,3,2025-09-05 09:20:36.414361,1361.01
537,435,267,1,2024-11-15 10:49:00.243674,217.77
538,414,409,9,2025-04-08 02:52:29.440543,314.28
539,308,242,1,2025-04-18 10:59:33.251247,160.67
540,434,479,1,2025-02-25 02:50:41.496752,428.08
541,456,230,7,2025-03-03 23:13:19.471530,2975.98
542,864,206,7,2025-09-21 07:29:24.911504,429.87
543,31,103,8,2025-07-12 22:39:04.510450,1650.16
544,80,312,8,2025-11-04 03:16:42.974971,3436.08
545,861,100,4,2025-01-22 07:34:19.079630,798.48
546,721,285,9,2025-06-01 02:39:09.242052,1306.17
547,42,424,4,2025-02-06 19:40:24.051824,335.6
548,472,186,1,2025-08-25 01:00:49.994119,415.02
549,290,44,6,2025-02-17 09:48:16.449167,826.26
550,927,213,1,2025-09-13 19:07:23.057338,437.01
551,195,327,5,2025-08-23 04:32:29.714170,743.55
552,606,98,6,2025-06-17 08:04:06.984653,761.1
553,807,176,7,2025-07-12 05:49:31.229138,1983.38
554,685,160,3,2025-01-22 02:53:27.109564,666.39
555,28,85,9,2025-10-30 13:50:05.130934,4466.25
556,524,321,7,2024-12-15 08:37:46.759095,1064.28
557,685,65,9,2025-08-08 11:39:40.067139,3695.4
558,886,385,9,2025-08-08 11:02:04.684165,4083.03
559,835,221,5,2025-01-26 11:26:01.265532,67.6
560,238,238,4,2025-03-31 08:32:24.546238,1358.12
561,550,463,9,2025-03-30 14:36:13.491601,1175.04
562,615,181,7,2024-12-30 12:16:47.872569,2466.17
563,198,231,9,2025-05-23 21:33:36.484833,3931.38
564,56,250,4,2024-12-06 14:18:56.492473,868.76
565,343,70,6,2025-03-25 03:20:45.489626,1177.02
566,686,39,3,2025-10-25 20:04:58.680499,1268.49
567,965,330,4,2025-11-02 15:42:46.117648,182.72
568,573,87,2,2025-03-27 02:53:37.635012,645.36
569,847,155,8,2025-04-16 00:41:28.891157,520.08
570,827,179,7,2025-06-24 22:45:05.923032,626.43
571,274,23,3,2025-06-22 14:25:55.866022,953.04
572,376,85,2,2025-06-22 18:26:37.889980,992.5
573,511,310,9,2025-04-27 05:27:22.013772,3338.91
574,695,256,3,2025-04-27 05:10:59.814297,146.01
575,593,396,7,2025-08-13 14:28:23.875154,3421.39
576,322,379,1,2025-06-05 18:48:07.686006,93.24
577,398,254,4,2024-12-22 01:35:46.562171,331.08
578,932,240,8,2025-06-03 13:20:50.700176,1870.4
579,11,150,2,2024-11-16 11:23:30.387628,848.04
580,654,445,8,2025-11-03 18:56:47.331432,1511.04
581,765,20,1,2025-03-31 16:24:53.236544,31.24
582,777,20,1,2025-04-17 13:11:13.031298,31.24
583,321,296,2,2025-01-01 06:21:31.137853,78.68
584,391,362,8,2024-12-21 18:05:17.322676,423.52
585,893,13,4,2024-12-02 01:21:39.099436,273.2
586,814,228,9,2025-03-08 09:28:13.912047,680.49
587,52,443,2,2024-11-16 02:16:38.090733,679.4
588,343,403,8,2025-10-20 03:01:27.972260,296.48
589,812,220,3,2025-02-08 22:17:01.986004,1397.85
590,653,153,2,2025-03-21 02:07:44.753778,935.1
591,777,164,1,2024-11-30 14:18:41.727224,198.92
592,419,431,7,2025-06-12 09:47:14.756746,857.99
593,684,70,1,2025-08-19 21:56:20.120583,196.17
594,680,208,8,2025-04-11 23:44:56.169204,245.6
595,919,35,9,2025-09-15 11:30:22.129553,2778.21
596,340,497,8,2025-04-02 16:55:27.124576,3196.64
597,322,382,3,2024-11-30 07:19:26.573624,973.74
598,920,344,9,2025-10-29 03:39:23.824618,1919.7
599,619,162,3,2025-07-12 04:20:08.807841,582.42
600,939,222,2,2025-07-22 11:27:22.674080,118.88
601,517,118,5,2024-12-01 05:44:49.515954,823.8
602,589,469,1,2025-04-05 04:03:36.231591,436.57
603,3,41,8,2025-07-11 22:02:44.398627,2313.44
604,381,360,8,2025-09-21 15:24:17.936162,283.92
605,224,273,6,2025-04-29 09:40:01.957598,152.46
606,881,369,3,2025-07-05 02:53:50.961000,502.8
607,300,10,1,2025-06-25 20:48:35.297377,218.93
608,101,33,3,2025-04-11 04:12:33.777248,1296.69
609,234,128,8,2024-12-09 00:00:13.504252,3499.52
610,352,296,1,2024-12-21 03:53:28.441680,39.34
611,438,243,8,2025-07-16 01:58:34.069559,829.36
612,271,111,8,2025-08-13 08:13:06.707680,3033.44
613,432,339,1,2025-07-12 17:19:00.167402,304.0
614,930,369,7,2025-06-04 14:11:36.892619,1173.2
615,136,157,5,2025-05-12 19:15:12.937044,981.3
616,816,481,5,2025-05-04 06:13:33.545339,2065.45
617,554,9,7,2025-04-01 00:15:33.229832,1225.7
618,363,68,8,2025-05-03 20:23:52.600521,517.84
619,662,392,5,2025-06-22 09:54:03.798004,1593.75
620,50,140,8,2025-08-24 06:34:49.369677,264.16
621,683,317,3,2025-09-12 07:35:59.915261,606.12
622,95,210,7,2025-02-04 21:26:58.501258,840.07
623,466,22,6,2025-05-11 17:47:21.037381,355.56
624,563,415,7,2025-01-23 20:24:09.603282,1681.61
625,829,389,9,2025-02-13 05:43:36.577868,3683.52
626,763,127,1,2024-12-22 03:08:40.905951,86.84
627,695,291,3,2024-12-18 00:50:07.475831,660.21
628,104,436,4,2025-02-23 02:48:26.056232,571.6
629,568,318,6,2025-04-22 19:44:29.449154,1955.22
630,50,194,6,2024-12-06 18:21:54.289615,690.36
631,781,275,7,2025-10-01 19:16:29.682022,2618.63
632,12,83,5,2024-12-16 16:47:41.099913,265.25
633,911,436,4,2025-01-24 08:53:28.525192,571.6
634,179,366,6,2024-12-26 22:01:20.960389,1142.82
635,391,103,5,2025-08-30 03:31:01.820614,1031.35
636,818,123,1,2025-03-19 20:30:29.275475,134.79
637,347,234,2,2025-02-15 05:54:42.360816,429.18
638,266,82,3,2025-07-31 20:12:28.217055,1085.73
639,301,366,7,2025-08-21 08:20:25.634980,1333.29
640,420,305,5,2025-04-13 09:03:03.373544,1026.65
641,280,408,6,2025-06-16 09:56:14.175296,426.9
642,613,498,1,2025-07-13 07:45:19.544883,108.49
643,112,9,2,2025-03-22 07:10:02.623989,350.2
644,460,168,6,2025-09-01 18:36:02.543168,1885.5
645,706,39,3,2025-04-03 23:52:11.642210,1268.49
646,345,432,5,2025-02-21 03:33:27.161627,607.4
647,264,497,7,2024-12-20 06:17:55.967616,2797.06
648,349,222,7,2025-02-12 00:06:45.237809,416.08
649,368,115,5,2025-10-21 11:53:46.433850,839.2
650,153,424,4,2025-05-04 08:05:29.986829,335.6
651,650,5,4,2025-05-28 14:53:15.167692,1052.24
652,24,230,9,2025-10-03 00:15:18.831519,3826.26
653,103,293,7,2025-09-26 03:04:59.071415,2528.96
654,511,318,2,2025-11-01 01:29:14.309768,651.74
655,207,195,3,2025-05-03 07:04:20.975734,1411.17
656,425,339,5,2025-10-07 09:39:21.982321,1520.0
657,12,51,5,2025-05-04 08:36:42.815853,1320.8
658,347,323,8,2025-03-18 21:40:07.316722,1201.36
659,403,81,8,2024-12-15 11:35:49.018954,401.12
660,886,410,4,2024-11-22 01:05:31.190191,918.76
661,662,128,2,2025-09-23 12:00:36.579908,874.88
662,953,433,9,2025-10-14 19:06:15.578883,4307.13
663,477,122,5,2025-02-13 13:07:15.091573,255.3
664,149,447,2,2025-09-09 19:44:24.822513,638.8
665,593,486,7,2025-03-31 00:54:55.314987,1820.49
666,83,142,7,2025-06-07 23:23:38.057128,2544.57
667,877,277,8,2024-12-14 05:21:41.130387,3348.72
668,652,300,5,2025-07-06 05:15:05.584710,1396.55
669,495,247,8,2025-03-31 00:41:53.171640,2631.76
670,261,179,8,2025-03-06 02:49:28.034088,715.92
671,262,29,2,2025-04-28 08:00:42.019679,975.8
672,384,331,2,2025-08-06 14:48:46.301467,505.68
673,593,376,7,2025-01-08 21:19:24.750923,1793.54
674,226,168,7,2024-12-23 10:50:28.281198,2199.75
675,903,197,6,2025-08-21 19:00:43.052888,2253.3
676,675,286,3,2024-12-02 22:58:40.496052,1446.81
677,297,215,4,2025-05-30 00:45:46.538628,166.84
678,838,220,3,2024-11-25 18:57:26.409679,1397.85
679,258,416,6,2025-02-04 22:08:50.864782,2033.82
680,598,244,1,2025-03-16 13:54:00.835381,84.95
681,331,200,8,2025-08-04 09:22:27.196869,2416.8
682,600,362,4,2025-05-04 23:46:30.147634,211.76
683,515,470,5,2025-02-25 01:48:07.961799,608.4
684,916,467,7,2025-06-10 02:22:49.425403,2281.58
685,693,491,7,2024-12-09 14:25:08.468694,696.5
686,927,440,2,2025-08-08 13:13:54.664753,339.06
687,750,50,2,2025-01-10 21:57:17.907031,313.76
688,541,293,5,2025-07-16 18:57:44.583654,1806.4
689,886,55,6,2025-06-11 16:48:56.906704,936.84
690,176,299,3,2025-03-09 22:31:06.949174,843.33
691,503,460,4,2025-05-11 21:29:31.465499,595.24
692,955,197,3,2025-10-09 08:59:26.253320,1126.65
693,104,459,4,2025-06-08 06:14:32.461450,855.0
694,865,75,9,2025-05-29 07:42:37.478052,4063.86
695,589,330,5,2025-09-05 08:05:21.048623,228.4
696,127,258,2,2024-11-28 13:42:11.848057,526.4
697,265,317,7,2025-09-22 19:50:26.953128,1414.28
698,26,11,2,2025-04-05 08:16:49.264659,254.84
699,46,364,7,2025-08-20 19:54:28.289905,3433.43
700,884,92,4,2025-06-19 15:21:35.106336,1448.0
701,946,257,5,2025-08-06 15:05:22.983153,1678.5
702,10,208,7,2025-08-17 22:47:27.292939,214.9
703,753,105,5,2025-04-30 07:51:31.208874,715.8
704,566,388,7,2024-12-21 02:19:47.085857,3126.06
705,726,25,8,2025-06-19 20:12:50.414689,1139.68
706,999,238,1,2025-09-03 10:01:52.159404,339.53
707,263,153,5,2025-08-22 11:05:34.172547,2337.75
708,237,411,9,2025-08-30 01:39:24.253286,4211.19
709,550,479,1,2025-01-19 01:08:21.265436,428.08
710,413,63,6,2025-01-25 01:59:05.624026,506.52
711,307,473,5,2025-05-03 09:30:17.598994,2319.65
712,771,153,7,2025-01-28 18:41:46.250767,3272.85
713,611,196,7,2025-08-31 20:07:03.432475,2381.4
714,261,304,4,2024-12-14 05:17:13.895007,1259.8
715,958,381,3,2024-12-11 11:16:12.836834,46.56
716,870,397,9,2025-03-04 23:07:58.180875,3085.11
717,835,190,9,2025-11-01 21:47:02.219964,4421.61
718,811,79,7,2025-02-14 12:38:48.139628,2796.85
719,565,238,1,2025-10-22 13:32:34.770925,339.53
720,845,204,3,2025-03-27 08:02:52.386012,661.11
721,990,170,1,2025-05-16 08:11:24.270078,136.92
722,686,435,1,2025-09-02 14:17:11.413086,43.02
723,100,111,6,2025-04-07 01:01:47.470197,2275.08
724,421,49,4,2025-02-19 18:52:58.002941,1744.24
725,842,468,6,2025-09-05 03:34:37.938884,1096.38
726,212,307,5,2024-11-16 23:40:42.142279,679.2
727,384,270,3,2025-02-20 21:14:47.102137,878.31
728,717,362,4,2025-06-21 13:16:59.124104,211.76
729,793,369,1,2025-05-19 10:45:52.251261,167.6
730,650,26,3,2025-01-26 20:50:38.400486,598.32
731,998,196,1,2025-04-08 01:19:49.494468,340.2
732,736,363,3,2024-12-19 23:35:59.498571,897.3
733,291,316,2,2024-11-27 06:20:23.786098,557.12
734,441,361,3,2025-02-25 16:01:31.045545,99.06
735,459,8,1,2025-02-08 07:06:49.650030,356.31
736,817,87,9,2025-09-04 18:29:22.390049,2904.12
737,368,385,2,2025-09-19 22:34:17.709653,907.34
738,799,44,9,2025-01-29 15:35:13.066228,1239.39
739,325,405,4,2025-04-01 16:48:19.138667,201.76
740,147,128,8,2025-05-23 07:56:38.400744,3499.52
741,982,125,1,2025-07-20 16:30:44.936089,322.07
742,186,64,1,2025-10-15 22:32:01.623188,111.18
743,830,178,1,2025-07-01 07:17:00.278408,196.89
744,662,72,3,2025-07-31 18:48:09.456243,548.55
745,722,448,1,2025-01-22 20:41:34.206647,344.88
746,607,206,2,2025-04-01 19:48:31.659042,122.82
747,936,373,9,2025-03-16 06:19:16.933233,3743.91
748,607,398,4,2025-03-24 21:18:18.389828,669.72
749,822,219,7,2025-08-28 22:25:54.381473,843.85
750,318,396,7,2024-12-29 00:00:19.351503,3421.39
751,744,413,8,2025-10-29 10:09:42.168182,890.96
752,278,452,2,2024-11-18 12:07:39.749830,656.0
753,656,486,1,2025-02-21 08:15:04.361387,260.07
754,123,248,4,2024-11-27 01:42:08.159258,184.28
755,62,468,6,2025-05-21 22:16:51.140460,1096.38
756,820,100,1,2025-07-25 06:18:37.005338,199.62
757,617,218,8,2025-03-06 12:13:26.052117,2110.24
758,347,242,8,2024-11-21 15:54:49.702483,1285.36
759,904,326,7,2025-07-28 20:36:02.145307,3050.95
760,391,382,6,2025-06-14 00:01:42.318679,1947.48
761,14,160,9,2025-03-15 18:47:08.942684,1999.17
762,65,108,5,2025-01-20 07:37:05.129006,162.1
763,834,102,1,2025-02-17 10:57:34.961158,384.06
764,418,186,4,2025-03-04 09:54:40.932898,1660.08
765,816,69,5,2025-09-29 18:12:08.067031,2173.1
766,986,90,9,2025-08-08 11:32:46.416797,1474.92
767,88,354,6,2025-05-09 00:19:38.244147,926.76
768,251,120,2,2024-12-31 10:48:33.374986,637.48
769,913,236,2,2025-10-06 15:41:48.841789,561.02
770,973,30,2,2025-07-28 02:31:03.213797,159.52
771,676,65,8,2025-08-03 22:57:40.837116,3284.8
772,802,169,9,2024-12-23 00:05:00.529334,3830.49
773,797,312,8,2025-02-07 21:52:10.896251,3436.08
774,630,411,8,2024-12-08 23:54:05.247882,3743.28
775,803,392,1,2024-12-23 16:13:52.307759,318.75
776,552,365,7,2025-07-01 13:29:47.495528,2234.12
777,458,318,3,2025-08-19 23:46:42.584817,977.61
778,390,112,6,2025-07-07 09:51:19.941613,2570.52
779,207,182,3,2025-03-10 18:55:46.071602,297.93
780,890,237,2,2025-10-09 05:38:16.962181,153.28
781,731,261,2,2025-04-12 09:48:27.111132,157.28
782,865,145,9,2025-08-23 06:04:20.360395,109.26
783,708,240,6,2024-12-19 09:05:52.383048,1402.8
784,682,459,1,2025-05-05 14:46:10.355813,213.75
785,862,314,4,2025-01-03 18:35:20.442663,1588.84
786,753,432,1,2025-10-11 03:24:23.879294,121.48
787,527,257,4,2024-12-21 05:08:42.999793,1342.8
788,568,210,4,2024-11-09 17:43:04.073726,480.04
789,631,17,2,2025-04-26 05:23:53.828477,513.6
790,847,395,8,2024-11-22 01:34:53.706766,741.44
791,952,443,4,2025-09-04 10:56:30.103618,1358.8
792,979,452,5,2025-08-21 08:41:23.057461,1640.0
793,476,158,6,2025-01-14 12:19:06.194213,2604.66
794,525,401,1,2024-12-21 17:03:11.497142,222.01
795,565,459,5,2024-12-02 18:20:56.943258,1068.75
796,654,265,9,2024-11-30 04:27:27.847393,1906.29
797,518,353,1,2024-12-26 13:37:51.911894,57.17
798,551,394,4,2025-08-10 20:39:12.431961,1505.4
799,689,339,7,2025-01-22 08:56:11.599099,2128.0
800,940,155,3,2025-08-13 22:05:18.770955,195.03
801,298,283,2,2025-09-01 07:20:43.452649,993.28
802,779,15,5,2024-11-12 19:26:04.261971,1313.65
803,712,338,5,2025-09-22 10:50:10.535670,470.4
804,61,439,2,2025-03-04 18:35:17.288927,644.64
805,227,452,5,2024-11-10 14:58:10.976439,1640.0
806,190,286,3,2025-02-19 14:40:33.129009,1446.81
807,591,293,8,2025-08-25 10:23:29.419068,2890.24
808,665,333,9,2025-01-09 22:45:43.507699,2128.59
809,979,443,4,2025-06-19 13:09:49.781353,1358.8
810,647,429,2,2025-09-28 07:01:42.055230,37.58
811,958,466,1,2025-07-14 13:37:11.601748,444.93
812,161,323,3,2025-02-27 12:13:45.820758,450.51
813,964,172,5,2025-08-30 04:53:28.748556,102.8
814,465,245,4,2025-10-11 19:33:12.401185,1394.76
815,762,68,8,2025-09-29 06:43:22.658420,517.84
816,597,314,7,2025-08-17 17:21:23.939865,2780.47
817,746,369,6,2025-01-01 22:56:25.909386,1005.6
818,986,103,3,2024-12-31 22:10:26.041186,618.81
819,936,396,9,2025-04-12 17:41:59.192353,4398.93
820,24,416,6,2025-06-16 19:45:25.835154,2033.82
821,506,440,5,2025-02-07 01:01:33.212676,847.65
822,973,331,9,2025-05-07 07:39:16.238404,2275.56
823,805,149,8,2025-01-04 13:23:24.209033,1935.6
824,38,221,2,2025-10-19 11:30:49.107109,27.04
825,868,69,7,2025-08-14 17:57:18.575255,3042.34
826,674,276,3,2025-11-03 15:01:46.798923,1320.0
827,431,291,1,2024-11-21 13:24:26.967789,220.07
828,292,381,7,2024-12-05 22:04:46.361226,108.64
829,234,356,9,2025-04-05 00:46:33.413754,647.64
830,259,307,8,2024-12-08 12:18:40.740467,1086.72
831,305,27,1,2025-09-05 14:20:26.516581,360.16
832,706,154,7,2025-10-29 18:41:43.197977,2074.1
833,972,306,7,2025-05-26 08:12:18.685914,1981.07
834,758,307,5,2025-08-25 00:18:45.991784,679.2
835,880,166,8,2025-04-09 01:41:19.814407,3626.8
836,844,417,7,2025-05-21 16:32:36.693403,1222.2
837,363,333,5,2025-07-29 16:17:20.801415,1182.55
838,974,41,9,2025-06-03 08:30:29.671296,2602.62
839,710,61,9,2025-01-08 06:16:11.106889,3411.45
840,808,209,9,2024-12-19 05:57:59.882848,4408.2
841,378,281,9,2025-06-09 11:52:25.774750,1518.75
842,339,348,4,2025-10-24 02:11:34.276888,713.24
843,53,181,8,2025-05-20 18:42:50.862066,2818.48
844,234,124,1,2025-04-22 18:37:21.357014,291.75
845,79,194,1,2025-03-17 09:23:50.154999,115.06
846,230,381,2,2025-10-19 13:07:24.389820,31.04
847,66,96,7,2025-06-21 04:47:52.235941,1761.41
848,663,297,8,2025-05-07 14:34:19.080172,216.32
849,170,59,1,2025-05-08 18:07:10.702126,338.77
850,785,490,1,2025-05-02 04:45:50.664141,133.85
851,67,315,3,2025-03-24 05:30:32.231123,69.03
852,453,110,7,2025-04-01 00:10:07.886513,1845.06
853,694,71,2,2024-12-12 19:15:31.708712,710.7
854,729,208,1,2025-02-17 20:50:35.244038,30.7
855,967,441,8,2024-12-28 17:52:19.451972,3957.04
856,244,56,8,2025-06-01 23:18:21.178252,1818.0
857,536,104,6,2025-03-02 05:30:37.333719,650.1
858,667,196,7,2025-05-27 15:56:56.677209,2381.4
859,189,324,9,2025-09-12 12:21:22.843733,2905.29
860,28,107,2,2025-05-26 14:24:21.575211,195.02
861,775,325,8,2025-04-05 12:52:42.680188,3820.0
862,447,404,5,2025-03-06 03:07:37.851999,2163.15
863,906,205,9,2024-11-08 05:29:56.412320,4365.0
864,622,63,6,2024-11-16 07:46:49.557332,506.52
865,209,164,2,2025-10-22 20:36:04.493119,397.84
866,619,456,7,2025-09-20 19:01:01.165363,3377.85
867,824,98,4,2025-08-17 03:46:57.819190,507.4
868,150,132,4,2025-02-25 15:41:29.996613,681.8
869,296,350,8,2025-08-05 09:31:41.287645,1649.76
870,913,203,4,2025-05-06 23:50:37.232127,815.24
871,271,359,3,2024-11-23 09:25:13.224094,947.7
872,810,160,7,2025-10-18 13:24:07.328935,1554.91
873,409,283,7,2025-10-31 06:48:48.016327,3476.48
874,198,34,2,2024-11-30 20:39:40.932354,42.72
875,750,472,1,2025-08-13 22:56:07.612126,368.42
876,75,126,6,2025-09-01 11:32:38.461835,1544.04
877,791,354,5,2025-06-22 08:53:59.108009,772.3
878,250,6,3,2025-03-30 10:04:27.529851,1378.23
879,611,182,3,2025-01-19 11:12:20.630825,297.93
880,773,182,1,2025-07-16 05:29:22.416676,99.31
881,709,218,2,2024-11-24 22:05:33.808589,527.56
882,113,418,4,2025-03-13 03:59:58.005646,989.68
883,247,149,8,2024-12-26 03:35:17.317968,1935.6
884,959,376,5,2025-08-12 01:05:00.091662,1281.1
885,516,276,4,2025-09-15 15:04:31.869064,1760.0
886,90,180,2,2025-05-06 21:36:07.117450,21.28
887,254,126,1,2025-08-20 02:25:03.779296,257.34
888,238,72,8,2025-01-30 19:14:34.970619,1462.8
889,908,350,2,2025-02-21 08:09:57.384357,412.44
890,778,475,6,2025-05-06 09:14:47.756708,586.56
891,951,88,5,2025-10-08 04:17:09.516526,1842.75
892,389,256,9,2025-09-09 20:49:49.147616,438.03
893,80,436,5,2025-06-08 08:00:42.643645,714.5
894,205,499,9,2024-12-04 08:33:43.136841,1935.36
895,464,292,6,2024-12-26 21:19:04.725698,1180.38
896,826,306,8,2024-11-25 21:49:19.041170,2264.08
897,478,353,6,2025-09-28 12:54:47.468770,343.02
898,305,184,9,2025-07-31 06:00:41.187190,1804.23
899,977,451,7,2025-04-28 03:20:11.533247,2360.96
900,363,176,6,2025-05-15 21:13:44.601155,1700.04
901,469,461,5,2025-03-12 00:57:24.172678,2342.15
902,961,454,4,2025-04-12 01:22:55.928222,811.84
903,685,180,1,2025-09-30 07:11:15.024658,10.64
904,388,30,6,2024-12-01 07:56:47.564578,478.56
905,469,370,8,2025-09-02 10:50:24.229465,1297.28
906,924,376,6,2025-02-05 10:54:16.765921,1537.32
907,972,257,4,2024-12-16 21:26:27.416763,1342.8
908,654,186,5,2025-06-18 02:36:00.910897,2075.1
909,139,267,3,2025-08-20 06:10:06.927937,653.31
910,588,493,5,2025-06-23 03:53:48.149222,275.1
911,55,341,1,2025-10-29 08:50:09.169487,461.81
912,209,314,5,2025-08-16 18:46:01.140738,1986.05
913,509,295,7,2025-05-10 10:05:44.901638,2626.89
914,316,294,2,2025-05-18 15:22:24.785305,604.44
915,106,269,9,2024-11-20 17:04:40.194386,1088.01
916,152,380,5,2025-02-26 22:46:22.994870,1107.55
917,271,65,1,2024-11-24 04:11:49.223421,410.6
918,77,445,3,2025-08-03 20:11:51.646389,566.64
919,556,260,9,2025-10-22 12:21:42.722015,4429.53
920,521,6,4,2025-06-25 01:32:49.966344,1837.64
921,544,337,6,2025-06-22 14:35:38.513537,2696.04
922,748,143,3,2025-07-07 13:19:39.820218,366.06
923,837,353,1,2025-10-27 15:45:05.777382,57.17
924,830,81,9,2025-06-28 19:50:56.117533,451.26
925,685,221,5,2025-04-14 05:42:17.187457,67.6
926,729,457,2,2025-02-09 11:13:21.816169,539.54
927,172,471,8,2025-04-29 01:11:04.504371,1212.72
928,347,90,6,2025-09-18 03:16:55.768958,983.28
929,151,388,9,2025-07-20 10:46:58.883775,4019.22
930,410,326,4,2025-01-28 07:55:30.538424,1743.4
931,245,486,7,2025-03-16 08:48:56.410577,1820.49
932,972,317,8,2025-02-09 07:11:12.596721,1616.32
933,11,214,5,2024-11-30 22:47:12.361935,1961.5
934,447,169,6,2024-12-06 19:46:28.693467,2553.66
935,620,170,6,2025-01-31 12:06:49.602149,821.52
936,920,9,9,2025-04-26 09:51:36.263305,1575.9
937,978,446,6,2025-10-23 14:19:05.604200,2332.5
938,753,380,9,2025-09-20 18:11:43.964015,1993.59
939,678,456,8,2025-03-28 23:35:15.830609,3860.4
940,952,348,3,2025-04-26 10:36:46.923083,534.93
941,167,467,8,2025-04-23 04:01:55.414794,2607.52
942,37,468,9,2025-03-25 16:07:00.387827,1644.57
943,688,188,7,2025-08-07 02:52:49.435173,3104.5
944,26,236,4,2025-06-27 07:24:14.976978,1122.04
945,297,128,6,2025-06-16 18:41:17.943744,2624.64
946,68,446,3,2025-03-04 16:29:00.009841,1166.25
947,293,428,2,2025-10-16 02:12:33.200070,322.96
948,383,483,4,2025-02-08 00:47:57.225685,361.6
949,26,287,4,2025-07-17 16:34:08.730472,146.08
950,117,48,2,2025-06-16 06:30:00.757292,180.98
951,423,452,4,2025-10-17 14:25:21.254309,1312.0
952,50,300,9,2025-02-13 00:32:48.637314,2513.79
953,806,75,1,2025-01-21 17:51:56.946697,451.54
954,949,26,4,2025-06-20 08:04:25.192290,797.76
955,629,471,7,2025-07-12 18:37:53.546667,1061.13
956,851,30,8,2025-07-03 01:13:51.023736,638.08
957,472,275,5,2025-02-02 08:50:32.181263,1870.45
958,481,209,1,2025-07-26 22:52:33.611691,489.8
959,914,397,8,2025-07-05 17:41:42.457461,2742.32
960,580,221,2,2025-09-26 21:29:19.402425,27.04
961,224,52,9,2025-03-13 17:07:06.963280,3267.18
962,973,183,8,2025-07-17 13:55:21.022282,2537.92
963,300,461,5,2025-02-11 02:30:29.663696,2342.15
964,743,298,3,2024-12-11 22:28:06.633726,564.45
965,15,342,3,2025-03-01 20:03:28.140273,746.1
966,740,500,5,2024-11-16 16:50:55.729297,813.4
967,813,316,3,2025-09-07 22:35:58.113484,835.68
968,555,237,7,2025-04-26 21:37:40.367345,536.48
969,597,311,6,2025-02-22 09:39:45.852489,726.06
970,681,483,7,2025-07-04 09:19:29.379062,632.8
971,818,445,9,2025-03-18 16:28:58.980724,1699.92
972,549,477,6,2025-08-18 22:57:58.015233,856.98
973,571,216,7,2025-10-10 23:54:49.899746,2344.79
974,624,41,8,2024-11-17 03:53:53.497841,2313.44
975,420,453,4,2025-03-09 02:15:09.300139,490.0
976,858,408,8,2025-01-22 12:12:28.455934,569.2
977,892,40,8,2025-02-06 05:29:11.198968,309.2
978,162,360,6,2025-07-25 01:23:26.846174,212.94
979,664,404,5,2024-11-17 06:50:13.524120,2163.15
980,570,200,7,2025-05-27 20:31:37.684138,2114.7
981,290,426,9,2024-12-24 10:43:58.841469,991.53
982,769,260,8,2025-01-20 08:28:30.855815,3937.36
983,556,116,7,2025-09-23 13:18:41.258790,3085.39
984,175,418,2,2024-11-07 17:40:33.581102,494.84
985,715,235,5,2025-04-12 10:59:29.133352,1817.95
986,244,98,6,2025-05-31 10:42:54.440367,761.1
987,945,119,4,2025-02-17 14:29:31.841350,1409.52
988,723,215,5,2025-03-31 02:21:28.450381,208.55
989,715,132,6,2025-05-21 11:59:21.590883,1022.7
990,319,307,7,2025-04-02 23:57:37.946771,950.88
991,582,126,4,2025-10-11 15:53:30.586504,1029.36
992,204,360,5,2025-02-28 13:26:45.548451,177.45
993,712,121,7,2025-03-08 10:27:32.886381,646.24
994,950,390,8,2025-02-02 06:24:34.240741,422.8
995,113,332,3,2025-04-26 02:48:34.632819,1314.81
996,749,262,4,2025-01-20 12:34:56.195685,849.8
997,237,332,5,2025-07-05 06:13:27.522562,2191.35
998,789,190,9,2024-11-21 07:09:18.118086,4421.61
999,987,333,1,2025-06-13 17:12:19.616111,236.51
1000,797,427,2,2025-11-02 01:23:59.253621,877.34
1001,26,27,8,2024-11-12 03:34:33.395456,2881.28
1002,651,408,9,2025-08-15 14:55:44.917641,640.35
1003,172,445,4,2025-05-05 03:47:09.025152,755.52
1004,852,80,2,2025-05-14 07:07:02.383075,300.74
1005,617,355,6,2025-09-16 01:49:41.776823,1807.8
1006,543,179,8,2025-06-26 00:15:25.434391,715.92
1007,450,215,9,2025-09-08 08:27:49.365681,375.39
1008,250,163,9,2025-03-27 06:01:18.960994,791.1
1009,845,342,6,2025-05-30 16:44:48.869827,1492.2
1010,474,177,8,2025-08-24 12:51:47.788548,2456.48
1011,117,148,2,2025-03-05 08:21:45.762167,417.24
1012,893,476,4,2024-11-08 05:20:31.624106,1475.28
1013,937,161,7,2025-10-10 14:56:06.751846,2066.4
1014,202,224,6,2025-04-30 15:55:52.112289,1109.04
1015,752,384,6,2025-04-28 08:14:19.455927,1604.22
1016,162,78,5,2025-05-29 12:37:48.891367,1246.0
1017,596,79,2,2025-04-16 02:56:58.972154,799.1
1018,618,139,3,2025-04-30 18:18:48.417017,1331.7
1019,222,108,4,2024-12-04 19:29:08.518319,129.68
1020,314,128,8,2024-12-13 18:19:24.299023,3499.52
1021,297,211,9,2025-09-22 20:41:48.788808,2213.01
1022,877,125,3,2024-12-10 01:46:36.734751,966.21
1023,867,254,4,2025-10-01 16:10:53.498376,331.08
1024,208,441,8,2024-11-17 18:39:02.929365,3957.04
1025,509,303,8,2024-11-21 21:12:44.240071,3667.52
1026,561,22,9,2025-03-06 07:25:50.471874,533.34
1027,616,219,9,2025-08-27 14:56:08.560362,1084.95
1028,831,251,2,2025-07-07 21:37:56.801113,73.02
1029,924,94,3,2025-03-02 18:56:13.888515,235.05
1030,44,330,1,2025-09-13 00:37:28.042066,45.68
1031,827,376,7,2024-11-30 13:59:58.742946,1793.54
1032,997,144,6,2025-03-24 22:19:20.444643,1134.3
1033,530,213,3,2025-08-29 02:51:47.912234,1311.03
1034,451,290,8,2025-06-12 05:43:35.123946,1852.4
1035,569,141,7,2025-09-04 23:22:19.911256,98.35
1036,728,100,5,2024-12-28 06:39:50.270473,998.1
1037,760,69,2,2025-03-07 01:13:02.511988,869.24
1038,539,284,3,2025-05-21 05:51:50.595227,1003.59
1039,779,253,1,2025-06-22 08:50:39.879688,342.91
1040,788,291,1,2025-05-04 07:11:41.777969,220.07
1041,854,11,9,2024-12-26 18:04:09.730962,1146.78
1042,552,123,9,2025-02-18 15:46:53.389658,1213.11
1043,736,281,7,2025-11-05 18:39:24.520904,1181.25
1044,459,297,2,2025-05-19 03:50:57.577679,54.08
1045,810,326,3,2025-09-05 01:24:07.569809,1307.55
1046,666,115,8,2025-09-05 05:41:16.668139,1342.72
1047,268,88,7,2025-04-18 06:00:17.526077,2579.85
1048,46,496,2,2025-07-15 18:46:11.000008,504.26
1049,592,151,9,2024-11-19 20:33:07.069952,1060.56
1050,278,195,5,2025-08-23 09:57:43.766870,2351.95
1051,40,133,9,2025-01-18 19:13:06.987514,4181.31
1052,995,245,2,2024-11-11 02:54:25.339598,697.38
1053,697,18,4,2025-07-11 18:12:21.549351,1325.52
1054,542,75,1,2025-06-30 03:57:56.779265,451.54
1055,137,85,1,2025-10-29 09:08:40.639157,496.25
1056,149,372,2,2025-02-03 02:43:33.049470,593.4
1057,505,402,6,2025-06-05 10:05:18.834911,2667.36
1058,288,337,7,2025-04-05 23:33:25.176642,3145.38
1059,767,61,8,2025-01-11 09:11:55.636571,3032.4
1060,884,161,2,2025-10-24 21:20:51.052937,590.4
1061,895,236,1,2024-12-23 15:29:29.942963,280.51
1062,220,109,2,2025-07-11 21:47:53.374773,418.84
1063,279,66,9,2025-03-06 03:49:17.736661,4362.48
1064,30,420,7,2025-07-01 10:42:12.149265,393.96
1065,831,410,5,2025-10-29 23:20:34.715355,1148.45
1066,658,332,7,2025-02-13 06:28:02.094910,3067.89
1067,964,497,1,2025-09-30 11:12:02.658624,399.58
1068,506,166,5,2025-04-15 23:59:08.328614,2266.75
1069,451,164,8,2024-11-17 23:56:12.209060,1591.36
1070,829,58,7,2025-06-28 13:11:27.620646,1157.17
1071,690,8,9,2025-10-29 23:32:20.629543,3206.79
1072,176,295,3,2025-06-17 09:13:21.259471,1125.81
1073,456,442,6,2025-07-25 11:02:41.732310,825.06
1074,979,218,8,2024-11-07 05:38:29.817540,2110.24
1075,70,304,3,2024-12-06 17:14:54.808066,944.85
1076,546,189,4,2025-01-20 23:26:45.399808,665.28
1077,161,402,7,2025-04-29 15:39:07.295176,3111.92
1078,482,437,5,2025-08-30 21:53:26.349656,421.65
1079,162,135,6,2025-05-21 17:29:29.361796,1159.26
1080,104,6,6,2025-06-11 07:58:04.624468,2756.46
1081,189,245,2,2024-11-19 11:08:29.190026,697.38
1082,167,435,7,2025-11-06 13:23:12.868899,301.14
1083,998,97,4,2024-12-04 18:19:07.545498,416.32
1084,441,161,7,2025-10-05 23:49:32.080735,2066.4
1085,722,97,6,2025-05-17 02:34:21.377898,624.48
1086,205,123,9,2025-06-26 09:44:47.580011,1213.11
1087,436,151,1,2025-03-15 13:20:18.028888,117.84
1088,709,303,9,2024-11-21 20:30:24.973422,4125.96
1089,749,466,4,2024-11-29 22:29:59.453553,1779.72
1090,16,172,7,2025-03-27 12:51:28.934818,143.92
1091,231,357,1,2024-12-17 19:33:30.756186,84.2
1092,636,323,6,2025-01-07 18:37:11.630180,901.02
1093,732,426,8,2025-03-15 09:33:59.096156,881.36
1094,568,480,3,2024-12-09 11:53:49.797942,931.14
1095,240,1,1,2024-12-21 22:30:17.464316,283.37
1096,503,444,5,2025-06-12 18:23:51.650600,755.5
1097,472,32,5,2024-12-21 12:41:02.440249,445.2
1098,395,130,8,2024-11-29 05:40:17.493955,2633.92
1099,633,451,6,2025-01-29 13:04:28.949058,2023.68
1100,803,107,4,2025-02-01 15:54:51.731653,390.04
1101,712,390,4,2025-10-27 12:06:25.822925,211.4
1102,777,37,5,2025-08-18 09:37:49.433998,1633.05
1103,545,276,4,2025-05-13 04:49:42.151582,1760.0
1104,257,323,2,2024-12-14 03:13:22.053821,300.34
1105,752,145,2,2025-07-20 16:18:14.138777,24.28
1106,453,72,5,2025-08-16 23:04:30.770774,914.25
1107,542,51,9,2025-09-27 00:15:51.404312,2377.44
1108,472,238,7,2025-04-10 16:52:53.044486,2376.71
1109,469,420,2,2025-03-08 18:30:04.841901,112.56
1110,899,293,6,2025-06-27 16:41:53.083800,2167.68
1111,654,162,3,2025-09-03 02:00:17.579492,582.42
1112,338,472,9,2025-09-06 10:35:45.247988,3315.78
1113,108,410,5,2025-08-27 06:02:54.531019,1148.45
1114,905,283,7,2025-10-27 19:25:14.440788,3476.48
1115,300,281,4,2025-04-17 20:16:17.132758,675.0
1116,698,216,9,2025-01-26 20:42:23.180546,3014.73
1117,816,151,9,2025-05-10 20:54:32.279389,1060.56
1118,264,468,7,2025-02-08 00:03:24.147149,1279.11
1119,469,166,6,2025-01-29 19:17:54.740912,2720.1
1120,876,241,6,2025-10-17 15:56:27.430535,464.04
1121,438,201,1,2025-05-28 06:15:08.200664,48.14
1122,980,455,6,2025-03-04 15:14:51.286998,199.14
1123,478,252,1,2025-06-29 12:56:07.875802,13.66
1124,248,158,7,2025-08-20 02:14:06.116021,3038.77
1125,664,473,9,2025-09-01 09:43:53.954195,4175.37
1126,86,70,4,2025-04-11 13:19:49.485451,784.68
1127,312,218,9,2025-05-13 14:56:32.382781,2374.02
1128,284,132,3,2025-04-11 09:08:13.357147,511.35
1129,768,416,3,2025-02-07 09:09:13.359636,1016.91
1130,275,182,1,2025-08-27 01:59:25.539922,99.31
1131,712,292,5,2025-04-05 20:03:52.377112,983.65
1132,964,78,1,2025-05-05 08:08:48.507270,249.2
1133,79,447,2,2025-07-10 17:11:28.072683,638.8
1134,114,409,3,2025-08-11 06:29:28.847862,104.76
1135,726,284,8,2025-10-19 03:25:27.161005,2676.24
1136,42,430,5,2025-05-09 21:35:54.830182,1572.35
1137,311,404,3,2025-07-05 03:26:51.258077,1297.89
1138,499,166,3,2025-02-07 12:58:30.263662,1360.05
1139,10,146,4,2025-09-17 01:36:14.387392,1435.04
1140,878,369,4,2025-03-04 13:26:30.038367,670.4
1141,693,189,5,2024-12-18 07:10:54.988599,831.6
1142,416,28,3,2025-03-04 21:59:15.598966,179.31
1143,997,45,1,2025-03-20 14:36:08.500395,78.52
1144,370,440,2,2025-01-16 15:37:52.812515,339.06
1145,875,344,4,2025-07-19 16:47:02.218571,853.2
1146,249,448,9,2025-10-21 13:55:18.771229,3103.92
1147,283,310,4,2025-09-19 05:48:37.698663,1483.96
1148,439,445,5,2025-07-08 16:32:30.600694,944.4
1149,727,301,7,2025-02-10 08:53:16.333426,2546.6
1150,845,147,6,2025-06-29 04:46:44.925429,2670.6
1151,874,193,5,2025-01-25 16:13:51.512349,679.7
1152,502,112,3,2025-10-25 00:41:41.046787,1285.26
1153,241,231,5,2024-12-24 12:02:13.875509,2184.1
1154,807,383,4,2025-06-15 06:55:13.210132,47.32
1155,607,423,2,2025-09-28 22:46:17.146348,426.26
1156,876,387,2,2025-07-10 22:39:59.574558,245.72
1157,728,424,6,2025-04-23 20:35:27.981033,503.4
1158,101,232,3,2025-08-23 19:40:28.978208,1102.98
1159,841,405,8,2025-03-21 16:13:17.850052,403.52
1160,133,137,6,2025-04-21 21:11:06.204477,668.04
1161,508,397,7,2025-02-19 00:39:04.328340,2399.53
1162,553,468,3,2025-01-06 10:00:48.468478,548.19
1163,465,348,6,2025-08-10 11:00:50.232040,1069.86
1164,997,351,1,2024-11-29 07:43:20.051894,78.57
1165,949,238,3,2025-05-08 19:45:51.155418,1018.59
1166,422,337,9,2025-07-10 10:41:55.419075,4044.06
1167,265,193,3,2024-11-20 16:23:22.061791,407.82
1168,202,319,3,2025-01-25 03:17:30.409124,1324.71
1169,582,47,1,2025-08-28 05:40:39.834284,155.6
1170,174,98,1,2025-09-06 04:25:42.458939,126.85
1171,816,211,1,2025-07-13 20:11:06.671673,245.89
1172,373,40,4,2025-08-03 20:51:11.044543,154.6
1173,698,449,4,2025-09-26 11:44:06.787394,521.08
1174,329,244,1,2025-06-19 21:50:21.205648,84.95
1175,588,330,4,2024-11-11 11:20:03.446775,182.72
1176,708,292,4,2025-04-14 03:19:43.732380,786.92
1177,739,34,4,2025-04-09 10:49:07.853051,85.44
1178,414,214,9,2025-01-11 04:30:42.760154,3530.7
1179,883,81,7,2025-05-24 10:02:36.174555,350.98
1180,861,110,5,2025-06-17 05:38:27.923535,1317.9
1181,69,294,7,2025-10-31 08:21:47.849627,2115.54
1182,966,315,5,2025-03-12 15:54:18.609329,115.05
1183,457,232,1,2025-06-19 16:25:11.055276,367.66
1184,825,170,2,2025-03-01 11:37:56.622687,273.84
1185,662,460,9,2025-06-21 20:01:29.525104,1339.29
1186,944,307,9,2025-03-30 19:06:25.647562,1222.56
1187,667,460,4,2025-09-07 10:58:14.856143,595.24
1188,90,386,2,2025-03-11 21:43:51.423038,300.88
1189,111,456,8,2025-05-27 09:43:39.020996,3860.4
1190,364,120,6,2025-09-15 09:57:15.986059,1912.44
1191,438,303,8,2024-12-26 12:13:48.048050,3667.52
1192,141,21,8,2025-11-05 06:00:18.476538,1467.44
1193,34,143,4,2024-12-05 12:40:17.591358,488.08
1194,187,105,9,2025-08-29 17:30:38.864908,1288.44
1195,216,227,2,2024-11-11 12:16:59.138823,702.3
1196,627,223,2,2025-02-06 05:15:19.497715,580.2
1197,149,204,5,2025-07-09 08:17:15.562578,1101.85
1198,601,33,9,2025-04-22 07:53:09.979756,3890.07
1199,557,221,1,2025-02-21 08:31:45.776026,13.52
1200,784,356,2,2024-12-21 23:57:00.048917,143.92
1201,359,371,5,2024-11-27 21:47:23.655040,1399.0
1202,827,119,1,2025-07-23 05:38:34.557254,352.38
1203,680,161,3,2025-04-25 02:49:35.852414,885.6
1204,268,34,1,2025-03-07 12:46:41.445427,21.36
1205,21,133,6,2025-01-15 20:13:15.561246,2787.54
1206,852,285,5,2024-12-09 08:46:11.983595,725.65
1207,571,483,8,2025-10-05 21:22:09.190447,723.2
1208,202,240,5,2025-03-14 00:18:29.570443,1169.0
1209,868,287,4,2025-03-01 18:49:50.161030,146.08
1210,149,477,5,2025-05-25 05:17:26.570464,714.15
1211,986,351,2,2025-07-05 02:17:09.910214,157.14
1212,537,29,5,2025-09-06 07:27:56.183074,2439.5
1213,989,485,9,2025-08-25 15:24:54.650159,1380.6
1214,165,444,8,2025-08-02 20:28:20.949312,1208.8
1215,534,215,6,2025-02-17 00:22:03.947285,250.26
1216,708,458,8,2025-08-03 16:09:50.750437,1716.64
1217,93,254,6,2025-03-26 23:22:26.225695,496.62
1218,195,38,7,2025-03-01 17:58:14.659220,1248.59
1219,207,86,2,2025-06-15 02:52:14.437621,807.46
1220,278,435,7,2024-12-17 13:23:26.841702,301.14
1221,93,408,4,2025-02-24 14:49:52.980302,284.6
1222,605,321,5,2025-05-01 11:41:06.354819,760.2
1223,386,287,2,2025-07-04 19:12:40.654468,73.04
1224,743,129,6,2025-09-13 09:44:01.676438,306.0
1225,355,91,3,2025-10-03 07:29:44.499897,590.61
1226,293,353,2,2025-02-22 15:38:33.752808,114.34
1227,219,419,2,2025-08-12 23:03:08.057463,901.42
1228,663,406,9,2025-08-06 03:17:14.071250,3755.07
1229,958,49,8,2025-01-06 02:52:37.459756,3488.48
1230,556,135,4,2024-11-19 05:44:05.505618,772.84
1231,43,81,2,2025-07-24 01:16:28.650431,100.28
1232,903,281,6,2025-08-22 01:03:34.319731,1012.5
1233,893,362,9,2025-03-09 08:55:26.061042,476.46
1234,234,74,3,2025-07-08 00:04:55.569337,1184.49
1235,45,125,1,2024-11-07 04:50:29.626416,322.07
1236,113,465,4,2025-02-01 21:55:48.735844,796.0
1237,99,194,8,2025-01-22 03:51:20.012558,920.48
1238,978,306,7,2025-03-09 16:01:16.574550,1981.07
1239,884,120,4,2025-02-28 09:16:28.848814,1274.96
1240,614,499,5,2024-11-08 16:46:27.870256,1075.2
1241,930,295,2,2025-05-30 04:18:44.273662,750.54
1242,685,279,3,2025-08-12 16:48:19.615666,673.35
1243,245,455,5,2025-05-27 18:29:01.465885,165.95
1244,197,112,1,2025-04-09 02:04:06.170349,428.42
1245,232,215,3,2025-09-08 01:45:24.560959,125.13
1246,445,53,9,2025-04-12 15:56:29.424958,1163.61
1247,614,46,7,2025-01-21 16:30:31.993647,138.04
1248,674,20,8,2025-02-17 00:56:03.014341,249.92
1249,594,295,4,2025-03-29 04:03:09.404913,1501.08
1250,562,468,3,2025-05-22 10:57:09.995177,548.19
1251,911,202,7,2025-07-22 13:43:37.259305,1755.67
1252,198,348,7,2025-11-03 19:02:04.685984,1248.17
1253,268,495,5,2025-09-19 06:19:20.971981,444.15
1254,49,85,4,2025-05-16 17:09:12.740215,1985.0
1255,379,450,5,2024-12-28 10:05:19.422355,1063.0
1256,438,483,5,2025-08-29 22:02:02.710308,452.0
1257,335,369,5,2024-11-10 09:59:59.242069,838.0
1258,78,2,2,2025-04-28 14:42:30.014176,930.62
1259,302,42,9,2025-02-10 16:27:51.093596,2953.35
1260,374,187,5,2025-07-29 06:45:27.732463,2035.7
1261,144,162,8,2025-07-06 22:27:11.519241,1553.12
1262,530,231,3,2025-03-30 06:30:33.231337,1310.46
1263,741,52,6,2025-04-12 07:45:56.876642,2178.12
1264,183,46,5,2024-12-06 20:50:41.957639,98.6
1265,690,354,9,2024-12-25 20:56:34.131787,1390.14
1266,587,240,6,2025-05-16 08:06:33.498436,1402.8
1267,522,150,9,2025-05-10 10:32:24.844882,3816.18
1268,114,470,8,2024-12-25 05:29:35.014554,973.44
1269,72,39,7,2024-12-15 04:53:51.782221,2959.81
1270,620,388,1,2025-03-31 16:08:58.661520,446.58
1271,543,321,4,2025-06-08 08:23:24.662296,608.16
1272,98,362,3,2025-01-23 07:34:08.770072,158.82
1273,895,260,7,2025-01-09 02:59:44.155363,3445.19
1274,108,198,3,2025-04-26 11:28:52.554669,198.87
1275,429,161,7,2025-10-16 00:01:42.692559,2066.4
1276,974,233,2,2025-03-11 07:39:59.133125,517.24
1277,892,144,3,2025-09-05 14:47:54.347116,567.15
1278,176,175,4,2025-03-04 21:18:58.888998,1494.16
1279,105,15,1,2025-01-21 18:28:10.143960,262.73
1280,19,349,5,2025-06-01 15:06:27.848190,1891.5
1281,222,269,5,2024-11-18 20:23:55.608263,604.45
1282,135,428,8,2025-06-15 16:40:37.296624,1291.84
1283,521,276,6,2025-04-29 07:21:06.340028,2640.0
1284,457,51,6,2025-08-14 14:40:08.124610,1584.96
1285,343,439,9,2024-11-20 22:41:35.193474,2900.88
1286,467,389,5,2024-11-07 00:49:58.481092,2046.4
1287,909,245,9,2025-08-26 07:33:15.448979,3138.21
1288,146,99,7,2025-07-10 06:06:28.930901,1541.82
1289,67,83,8,2025-08-08 10:48:13.510601,424.4
1290,264,443,8,2025-05-05 14:05:14.781581,2717.6
1291,675,406,3,2025-02-14 18:11:52.530403,1251.69
1292,493,37,3,2025-04-14 01:11:28.315751,979.83
1293,526,291,1,2025-03-03 06:08:25.816650,220.07
1294,474,321,9,2025-08-03 12:07:02.629348,1368.36
1295,579,478,4,2025-01-06 00:20:08.186137,488.12
1296,568,238,4,2024-12-17 05:50:34.274888,1358.12
1297,291,437,7,2025-10-14 18:23:15.552046,590.31
1298,725,456,2,2025-07-22 23:27:34.450753,965.1
1299,807,424,4,2025-01-31 09:06:11.640467,335.6
1300,963,453,4,2025-10-25 19:01:35.556158,490.0
1301,54,123,1,2025-03-05 16:34:53.577778,134.79
1302,813,224,6,2025-07-05 14:11:20.608866,1109.04
1303,30,370,4,2025-04-10 18:47:55.657461,648.64
1304,240,92,5,2025-07-10 15:55:51.725177,1810.0
1305,507,323,1,2025-07-01 09:41:44.557290,150.17
1306,481,460,8,2025-03-04 02:27:53.420952,1190.48
1307,485,407,2,2025-04-04 19:31:51.527873,672.68
1308,61,162,6,2025-06-04 13:43:48.638803,1164.84
1309,829,250,2,2025-02-08 23:32:49.289884,434.38
1310,641,463,9,2025-03-31 12:13:40.888026,1175.04
1311,342,202,5,2025-05-02 09:25:45.502845,1254.05
1312,149,308,3,2024-12-17 07:39:02.957284,370.38
1313,978,253,7,2025-03-26 00:42:41.959383,2400.37
1314,96,6,1,2025-05-21 19:22:05.116873,459.41
1315,868,386,1,2025-05-28 08:29:55.839348,150.44
1316,628,448,4,2025-09-04 07:49:20.258333,1379.52
1317,789,173,8,2025-07-17 12:25:35.620980,841.6
1318,225,421,6,2025-08-05 12:57:57.385436,2423.1
1319,393,292,3,2025-07-19 10:29:58.386654,590.19
1320,747,227,3,2025-07-01 15:22:21.203150,1053.45
1321,795,499,3,2025-10-16 15:43:14.848155,645.12
1322,20,445,5,2025-02-13 20:07:22.919640,944.4
1323,29,254,1,2025-08-05 10:29:58.212782,82.77
1324,776,229,4,2025-04-26 03:38:46.140585,1811.48
1325,230,405,3,2025-04-05 06:05:43.153963,151.32
1326,642,180,8,2025-07-02 15:14:42.315402,85.12
1327,874,181,7,2024-12-31 06:05:27.966832,2466.17
1328,4,319,6,2025-08-25 00:08:12.637841,2649.42
1329,433,198,6,2025-01-18 18:13:46.418021,397.74
1330,542,397,7,2024-12-12 17:24:25.716959,2399.53
1331,275,70,4,2025-02-09 21:10:22.257961,784.68
1332,969,181,7,2025-09-27 20:06:56.312438,2466.17
1333,580,350,3,2025-04-26 08:04:23.660550,618.66
1334,33,130,6,2025-03-18 18:27:20.159527,1975.44
1335,834,42,9,2025-10-07 12:55:53.444070,2953.35
1336,580,117,4,2025-02-19 01:10:50.042423,88.64
1337,725,249,5,2025-06-26 19:17:23.041456,1424.1
1338,960,349,5,2025-01-04 05:18:57.818956,1891.5
1339,44,220,8,2025-05-12 23:34:06.500033,3727.6
1340,426,234,1,2025-11-03 19:50:27.084683,214.59
1341,101,200,1,2025-06-15 23:36:05.641050,302.1
1342,459,344,4,2025-04-24 03:38:47.361803,853.2
1343,42,452,2,2025-09-10 04:09:22.056821,656.0
1344,361,213,4,2025-08-24 17:52:33.641540,1748.04
1345,103,343,8,2025-08-21 11:47:09.527652,3922.96
1346,448,64,8,2025-05-20 10:58:46.670660,889.44
1347,647,447,8,2025-08-27 05:46:54.671349,2555.2
1348,157,417,6,2025-07-08 03:47:01.657430,1047.6
1349,958,266,3,2025-04-06 13:59:58.014572,781.59
1350,116,30,8,2025-01-05 09:08:13.587900,638.08
1351,207,32,8,2024-12-02 16:43:17.470364,712.32
1352,584,294,3,2025-02-20 16:43:29.771731,906.66
1353,25,386,5,2025-05-31 12:19:33.816670,752.2
1354,391,446,1,2024-12-17 15:27:52.033729,388.75
1355,804,227,4,2025-07-24 06:58:20.587315,1404.6
1356,29,271,6,2024-12-13 23:09:59.157105,1700.28
1357,477,294,9,2025-04-04 14:23:09.384209,2719.98
1358,330,474,7,2025-09-10 18:19:58.572185,2637.74
1359,591,12,1,2025-01-18 14:57:30.993073,339.07
1360,836,220,8,2025-10-10 21:36:59.006707,3727.6
1361,169,313,9,2025-04-18 17:29:01.562420,1023.21
1362,963,36,3,2025-01-12 20:37:07.417743,1184.49
1363,245,471,4,2025-08-09 19:31:38.513817,606.36
1364,512,489,1,2025-04-12 01:31:40.635827,15.38
1365,830,126,8,2025-02-10 03:09:48.503740,2058.72
1366,309,354,4,2024-12-30 11:11:56.482223,617.84
1367,439,112,1,2025-08-28 20:17:12.092551,428.42
1368,515,14,8,2025-03-18 04:35:18.151911,1954.88
1369,744,470,3,2025-04-25 17:45:30.148914,365.04
1370,555,148,2,2025-04-17 09:42:07.705980,417.24
1371,960,69,2,2025-03-04 02:39:46.454613,869.24
1372,612,108,7,2025-02-15 15:49:55.292271,226.94
1373,936,304,9,2025-02-05 16:38:32.355706,2834.55
1374,640,373,3,2025-05-11 13:03:06.196692,1247.97
1375,836,272,4,2024-11-15 00:55:19.760099,506.68
1376,505,242,9,2025-02-17 14:11:10.541403,1446.03
1377,441,241,6,2024-11-10 01:23:39.468920,464.04
1378,397,135,4,2025-03-14 16:26:43.598090,772.84
1379,867,253,8,2025-03-11 00:57:05.333795,2743.28
1380,478,34,3,2025-03-17 16:22:41.661188,64.08
1381,102,132,3,2025-09-27 21:47:42.809381,511.35
1382,366,326,9,2025-06-27 01:50:00.075351,3922.65
1383,710,233,9,2025-03-15 14:05:01.840747,2327.58
1384,648,69,6,2025-04-01 09:58:36.611615,2607.72
1385,365,223,4,2024-12-14 06:43:04.212811,1160.4
1386,968,346,3,2025-03-02 08:25:33.565670,546.84
1387,878,396,9,2024-12-19 22:40:26.820334,4398.93
1388,642,434,2,2025-07-04 08:28:50.033914,33.64
1389,274,246,1,2025-07-07 07:20:07.017565,43.51
1390,691,269,7,2025-09-14 04:35:28.221289,846.23
1391,74,414,5,2024-12-28 01:50:00.684198,818.05
1392,941,444,6,2025-11-04 19:38:33.280682,906.6
1393,605,441,1,2025-05-09 09:21:49.095532,494.63
1394,659,471,2,2025-03-02 04:06:18.858804,303.18
1395,703,95,2,2025-09-11 21:21:53.931076,872.12
1396,366,335,2,2025-03-27 00:59:40.650080,239.18
1397,817,367,2,2025-10-11 16:38:34.853866,354.7
1398,584,496,3,2025-08-12 01:13:19.408069,756.39
1399,291,165,2,2025-01-25 09:26:00.313179,49.1
1400,382,3,9,2025-03-28 17:54:57.712734,3203.82
1401,73,19,1,2025-03-27 17:55:21.882250,248.08
1402,121,455,1,2025-01-26 12:36:07.232131,33.19
1403,202,420,5,2025-08-10 05:29:46.809420,281.4
1404,894,469,7,2025-04-11 07:18:05.808056,3055.99
1405,182,203,4,2025-04-05 07:51:12.216073,815.24
1406,408,415,8,2025-08-08 14:08:28.792086,1921.84
1407,800,401,4,2025-06-25 03:46:15.801999,888.04
1408,766,449,8,2025-06-22 09:11:59.577645,1042.16
1409,742,494,5,2025-03-21 12:02:08.060415,1573.8
1410,646,22,3,2025-05-02 03:36:55.938338,177.78
1411,479,335,1,2025-07-15 01:21:41.345684,119.59
1412,601,436,9,2025-03-14 05:27:56.736273,1286.1
1413,417,82,3,2025-03-12 01:38:05.369223,1085.73
1414,544,337,3,2025-08-28 18:56:29.253220,1348.02
1415,799,362,3,2024-11-30 23:32:37.238998,158.82
1416,309,473,6,2025-05-29 05:57:04.695475,2783.58
1417,304,297,2,2025-09-26 21:28:01.120292,54.08
1418,234,11,3,2025-03-18 21:03:56.304893,382.26
1419,923,336,5,2024-11-19 02:04:48.328800,1764.5
1420,867,2,8,2025-09-05 09:20:59.182811,3722.48
1421,28,295,6,2024-11-28 19:57:23.749936,2251.62
1422,239,231,3,2025-09-21 23:14:12.994789,1310.46
1423,476,33,4,2024-12-21 21:45:57.878765,1728.92
1424,463,142,8,2025-04-11 05:27:08.114755,2908.08
1425,362,381,7,2025-07-06 04:05:43.960794,108.64
1426,991,302,7,2024-11-18 02:10:05.635385,3493.98
1427,430,245,2,2025-08-13 05:41:16.906105,697.38
1428,543,463,2,2025-01-08 06:18:35.348706,261.12
1429,326,491,4,2025-06-24 20:16:20.480598,398.0
1430,353,245,8,2025-01-22 13:26:44.932905,2789.52
1431,107,212,4,2025-08-18 19:51:04.130321,669.0
1432,366,326,9,2024-11-12 07:58:18.822660,3922.65
1433,205,16,5,2025-07-13 15:23:11.778684,933.85
1434,694,134,7,2025-01-31 07:22:04.730413,859.11
1435,251,388,4,2024-11-14 02:59:50.134132,1786.32
1436,687,462,2,2025-08-14 19:47:57.141898,736.58
1437,949,58,4,2025-07-18 22:33:19.160475,661.24
1438,930,391,4,2025-03-27 06:18:32.651409,446.68
1439,738,443,8,2025-10-14 14:17:40.370882,2717.6
1440,290,395,6,2025-08-22 00:44:31.028336,556.08
1441,603,233,4,2025-06-13 22:52:06.395022,1034.48
1442,474,200,9,2025-06-11 09:06:55.326389,2718.9
1443,982,224,5,2025-05-07 19:44:20.229522,924.2
1444,836,483,9,2024-11-06 22:49:52.009223,813.6
1445,949,4,4,2024-12-26 08:28:03.174764,1174.92
1446,222,83,6,2024-11-15 15:57:59.909065,318.3
1447,30,482,5,2025-06-17 21:48:57.434558,741.1
1448,811,261,8,2025-05-20 13:45:50.337107,629.12
1449,470,263,5,2025-07-31 17:08:51.528579,145.3
1450,510,296,3,2025-02-01 07:07:10.876146,118.02
1451,773,423,1,2025-10-18 00:27:09.824265,213.13
1452,31,83,1,2025-02-05 06:31:07.820907,53.05
1453,786,102,3,2025-04-04 02:28:13.015218,1152.18
1454,457,448,7,2025-02-22 08:00:48.581154,2414.16
1455,877,366,9,2024-11-27 08:46:19.988631,1714.23
1456,94,219,3,2024-11-27 01:37:03.049351,361.65
1457,142,332,3,2025-10-25 07:32:35.561822,1314.81
1458,845,197,6,2025-04-21 02:40:32.630884,2253.3
1459,468,446,7,2025-05-25 06:54:41.686049,2721.25
1460,747,298,9,2024-12-22 03:21:36.910931,1693.35
1461,321,439,4,2025-10-11 03:45:35.317659,1289.28
1462,172,136,2,2024-11-13 04:14:14.730725,866.78
1463,575,25,1,2025-07-18 09:17:10.762072,142.46
1464,391,122,4,2025-10-30 02:16:46.216194,204.24
1465,953,74,7,2025-06-03 04:48:23.349382,2763.81
1466,399,167,3,2025-08-23 05:32:43.915731,840.75
1467,824,314,3,2025-03-04 11:05:09.729620,1191.63
1468,254,28,7,2025-03-26 12:07:40.486013,418.39
1469,549,360,8,2024-12-06 16:30:18.489664,283.92
1470,484,113,6,2025-02-24 05:20:35.874695,462.24
1471,182,364,6,2025-05-17 09:40:41.005118,2942.94
1472,838,477,1,2025-07-15 20:41:33.850732,142.83
1473,17,215,9,2025-01-09 23:06:17.065040,375.39
1474,382,178,1,2025-05-02 19:23:19.501923,196.89
1475,663,23,6,2025-02-23 20:07:31.017956,1906.08
1476,283,118,2,2025-04-19 06:22:53.591602,329.52
1477,389,3,9,2025-07-28 07:42:53.937121,3203.82
1478,585,41,8,2025-10-11 22:19:40.725824,2313.44
1479,138,376,1,2025-02-17 09:40:11.297314,256.22
1480,957,262,1,2025-02-02 15:03:43.738828,212.45
1481,323,493,4,2024-11-08 15:59:59.283673,220.08
1482,872,241,1,2025-01-25 16:42:00.720662,77.34
1483,272,470,5,2025-02-28 02:20:03.354095,608.4
1484,113,129,5,2025-09-19 17:59:58.023552,255.0
1485,319,403,1,2025-06-13 05:39:42.230826,37.06
1486,47,242,8,2025-08-21 18:39:25.809646,1285.36
1487,872,181,6,2025-05-14 00:01:46.918209,2113.86
1488,634,350,9,2025-04-16 16:45:32.493666,1855.98
1489,762,416,9,2025-02-13 07:58:31.289268,3050.73
1490,586,430,1,2025-09-01 16:09:29.891744,314.47
1491,168,384,7,2025-06-19 17:07:12.248822,1871.59
1492,512,321,3,2025-10-18 21:14:16.841031,456.12
1493,937,367,3,2025-06-03 02:42:44.468428,532.05
1494,597,199,5,2025-04-14 00:01:27.244912,103.9
1495,787,359,9,2025-01-13 19:12:38.358667,2843.1
1496,523,96,2,2025-08-13 17:27:18.031782,503.26
1497,30,39,8,2025-03-04 10:23:10.672447,3382.64
1498,746,166,7,2025-09-10 20:50:29.624733,3173.45
1499,773,448,2,2025-08-09 09:22:22.864182,689.76
1500,182,186,3,2025-04-13 07:06:38.054429,1245.06
1501,81,36,3,2025-09-23 20:50:05.528620,1184.49
1502,903,87,4,2025-06-23 02:38:13.724334,1290.72
1503,82,138,6,2025-03-05 03:16:04.241312,695.76
1504,232,111,7,2025-02-12 07:45:50.494406,2654.26
1505,912,13,3,2025-06-23 22:50:16.670985,204.9
1506,56,27,6,2025-06-21 11:25:02.539428,2160.96
1507,481,113,5,2025-01-29 17:07:10.748460,385.2
1508,873,347,6,2025-08-04 23:33:46.264971,706.5
1509,5,368,2,2025-09-08 00:27:15.006439,625.88
1510,541,284,9,2025-06-14 12:28:26.986892,3010.77
1511,332,187,8,2025-06-10 17:21:27.171895,3257.12
1512,879,43,6,2025-07-20 09:03:09.559453,2460.18
1513,687,266,1,2025-06-25 01:15:31.600135,260.53
1514,663,48,7,2025-02-11 10:41:21.356124,633.43
1515,787,359,9,2025-05-03 04:40:52.578314,2843.1
1516,382,323,6,2025-10-19 23:59:31.608748,901.02
1517,132,479,3,2025-10-30 21:42:30.881492,1284.24
1518,543,108,5,2025-05-20 10:21:43.744393,162.1
1519,480,75,9,2025-06-04 20:18:12.951672,4063.86
1520,267,38,4,2025-06-29 18:31:37.378093,713.48
1521,172,340,1,2025-06-16 12:01:08.580228,318.27
1522,996,404,5,2025-03-17 04:06:33.270264,2163.15
1523,346,291,6,2025-08-19 15:35:00.552199,1320.42
1524,944,13,8,2025-03-28 13:29:53.178694,546.4
1525,370,106,5,2024-11-20 06:48:43.183210,1428.25
1526,583,422,5,2025-08-01 17:07:53.620461,1695.2
1527,264,354,1,2025-08-26 18:43:57.016900,154.46
1528,189,227,5,2024-12-16 09:51:27.587433,1755.75
1529,292,185,7,2025-06-13 04:13:07.518289,952.07
1530,369,76,3,2025-10-03 03:46:59.521097,1316.67
1531,894,96,8,2024-11-10 00:07:14.191982,2013.04
1532,853,469,9,2025-04-30 09:38:42.783035,3929.13
1533,335,167,7,2025-09-22 05:32:48.623239,1961.75
1534,310,57,4,2025-05-10 15:45:22.475820,1603.08
1535,341,108,2,2024-12-27 03:20:51.740028,64.84
1536,456,485,2,2025-02-21 07:54:37.903476,306.8
1537,451,260,6,2025-04-15 19:25:09.207780,2953.02
1538,309,90,5,2025-02-19 16:48:36.805946,819.4
1539,335,34,5,2025-10-13 05:37:06.529914,106.8
1540,62,85,3,2025-09-03 10:10:56.464602,1488.75
1541,673,245,8,2025-04-29 10:49:41.449016,2789.52
1542,448,473,5,2024-12-31 16:34:05.762578,2319.65
1543,924,88,6,2025-01-20 09:58:35.801497,2211.3
1544,969,306,7,2025-04-27 18:11:58.044355,1981.07
1545,852,98,4,2025-03-27 12:19:49.209476,507.4
1546,687,98,7,2024-11-11 16:06:12.637694,887.95
1547,78,100,7,2024-12-26 15:32:54.011260,1397.34
1548,563,41,2,2025-03-17 15:38:49.501926,578.36
1549,961,84,4,2025-07-21 16:45:55.776905,1864.16
1550,692,203,3,2025-04-23 23:42:18.733933,611.43
1551,217,248,3,2025-08-13 02:38:32.596628,138.21
1552,951,175,2,2025-03-13 11:59:01.936681,747.08
1553,431,431,3,2025-02-12 21:37:05.393577,367.71
1554,936,132,8,2025-07-28 00:58:49.988024,1363.6
1555,449,255,2,2025-07-10 01:09:52.550563,715.68
1556,199,166,4,2025-03-20 01:53:29.533046,1813.4
1557,772,392,5,2025-02-16 15:11:16.341658,1593.75
1558,413,271,4,2025-10-22 09:46:08.874391,1133.52
1559,262,234,7,2025-05-20 14:47:22.742921,1502.13
1560,425,247,3,2025-04-27 03:00:42.288862,986.91
1561,963,482,2,2025-08-11 13:22:10.517495,296.44
1562,303,492,5,2025-02-15 18:31:56.866016,592.45
1563,840,19,3,2025-01-29 10:47:58.949412,744.24
1564,647,359,8,2025-02-19 19:53:57.804832,2527.2
1565,472,148,9,2025-10-27 08:33:28.426901,1877.58
1566,732,46,7,2025-10-10 06:33:26.838883,138.04
1567,790,44,8,2025-09-14 14:41:37.959510,1101.68
1568,190,474,5,2025-05-16 05:18:51.891536,1884.1
1569,565,135,2,2024-11-08 05:11:58.082057,386.42
1570,510,420,3,2025-01-11 06:59:24.754157,168.84
1571,685,281,2,2025-01-03 16:10:10.648680,337.5
1572,598,129,8,2025-03-23 21:31:30.598716,408.0
1573,438,463,8,2025-08-22 11:15:56.782326,1044.48
1574,195,35,3,2025-06-03 22:27:14.679573,926.07
1575,372,93,5,2025-07-24 20:09:46.281942,1158.55
1576,285,370,3,2025-08-28 18:04:39.494440,486.48
1577,742,65,4,2024-11-25 04:01:32.816559,1642.4
1578,454,118,3,2025-03-19 07:38:31.379170,494.28
1579,958,477,7,2025-06-21 18:04:30.117712,999.81
1580,792,302,6,2025-10-17 03:05:45.375305,2994.84
1581,743,389,2,2025-09-17 06:41:47.378076,818.56
1582,296,419,4,2025-08-09 01:19:27.971020,1802.84
1583,442,298,1,2025-06-05 03:09:03.466732,188.15
1584,430,266,3,2024-11-26 19:35:22.070693,781.59
1585,577,312,7,2025-10-02 02:28:51.660050,3006.57
1586,542,143,5,2025-06-01 10:32:17.753013,610.1
1587,149,7,5,2025-05-19 18:29:58.099180,725.55
1588,204,296,3,2025-06-11 08:49:40.561379,118.02
1589,590,375,9,2025-07-04 10:51:39.871717,1878.48
1590,217,342,5,2025-01-22 09:39:05.371777,1243.5
1591,220,413,5,2025-11-05 00:33:25.786988,556.85
1592,791,153,9,2025-06-03 12:18:16.989535,4207.95
1593,150,127,8,2025-07-24 08:33:41.599348,694.72
1594,166,307,3,2025-01-21 13:10:30.769652,407.52
1595,843,348,3,2024-12-16 04:19:01.332028,534.93
1596,196,137,6,2025-08-02 22:41:59.275090,668.04
1597,742,127,3,2025-08-29 21:47:36.567993,260.52
1598,472,40,8,2025-03-15 10:38:30.126125,309.2
1599,497,40,7,2025-07-18 14:39:18.599943,270.55
1600,588,162,1,2025-03-06 14:57:48.441179,194.14
1601,334,67,1,2025-05-11 14:30:09.276377,310.95
1602,30,172,6,2025-10-16 06:18:28.074987,123.36
1603,326,426,2,2025-10-11 05:03:15.428883,220.34
1604,353,433,4,2024-11-11 02:24:25.334050,1914.28
1605,601,443,5,2025-04-28 00:18:25.139031,1698.5
1606,956,30,1,2025-06-24 03:44:51.871905,79.76
1607,911,111,3,2025-07-14 14:59:28.013973,1137.54
1608,420,251,9,2025-08-17 06:53:44.478174,328.59
1609,684,461,2,2025-01-26 00:33:13.348018,936.86
1610,64,219,7,2025-06-11 13:15:37.590480,843.85
1611,59,298,7,2025-01-09 16:46:45.468710,1317.05
1612,743,391,9,2025-04-30 01:17:59.912532,1005.03
1613,118,354,8,2025-08-10 10:41:54.648555,1235.68
1614,576,164,8,2025-08-11 02:46:00.687665,1591.36
1615,646,220,1,2024-12-13 08:20:25.508210,465.95
1616,90,422,1,2025-01-03 00:48:42.326728,339.04
1617,53,360,5,2025-02-26 09:12:41.991819,177.45
1618,570,402,1,2025-07-13 02:12:06.978656,444.56
1619,889,172,2,2025-04-24 23:43:47.034767,41.12
1620,344,94,2,2025-07-08 08:21:59.050088,156.7
1621,998,139,3,2025-07-15 20:23:44.039634,1331.7
1622,147,270,9,2025-05-25 08:00:03.310247,2634.93
1623,877,272,7,2025-11-04 09:44:27.494873,886.69
1624,962,108,6,2025-10-31 09:06:27.076443,194.52
1625,108,189,2,2025-11-06 06:40:29.404823,332.64
1626,705,244,8,2024-12-08 16:39:38.485480,679.6
1627,576,201,2,2025-06-18 16:46:09.525229,96.28
1628,408,201,5,2025-07-27 04:41:01.742213,240.7
1629,470,127,3,2025-03-23 00:54:50.740657,260.52
1630,951,427,6,2025-01-30 00:48:44.721795,2632.02
1631,14,186,8,2025-09-25 23:36:38.061571,3320.16
1632,112,184,9,2024-12-24 01:53:29.898831,1804.23
1633,944,232,8,2025-08-30 02:08:44.014246,2941.28
1634,98,223,2,2025-04-14 16:45:03.527977,580.2
1635,379,96,7,2025-08-13 21:54:38.762549,1761.41
1636,356,309,7,2025-08-08 08:46:50.321631,2363.34
1637,898,428,4,2025-08-14 15:22:01.474572,645.92
1638,385,80,5,2025-10-14 23:55:33.422732,751.85
1639,659,228,4,2025-01-24 06:07:43.320817,302.44
1640,7,59,4,2025-09-19 18:44:34.682738,1355.08
1641,912,411,1,2025-04-25 05:15:03.591696,467.91
1642,536,264,3,2025-01-09 19:38:44.058284,133.74
1643,867,33,7,2025-01-21 16:33:28.937104,3025.61
1644,415,299,5,2025-05-11 09:52:22.148886,1405.55
1645,245,471,6,2025-10-16 23:36:36.825775,909.54
1646,63,78,6,2025-01-19 06:47:43.966168,1495.2
1647,657,211,3,2025-09-20 17:51:06.421342,737.67
1648,171,496,2,2025-05-28 14:46:05.427582,504.26
1649,458,186,8,2025-07-12 18:42:40.564814,3320.16
1650,823,428,7,2025-07-21 03:25:33.842436,1130.36
1651,264,481,8,2025-02-21 19:40:44.071433,3304.72
1652,649,118,7,2025-01-23 04:12:51.490057,1153.32
1653,401,312,5,2024-11-14 21:16:10.530520,2147.55
1654,791,55,8,2025-07-16 15:17:07.509488,1249.12
1655,376,129,4,2025-07-12 02:42:42.104874,204.0
1656,934,193,7,2024-12-11 10:35:04.678577,951.58
1657,270,439,6,2025-05-22 12:14:38.137127,1933.92
1658,678,263,3,2024-12-16 04:00:43.521750,87.18
1659,603,406,9,2025-07-30 21:39:05.930324,3755.07
1660,279,219,9,2025-04-13 20:33:27.122110,1084.95
1661,904,497,2,2025-08-29 21:19:15.998190,799.16
1662,467,238,1,2025-09-04 20:34:42.770432,339.53
1663,865,122,5,2025-03-06 13:52:14.571027,255.3
1664,44,439,9,2025-05-20 21:23:54.739773,2900.88
1665,405,382,4,2025-05-31 07:54:22.223065,1298.32
1666,440,243,8,2024-11-20 21:52:46.209561,829.36
1667,868,332,1,2024-11-23 13:35:30.099380,438.27
1668,897,176,6,2025-07-12 17:10:14.286817,1700.04
1669,820,353,2,2024-12-08 06:56:33.599737,114.34
1670,246,186,6,2025-10-20 18:54:38.965985,2490.12
1671,61,103,9,2025-09-20 09:06:17.131189,1856.43
1672,910,441,9,2025-03-23 04:05:30.856421,4451.67
1673,663,48,8,2025-09-19 21:58:34.824999,723.92
1674,544,24,5,2025-02-23 06:41:05.147894,1628.5
1675,663,483,4,2024-12-20 03:30:26.479350,361.6
1676,818,433,6,2025-03-04 08:57:02.259511,2871.42
1677,671,167,8,2025-03-31 09:12:59.746522,2242.0
1678,755,449,1,2025-07-23 23:48:18.605841,130.27
1679,896,442,6,2025-09-28 17:12:59.465859,825.06
1680,86,283,3,2025-10-02 10:06:30.128165,1489.92
1681,761,44,9,2025-02-06 03:11:31.775277,1239.39
1682,429,7,2,2025-03-23 09:06:33.046456,290.22
1683,129,167,3,2025-10-01 13:27:03.574914,840.75
1684,969,294,1,2025-10-15 17:23:31.978991,302.22
1685,88,135,7,2025-05-09 13:07:07.585467,1352.47
1686,839,167,8,2025-01-05 11:05:36.167567,2242.0
1687,838,245,6,2025-02-19 03:13:17.402683,2092.14
1688,182,462,1,2025-04-13 15:34:50.495107,368.29
1689,495,372,9,2025-05-30 11:24:27.083492,2670.3
1690,678,152,9,2025-09-17 22:02:54.004181,2701.62
1691,939,72,6,2025-11-06 11:06:28.669515,1097.1
1692,259,422,3,2025-09-10 16:49:52.375495,1017.12
1693,132,284,3,2025-09-22 06:53:31.006020,1003.59
1694,466,488,4,2025-07-24 13:15:17.322340,1217.32
1695,227,186,9,2025-09-07 11:01:04.410411,3735.18
1696,970,20,6,2024-11-09 02:06:24.849215,187.44
1697,321,394,4,2025-02-28 15:46:59.643564,1505.4
1698,346,492,7,2025-06-14 11:51:47.364962,829.43
1699,810,269,5,2024-12-28 04:48:34.001533,604.45
1700,131,78,2,2025-01-08 02:33:24.707084,498.4
1701,183,26,7,2024-12-31 12:01:16.608135,1396.08
1702,645,283,2,2025-03-06 14:17:42.608393,993.28
1703,98,472,7,2025-05-31 11:27:21.099234,2578.94
1704,805,381,1,2025-07-18 22:05:17.863064,15.52
1705,354,335,8,2025-01-31 08:34:30.581463,956.72
1706,962,401,7,2025-07-02 07:00:36.955567,1554.07
1707,990,496,4,2025-08-18 20:59:38.755424,1008.52
1708,220,429,3,2025-01-10 17:42:38.351213,56.37
1709,827,8,4,2025-06-05 00:29:05.236933,1425.24
1710,308,171,4,2025-03-13 20:54:04.635072,594.56
1711,460,201,6,2025-08-24 08:40:09.383364,288.84
1712,28,307,5,2025-07-21 16:19:26.443202,679.2
1713,880,335,3,2025-08-12 05:00:48.831077,358.77
1714,523,361,6,2025-09-16 10:55:28.166660,198.12
1715,916,148,1,2025-02-15 12:11:48.812103,208.62
1716,812,77,3,2025-11-01 03:54:01.284352,948.33
1717,510,484,3,2025-09-26 11:11:45.937379,1223.1
1718,943,436,3,2025-04-15 16:16:43.568236,428.7
1719,660,410,2,2025-10-04 07:34:22.982296,459.38
1720,86,54,9,2024-12-21 19:25:10.887433,3307.32
1721,352,49,5,2025-01-14 18:18:57.615483,2180.3
1722,695,26,6,2025-05-06 02:59:25.196195,1196.64
1723,284,44,3,2025-08-04 14:44:09.251112,413.13
1724,983,30,7,2025-08-25 06:36:04.826977,558.32
1725,391,87,4,2024-12-11 17:10:32.099275,1290.72
1726,48,309,1,2025-11-05 05:48:40.401410,337.62
1727,259,364,1,2025-02-03 09:59:52.642233,490.49
1728,754,110,9,2025-02-18 16:33:55.086083,2372.22
1729,812,343,5,2025-03-20 15:49:55.998801,2451.85
1730,660,424,4,2025-02-01 09:14:23.521349,335.6
1731,100,71,8,2025-06-03 01:04:26.471583,2842.8
1732,82,391,9,2025-04-26 15:24:08.836483,1005.03
1733,750,476,2,2025-09-13 12:36:37.532098,737.64
1734,371,302,3,2025-10-05 23:32:24.299494,1497.42
1735,366,339,1,2025-08-19 04:40:09.382738,304.0
1736,191,75,6,2025-07-22 09:23:25.876590,2709.24
1737,325,144,4,2024-12-22 01:01:14.623652,756.2
1738,623,189,2,2024-11-26 05:24:07.390452,332.64
1739,586,247,8,2025-09-21 19:29:08.328093,2631.76
1740,371,498,4,2025-09-19 01:27:09.234312,433.96
1741,336,225,9,2025-01-27 22:44:20.622355,2009.61
1742,398,217,1,2025-01-10 18:02:14.553327,168.68
1743,824,62,7,2025-07-24 13:56:43.178094,2017.12
1744,388,337,5,2025-06-18 13:53:20.455834,2246.7
1745,316,375,1,2025-06-02 05:02:13.255773,208.72
1746,836,112,9,2025-06-11 23:13:51.027379,3855.78
1747,371,84,6,2025-04-23 03:29:51.097394,2796.24
1748,455,7,1,2025-05-04 12:28:00.612536,145.11
1749,866,82,3,2025-01-26 21:00:57.976682,1085.73
1750,147,479,5,2025-08-12 18:52:43.233731,2140.4
1751,834,100,4,2025-08-23 05:52:36.234331,798.48
1752,101,407,9,2024-12-06 01:47:54.916790,3027.06
1753,113,244,5,2025-09-25 02:17:42.008754,424.75
1754,199,348,8,2024-11-08 09:03:47.661783,1426.48
1755,484,372,5,2025-05-17 11:46:29.923693,1483.5
1756,938,495,4,2025-07-05 12:23:42.041207,355.32
1757,717,281,2,2025-10-03 03:54:49.727195,337.5
1758,607,8,2,2025-04-06 11:26:24.346574,712.62
1759,161,357,4,2025-05-15 15:03:48.821467,336.8
1760,976,362,3,2025-05-23 08:14:58.765105,158.82
1761,27,453,1,2025-05-23 21:36:22.306807,122.5
1762,955,118,2,2025-09-10 13:13:15.906753,329.52
1763,865,488,6,2025-09-25 10:28:13.445455,1825.98
1764,376,124,2,2025-05-07 03:18:08.554643,583.5
1765,82,439,4,2025-04-14 08:59:39.074540,1289.28
1766,318,434,1,2025-05-05 21:15:32.663278,16.82
1767,643,223,2,2025-10-04 05:26:35.021229,580.2
1768,701,142,9,2025-10-09 08:02:03.054245,3271.59
1769,472,91,9,2025-02-07 23:40:49.803376,1771.83
1770,871,475,7,2024-11-23 09:17:10.960560,684.32
1771,705,118,8,2025-10-17 22:43:33.194987,1318.08
1772,702,304,4,2025-02-09 08:25:05.551496,1259.8
1773,18,208,7,2025-01-15 17:05:16.587296,214.9
1774,188,109,2,2025-06-01 19:27:51.583293,418.84
1775,375,397,2,2025-01-10 15:47:09.152944,685.58
1776,787,348,2,2025-03-07 13:33:51.997072,356.62
1777,903,162,4,2025-03-31 18:20:09.955732,776.56
1778,784,358,7,2025-10-29 02:59:28.073388,914.62
1779,976,44,1,2024-11-10 06:49:33.793101,137.71
1780,977,394,7,2025-07-13 14:01:27.031253,2634.45
1781,495,268,4,2025-05-25 12:38:24.424376,1078.64
1782,759,311,9,2025-06-07 02:05:56.899328,1089.09
1783,165,112,8,2025-09-24 10:11:39.062557,3427.36
1784,629,245,6,2025-05-21 20:48:50.638300,2092.14
1785,576,99,9,2025-01-18 00:55:09.068427,1982.34
1786,10,306,5,2025-10-07 02:09:24.407044,1415.05
1787,127,500,9,2024-11-06 19:45:53.573161,1464.12
1788,931,176,1,2025-08-22 08:19:45.461372,283.34
1789,1,382,6,2025-03-09 18:39:41.893615,1947.48
1790,364,107,5,2025-06-01 05:06:08.043801,487.55
1791,917,172,4,2025-08-04 10:21:15.169359,82.24
1792,226,462,6,2025-02-16 00:47:24.937850,2209.74
1793,943,199,5,2025-05-05 10:17:06.312894,103.9
1794,738,191,9,2025-09-25 11:04:23.736054,3706.02
1795,836,180,6,2025-09-05 07:41:09.996837,63.84
1796,939,413,2,2025-10-07 13:32:40.197331,222.74
1797,837,85,4,2025-07-05 05:54:36.808852,1985.0
1798,330,278,3,2025-06-11 21:16:03.726495,1090.65
1799,106,367,7,2025-05-10 15:31:15.517054,1241.45
1800,570,40,9,2025-04-05 18:42:35.212790,347.85
1801,323,294,6,2025-02-01 17:08:21.160014,1813.32
1802,238,459,4,2025-09-02 06:21:03.281337,855.0
1803,88,287,9,2025-10-10 04:41:09.748187,328.68
1804,316,234,8,2025-07-19 10:52:39.240616,1716.72
1805,308,475,2,2025-05-24 07:29:10.944999,195.52
1806,912,39,7,2025-03-09 19:26:41.786704,2959.81
1807,821,244,7,2025-08-15 22:34:05.963768,594.65
1808,732,13,4,2025-02-21 16:15:45.451485,273.2
1809,125,104,9,2025-03-04 21:24:40.902318,975.15
1810,295,50,4,2025-08-04 13:13:58.515691,627.52
1811,407,353,7,2025-07-13 15:54:32.451329,400.19
1812,654,138,3,2025-06-04 14:37:27.270614,347.88
1813,839,316,1,2024-11-18 16:57:25.665515,278.56
1814,69,309,9,2025-04-23 18:44:02.798141,3038.58
1815,951,304,7,2025-05-05 07:18:57.924900,2204.65
1816,98,220,1,2025-06-19 07:16:17.443272,465.95
1817,458,70,3,2025-02-22 16:34:02.159640,588.51
1818,164,499,5,2025-05-16 23:08:07.649950,1075.2
1819,141,177,7,2024-11-19 02:37:03.742381,2149.42
1820,142,205,6,2025-09-27 03:44:18.680486,2910.0
1821,379,303,2,2025-05-22 17:20:12.225180,916.88
1822,569,31,8,2025-07-25 23:21:43.988430,381.28
1823,66,253,2,2025-07-10 05:05:58.310754,685.82
1824,203,127,7,2025-10-06 08:53:59.669796,607.88
1825,450,298,7,2025-08-20 21:21:26.678874,1317.05
1826,626,470,3,2025-03-05 16:06:19.214582,365.04
1827,949,476,7,2025-03-29 11:46:12.443477,2581.74
1828,994,313,1,2024-12-02 21:52:31.386108,113.69
1829,622,182,3,2025-09-21 19:05:01.661554,297.93
1830,903,18,7,2025-09-01 23:26:40.953817,2319.66
1831,699,266,6,2024-12-14 04:43:12.081942,1563.18
1832,331,239,7,2024-11-13 05:21:27.829892,2269.96
1833,923,119,4,2025-04-02 17:25:20.905781,1409.52
1834,655,31,4,2025-04-17 00:59:17.740674,190.64
1835,420,358,8,2024-12-25 04:10:49.304312,1045.28
1836,862,207,8,2025-10-03 16:30:11.518126,2585.84
1837,754,300,2,2025-01-17 03:47:29.414796,558.62
1838,790,25,4,2025-02-28 12:05:36.974199,569.84
1839,410,162,2,2025-06-23 02:20:35.483396,388.28
1840,97,162,3,2025-03-23 12:50:37.713212,582.42
1841,56,243,5,2025-09-04 03:30:03.524498,518.35
1842,610,135,2,2024-12-30 14:00:59.326679,386.42
1843,663,461,7,2024-12-20 15:56:49.967005,3279.01
1844,37,211,9,2025-02-08 23:05:16.335194,2213.01
1845,135,203,7,2025-03-20 13:07:13.373550,1426.67
1846,143,69,1,2025-08-02 23:27:25.891117,434.62
1847,762,10,2,2025-08-17 21:06:36.709714,437.86
1848,102,218,6,2025-10-15 19:01:32.473863,1582.68
1849,80,305,6,2025-03-04 09:28:46.612724,1231.98
1850,443,209,9,2025-08-01 23:02:46.852292,4408.2
1851,812,168,5,2024-12-06 11:59:33.683290,1571.25
1852,692,443,5,2025-01-08 06:57:25.982854,1698.5
1853,694,126,9,2025-10-26 02:35:38.218050,2316.06
1854,228,388,5,2024-12-18 00:31:13.766986,2232.9
1855,158,56,8,2025-06-05 20:05:10.446781,1818.0
1856,193,48,8,2025-04-28 18:54:44.466258,723.92
1857,768,53,9,2025-04-24 19:13:59.979690,1163.61
1858,336,190,9,2025-09-27 01:00:13.402674,4421.61
1859,505,293,4,2025-04-27 00:58:48.472070,1445.12
1860,536,229,8,2024-12-24 07:26:23.926422,3622.96
1861,513,456,1,2025-09-14 07:38:06.610142,482.55
1862,298,369,7,2025-01-15 05:15:24.588859,1173.2
1863,878,253,6,2024-12-10 13:55:17.469284,2057.46
1864,490,268,8,2024-12-28 07:33:09.820881,2157.28
1865,167,73,4,2025-02-20 03:52:03.927131,278.6
1866,146,385,8,2024-12-15 14:17:36.662153,3629.36
1867,110,252,1,2024-11-29 09:41:26.091407,13.66
1868,542,243,5,2024-12-02 15:47:41.088963,518.35
1869,842,181,8,2025-06-11 06:31:04.051517,2818.48
1870,982,113,6,2024-12-31 08:26:19.404396,462.24
1871,869,95,6,2024-11-19 16:35:48.186565,2616.36
1872,237,14,7,2025-11-03 19:28:18.886624,1710.52
1873,210,169,3,2025-04-14 01:25:54.324708,1276.83
1874,539,197,1,2025-10-26 16:13:05.939553,375.55
1875,211,40,4,2025-01-30 20:21:17.045531,154.6
1876,769,50,2,2025-05-21 03:10:06.445049,313.76
1877,311,258,2,2025-04-28 14:11:47.057078,526.4
1878,43,280,4,2025-06-05 23:03:30.953798,980.24
1879,980,190,6,2025-05-16 23:21:37.206264,2947.74
1880,22,298,9,2024-12-28 23:29:59.329700,1693.35
1881,625,424,9,2025-09-01 02:39:47.717954,755.1
1882,474,411,6,2025-01-22 18:52:40.345337,2807.46
1883,178,208,9,2025-10-21 00:05:40.561864,276.3
1884,830,358,7,2025-10-12 13:50:46.363131,914.62
1885,294,421,1,2025-02-04 13:14:18.412357,403.85
1886,759,315,9,2025-01-10 18:11:47.876637,207.09
1887,770,223,8,2025-04-20 21:55:42.538161,2320.8
1888,476,434,7,2024-12-08 20:15:53.225848,117.74
1889,291,117,4,2025-06-24 16:52:14.293903,88.64
1890,59,389,9,2025-08-10 16:04:25.136244,3683.52
1891,225,318,8,2025-08-10 04:33:24.568229,2606.96
1892,221,493,1,2025-03-21 22:57:40.742827,55.02
1893,489,80,8,2025-03-20 11:48:43.754700,1202.96
1894,539,348,4,2025-09-23 04:50:59.971214,713.24
1895,208,38,2,2025-04-18 18:51:07.204532,356.74
1896,776,39,3,2025-05-13 10:06:26.097740,1268.49
1897,894,306,4,2025-09-27 09:48:28.011840,1132.04
1898,903,487,6,2025-09-21 08:38:10.220177,2267.46
1899,607,11,8,2025-04-11 05:10:51.442960,1019.36
1900,888,267,9,2025-08-18 21:19:13.206851,1959.93
1901,633,114,6,2025-02-10 14:13:17.560044,839.88
1902,381,231,4,2025-09-15 21:50:33.265209,1747.28
1903,382,88,9,2025-02-10 10:37:04.018114,3316.95
1904,907,8,6,2025-02-02 02:58:59.648716,2137.86
1905,572,133,3,2025-02-12 14:50:29.087357,1393.77
1906,879,137,2,2025-10-17 09:04:36.963211,222.68
1907,690,78,2,2025-04-26 17:01:43.240680,498.4
1908,447,356,6,2025-10-02 08:40:02.757382,431.76
1909,54,52,3,2025-02-21 20:01:45.432576,1089.06
1910,879,82,7,2025-03-28 08:19:37.590920,2533.37
1911,874,309,3,2025-03-20 05:39:24.501956,1012.86
1912,588,446,1,2024-12-22 18:15:14.454103,388.75
1913,655,173,8,2025-07-02 19:12:16.376364,841.6
1914,412,21,5,2024-12-12 15:42:38.313584,917.15
1915,628,303,8,2025-06-15 12:01:18.055576,3667.52
1916,385,431,4,2025-03-14 13:25:45.302340,490.28
1917,267,362,6,2025-09-15 03:19:26.031371,317.64
1918,455,67,1,2025-10-06 18:15:01.843985,310.95
1919,811,453,5,2025-06-22 03:54:25.980159,612.5
1920,478,87,7,2025-09-27 15:27:34.515166,2258.76
1921,533,35,9,2025-02-28 21:10:19.301502,2778.21
1922,273,228,5,2025-04-23 05:25:49.492603,378.05
1923,704,388,2,2025-03-25 06:08:02.855031,893.16
1924,956,243,8,2025-05-05 07:58:53.859359,829.36
1925,482,167,1,2025-05-26 04:18:48.247964,280.25
1926,73,229,7,2025-11-01 15:03:07.797231,3170.09
1927,971,390,5,2025-07-18 23:35:22.042059,264.25
1928,669,408,7,2025-04-06 07:55:28.417542,498.05
1929,855,301,4,2025-09-02 10:11:00.036070,1455.2
1930,12,499,6,2025-06-23 23:36:43.483630,1290.24
1931,463,304,5,2025-01-16 00:28:00.471435,1574.75
1932,507,253,2,2025-02-14 09:08:01.510857,685.82
1933,680,345,5,2025-06-08 19:30:26.972912,360.4
1934,348,285,1,2025-01-29 13:25:52.305444,145.13
1935,774,146,1,2024-11-29 11:08:17.955912,358.76
1936,449,493,1,2025-11-03 23:06:45.266946,55.02
1937,741,170,2,2025-10-30 18:44:35.271378,273.84
1938,818,321,1,2024-12-09 17:52:32.384259,152.04
1939,493,123,8,2025-07-18 07:12:51.937378,1078.32
1940,149,215,5,2025-07-13 05:04:03.201437,208.55
1941,599,147,1,2025-03-18 15:17:26.679911,445.1
1942,182,400,7,2024-11-26 07:49:01.603278,600.81
1943,875,125,5,2025-06-25 00:54:03.335113,1610.35
1944,397,319,9,2025-10-14 11:42:01.720215,3974.13
1945,177,277,2,2025-08-13 00:34:07.188325,837.18
1946,128,373,6,2025-04-04 13:54:36.777833,2495.94
1947,662,92,1,2025-02-16 12:07:35.564201,362.0
1948,959,297,7,2025-06-08 06:47:56.665420,189.28
1949,569,260,3,2025-10-14 12:56:45.498059,1476.51
1950,731,250,7,2025-09-21 08:15:44.151891,1520.33
1951,557,306,8,2025-01-13 03:11:20.158482,2264.08
1952,279,296,6,2025-02-22 17:55:49.969139,236.04
1953,305,247,9,2025-11-04 12:39:16.261519,2960.73
1954,653,275,3,2024-11-19 18:28:49.346035,1122.27
1955,272,110,8,2025-04-01 14:55:17.520786,2108.64
1956,35,45,7,2025-09-12 23:10:26.760820,549.64
1957,12,262,4,2025-02-18 12:29:12.484920,849.8
1958,832,24,9,2025-03-29 23:42:35.961807,2931.3
1959,251,232,8,2025-05-15 05:13:42.945119,2941.28
1960,396,200,9,2025-05-06 23:49:48.321546,2718.9
1961,938,279,1,2024-11-20 00:29:55.644536,224.45
1962,469,162,6,2024-12-26 04:43:18.420858,1164.84
1963,660,25,1,2025-05-29 12:37:56.063743,142.46
1964,181,348,9,2025-10-21 06:36:06.533905,1604.79
1965,142,174,3,2024-11-13 21:31:10.612124,325.92
1966,698,147,8,2025-08-26 06:19:12.915801,3560.8
1967,393,145,3,2025-08-03 00:53:37.114574,36.42
1968,722,494,3,2025-06-13 07:27:49.647930,944.28
1969,398,45,7,2025-09-02 20:53:59.401218,549.64
1970,514,229,8,2025-05-20 09:02:19.581363,3622.96
1971,612,174,3,2025-01-08 23:59:29.917952,325.92
1972,936,33,1,2025-09-16 07:34:56.270181,432.23
1973,518,289,6,2025-03-24 20:51:03.865264,1902.06
1974,772,407,5,2025-03-06 12:10:17.885217,1681.7
1975,98,240,4,2025-09-22 11:48:24.126807,935.2
1976,667,381,7,2025-08-23 21:43:48.799773,108.64
1977,266,153,3,2025-04-04 08:52:56.178894,1402.65
1978,614,286,4,2025-06-30 13:43:09.256256,1929.08
1979,214,53,2,2025-06-02 10:05:48.261866,258.58
1980,676,45,4,2024-11-19 19:40:46.309816,314.08
1981,946,487,5,2025-09-25 19:03:51.859768,1889.55
1982,399,306,1,2025-07-30 04:20:57.319263,283.01
1983,207,252,9,2024-11-19 22:19:39.079546,122.94
1984,192,119,4,2025-07-12 13:59:04.321399,1409.52
1985,893,209,4,2025-08-02 07:49:23.491060,1959.2
1986,107,210,4,2025-07-23 20:32:21.231193,480.04
1987,805,283,3,2025-05-05 09:35:37.624153,1489.92
1988,900,343,2,2025-08-30 08:25:52.573804,980.74
1989,268,161,8,2025-04-22 16:18:11.770151,2361.6
1990,637,3,9,2025-06-05 14:44:08.648104,3203.82
1991,489,378,9,2025-09-29 09:12:36.869810,102.6
1992,625,65,6,2025-06-18 08:44:59.998342,2463.6
1993,490,313,8,2025-07-13 15:26:43.286507,909.52
1994,963,444,3,2025-01-14 15:57:13.476204,453.3
1995,706,352,3,2024-11-12 09:25:18.886898,1260.81
1996,800,169,9,2025-09-03 20:29:26.073399,3830.49
1997,159,146,3,2025-05-19 23:15:13.161018,1076.28
1998,211,187,5,2025-06-16 01:48:02.315310,2035.7
1999,961,31,4,2025-07-03 19:26:13.136730,190.64
2000,737,160,5,2025-09-21 13:59:08.265978,1110.65
2001,901,222,1,2025-07-27 21:23:18.449459,59.44
2002,867,210,8,2025-01-12 17:59:19.149815,960.08
2003,658,292,5,2025-02-11 06:20:11.958632,983.65
2004,604,279,8,2025-04-07 01:12:27.600838,1795.6
2005,981,29,8,2025-09-07 00:35:27.687822,3903.2
2006,184,189,3,2025-10-14 03:22:14.032661,498.96
2007,562,490,4,2025-07-22 16:51:12.077065,535.4
2008,585,102,1,2025-06-17 21:05:09.414825,384.06
2009,930,475,6,2025-10-08 15:17:43.007845,586.56
2010,702,269,6,2025-09-27 02:15:08.857487,725.34
2011,853,166,1,2025-06-21 19:51:10.516216,453.35
2012,768,36,3,2025-04-12 10:03:09.124662,1184.49
2013,126,483,5,2024-11-18 20:29:25.196151,452.0
2014,441,446,1,2025-09-14 12:41:43.149739,388.75
2015,754,102,8,2025-08-15 14:02:03.333365,3072.48
2016,684,241,5,2024-11-28 13:46:18.684885,386.7
2017,169,350,5,2025-07-08 17:42:22.324103,1031.1
2018,490,217,3,2025-07-27 22:01:58.722145,506.04
2019,33,267,2,2025-02-09 17:07:15.266020,435.54
2020,10,13,9,2025-08-06 03:50:10.710787,614.7
2021,581,359,5,2025-11-02 22:29:23.816558,1579.5
2022,187,416,8,2025-10-26 20:29:49.356215,2711.76
2023,402,277,7,2025-05-04 13:01:00.045793,2930.13
2024,851,96,2,2025-10-19 09:22:52.853290,503.26
2025,216,376,6,2025-07-09 06:54:59.153779,1537.32
2026,452,333,5,2025-04-04 16:16:19.089318,1182.55
2027,683,487,1,2025-09-18 16:48:01.206443,377.91
2028,563,61,2,2025-05-30 12:08:11.544322,758.1
2029,141,334,9,2025-01-10 18:47:52.019597,1703.52
2030,416,413,7,2025-01-02 04:32:13.793494,779.59
2031,978,289,7,2025-08-18 04:53:42.608482,2219.07
2032,353,224,8,2025-11-03 14:51:52.599602,1478.72
2033,333,106,3,2025-08-03 23:35:09.156564,856.95
2034,727,56,9,2025-10-25 11:48:02.624536,2045.25
2035,718,109,1,2025-01-29 08:36:35.717882,209.42
2036,177,415,5,2025-02-05 02:37:53.110762,1201.15
2037,722,87,8,2025-05-26 10:20:43.090062,2581.44
2038,87,496,4,2025-02-15 12:58:33.630622,1008.52
2039,692,292,2,2025-05-10 23:11:39.291946,393.46
2040,433,283,7,2025-01-04 01:31:36.886477,3476.48
2041,99,99,7,2025-06-29 15:42:38.018203,1541.82
2042,768,13,5,2025-10-17 07:25:59.237353,341.5
2043,314,141,9,2025-08-03 02:19:03.070905,126.45
2044,709,427,4,2024-11-24 23:36:24.942672,1754.68
2045,329,404,5,2025-01-30 18:04:28.465399,2163.15
2046,527,191,8,2024-12-06 12:33:03.994791,3294.24
2047,370,141,7,2024-11-09 04:05:15.365583,98.35
2048,69,390,1,2024-11-10 16:18:15.501455,52.85
2049,152,179,2,2025-10-23 12:08:41.760715,178.98
2050,749,103,4,2025-06-22 08:25:00.222049,825.08
2051,284,70,1,2025-08-07 03:44:36.482527,196.17
2052,989,10,5,2025-09-21 13:09:38.064320,1094.65
2053,656,203,2,2025-06-08 01:43:23.826754,407.62
2054,221,291,6,2025-10-21 15:36:14.708847,1320.42
2055,565,448,7,2025-03-04 09:55:36.111847,2414.16
2056,108,130,5,2025-07-10 03:58:30.168596,1646.2
2057,598,32,7,2025-07-03 13:38:07.229441,623.28
2058,371,152,5,2025-01-26 11:35:19.490531,1500.9
2059,961,13,9,2025-07-13 15:46:34.297979,614.7
2060,156,416,8,2025-06-29 01:08:32.721681,2711.76
2061,889,195,5,2025-03-23 20:26:24.294548,2351.95
2062,553,57,3,2025-05-19 15:29:38.464682,1202.31
2063,77,117,9,2025-07-20 18:46:11.521195,199.44
2064,515,132,1,2024-12-23 12:03:36.332442,170.45
2065,391,267,9,2025-08-05 12:14:11.990066,1959.93
2066,423,240,6,2024-12-18 20:26:45.673177,1402.8
2067,440,112,3,2025-04-28 15:42:37.677838,1285.26
2068,301,97,5,2025-04-07 12:24:35.845787,520.4
2069,860,398,8,2025-07-15 07:42:32.881539,1339.44
2070,220,77,2,2024-12-05 05:04:17.401115,632.22
2071,80,209,4,2025-03-22 01:54:56.387544,1959.2
2072,969,242,2,2025-11-04 23:37:42.998224,321.34
2073,87,460,7,2025-07-09 19:55:54.251321,1041.67
2074,880,191,3,2025-08-26 19:05:43.132300,1235.34
2075,894,5,2,2024-12-06 00:14:06.515863,526.12
2076,742,244,7,2025-07-18 10:08:44.080223,594.65
2077,137,304,9,2025-09-21 10:27:04.752943,2834.55
2078,458,227,1,2025-02-17 01:52:28.197893,351.15
2079,722,38,8,2025-03-13 03:13:26.417962,1426.96
2080,999,183,8,2025-03-18 17:24:43.285996,2537.92
2081,257,278,3,2024-11-08 01:41:59.902917,1090.65
2082,300,226,2,2025-09-22 04:08:07.259711,365.78
2083,306,408,9,2025-08-10 06:46:14.849939,640.35
2084,800,376,1,2024-12-13 05:41:06.280029,256.22
2085,196,409,6,2025-03-26 09:38:35.896152,209.52
2086,498,212,8,2025-03-31 11:07:03.163469,1338.0
2087,659,498,4,2025-06-17 09:55:07.257374,433.96
2088,41,7,2,2025-08-19 07:53:41.580608,290.22
2089,819,352,1,2025-05-09 18:03:30.289607,420.27
2090,377,458,5,2025-03-23 05:56:35.886961,1072.9
2091,735,59,1,2025-01-11 05:21:24.163369,338.77
2092,591,183,6,2025-09-16 16:25:06.906139,1903.44
2093,662,431,1,2025-04-05 02:49:03.433378,122.57
2094,438,215,6,2025-03-04 18:27:41.572851,250.26
2095,941,63,9,2025-03-18 13:54:59.601621,759.78
2096,932,171,6,2025-06-30 23:20:05.872131,891.84
2097,812,234,9,2025-07-25 14:23:06.198239,1931.31
2098,812,385,8,2025-07-12 10:12:20.247257,3629.36
2099,500,2,5,2025-09-04 08:13:57.942238,2326.55
2100,123,211,3,2025-03-31 08:06:03.501813,737.67
2101,491,44,7,2025-08-08 21:35:39.225201,963.97
2102,645,332,2,2024-12-22 05:25:39.337115,876.54
2103,995,310,2,2025-02-04 03:46:20.191225,741.98
2104,17,449,1,2025-05-20 17:21:17.449169,130.27
2105,138,334,1,2025-07-15 23:19:24.101163,189.28
2106,343,116,5,2025-09-14 09:48:59.410304,2203.85
2107,26,208,1,2025-08-07 00:32:42.968160,30.7
2108,231,275,3,2025-09-09 10:43:25.064875,1122.27
2109,142,114,7,2024-12-29 20:46:51.218335,979.86
2110,377,475,7,2025-03-31 20:49:38.635725,684.32
2111,4,485,9,2025-11-06 21:24:34.745045,1380.6
2112,763,254,3,2025-07-16 23:29:15.461091,248.31
2113,305,141,3,2024-12-01 23:00:33.753842,42.15
2114,770,41,4,2025-07-21 02:13:55.393111,1156.72
2115,194,147,4,2025-08-08 01:06:11.873208,1780.4
2116,629,155,3,2025-02-08 15:17:40.570348,195.03
2117,37,160,5,2025-08-18 00:54:10.335233,1110.65
2118,939,8,3,2024-12-17 02:48:39.792104,1068.93
2119,379,197,7,2025-09-11 08:05:42.321869,2628.85
2120,359,114,3,2025-08-19 23:21:52.770362,419.94
2121,359,181,7,2025-01-23 14:50:21.058656,2466.17
2122,500,75,3,2024-12-22 07:34:11.012332,1354.62
2123,200,239,1,2025-09-11 07:37:32.906424,324.28
2124,904,384,7,2025-10-08 02:05:25.626733,1871.59
2125,950,166,5,2025-04-12 09:39:41.514739,2266.75
2126,594,484,9,2025-01-29 08:21:12.302921,3669.3
2127,384,487,3,2024-12-05 06:11:16.483143,1133.73
2128,111,422,3,2024-11-27 12:32:21.316453,1017.12
2129,968,293,6,2025-05-26 11:56:35.364056,2167.68
2130,784,454,3,2025-04-28 13:19:54.741718,608.88
2131,555,490,8,2025-02-01 07:41:09.051597,1070.8
2132,934,461,3,2025-03-03 13:22:17.036442,1405.29
2133,608,199,4,2025-06-10 04:29:53.534471,83.12
2134,401,189,9,2025-01-24 17:59:45.835350,1496.88
2135,843,473,6,2025-09-20 19:25:26.655739,2783.58
2136,534,4,7,2025-04-08 03:43:19.079158,2056.11
2137,862,370,6,2024-12-20 07:55:06.257030,972.96
2138,551,192,1,2024-12-18 06:10:40.192972,356.98
2139,63,475,4,2025-02-19 21:27:23.043206,391.04
2140,294,5,6,2025-10-21 11:37:21.364613,1578.36
2141,211,195,2,2024-11-13 03:26:57.776200,940.78
2142,20,194,5,2024-11-14 20:04:51.943843,575.3
2143,627,120,3,2025-10-04 03:36:28.939376,956.22
2144,252,145,6,2024-11-10 00:05:01.979743,72.84
2145,838,16,8,2025-04-12 23:16:24.749703,1494.16
2146,722,403,9,2025-02-09 00:53:58.742067,333.54
2147,526,41,9,2025-03-09 03:24:34.153465,2602.62
2148,728,402,1,2025-06-15 12:19:42.862134,444.56
2149,785,202,2,2025-08-15 11:50:57.808102,501.62
2150,568,387,6,2025-06-22 03:42:19.207202,737.16
2151,917,20,7,2025-03-13 03:21:12.848791,218.68
2152,210,7,6,2025-06-09 04:01:20.935434,870.66
2153,177,350,7,2025-04-08 07:13:17.457258,1443.54
2154,380,178,9,2025-10-08 06:14:16.164812,1772.01
2155,36,486,5,2025-09-26 19:42:02.169986,1300.35
2156,393,432,2,2025-02-08 13:26:26.191240,242.96
2157,645,54,1,2025-10-03 14:31:43.212157,367.48
2158,510,407,2,2025-03-13 01:01:30.141903,672.68
2159,802,205,6,2025-05-16 13:01:04.737939,2910.0
2160,418,54,7,2025-08-06 02:02:52.785325,2572.36
2161,920,379,4,2025-02-08 18:34:48.821291,372.96
2162,866,393,6,2025-07-09 17:07:40.228709,383.76
2163,692,302,3,2025-01-15 18:12:53.646603,1497.42
2164,828,14,2,2025-07-17 10:17:54.452991,488.72
2165,302,162,1,2025-05-04 16:08:44.635035,194.14
2166,113,182,6,2025-03-21 00:09:44.617964,595.86
2167,116,81,5,2025-11-01 05:31:32.602535,250.7
2168,960,11,4,2025-07-04 23:53:27.021687,509.68
2169,909,135,4,2025-11-06 05:55:03.499185,772.84
2170,258,192,4,2024-11-30 13:50:30.686417,1427.92
2171,847,168,4,2025-05-09 21:43:12.754725,1257.0
2172,443,318,6,2025-10-23 05:51:45.440264,1955.22
2173,455,175,9,2025-02-20 00:01:31.672022,3361.86
2174,250,111,2,2025-10-03 13:39:02.279455,758.36
2175,755,169,4,2025-04-23 19:52:48.790316,1702.44
2176,439,432,6,2025-06-15 07:52:49.269714,728.88
2177,73,499,3,2024-12-28 11:30:12.067569,645.12
2178,20,56,3,2025-05-21 10:55:19.646007,681.75
2179,206,73,2,2025-09-01 12:01:32.768381,139.3
2180,577,277,1,2025-07-03 12:33:12.310631,418.59
2181,311,331,1,2024-11-07 21:29:05.696732,252.84
2182,18,417,6,2025-10-04 16:21:48.310916,1047.6
2183,594,337,9,2025-03-15 12:12:45.044587,4044.06
2184,315,294,8,2024-11-11 19:06:24.522114,2417.76
2185,918,306,8,2025-03-15 23:11:33.330015,2264.08
2186,356,441,3,2025-08-24 12:28:25.850245,1483.89
2187,94,58,2,2025-06-19 16:07:34.934860,330.62
2188,272,24,8,2025-09-04 21:32:29.841775,2605.6
2189,866,37,7,2024-11-08 21:18:11.261225,2286.27
2190,134,466,1,2025-03-27 11:22:26.967246,444.93
2191,411,464,6,2025-08-21 00:06:49.410533,2882.64
2192,122,329,4,2025-05-31 03:56:42.440918,1032.6
2193,658,93,6,2025-01-06 11:50:45.154966,1390.26
2194,787,307,1,2025-07-27 15:40:57.961917,135.84
2195,404,276,6,2025-03-11 00:26:28.191303,2640.0
2196,494,132,1,2025-03-13 23:26:02.911690,170.45
2197,945,258,4,2025-04-11 10:37:50.329393,1052.8
2198,650,77,1,2025-01-14 03:23:22.237665,316.11
2199,896,257,9,2025-07-27 08:13:45.125516,3021.3
2200,545,410,7,2025-09-27 09:51:38.793339,1607.83
2201,178,178,3,2025-09-17 01:12:25.587602,590.67
2202,309,445,7,2025-01-15 10:11:19.302575,1322.16
2203,89,217,2,2025-07-27 20:37:28.470659,337.36
2204,831,489,9,2025-03-04 05:18:02.976172,138.42
2205,5,437,9,2025-10-29 04:06:07.636245,758.97
2206,428,209,8,2025-04-09 19:41:05.386417,3918.4
2207,616,442,6,2025-07-19 22:13:12.149155,825.06
2208,663,95,9,2025-05-17 10:15:19.518669,3924.54
2209,698,84,5,2025-09-21 23:51:58.009105,2330.2
2210,253,261,4,2024-12-10 20:25:39.951723,314.56
2211,561,483,6,2025-07-25 08:45:20.043701,542.4
2212,824,239,6,2024-12-07 00:05:06.799574,1945.68
2213,311,434,5,2025-07-02 09:16:13.748564,84.1
2214,999,273,8,2025-09-27 13:29:37.276780,203.28
2215,305,365,9,2025-10-08 05:14:40.622372,2872.44
2216,785,450,5,2025-08-15 10:53:38.163464,1063.0
2217,828,327,7,2025-04-22 18:48:49.355659,1040.97
2218,945,389,6,2025-07-07 12:03:56.683925,2455.68
2219,736,431,6,2025-08-09 15:11:03.507381,735.42
2220,996,488,7,2025-08-03 21:12:00.788651,2130.31
2221,87,175,2,2025-04-24 11:40:39.536458,747.08
2222,9,180,4,2025-09-26 07:33:45.948495,42.56
2223,460,64,6,2024-12-01 09:05:45.854490,667.08
2224,478,379,5,2025-03-07 06:15:30.606023,466.2
2225,7,65,7,2025-07-22 20:03:13.088232,2874.2
2226,450,49,1,2025-01-29 18:45:57.975999,436.06
2227,481,82,1,2025-10-14 14:16:23.565928,361.91
2228,979,200,7,2025-07-23 19:49:36.792000,2114.7
2229,615,299,6,2025-11-04 21:10:34.450395,1686.66
2230,954,288,6,2025-01-08 05:40:16.413601,1371.96
2231,879,494,7,2025-09-24 06:16:18.945889,2203.32
2232,675,176,9,2025-03-29 08:42:56.111892,2550.06
2233,175,194,5,2025-10-20 07:39:45.992827,575.3
2234,209,478,1,2024-11-14 20:56:38.460782,122.03
2235,861,345,7,2025-03-16 00:41:50.535301,504.56
2236,157,399,5,2025-06-25 02:02:27.950141,1369.4
2237,285,199,3,2025-08-02 21:02:01.575821,62.34
2238,547,53,2,2025-08-14 22:31:12.354873,258.58
2239,561,303,2,2025-04-20 14:35:40.498486,916.88
2240,560,230,5,2025-08-14 20:21:50.593361,2125.7
2241,440,388,2,2025-04-06 00:45:30.751557,893.16
2242,258,85,1,2025-04-22 05:39:24.300161,496.25
2243,324,330,8,2025-09-28 19:20:29.400079,365.44
2244,899,222,8,2025-03-09 08:03:52.461681,475.52
2245,165,256,8,2025-10-27 04:50:59.059647,389.36
2246,500,348,3,2025-09-29 14:35:01.731316,534.93
2247,334,499,9,2025-03-12 15:28:09.833840,1935.36
2248,514,24,7,2025-06-13 21:02:45.372418,2279.9
2249,243,445,3,2025-09-04 04:47:40.357411,566.64
2250,432,190,2,2025-08-14 06:53:55.849617,982.58
2251,704,334,5,2025-03-21 16:37:45.024708,946.4
2252,755,357,4,2024-12-07 05:25:36.823493,336.8
2253,905,119,8,2025-03-16 17:44:28.299776,2819.04
2254,616,328,9,2025-02-08 12:41:26.882397,1149.75
2255,144,62,9,2025-03-01 07:23:11.014791,2593.44
2256,269,360,6,2025-04-19 16:45:37.083986,212.94
2257,61,183,7,2025-01-17 18:27:52.341051,2220.68
2258,714,443,2,2025-09-12 20:05:25.021464,679.4
2259,518,61,3,2025-02-13 07:31:53.024358,1137.15
2260,754,209,5,2025-01-10 22:02:03.105834,2449.0
2261,92,457,6,2025-05-08 19:15:37.396887,1618.62
2262,688,261,8,2024-11-18 09:41:03.362940,629.12
2263,240,435,8,2025-05-08 18:24:50.627265,344.16
2264,612,266,8,2024-12-21 18:51:13.457646,2084.24
2265,746,474,6,2025-02-17 06:08:29.276583,2260.92
2266,21,97,3,2025-09-19 05:49:57.794047,312.24
2267,223,267,4,2025-10-26 05:33:41.504757,871.08
2268,553,80,4,2025-09-23 08:32:39.572607,601.48
2269,318,277,3,2025-10-23 04:18:23.046922,1255.77
2270,835,363,1,2024-11-20 00:05:50.255404,299.1
2271,449,304,9,2025-06-30 06:12:53.576401,2834.55
2272,104,320,9,2025-02-19 11:09:28.572960,969.48
2273,520,44,9,2025-02-11 23:43:43.361512,1239.39
2274,207,422,2,2025-08-19 20:27:25.551749,678.08
2275,54,269,8,2025-04-17 10:19:18.174759,967.12
2276,97,160,9,2025-09-26 10:00:29.237273,1999.17
2277,214,175,5,2025-05-23 10:48:44.510656,1867.7
2278,719,296,9,2025-02-14 19:35:31.542699,354.06
2279,979,414,4,2025-07-06 04:49:32.042023,654.44
2280,863,247,3,2025-06-02 09:33:44.766268,986.91
2281,718,288,8,2025-03-19 23:05:13.984622,1829.28
2282,933,160,9,2025-09-28 18:38:28.014680,1999.17
2283,955,59,3,2025-04-28 20:03:00.829368,1016.31
2284,176,192,3,2025-08-12 12:26:52.207580,1070.94
2285,795,210,4,2025-09-09 20:39:56.013830,480.04
2286,849,60,7,2024-12-09 14:16:49.052971,2381.19
2287,665,225,8,2025-03-03 04:39:34.093164,1786.32
2288,812,87,4,2024-12-28 23:50:18.667018,1290.72
2289,649,19,2,2025-04-10 03:17:45.757991,496.16
2290,70,14,9,2024-12-17 07:38:43.260701,2199.24
2291,482,149,1,2025-09-08 12:40:18.027600,241.95
2292,151,484,5,2025-01-18 04:11:16.742745,2038.5
2293,838,115,7,2025-08-29 23:14:45.924772,1174.88
2294,81,19,8,2025-01-09 13:15:51.781241,1984.64
2295,172,357,3,2025-06-28 11:35:54.070610,252.6
2296,573,48,4,2025-08-20 14:34:40.427016,361.96
2297,694,195,3,2025-01-27 23:09:35.155984,1411.17
2298,885,350,8,2025-04-09 19:01:08.307788,1649.76
2299,548,204,6,2024-12-27 19:50:47.350969,1322.22
2300,3,14,7,2025-05-21 05:00:19.314251,1710.52
2301,33,290,2,2025-09-07 01:18:13.065170,463.1
2302,373,32,2,2024-12-27 12:45:53.271336,178.08
2303,545,14,2,2024-12-22 16:29:55.076555,488.72
2304,536,28,3,2025-05-12 07:40:14.979981,179.31
2305,164,170,7,2025-06-15 01:55:59.521612,958.44
2306,634,153,2,2025-03-29 03:59:10.879404,935.1
2307,40,448,8,2025-07-11 08:32:13.153602,2759.04
2308,440,251,3,2024-11-20 11:02:45.981373,109.53
2309,282,463,2,2025-10-23 09:23:49.164495,261.12
2310,983,203,8,2025-01-31 01:37:20.593589,1630.48
2311,993,355,6,2025-01-26 01:48:06.733653,1807.8
2312,906,308,7,2025-01-25 22:54:37.523240,864.22
2313,220,493,8,2025-06-02 09:34:57.048717,440.16
2314,113,143,7,2025-11-02 17:27:46.656482,854.14
2315,114,456,3,2025-08-25 21:31:50.140548,1447.65
2316,366,47,7,2025-01-01 02:59:42.005567,1089.2
2317,975,122,8,2025-05-29 08:56:18.346704,408.48
2318,680,275,8,2025-06-16 02:20:52.547636,2992.72
2319,296,281,3,2025-01-11 18:34:01.411560,506.25
2320,850,359,3,2025-10-20 08:53:11.460270,947.7
2321,284,81,8,2024-12-10 21:53:34.397239,401.12
2322,327,277,8,2025-07-25 07:43:01.993002,3348.72
2323,164,114,9,2025-03-22 23:42:46.923034,1259.82
2324,44,187,4,2025-09-26 07:09:31.041389,1628.56
2325,895,392,3,2025-02-04 22:30:50.016045,956.25
2326,750,116,9,2024-12-18 06:20:21.247201,3966.93
2327,825,293,5,2025-07-26 23:36:39.715977,1806.4
2328,336,430,1,2025-03-13 16:20:45.670660,314.47
2329,815,29,9,2025-09-11 09:14:04.686244,4391.1
2330,14,217,9,2025-05-06 15:55:45.747628,1518.12
2331,866,16,6,2025-07-12 05:25:14.396980,1120.62
2332,569,281,8,2025-06-10 12:17:02.805459,1350.0
2333,952,114,4,2025-09-12 02:40:53.100183,559.92
2334,54,213,2,2024-11-11 15:43:18.345417,874.02
2335,871,300,1,2025-02-06 20:02:38.926461,279.31
2336,800,325,5,2025-03-21 22:54:34.990692,2387.5
2337,934,397,5,2025-07-18 21:09:58.110112,1713.95
2338,49,148,7,2024-11-08 08:17:50.593277,1460.34
2339,712,23,9,2025-10-27 21:41:09.573933,2859.12
2340,447,414,8,2025-04-09 00:33:37.345313,1308.88
2341,821,454,3,2025-08-18 02:49:30.157336,608.88
2342,682,279,2,2025-08-31 13:16:07.250690,448.9
2343,159,346,3,2025-08-04 02:34:55.244644,546.84
2344,654,249,3,2025-02-27 04:13:06.307987,854.46
2345,527,436,6,2025-06-22 11:25:39.716942,857.4
2346,55,318,9,2025-07-09 21:39:48.680433,2932.83
2347,562,125,2,2025-11-03 17:56:10.020723,644.14
2348,482,473,2,2025-06-16 06:07:04.112621,927.86
2349,22,184,6,2025-09-20 10:16:36.025816,1202.82
2350,957,386,8,2025-06-24 04:15:28.621685,1203.52
2351,220,315,9,2025-07-21 03:28:35.712909,207.09
2352,419,280,1,2025-04-09 13:26:06.033121,245.06
2353,914,306,2,2025-10-14 06:51:38.375420,566.02
2354,779,313,9,2025-06-24 17:14:21.285963,1023.21
2355,261,150,3,2025-03-10 22:22:52.014079,1272.06
2356,878,364,9,2025-10-03 13:41:00.930016,4414.41
2357,802,177,5,2025-03-07 10:22:47.223684,1535.3
2358,977,45,1,2025-07-27 07:30:45.092214,78.52
2359,784,183,6,2025-02-04 06:34:51.064195,1903.44
2360,149,265,6,2025-07-15 19:51:45.105886,1270.86
2361,394,373,4,2024-11-19 19:01:18.847143,1663.96
2362,650,207,7,2025-10-18 15:29:45.708505,2262.61
2363,913,11,5,2025-10-01 06:12:15.387030,637.1
2364,932,415,7,2025-09-01 16:02:58.861835,1681.61
2365,839,384,8,2025-04-23 13:08:24.694482,2138.96
2366,300,419,4,2025-08-30 04:46:48.794612,1802.84
2367,846,401,8,2025-06-12 02:01:35.007846,1776.08
2368,641,340,1,2025-03-19 06:47:22.621632,318.27
2369,63,330,3,2024-12-07 20:21:39.677943,137.04
2370,301,420,4,2025-04-12 15:43:01.941936,225.12
2371,425,432,4,2025-05-26 22:46:01.400325,485.92
2372,543,483,2,2025-10-15 01:38:44.059397,180.8
2373,912,289,8,2025-01-23 23:19:02.761843,2536.08
2374,451,332,1,2025-05-24 04:40:40.784005,438.27
2375,743,333,7,2025-07-03 18:36:49.251065,1655.57
2376,192,209,7,2025-01-22 19:54:00.829449,3428.6
2377,602,286,7,2024-11-13 20:13:14.382553,3375.89
2378,959,26,2,2025-04-15 08:34:51.814162,398.88
2379,811,280,3,2025-08-14 13:57:54.201909,735.18
2380,626,417,9,2024-12-25 07:15:13.639413,1571.4
2381,26,276,2,2025-09-30 01:06:16.296964,880.0
2382,555,477,6,2025-06-29 20:33:59.296662,856.98
2383,240,26,9,2025-07-09 17:24:33.651574,1794.96
2384,398,492,4,2024-11-10 12:42:59.447495,473.96
2385,735,29,1,2025-08-26 18:23:37.414629,487.9
2386,963,432,6,2025-01-16 01:42:39.200761,728.88
2387,126,259,7,2024-11-20 15:27:30.459771,1684.62
2388,49,39,8,2025-03-28 11:20:28.250678,3382.64
2389,782,155,7,2025-05-19 12:51:39.477367,455.07
2390,735,472,2,2025-01-04 08:33:47.975298,736.84
2391,982,156,2,2025-10-15 22:30:59.669814,489.34
2392,661,29,1,2024-12-31 02:12:53.999890,487.9
2393,417,359,4,2025-07-18 18:07:53.346652,1263.6
2394,251,331,3,2025-06-08 22:02:49.182682,758.52
2395,710,95,3,2025-03-29 08:42:51.563074,1308.18
2396,316,423,3,2025-10-24 01:36:31.323677,639.39
2397,971,301,4,2024-12-01 07:30:51.189988,1455.2
2398,423,398,2,2025-11-01 15:05:30.845707,334.86
2399,88,14,7,2025-09-01 20:22:31.049647,1710.52
2400,64,335,4,2025-01-13 06:30:46.292753,478.36
2401,838,264,8,2024-12-30 10:33:15.404009,356.64
2402,211,317,9,2024-12-06 22:39:15.812534,1818.36
2403,996,465,9,2025-10-27 16:08:27.594312,1791.0
2404,353,18,5,2025-10-09 10:08:56.741322,1656.9
2405,189,425,7,2024-12-15 15:49:09.158849,571.27
2406,366,430,2,2025-06-30 11:27:57.591455,628.94
2407,155,286,7,2025-01-15 23:53:22.123726,3375.89
2408,917,47,6,2025-07-19 16:48:40.931058,933.6
2409,667,182,3,2025-11-05 12:07:21.192055,297.93
2410,300,499,9,2025-03-05 05:35:25.051194,1935.36
2411,141,256,6,2025-04-04 15:31:48.698077,292.02
2412,501,439,3,2024-11-29 18:21:51.026224,966.96
2413,243,305,2,2025-03-05 03:39:46.510158,410.66
2414,917,367,3,2025-06-27 13:34:15.547091,532.05
2415,776,277,6,2025-06-24 23:41:21.921942,2511.54
2416,436,28,3,2025-03-02 04:12:00.879568,179.31
2417,636,79,4,2025-06-27 01:31:11.417965,1598.2
2418,240,416,9,2025-05-05 07:47:13.536106,3050.73
2419,487,411,6,2024-12-24 07:38:15.523871,2807.46
2420,516,80,1,2025-04-17 05:39:43.804968,150.37
2421,714,219,9,2025-04-08 06:59:33.802700,1084.95
2422,24,233,4,2025-04-30 01:24:41.278669,1034.48
2423,118,320,1,2025-03-11 10:34:24.714514,107.72
2424,340,171,4,2025-06-15 08:27:36.677436,594.56
2425,900,191,5,2025-01-29 10:15:29.075269,2058.9
2426,653,453,3,2025-08-28 11:35:07.517830,367.5
2427,465,114,2,2024-11-22 03:35:10.937906,279.96
2428,214,55,9,2024-11-15 18:11:31.819567,1405.26
2429,925,351,4,2025-01-10 17:32:19.849454,314.28
2430,866,219,4,2025-06-20 04:48:11.701093,482.2
2431,386,370,1,2025-04-12 13:16:39.210068,162.16
2432,159,358,2,2024-11-15 20:25:11.656173,261.32
2433,308,44,9,2025-04-03 09:49:10.004091,1239.39
2434,605,138,9,2025-02-13 10:24:25.362480,1043.64
2435,702,354,6,2025-05-13 08:13:40.362980,926.76
2436,337,57,5,2025-08-06 06:55:30.920799,2003.85
2437,3,25,5,2025-09-20 05:46:42.525412,712.3
2438,346,340,2,2025-09-29 01:08:52.177567,636.54
2439,202,180,6,2024-12-12 11:52:19.412148,63.84
2440,735,279,2,2025-01-17 16:56:04.971368,448.9
2441,319,375,7,2025-07-14 13:01:02.606274,1461.04
2442,556,216,3,2025-07-19 20:45:21.151866,1004.91
2443,627,190,6,2025-03-18 20:57:50.310406,2947.74
2444,8,381,2,2025-06-26 21:48:04.965687,31.04
2445,873,195,5,2025-05-28 06:29:40.565538,2351.95
2446,428,408,3,2025-07-01 07:05:06.815034,213.45
2447,898,272,9,2025-09-01 01:41:04.017662,1140.03
2448,31,129,9,2025-01-19 06:18:50.493677,459.0
2449,775,373,6,2025-06-13 00:27:31.454910,2495.94
2450,532,276,9,2024-11-06 21:43:02.373349,3960.0
2451,767,377,7,2025-03-10 19:28:52.563952,1438.64
2452,891,40,6,2025-07-08 11:38:48.380061,231.9
2453,676,6,9,2024-11-27 20:41:35.977493,4134.69
2454,109,374,8,2025-09-09 21:41:11.873320,3182.08
2455,706,236,5,2025-07-03 11:51:06.611243,1402.55
2456,788,183,9,2025-03-01 07:51:29.801976,2855.16
2457,490,247,4,2025-10-26 11:15:36.948617,1315.88
2458,452,434,6,2025-09-24 13:01:14.413591,100.92
2459,605,471,4,2025-03-29 23:07:43.364695,606.36
2460,53,331,1,2025-05-22 06:10:15.568883,252.84
2461,464,413,1,2025-05-12 06:36:11.429247,111.37
2462,884,401,1,2025-05-18 11:15:13.741217,222.01
2463,878,59,2,2025-06-21 23:25:14.107377,677.54
2464,540,84,9,2025-10-22 06:44:07.423151,4194.36
2465,95,88,3,2024-12-15 04:25:24.127036,1105.65
2466,757,403,5,2025-09-30 10:32:11.170281,185.3
2467,463,56,5,2025-07-09 22:39:36.696503,1136.25
2468,786,312,3,2025-04-20 12:56:04.665008,1288.53
2469,918,433,5,2025-04-09 23:58:35.486406,2392.85
2470,729,161,3,2025-09-19 13:49:27.324765,885.6
2471,858,246,5,2025-04-14 12:09:34.088302,217.55
2472,286,184,1,2025-03-05 08:24:00.551962,200.47
2473,992,374,3,2025-09-03 02:03:31.148721,1193.28
2474,470,312,3,2025-05-15 01:17:08.701116,1288.53
2475,830,379,1,2025-05-29 05:58:39.249792,93.24
2476,798,332,1,2024-12-16 05:55:11.537102,438.27
2477,42,97,4,2024-11-24 07:40:47.901799,416.32
2478,255,285,8,2024-12-16 15:52:45.748682,1161.04
2479,675,482,6,2025-06-20 14:47:55.303715,889.32
2480,773,299,2,2024-12-11 06:05:35.021010,562.22
2481,534,379,1,2025-02-26 08:19:27.247381,93.24
2482,658,450,6,2025-08-03 10:28:19.175577,1275.6
2483,572,134,2,2025-01-03 13:38:48.248713,245.46
2484,890,350,2,2025-07-16 17:28:39.128618,412.44
2485,529,92,7,2025-10-10 05:43:30.315526,2534.0
2486,550,256,2,2025-08-01 19:40:03.530963,97.34
2487,966,95,2,2025-04-03 07:08:48.142830,872.12
2488,357,89,3,2024-12-06 18:34:27.656143,532.86
2489,383,91,6,2025-04-08 19:00:35.129343,1181.22
2490,929,213,6,2025-03-14 18:09:06.556511,2622.06
2491,362,385,2,2024-12-27 01:36:32.310588,907.34
2492,83,42,2,2025-05-17 22:48:08.039744,656.3
2493,896,246,6,2025-06-11 15:17:18.426755,261.06
2494,743,184,4,2025-11-03 14:06:59.800487,801.88
2495,745,47,8,2025-08-07 16:03:28.637137,1244.8
2496,302,76,3,2025-08-05 12:39:44.787713,1316.67
2497,653,478,5,2024-12-01 14:59:05.357734,610.15
2498,733,38,4,2024-11-24 17:39:33.260572,713.48
2499,489,225,8,2025-09-28 12:55:42.339177,1786.32
2500,457,248,4,2025-09-17 10:08:03.676707,184.28
2501,373,76,9,2025-03-25 11:11:18.853193,3950.01
2502,550,440,5,2025-08-13 17:35:22.181748,847.65
2503,785,279,9,2024-12-29 04:41:38.762429,2020.05
2504,601,304,1,2025-04-06 23:11:34.949234,314.95
2505,267,236,1,2025-06-04 14:26:44.942055,280.51
2506,781,269,7,2025-04-03 12:07:31.845875,846.23
2507,904,390,4,2025-02-13 07:59:07.907987,211.4
2508,342,41,5,2025-01-11 18:13:35.068636,1445.9
2509,120,59,9,2024-12-14 10:00:36.014522,3048.93
2510,328,47,8,2025-04-09 08:47:32.707201,1244.8
2511,345,388,2,2025-05-08 10:48:16.104198,893.16
2512,348,13,7,2024-11-21 05:00:30.299709,478.1
2513,967,265,9,2024-12-30 15:42:14.283334,1906.29
2514,460,496,8,2025-05-11 21:54:20.420005,2017.04
2515,941,268,8,2025-10-14 07:37:28.172567,2157.28
2516,411,19,7,2025-04-27 01:17:32.715678,1736.56
2517,714,416,2,2025-05-11 19:18:18.115268,677.94
2518,341,255,3,2025-08-24 22:05:44.947056,1073.52
2519,292,59,9,2025-05-04 14:50:56.924276,3048.93
2520,342,242,2,2025-03-23 04:33:23.563756,321.34
2521,544,263,2,2025-07-03 02:10:28.102371,58.12
2522,237,413,6,2025-05-12 09:07:05.274154,668.22
2523,909,4,1,2025-03-20 12:25:00.852911,293.73
2524,481,112,6,2025-07-16 15:48:41.042673,2570.52
2525,157,453,4,2025-09-01 20:58:41.020697,490.0
2526,672,212,5,2024-11-29 19:36:22.121125,836.25
2527,47,235,7,2025-02-16 21:10:28.430190,2545.13
2528,517,231,5,2025-09-18 22:34:51.000285,2184.1
2529,180,78,5,2025-01-25 08:27:51.726831,1246.0
2530,797,455,9,2024-11-26 03:23:44.257172,298.71
2531,596,302,9,2025-11-05 14:48:49.312543,4492.26
2532,307,323,2,2025-10-24 04:40:06.917536,300.34
2533,385,419,6,2024-12-22 19:49:47.239449,2704.26
2534,917,445,4,2025-01-22 15:58:06.270848,755.52
2535,595,492,1,2025-08-13 21:54:04.906794,118.49
2536,995,327,1,2025-04-01 05:57:31.456077,148.71
2537,282,249,8,2025-07-02 01:29:10.553089,2278.56
2538,911,260,6,2025-01-08 09:59:52.798962,2953.02
2539,737,234,8,2025-03-15 07:45:37.482235,1716.72
2540,804,20,7,2024-11-28 11:44:25.969019,218.68
2541,607,444,7,2025-05-17 15:41:24.744770,1057.7
2542,988,426,4,2024-12-21 20:58:00.671113,440.68
2543,625,434,3,2025-09-05 01:34:30.294130,50.46
2544,586,284,6,2025-02-06 07:16:18.519707,2007.18
2545,808,455,1,2025-03-22 22:42:34.870843,33.19
2546,749,138,3,2025-01-01 14:52:19.421373,347.88
2547,76,71,1,2025-10-18 11:18:00.706697,355.35
2548,726,443,7,2025-05-25 13:28:49.376874,2377.9
2549,969,68,3,2025-04-01 13:04:06.519638,194.19
2550,933,212,6,2025-08-09 10:37:39.515957,1003.5
2551,488,491,4,2024-11-21 05:19:46.396907,398.0
2552,613,371,3,2025-09-06 12:24:01.993556,839.4
2553,621,436,6,2025-05-29 07:04:35.194291,857.4
2554,497,452,3,2025-02-17 01:06:12.726213,984.0
2555,249,498,1,2025-10-17 16:43:45.128162,108.49
2556,423,111,1,2024-11-30 07:04:54.300300,379.18
2557,748,3,2,2025-06-23 06:37:16.245134,711.96
2558,806,24,5,2025-04-02 10:05:52.338779,1628.5
2559,253,72,2,2025-06-12 15:34:52.030111,365.7
2560,316,467,5,2024-11-11 12:44:22.445008,1629.7
2561,880,303,1,2025-03-19 19:42:00.130271,458.44
2562,525,78,9,2025-09-20 18:27:18.528049,2242.8
2563,913,431,4,2025-09-25 23:17:17.151666,490.28
2564,122,424,4,2025-04-02 14:57:38.645688,335.6
2565,900,111,7,2025-06-11 16:06:47.722600,2654.26
2566,267,25,3,2025-07-13 12:08:01.738318,427.38
2567,514,400,4,2025-09-16 23:21:19.919654,343.32
2568,152,133,8,2025-10-19 17:29:33.976759,3716.72
2569,418,160,4,2024-12-15 04:43:09.488036,888.52
2570,761,5,7,2025-05-01 22:37:15.712086,1841.42
2571,234,434,1,2025-07-23 15:44:49.480372,16.82
2572,136,47,4,2025-04-20 20:52:29.956018,622.4
2573,482,388,1,2025-05-23 23:28:21.405770,446.58
2574,112,40,9,2025-05-10 07:43:28.862448,347.85
2575,582,162,1,2025-05-17 05:48:53.979214,194.14
2576,964,183,3,2025-07-13 15:44:39.748744,951.72
2577,295,158,1,2025-09-07 18:30:02.081070,434.11
2578,278,11,1,2025-04-05 12:15:49.029194,127.42
2579,201,40,7,2025-04-16 01:26:17.465285,270.55
2580,52,421,3,2025-04-09 13:02:51.255581,1211.55
2581,524,173,9,2025-08-30 16:37:59.342266,946.8
2582,257,433,2,2025-08-25 14:27:28.884540,957.14
2583,988,199,7,2025-07-18 15:09:29.469438,145.46
2584,824,465,1,2025-01-20 14:02:21.676913,199.0
2585,984,344,4,2025-03-17 01:48:15.655320,853.2
2586,164,31,7,2025-06-03 07:01:34.615793,333.62
2587,671,102,5,2024-11-18 17:12:06.654315,1920.3
2588,143,69,2,2025-09-19 20:59:22.753669,869.24
2589,768,257,6,2025-01-09 07:12:52.907554,2014.2
2590,795,347,5,2024-12-17 14:51:41.457904,588.75
2591,829,327,8,2025-08-30 06:20:21.627468,1189.68
2592,457,216,8,2025-06-23 16:33:46.209791,2679.76
2593,119,110,5,2025-09-06 01:53:04.248609,1317.9
2594,66,33,9,2025-09-18 05:40:58.158407,3890.07
2595,207,290,6,2025-08-05 18:29:18.634283,1389.3
2596,773,21,5,2024-12-06 19:24:37.178391,917.15
2597,673,488,9,2025-11-06 05:37:23.794454,2738.97
2598,294,53,7,2025-04-26 12:03:27.055480,905.03
2599,691,206,5,2025-10-07 08:40:23.390247,307.05
2600,173,52,5,2025-08-12 03:38:23.350519,1815.1
2601,695,437,2,2025-11-05 18:12:01.497326,168.66
2602,702,499,7,2025-06-19 05:34:38.709762,1505.28
2603,967,35,8,2025-08-24 22:34:58.606230,2469.52
2604,281,418,6,2025-01-12 18:40:46.608003,1484.52
2605,505,229,7,2025-07-27 07:52:43.062783,3170.09
2606,728,397,2,2024-12-16 21:08:20.939558,685.58
2607,727,133,4,2025-03-25 06:52:04.476711,1858.36
2608,326,306,6,2025-10-21 21:03:51.265213,1698.06
2609,309,241,5,2025-07-28 00:32:26.233482,386.7
2610,480,6,1,2025-02-26 11:00:50.017679,459.41
2611,406,441,5,2025-01-15 08:38:18.294014,2473.15
2612,730,249,7,2025-01-06 15:48:53.914580,1993.74
2613,777,119,3,2025-08-06 05:56:26.460936,1057.14
2614,909,30,9,2025-07-08 04:26:33.905271,717.84
2615,548,338,4,2025-06-01 10:16:56.111461,376.32
2616,85,282,1,2025-08-26 04:24:18.485777,385.66
2617,414,45,6,2024-11-13 03:14:26.438273,471.12
2618,419,405,3,2025-04-17 00:04:44.837184,151.32
2619,820,92,3,2025-02-07 05:31:55.874318,1086.0
2620,656,34,1,2025-05-26 21:49:53.642785,21.36
2621,665,480,2,2025-02-08 04:41:54.461824,620.76
2622,755,440,5,2025-02-08 14:12:45.309638,847.65
2623,265,118,7,2024-12-01 07:49:07.319537,1153.32
2624,101,461,9,2024-11-06 19:17:10.174443,4215.87
2625,587,341,1,2024-11-08 08:24:15.028962,461.81
2626,907,320,5,2024-12-16 11:27:19.660147,538.6
2627,656,182,9,2025-06-02 02:17:48.858633,893.79
2628,880,421,9,2025-04-14 01:04:35.202271,3634.65
2629,217,387,1,2025-06-18 19:27:25.022736,122.86
2630,235,212,9,2025-06-20 07:41:44.942938,1505.25
2631,716,165,6,2025-04-13 04:31:12.434599,147.3
2632,160,220,7,2025-03-26 14:44:52.923015,3261.65
2633,979,485,7,2024-12-13 01:13:26.249063,1073.8
2634,486,221,3,2025-10-28 08:56:49.197222,40.56
2635,527,254,2,2025-08-08 23:33:12.710030,165.54
2636,450,415,2,2025-07-14 21:38:33.321320,480.46
2637,96,432,4,2025-06-14 22:37:15.885798,485.92
2638,916,202,3,2025-10-23 17:59:14.661516,752.43
2639,741,73,6,2024-12-20 14:38:18.682314,417.9
2640,311,371,3,2025-04-17 08:16:27.623665,839.4
2641,596,461,9,2025-07-22 18:05:39.153075,4215.87
2642,892,43,3,2025-07-31 20:19:43.305563,1230.09
2643,74,266,1,2025-06-06 00:32:24.282696,260.53
2644,326,195,3,2025-02-26 00:24:22.694100,1411.17
2645,742,212,1,2025-10-22 17:59:21.084586,167.25
2646,744,103,9,2025-05-23 02:06:18.718876,1856.43
2647,665,262,2,2025-05-07 19:46:15.709547,424.9
2648,994,11,4,2025-07-04 18:57:58.383045,509.68
2649,137,44,1,2025-04-13 17:16:45.695012,137.71
2650,823,352,6,2025-06-14 10:00:54.468027,2521.62
2651,401,450,6,2025-05-12 21:07:43.927865,1275.6
2652,945,422,6,2025-07-19 02:15:34.537249,2034.24
2653,280,414,6,2025-09-09 15:44:11.988496,981.66
2654,302,120,5,2025-04-17 01:54:31.811779,1593.7
2655,85,383,3,2025-04-12 11:57:56.116691,35.49
2656,934,385,3,2025-04-17 08:15:53.320710,1361.01
2657,386,153,8,2024-11-20 10:26:57.174920,3740.4
2658,126,135,4,2025-02-06 15:00:12.046039,772.84
2659,154,298,6,2025-02-17 05:39:55.787700,1128.9
2660,155,155,1,2025-02-03 10:34:16.414758,65.01
2661,145,389,3,2025-04-19 11:21:04.506509,1227.84
2662,868,366,5,2025-08-25 22:34:26.194911,952.35
2663,171,381,6,2025-07-29 08:31:54.868200,93.12
2664,712,45,6,2025-02-27 13:14:31.799353,471.12
2665,553,1,3,2025-05-06 12:07:22.605140,850.11
2666,34,454,9,2025-01-25 04:37:59.697486,1826.64
2667,176,121,9,2025-04-26 06:13:45.414216,830.88
2668,249,75,4,2025-04-01 01:10:42.928992,1806.16
2669,908,274,1,2025-10-26 12:00:18.690863,430.51
2670,134,267,9,2024-12-03 08:46:42.480775,1959.93
2671,92,125,2,2025-06-16 23:04:16.037928,644.14
2672,639,457,9,2025-08-02 17:56:36.069120,2427.93
2673,981,24,1,2025-03-29 16:06:22.359448,325.7
2674,698,169,9,2025-10-09 22:59:19.520758,3830.49
2675,336,265,7,2025-09-16 06:23:26.829555,1482.67
2676,335,27,7,2025-05-21 12:53:14.682557,2521.12
2677,627,290,5,2025-10-07 23:25:01.573120,1157.75
2678,205,170,7,2024-11-28 13:54:11.026319,958.44
2679,257,388,6,2025-07-28 18:03:36.825885,2679.48
2680,719,100,9,2025-02-03 12:02:18.260871,1796.58
2681,315,418,2,2025-03-29 09:31:27.501731,494.84
2682,174,449,6,2025-04-20 18:39:12.286646,781.62
2683,840,388,2,2025-06-17 08:57:04.774174,893.16
2684,602,8,9,2025-01-21 23:52:11.363192,3206.79
2685,738,448,1,2025-09-29 12:48:11.287835,344.88
2686,855,220,9,2025-03-17 08:17:54.250340,4193.55
2687,919,186,8,2025-03-06 21:08:07.558259,3320.16
2688,193,74,9,2025-07-08 03:08:37.365165,3553.47
2689,817,308,3,2025-01-30 20:02:12.443866,370.38
2690,900,208,8,2025-05-11 03:02:52.984994,245.6
2691,825,349,3,2024-11-14 06:38:52.276461,1134.9
2692,291,25,3,2025-05-10 05:56:18.007845,427.38
2693,240,374,6,2024-11-08 23:00:37.602541,2386.56
2694,182,439,5,2025-02-06 11:25:10.046324,1611.6
2695,375,218,5,2024-12-13 17:42:31.301729,1318.9
2696,255,368,4,2025-04-10 01:49:11.270235,1251.76
2697,915,431,8,2025-07-12 14:50:29.897943,980.56
2698,926,464,3,2025-09-23 17:42:52.744038,1441.32
2699,732,434,9,2025-06-26 16:54:10.219309,151.38
2700,569,270,7,2025-08-25 18:44:27.034204,2049.39
2701,625,327,9,2025-01-21 13:35:41.524833,1338.39
2702,327,340,9,2025-01-23 19:03:21.238430,2864.43
2703,449,285,1,2025-06-15 05:02:15.331266,145.13
2704,197,129,9,2025-09-24 16:53:47.066889,459.0
2705,757,80,9,2025-05-16 09:42:26.882419,1353.33
2706,437,200,2,2025-09-16 23:04:49.041592,604.2
2707,985,132,8,2025-08-17 18:11:00.332080,1363.6
2708,507,266,7,2025-05-19 08:59:05.341345,1823.71
2709,13,168,2,2025-03-28 04:14:54.013239,628.5
2710,691,226,1,2025-08-16 04:34:49.722020,182.89
2711,822,33,3,2025-01-09 11:11:00.123072,1296.69
2712,332,163,7,2025-02-08 16:31:13.245051,615.3
2713,382,358,8,2024-11-24 15:51:46.911674,1045.28
2714,806,182,5,2025-07-17 22:09:10.702149,496.55
2715,977,318,3,2025-03-30 22:10:05.280169,977.61
2716,365,50,7,2025-03-26 09:54:45.326016,1098.16
2717,415,268,8,2025-09-03 06:23:32.352128,2157.28
2718,669,473,5,2025-04-18 20:05:00.407492,2319.65
2719,581,122,7,2025-04-06 01:37:06.325602,357.42
2720,997,467,8,2025-03-08 21:56:57.324883,2607.52
2721,454,339,4,2025-04-15 04:29:33.604285,1216.0
2722,476,247,3,2025-06-24 19:57:49.709798,986.91
2723,468,434,9,2025-02-05 22:34:28.872151,151.38
2724,462,410,6,2025-06-23 00:29:32.115772,1378.14
2725,753,133,9,2025-03-06 01:46:04.571781,4181.31
2726,297,55,9,2024-12-12 08:36:36.748982,1405.26
2727,516,96,8,2025-04-24 09:47:14.188160,2013.04
2728,751,195,9,2025-07-09 05:23:25.845821,4233.51
2729,211,19,1,2025-07-22 10:09:50.248877,248.08
2730,569,301,1,2025-03-09 19:07:16.046306,363.8
2731,411,164,9,2025-08-06 18:00:12.221157,1790.28
2732,108,28,4,2025-07-02 16:18:52.876936,239.08
2733,312,154,4,2025-02-15 03:46:53.667818,1185.2
2734,587,419,3,2025-04-03 18:46:35.334404,1352.13
2735,862,461,1,2025-10-05 07:42:31.837040,468.43
2736,647,220,8,2025-10-21 00:22:52.558158,3727.6
2737,654,4,2,2025-02-12 04:02:46.195900,587.46
2738,324,273,3,2025-01-07 01:29:30.689568,76.23
2739,120,229,7,2025-01-06 22:35:46.496228,3170.09
2740,313,105,8,2025-08-19 09:21:47.892259,1145.28
2741,647,198,8,2024-11-14 14:09:57.853214,530.32
2742,354,161,7,2025-01-29 02:41:26.350704,2066.4
2743,203,95,9,2025-01-05 02:43:49.981085,3924.54
2744,167,89,2,2024-11-17 21:41:24.903245,355.24
2745,402,199,6,2025-10-13 21:46:36.423176,124.68
2746,685,192,9,2025-06-17 06:03:56.912240,3212.82
2747,453,322,3,2025-07-27 13:28:28.880393,1402.98
2748,499,264,5,2025-04-09 21:42:30.453071,222.9
2749,362,97,4,2025-07-30 17:41:38.091267,416.32
2750,873,424,6,2025-03-05 02:23:17.202561,503.4
2751,747,82,5,2025-06-28 16:53:26.105044,1809.55
2752,957,400,4,2025-06-11 23:10:20.305007,343.32
2753,687,260,3,2024-11-19 06:58:51.603939,1476.51
2754,377,364,2,2025-07-18 18:44:00.127058,980.98
2755,74,463,1,2024-12-09 15:22:55.271062,130.56
2756,76,458,2,2025-09-13 16:37:10.011568,429.16
2757,564,148,3,2025-06-08 22:03:10.702005,625.86
2758,109,373,5,2025-01-25 01:29:59.419304,2079.95
2759,867,471,6,2024-12-02 20:09:49.519519,909.54
2760,85,229,9,2025-04-13 17:33:33.221180,4075.83
2761,795,169,5,2025-08-29 12:47:16.763033,2128.05
2762,358,480,9,2025-04-13 18:22:38.543443,2793.42
2763,170,278,5,2025-06-05 22:03:07.796298,1817.75
2764,468,173,9,2025-10-09 19:36:18.953896,946.8
2765,686,365,6,2025-03-03 03:05:45.422267,1914.96
2766,822,496,8,2025-07-14 11:52:59.527424,2017.04
2767,291,278,3,2025-04-28 03:15:27.003163,1090.65
2768,786,391,4,2025-09-05 16:10:19.945818,446.68
2769,749,432,9,2025-10-15 15:26:34.767095,1093.32
2770,412,334,9,2025-10-13 20:45:52.720987,1703.52
2771,944,434,1,2025-08-23 07:28:41.086249,16.82
2772,3,116,6,2025-07-27 09:20:40.048064,2644.62
2773,202,166,9,2025-04-28 15:57:17.002823,4080.15
2774,446,124,9,2024-11-23 17:44:26.083458,2625.75
2775,682,457,3,2025-06-21 07:45:52.478149,809.31
2776,977,270,4,2025-02-05 06:09:50.632047,1171.08
2777,25,472,8,2024-12-11 15:30:19.239437,2947.36
2778,267,10,2,2025-08-02 10:12:13.306851,437.86
2779,442,143,7,2025-10-02 12:17:00.070359,854.14
2780,158,283,4,2025-04-30 08:06:32.010579,1986.56
2781,739,389,4,2025-02-01 15:20:09.496317,1637.12
2782,259,263,2,2024-11-24 08:05:54.541264,58.12
2783,654,379,6,2025-02-12 19:43:42.566850,559.44
2784,699,490,3,2025-02-18 17:02:35.931790,401.55
2785,569,267,7,2025-10-12 07:55:09.179112,1524.39
2786,694,73,4,2024-11-18 05:00:53.060168,278.6
2787,919,263,7,2025-01-11 21:41:35.258410,203.42
2788,451,274,4,2025-10-09 01:28:38.543610,1722.04
2789,534,167,9,2025-08-05 13:12:04.548988,2522.25
2790,285,347,4,2025-09-25 13:02:00.250170,471.0
2791,999,217,6,2025-07-24 05:47:40.427403,1012.08
2792,926,263,3,2025-06-27 00:29:23.138291,87.18
2793,160,48,4,2025-01-09 16:42:11.188366,361.96
2794,615,431,7,2025-09-23 10:36:03.347662,857.99
2795,607,457,5,2025-07-18 22:58:53.571301,1348.85
2796,878,265,6,2025-05-26 12:18:04.748280,1270.86
2797,619,103,6,2025-04-06 23:58:53.894918,1237.62
2798,135,56,4,2025-01-28 23:55:55.492898,909.0
2799,164,217,3,2024-12-22 13:33:01.139498,506.04
2800,276,18,8,2025-01-18 11:04:10.200732,2651.04
2801,913,379,2,2025-10-31 02:28:33.286990,186.48
2802,42,462,1,2025-02-04 21:01:34.452761,368.29
2803,725,50,7,2024-11-30 09:38:51.394374,1098.16
2804,5,309,7,2024-12-29 05:06:15.104254,2363.34
2805,480,118,3,2025-09-21 23:47:04.477832,494.28
2806,850,249,7,2025-09-25 03:12:27.096076,1993.74
2807,146,271,5,2025-01-03 21:32:30.325171,1416.9
2808,201,1,3,2025-10-30 01:25:09.669563,850.11
2809,81,437,6,2025-10-04 06:30:30.435073,505.98
2810,836,50,5,2025-06-02 11:13:15.205840,784.4
2811,561,95,6,2025-07-29 02:21:26.395260,2616.36
2812,190,455,3,2025-03-11 02:54:56.072250,99.57
2813,265,361,9,2025-09-19 04:58:00.276754,297.18
2814,539,55,8,2025-02-19 20:07:21.334724,1249.12
2815,718,52,9,2025-06-11 20:51:31.418513,3267.18
2816,69,108,5,2025-05-12 08:39:34.411969,162.1
2817,739,186,8,2025-01-27 22:32:04.485727,3320.16
2818,728,373,8,2024-12-17 20:54:51.449556,3327.92
2819,283,448,1,2024-12-22 16:15:16.627532,344.88
2820,135,45,3,2025-08-18 17:42:17.584278,235.56
2821,523,248,6,2025-09-07 17:44:12.074049,276.42
2822,776,86,6,2025-01-12 18:36:56.217076,2422.38
2823,551,75,7,2025-09-27 21:41:55.771950,3160.78
2824,636,81,5,2025-04-16 20:56:50.658588,250.7
2825,211,26,5,2025-04-24 15:06:31.750197,997.2
2826,635,16,1,2025-09-09 07:58:46.604129,186.77
2827,560,12,8,2024-11-15 21:35:53.412177,2712.56
2828,99,198,7,2025-06-11 18:18:29.773530,464.03
2829,509,258,9,2025-05-04 02:14:11.063855,2368.8
2830,778,173,7,2025-08-10 12:25:39.059752,736.4
2831,15,489,8,2025-06-19 13:53:44.368240,123.04
2832,690,357,2,2025-01-31 09:40:43.402111,168.4
2833,198,463,8,2025-03-26 04:42:58.866606,1044.48
2834,222,150,7,2025-03-23 07:36:13.673013,2968.14
2835,400,370,4,2024-12-11 10:08:22.330737,648.64
2836,475,81,1,2025-09-21 00:36:59.084232,50.14
2837,179,238,5,2025-08-09 08:07:24.666112,1697.65
2838,654,452,5,2025-08-26 10:27:54.232393,1640.0
2839,843,6,4,2025-02-07 20:16:47.485784,1837.64
2840,971,244,9,2025-07-22 17:33:39.717558,764.55
2841,358,473,4,2025-09-02 06:26:31.574213,1855.72
2842,726,178,3,2025-06-11 01:25:32.755054,590.67
2843,81,254,6,2024-12-05 05:20:01.765285,496.62
2844,356,344,9,2025-04-29 22:25:38.434808,1919.7
2845,74,426,8,2025-02-26 02:28:57.785067,881.36
2846,787,390,7,2025-09-24 18:46:11.079480,369.95
2847,567,222,4,2024-11-21 03:44:06.088510,237.76
2848,722,338,5,2025-07-05 16:21:03.828873,470.4
2849,646,61,4,2025-08-01 07:20:19.532378,1516.2
2850,708,112,4,2024-11-13 14:12:39.011823,1713.68
2851,749,241,2,2025-01-07 03:02:30.244955,154.68
2852,531,399,6,2025-05-17 17:01:56.858277,1643.28
2853,554,409,9,2025-07-08 18:03:06.180566,314.28
2854,215,261,9,2025-10-31 21:29:47.465684,707.76
2855,712,454,2,2025-06-10 12:55:29.742561,405.92
2856,672,142,6,2025-03-11 06:10:34.284143,2181.06
2857,956,446,1,2025-08-31 05:57:25.803055,388.75
2858,15,176,9,2025-10-25 07:53:55.277476,2550.06
2859,762,14,8,2025-01-26 05:25:56.614665,1954.88
2860,709,301,6,2025-10-01 05:06:26.560637,2182.8
2861,238,421,5,2025-03-23 00:47:17.661201,2019.25
2862,186,315,1,2025-07-21 00:11:36.664602,23.01
2863,360,133,5,2025-08-12 22:06:33.609365,2322.95
2864,153,499,7,2024-11-08 12:18:26.008930,1505.28
2865,547,429,8,2024-12-07 05:31:10.653661,150.32
2866,712,434,3,2025-03-14 06:52:01.182129,50.46
2867,668,425,4,2025-08-20 11:09:42.211085,326.44
2868,976,497,3,2025-03-23 19:03:52.426305,1198.74
2869,146,229,4,2025-01-01 21:31:19.449116,1811.48
2870,832,358,1,2025-05-04 02:56:29.811861,130.66
2871,716,29,7,2025-10-16 03:12:03.869104,3415.3
2872,967,444,4,2025-07-03 16:33:27.543994,604.4
2873,393,440,7,2025-05-11 23:20:59.185657,1186.71
2874,75,496,7,2025-08-06 13:27:24.644314,1764.91
2875,963,350,2,2024-11-27 05:57:17.550180,412.44
2876,43,33,6,2025-10-26 11:10:48.556062,2593.38
2877,290,315,4,2025-06-23 15:09:19.996007,92.04
2878,117,450,8,2025-08-20 20:28:36.497270,1700.8
2879,920,201,3,2025-01-01 05:02:37.067725,144.42
2880,950,181,4,2025-05-30 14:14:19.460800,1409.24
2881,683,46,7,2025-09-07 06:52:07.001743,138.04
2882,80,456,8,2025-08-23 17:20:36.329422,3860.4
2883,640,424,7,2025-09-29 00:36:05.642391,587.3
2884,691,108,3,2025-06-27 20:38:44.018353,97.26
2885,918,488,5,2025-06-12 06:53:05.760552,1521.65
2886,927,357,2,2025-06-13 10:10:28.254394,168.4
2887,448,193,3,2025-07-13 00:58:24.277406,407.82
2888,306,239,5,2025-03-28 01:09:47.152048,1621.4
2889,870,442,2,2025-08-30 00:08:58.622014,275.02
2890,457,7,4,2024-12-11 17:21:13.804740,580.44
2891,908,312,2,2025-06-08 08:16:38.499586,859.02
2892,788,454,3,2025-10-31 23:51:54.798461,608.88
2893,339,278,5,2025-04-24 12:12:47.393662,1817.75
2894,869,215,7,2025-11-03 23:07:31.628511,291.97
2895,965,75,5,2025-10-03 18:08:05.639973,2257.7
2896,633,210,1,2025-08-12 15:33:58.369176,120.01
2897,21,179,6,2025-11-02 15:27:24.674739,536.94
2898,782,60,1,2024-12-13 15:15:40.219732,340.17
2899,373,465,3,2024-11-24 09:12:16.990609,597.0
2900,359,265,2,2025-03-12 00:30:40.737990,423.62
2901,528,322,3,2024-11-23 02:40:36.341060,1402.98
2902,564,35,3,2024-12-21 09:07:25.804740,926.07
2903,315,41,7,2025-05-23 19:45:40.716198,2024.26
2904,810,239,8,2025-04-04 18:25:07.103897,2594.24
2905,361,387,5,2025-07-14 16:52:24.107752,614.3
2906,272,73,9,2025-08-15 01:42:09.324293,626.85
2907,210,415,7,2025-04-20 21:57:11.570870,1681.61
2908,4,386,9,2025-09-05 07:18:54.213295,1353.96
2909,114,269,4,2025-04-14 23:02:13.462531,483.56
2910,344,80,6,2024-12-14 23:12:03.349311,902.22
2911,555,71,5,2025-05-17 11:31:12.506324,1776.75
2912,710,156,6,2025-06-11 14:19:20.122720,1468.02
2913,805,24,7,2024-12-21 04:38:53.577510,2279.9
2914,910,331,2,2024-11-25 12:05:04.074065,505.68
2915,626,341,4,2025-05-23 08:38:30.125098,1847.24
2916,350,116,6,2025-01-26 22:54:47.803526,2644.62
2917,904,102,9,2025-08-14 22:11:01.339807,3456.54
2918,836,99,9,2025-03-23 01:28:32.868965,1982.34
2919,68,206,2,2024-11-26 21:56:51.746371,122.82
2920,639,308,3,2025-10-02 20:09:00.990332,370.38
2921,457,118,8,2025-10-19 21:50:00.420914,1318.08
2922,713,126,6,2025-09-16 13:01:37.496431,1544.04
2923,823,301,8,2025-07-16 07:28:50.255636,2910.4
2924,268,112,1,2025-01-29 09:03:50.050975,428.42
2925,341,191,6,2025-09-16 05:47:21.285898,2470.68
2926,424,346,4,2024-11-19 00:33:19.790876,729.12
2927,460,238,5,2025-06-06 20:52:28.715498,1697.65
2928,673,284,9,2025-05-30 05:38:59.513855,3010.77
2929,979,459,4,2025-06-28 00:56:44.760114,855.0
2930,549,491,7,2025-06-14 09:15:06.641281,696.5
2931,421,183,7,2024-11-29 03:32:33.118064,2220.68
2932,649,115,7,2025-02-04 15:57:17.568835,1174.88
2933,914,441,5,2025-03-09 08:49:25.181349,2473.15
2934,856,103,8,2025-04-16 06:09:19.305883,1650.16
2935,960,76,9,2025-08-15 21:42:51.200328,3950.01
2936,958,194,1,2025-03-23 17:52:34.344064,115.06
2937,87,21,9,2025-05-26 04:20:43.310018,1650.87
2938,872,99,5,2024-12-25 05:29:36.346848,1101.3
2939,38,488,3,2025-06-24 02:41:29.408554,912.99
2940,751,24,9,2024-12-21 00:40:21.779856,2931.3
2941,457,362,8,2025-03-07 05:58:22.202352,423.52
2942,12,100,3,2025-05-01 11:36:15.831656,598.86
2943,207,498,5,2025-08-02 16:28:04.691943,542.45
2944,970,84,1,2025-03-25 18:18:55.009973,466.04
2945,307,369,2,2025-03-02 10:14:34.516760,335.2
2946,740,262,9,2025-06-12 05:52:00.362388,1912.05
2947,875,384,1,2025-10-24 21:25:37.115566,267.37
2948,134,163,4,2025-01-09 13:48:21.790215,351.6
2949,739,141,4,2025-06-24 15:16:42.439464,56.2
2950,8,459,4,2025-04-11 09:54:24.509999,855.0
2951,237,34,8,2025-06-09 13:16:50.406836,170.88
2952,63,144,8,2025-03-31 22:40:44.120865,1512.4
2953,737,449,6,2024-11-08 06:50:36.623837,781.62
2954,758,293,5,2025-06-27 20:52:39.700225,1806.4
2955,260,343,8,2025-01-31 10:49:13.306101,3922.96
2956,483,170,8,2024-11-12 10:44:01.956746,1095.36
2957,267,88,3,2025-04-15 21:02:20.742659,1105.65
2958,235,198,8,2025-11-04 11:45:22.914750,530.32
2959,627,244,3,2025-04-23 07:02:45.885685,254.85
2960,783,296,6,2024-11-16 15:42:52.447656,236.04
2961,520,201,4,2025-08-14 12:40:41.302908,192.56
2962,977,270,4,2024-11-18 18:39:10.989243,1171.08
2963,161,316,5,2024-12-30 15:35:54.676407,1392.8
2964,94,78,7,2024-11-26 20:20:54.654247,1744.4
2965,489,60,3,2025-02-04 14:24:12.293417,1020.51
2966,734,363,1,2025-02-19 17:56:56.915324,299.1
2967,492,442,6,2025-01-22 02:30:39.600620,825.06
2968,637,484,9,2024-12-14 00:58:06.662481,3669.3
2969,179,279,2,2025-05-24 16:58:05.967729,448.9
2970,565,117,1,2025-10-16 21:30:35.891725,22.16
2971,737,496,1,2025-02-05 21:12:31.290014,252.13
2972,76,247,7,2024-12-01 23:11:59.408206,2302.79
2973,411,49,6,2025-04-25 07:39:16.173566,2616.36
2974,716,491,8,2025-11-05 09:29:21.514151,796.0
2975,89,164,1,2025-06-22 19:12:04.576297,198.92
2976,445,447,4,2025-04-25 06:05:07.633879,1277.6
2977,78,382,3,2025-02-28 10:52:02.839553,973.74
2978,14,346,6,2025-10-28 23:27:21.981134,1093.68
2979,185,15,7,2025-05-30 22:10:56.507394,1839.11
2980,833,310,2,2025-04-25 20:57:15.322212,741.98
2981,352,203,6,2025-03-01 09:27:11.535358,1222.86
2982,148,117,6,2024-11-30 05:34:27.749369,132.96
2983,92,218,7,2025-03-28 23:53:55.346542,1846.46
2984,665,281,2,2024-11-28 21:00:55.298280,337.5
2985,367,453,2,2025-11-02 19:50:15.120074,245.0
2986,259,185,4,2025-08-11 04:33:40.459508,544.04
2987,73,252,6,2025-05-07 22:53:53.930359,81.96
2988,844,107,8,2025-08-26 19:50:36.184778,780.08
2989,104,455,3,2025-03-07 06:31:07.236540,99.57
2990,618,89,9,2025-05-18 10:17:15.715857,1598.58
2991,726,296,3,2025-06-10 08:19:22.582815,118.02
2992,774,176,7,2025-07-25 14:03:39.696732,1983.38
2993,374,332,7,2025-06-10 13:02:40.644378,3067.89
2994,897,421,7,2025-09-16 18:40:26.721268,2826.95
2995,200,407,9,2025-01-22 19:38:16.216765,3027.06
2996,406,51,9,2025-05-25 01:07:12.546135,2377.44
2997,366,406,4,2025-02-17 18:20:07.923621,1668.92
2998,247,410,1,2025-10-19 00:57:58.346560,229.69
2999,329,244,7,2025-01-07 03:37:31.212556,594.65
3000,547,283,8,2025-03-14 00:02:53.364355,3973.12
3001,434,430,5,2025-04-16 12:01:25.974299,1572.35
3002,227,412,8,2025-09-19 04:01:50.536160,1547.12
3003,342,418,7,2025-10-20 03:15:08.334212,1731.94
3004,252,50,1,2025-02-12 23:51:22.618645,156.88
3005,408,434,4,2025-01-29 19:56:01.840722,67.28
3006,39,383,8,2025-05-21 22:27:53.902834,94.64
3007,932,490,5,2025-10-18 05:43:15.259674,669.25
3008,487,347,4,2025-07-02 10:27:03.371709,471.0
3009,54,477,1,2025-08-15 15:56:54.674982,142.83
3010,298,315,1,2024-11-09 17:57:42.877472,23.01
3011,480,88,8,2025-02-19 01:58:07.422176,2948.4
3012,108,313,2,2025-09-13 03:14:08.878087,227.38
3013,183,278,5,2025-10-24 11:08:07.927491,1817.75
3014,989,161,4,2025-03-31 15:44:50.124904,1180.8
3015,211,467,9,2025-04-28 18:31:33.801230,2933.46
3016,157,308,3,2025-06-30 09:49:18.139340,370.38
3017,976,53,8,2025-05-26 04:57:14.463865,1034.32
3018,480,172,4,2025-08-10 19:14:41.355934,82.24
3019,467,2,4,2025-01-16 17:09:33.759733,1861.24
3020,980,32,9,2025-03-04 20:45:04.693963,801.36
3021,529,134,4,2025-06-11 04:04:29.945741,490.92
3022,732,363,4,2025-06-17 10:25:34.005519,1196.4
3023,888,423,6,2025-01-21 17:05:56.143935,1278.78
3024,910,297,9,2025-06-28 02:07:38.908102,243.36
3025,134,54,9,2025-05-19 11:39:04.200138,3307.32
3026,835,287,9,2025-01-03 07:31:35.334328,328.68
3027,302,16,2,2025-03-23 12:14:58.573291,373.54
3028,383,330,9,2025-05-16 03:43:34.909569,411.12
3029,942,321,8,2024-11-19 05:22:19.063865,1216.32
3030,4,110,2,2025-01-10 19:34:54.364949,527.16
3031,600,214,2,2024-12-26 18:58:33.667494,784.6
3032,871,156,7,2025-08-25 16:22:25.177850,1712.69
3033,801,262,4,2025-08-01 03:01:44.277981,849.8
3034,125,24,7,2025-03-13 12:29:42.475943,2279.9
3035,359,321,2,2025-02-06 03:11:45.934392,304.08
3036,786,3,7,2025-07-12 18:23:43.090680,2491.86
3037,676,337,2,2025-07-22 04:09:17.171696,898.68
3038,825,406,1,2025-02-24 22:57:36.273553,417.23
3039,147,289,8,2024-12-29 23:13:15.371477,2536.08
3040,829,23,8,2025-04-24 03:00:16.609777,2541.44
3041,730,190,4,2024-11-18 12:24:56.938826,1965.16
3042,179,208,1,2024-11-25 01:43:50.411631,30.7
3043,748,440,2,2025-07-31 21:58:57.537787,339.06
3044,128,232,8,2025-03-20 03:57:00.103507,2941.28
3045,397,451,2,2025-09-18 16:09:40.426420,674.56
3046,748,493,3,2025-09-30 02:14:30.806640,165.06
3047,657,384,3,2025-05-08 00:15:03.310321,802.11
3048,625,455,4,2025-07-22 08:40:16.863081,132.76
3049,134,143,7,2025-04-23 06:40:48.879423,854.14
3050,263,331,3,2025-07-04 17:11:13.649434,758.52
3051,947,316,8,2025-10-18 18:18:46.154612,2228.48
3052,464,493,4,2025-02-18 03:08:28.841086,220.08
3053,462,390,4,2025-01-28 11:43:37.952419,211.4
3054,718,379,2,2025-10-21 08:07:52.113373,186.48
3055,1000,136,1,2025-06-26 10:12:31.710352,433.39
3056,916,227,7,2025-04-15 12:55:54.915587,2458.05
3057,1000,9,1,2025-09-19 17:53:28.508797,175.1
3058,629,488,7,2025-04-30 11:16:40.144744,2130.31
3059,874,396,3,2025-09-17 07:50:53.271765,1466.31
3060,459,121,2,2025-04-10 01:06:21.166794,184.64
3061,650,191,8,2025-05-12 05:02:53.432794,3294.24
3062,99,210,7,2025-06-10 19:47:36.654207,840.07
3063,652,234,4,2025-08-11 13:57:08.662960,858.36
3064,851,187,7,2025-03-18 10:27:49.874185,2849.98
3065,365,149,3,2025-07-16 01:32:00.427389,725.85
3066,280,310,7,2025-09-22 17:06:51.024968,2596.93
3067,802,238,3,2025-01-27 22:31:50.127571,1018.59
3068,449,246,2,2025-04-10 12:15:19.797861,87.02
3069,92,471,2,2025-05-13 06:11:06.674560,303.18
3070,499,443,4,2025-09-05 08:38:13.656665,1358.8
3071,334,410,8,2025-04-17 06:09:19.622610,1837.52
3072,147,403,4,2025-05-13 16:26:17.427825,148.24
3073,768,48,4,2025-06-12 13:04:45.959596,361.96
3074,700,139,5,2025-10-02 12:29:54.529158,2219.5
3075,427,391,6,2025-03-22 16:53:11.367408,670.02
3076,410,107,2,2025-06-24 09:34:31.253921,195.02
3077,436,215,8,2025-06-28 23:38:40.690725,333.68
3078,452,306,3,2025-05-18 22:42:31.238904,849.03
3079,286,318,9,2025-07-11 13:13:44.145631,2932.83
3080,972,35,6,2025-01-28 02:56:16.888157,1852.14
3081,746,219,6,2025-08-16 00:10:42.264213,723.3
3082,362,376,9,2025-06-15 07:26:59.702098,2305.98
3083,718,58,7,2025-07-21 00:40:10.977252,1157.17
3084,446,77,1,2025-06-19 21:43:47.514645,316.11
3085,971,77,1,2025-02-22 13:36:06.712739,316.11
3086,329,309,8,2025-04-30 16:59:43.122748,2700.96
3087,476,93,5,2025-02-01 09:20:38.679391,1158.55
3088,268,343,3,2025-01-26 00:40:29.629181,1471.11
3089,590,393,4,2025-05-18 22:07:00.912581,255.84
3090,255,465,6,2024-12-05 05:41:49.485768,1194.0
3091,234,462,6,2025-05-04 00:24:27.753133,2209.74
3092,570,377,1,2025-01-27 14:20:47.883677,205.52
3093,9,237,7,2025-04-28 01:00:54.927494,536.48
3094,321,384,6,2025-10-14 04:19:23.827659,1604.22
3095,800,38,3,2025-08-08 01:49:16.279594,535.11
3096,696,88,3,2025-07-19 09:02:27.490801,1105.65
3097,302,121,5,2025-01-21 08:26:02.059956,461.6
3098,823,141,3,2025-02-24 22:49:31.209948,42.15
3099,240,496,1,2025-06-01 09:45:07.087631,252.13
3100,846,101,4,2025-01-21 21:59:47.237161,1240.84
3101,392,237,3,2025-08-27 14:44:15.096530,229.92
3102,404,446,5,2025-03-18 02:46:39.436694,1943.75
3103,889,217,7,2025-03-01 10:49:03.969454,1180.76
3104,656,143,3,2025-09-10 01:33:12.133104,366.06
3105,402,189,5,2025-04-07 17:30:58.543257,831.6
3106,484,33,3,2024-11-15 09:09:31.775573,1296.69
3107,380,70,4,2025-08-15 06:39:47.156830,784.68
3108,123,92,6,2024-12-27 03:04:53.820892,2172.0
3109,336,322,1,2024-11-21 05:52:10.816952,467.66
3110,151,16,9,2025-03-12 03:31:14.060007,1680.93
3111,703,222,7,2025-02-04 14:08:10.525970,416.08
3112,927,69,6,2025-05-18 16:58:31.393144,2607.72
3113,955,159,6,2025-05-24 01:51:25.490681,1591.74
3114,270,128,9,2024-11-24 03:40:21.775112,3936.96
3115,966,304,9,2025-07-17 16:12:58.378786,2834.55
3116,340,98,3,2025-01-31 18:02:09.831222,380.55
3117,308,350,5,2025-03-21 12:17:07.439514,1031.1
3118,851,98,4,2025-10-22 19:55:58.097513,507.4
3119,124,236,3,2025-09-15 08:22:36.296051,841.53
3120,354,55,2,2025-01-23 03:54:37.075683,312.28
3121,291,499,9,2024-12-12 14:32:36.477083,1935.36
3122,983,117,1,2025-02-11 23:56:13.889218,22.16
3123,825,301,5,2025-04-22 11:45:14.528358,1819.0
3124,35,71,3,2025-01-17 14:26:30.663316,1066.05
3125,882,359,4,2025-01-04 12:25:00.683604,1263.6
3126,120,312,2,2025-07-13 12:53:16.265645,859.02
3127,582,181,4,2025-07-19 14:17:29.637833,1409.24
3128,20,278,1,2025-06-16 09:04:48.637724,363.55
3129,789,132,5,2025-02-09 04:15:44.432880,852.25
3130,494,447,3,2025-07-23 17:10:43.218550,958.2
3131,903,158,6,2025-05-15 15:24:03.364108,2604.66
3132,474,74,9,2025-06-10 14:54:34.059145,3553.47
3133,424,381,1,2025-01-28 12:04:32.118513,15.52
3134,476,36,3,2025-09-20 15:37:36.782127,1184.49
3135,630,341,4,2025-02-10 06:22:06.716393,1847.24
3136,604,251,5,2025-08-27 09:08:42.699873,182.55
3137,830,352,1,2025-08-13 03:03:38.381646,420.27
3138,276,375,5,2024-12-27 12:23:53.613013,1043.6
3139,362,129,7,2025-03-13 13:02:07.237736,357.0
3140,478,364,9,2025-07-30 00:33:45.203987,4414.41
3141,721,135,7,2024-12-18 03:49:19.712726,1352.47
3142,471,448,8,2025-01-16 13:26:03.054651,2759.04
3143,37,36,7,2025-02-23 22:22:13.379481,2763.81
3144,764,192,5,2025-02-23 07:46:57.704486,1784.9
3145,104,291,9,2025-10-09 07:19:21.351368,1980.63
3146,834,384,8,2025-01-21 19:36:48.682664,2138.96
3147,588,122,6,2025-10-09 23:40:34.574022,306.36
3148,845,268,2,2025-03-03 21:51:49.804835,539.32
3149,330,410,9,2025-06-29 08:25:27.664434,2067.21
3150,808,97,9,2025-03-16 09:56:41.859604,936.72
3151,509,350,2,2025-09-10 11:09:45.801110,412.44
3152,836,40,4,2025-01-21 08:40:13.160568,154.6
3153,799,202,7,2024-11-07 11:21:38.720439,1755.67
3154,379,239,3,2025-07-22 21:34:19.851130,972.84
3155,413,407,1,2025-02-02 20:42:38.614599,336.34
3156,723,313,8,2025-07-25 14:48:47.662629,909.52
3157,229,12,8,2025-05-14 09:25:54.118127,2712.56
3158,92,466,7,2025-01-26 03:21:33.036797,3114.51
3159,101,12,9,2025-05-14 15:51:25.956779,3051.63
3160,42,371,7,2025-03-27 08:13:53.679626,1958.6
3161,768,289,6,2025-09-12 21:22:26.954900,1902.06
3162,245,189,8,2025-09-26 02:17:33.704504,1330.56
3163,604,374,8,2025-09-25 06:18:41.405767,3182.08
3164,137,12,6,2025-04-06 21:34:42.561117,2034.42
3165,812,224,7,2025-04-03 08:37:39.557045,1293.88
3166,968,435,5,2025-09-19 06:50:33.634309,215.1
3167,700,498,5,2025-11-06 19:34:20.414907,542.45
3168,475,294,2,2024-12-10 22:38:31.811863,604.44
3169,4,158,7,2025-10-30 01:40:10.777350,3038.77
3170,390,13,1,2025-10-25 16:48:12.144454,68.3
3171,133,454,8,2025-10-22 08:22:36.016484,1623.68
3172,523,442,2,2025-11-01 04:59:27.187489,275.02
3173,525,410,3,2025-03-17 06:26:33.042699,689.07
3174,378,352,6,2025-04-22 18:59:34.814077,2521.62
3175,770,307,9,2025-06-17 02:13:48.986026,1222.56
3176,921,357,4,2025-01-04 00:55:14.506729,336.8
3177,492,420,1,2025-09-13 17:50:43.055036,56.28
3178,597,402,5,2025-02-20 13:52:20.575089,2222.8
3179,973,69,7,2025-05-14 19:08:27.462057,3042.34
3180,359,285,2,2025-08-10 05:59:14.074385,290.26
3181,70,249,9,2025-04-19 19:10:08.310294,2563.38
3182,162,469,5,2025-04-03 12:00:15.336368,2182.85
3183,322,460,9,2025-05-10 16:24:13.866368,1339.29
3184,287,236,6,2025-03-04 10:37:08.779671,1683.06
3185,583,266,6,2025-02-09 04:06:45.109652,1563.18
3186,655,96,8,2024-11-10 19:56:39.454655,2013.04
3187,417,173,3,2025-01-07 06:17:11.895350,315.6
3188,956,427,1,2025-05-15 09:42:21.127443,438.67
3189,778,396,1,2025-02-04 08:50:53.613309,488.77
3190,655,347,8,2025-01-12 01:02:10.608664,942.0
3191,33,327,9,2025-06-17 22:21:08.563204,1338.39
3192,177,153,1,2024-12-28 20:44:00.197917,467.55
3193,290,298,5,2025-04-20 02:16:52.970436,940.75
3194,59,348,4,2025-10-27 12:13:34.153083,713.24
3195,590,21,9,2025-09-13 16:29:07.716757,1650.87
3196,322,102,5,2025-01-23 22:45:40.987060,1920.3
3197,984,260,9,2025-01-19 12:36:32.242794,4429.53
3198,46,22,1,2025-01-16 12:00:16.444799,59.26
3199,244,13,8,2025-10-14 20:30:26.093591,546.4
3200,136,245,8,2025-05-17 17:37:32.009165,2789.52
3201,887,101,6,2025-02-21 00:50:23.074187,1861.26
3202,838,254,9,2025-03-12 00:58:58.044008,744.93
3203,247,483,6,2025-08-05 22:07:34.288120,542.4
3204,845,173,4,2025-06-28 10:42:04.476380,420.8
3205,138,198,6,2025-06-30 02:54:04.384467,397.74
3206,666,291,9,2025-02-01 04:32:32.826361,1980.63
3207,300,31,1,2025-04-03 19:23:25.125198,47.66
3208,976,360,9,2025-08-27 00:36:07.895362,319.41
3209,74,478,7,2025-08-05 01:39:21.315194,854.21
3210,448,298,6,2025-01-23 10:37:00.452887,1128.9
3211,323,138,2,2024-12-04 00:38:53.534148,231.92
3212,109,14,6,2024-11-10 05:42:12.366315,1466.16
3213,930,480,9,2025-07-14 20:09:11.774200,2793.42
3214,150,54,7,2025-07-06 08:26:59.753391,2572.36
3215,787,362,6,2025-03-09 16:15:58.874642,317.64
3216,343,260,6,2025-01-13 08:32:50.901944,2953.02
3217,737,468,3,2025-04-04 19:09:52.995400,548.19
3218,717,42,9,2025-06-01 12:38:45.243182,2953.35
3219,693,253,5,2024-12-27 20:22:24.587716,1714.55
3220,182,134,4,2025-02-24 23:29:53.351217,490.92
3221,262,203,4,2025-09-01 23:21:40.467551,815.24
3222,83,472,8,2025-07-19 08:16:09.703267,2947.36
3223,323,418,6,2025-04-25 01:19:21.223201,1484.52
3224,621,367,6,2025-09-13 23:03:14.017587,1064.1
3225,237,361,1,2025-03-19 07:45:55.776553,33.02
3226,866,10,3,2024-12-13 00:18:14.621009,656.79
3227,265,156,6,2025-03-18 06:05:33.025226,1468.02
3228,395,366,8,2025-05-05 09:43:20.805313,1523.76
3229,22,343,9,2025-04-27 00:53:11.767022,4413.33
3230,547,137,4,2025-01-21 13:29:29.011516,445.36
3231,239,354,1,2025-09-04 00:27:35.829842,154.46
3232,864,209,7,2025-08-20 16:32:46.541405,3428.6
3233,347,219,4,2025-01-10 00:42:11.204409,482.2
3234,173,75,6,2025-05-23 01:40:47.597918,2709.24
3235,705,100,2,2025-08-30 22:10:39.091982,399.24
3236,446,11,1,2024-11-26 03:56:20.885104,127.42
3237,562,182,3,2025-02-16 23:34:25.273766,297.93
3238,117,172,5,2025-03-16 14:49:20.149104,102.8
3239,64,137,1,2025-07-11 05:30:03.464811,111.34
3240,246,206,2,2025-07-04 17:21:55.748617,122.82
3241,336,352,1,2025-09-29 00:30:33.134872,420.27
3242,940,184,8,2025-02-27 02:34:09.752231,1603.76
3243,74,7,2,2025-07-20 08:43:20.853734,290.22
3244,658,435,1,2025-06-15 01:06:34.712571,43.02
3245,478,183,5,2025-02-08 16:53:16.804461,1586.2
3246,121,11,5,2025-01-24 04:02:03.375351,637.1
3247,557,404,8,2024-11-11 19:43:23.978664,3461.04
3248,838,426,6,2025-07-22 05:26:50.846798,661.02
3249,522,237,7,2024-12-09 01:15:25.496358,536.48
3250,216,73,3,2025-09-01 10:25:05.614892,208.95
3251,479,331,1,2025-02-12 07:09:55.579137,252.84
3252,73,25,4,2024-12-26 21:17:38.349448,569.84
3253,798,114,2,2025-04-22 21:33:32.590828,279.96
3254,968,51,7,2025-03-07 01:17:17.096958,1849.12
3255,342,83,3,2025-07-21 14:35:00.712477,159.15
3256,181,163,1,2025-08-16 07:32:45.399026,87.9
3257,660,363,2,2025-08-23 05:29:00.076338,598.2
3258,437,274,5,2025-03-18 05:53:11.625821,2152.55
3259,567,335,5,2025-08-23 17:36:31.275010,597.95
3260,745,474,9,2025-03-14 21:07:34.734624,3391.38
3261,29,412,3,2025-01-26 00:07:53.869556,580.17
3262,821,331,7,2025-05-10 13:35:23.902620,1769.88
3263,602,42,4,2025-09-25 16:58:50.191835,1312.6
3264,283,347,6,2025-06-15 21:45:41.325413,706.5
3265,529,17,5,2025-09-07 06:28:02.816562,1284.0
3266,913,5,7,2025-03-25 13:46:33.416948,1841.42
3267,920,134,1,2025-07-05 15:28:25.332257,122.73
3268,293,174,4,2025-07-29 01:44:41.429299,434.56
3269,842,12,8,2024-12-17 13:36:19.928889,2712.56
3270,923,208,1,2025-01-27 09:36:04.262643,30.7
3271,335,454,7,2025-07-31 03:51:00.696981,1420.72
3272,643,165,1,2025-01-02 15:42:56.093730,24.55
3273,974,54,5,2025-02-26 10:58:23.902620,1837.4
3274,127,218,4,2025-08-11 11:23:59.677848,1055.12
3275,302,226,6,2025-05-01 08:24:01.045854,1097.34
3276,441,174,7,2025-02-10 21:06:07.719479,760.48
3277,4,371,4,2025-06-20 22:43:16.099349,1119.2
3278,430,405,5,2025-09-02 12:43:47.380103,252.2
3279,575,45,8,2025-09-01 01:23:49.178744,628.16
3280,909,427,8,2024-12-22 09:02:35.207913,3509.36
3281,411,467,2,2025-05-14 00:49:39.423116,651.88
3282,593,28,9,2025-06-22 01:51:57.809641,537.93
3283,252,357,1,2025-06-07 14:56:15.929281,84.2
3284,119,481,1,2025-01-15 04:59:21.606634,413.09
3285,265,122,2,2025-08-27 18:36:08.513580,102.12
3286,169,421,2,2025-09-16 06:44:19.635389,807.7
3287,352,55,7,2024-11-21 18:57:56.192312,1092.98
3288,740,456,9,2025-06-24 03:52:43.642159,4342.95
3289,374,257,6,2025-02-27 17:37:44.414526,2014.2
3290,399,408,3,2025-01-22 12:09:27.270355,213.45
3291,561,136,5,2025-08-17 00:25:59.413946,2166.95
3292,855,145,9,2024-12-25 22:30:10.220088,109.26
3293,507,12,1,2024-11-22 13:34:54.264469,339.07
3294,179,228,3,2024-12-08 13:39:30.436817,226.83
3295,706,104,5,2025-11-05 00:52:50.562512,541.75
3296,184,148,8,2025-07-31 19:28:52.335264,1668.96
3297,354,131,6,2025-06-28 09:39:26.657235,523.56
3298,454,277,1,2025-05-26 23:36:14.219955,418.59
3299,255,324,5,2025-08-09 13:50:04.101813,1614.05
3300,94,111,8,2025-01-20 17:28:26.341543,3033.44
3301,934,197,2,2025-08-30 07:45:18.207314,751.1
3302,202,302,7,2024-12-26 22:20:37.366108,3493.98
3303,125,111,9,2025-07-31 03:33:38.794277,3412.62
3304,315,8,6,2024-11-24 19:00:59.336244,2137.86
3305,441,269,6,2025-06-17 13:57:19.583583,725.34
3306,91,323,3,2025-08-02 15:03:06.598830,450.51
3307,817,317,2,2025-10-03 00:27:12.275333,404.08
3308,264,71,7,2024-12-13 18:44:14.487690,2487.45
3309,983,287,4,2025-06-29 06:54:44.653943,146.08
3310,517,188,5,2025-05-08 17:29:03.647557,2217.5
3311,287,230,8,2025-07-16 21:23:01.189888,3401.12
3312,697,52,2,2025-03-12 17:24:43.284531,726.04
3313,621,152,7,2025-08-09 10:21:49.026845,2101.26
3314,548,430,9,2025-05-06 12:22:30.030061,2830.23
3315,61,29,5,2025-09-01 05:47:50.746433,2439.5
3316,373,290,1,2025-02-28 11:57:41.718420,231.55
3317,956,204,1,2025-04-26 04:48:55.989838,220.37
3318,867,220,2,2025-01-15 05:05:22.945729,931.9
3319,661,242,5,2025-10-19 13:00:06.522792,803.35
3320,128,434,7,2025-04-11 14:37:38.249454,117.74
3321,510,353,1,2025-10-28 20:57:32.960186,57.17
3322,391,271,6,2025-04-17 02:03:30.116168,1700.28
3323,789,5,9,2025-05-10 15:16:15.639163,2367.54
3324,629,296,6,2025-06-07 17:43:11.114505,236.04
3325,821,118,8,2025-04-03 09:12:10.901206,1318.08
3326,787,467,6,2024-11-17 06:17:19.005706,1955.64
3327,714,469,1,2025-04-17 06:35:41.418129,436.57
3328,687,135,8,2025-09-17 20:46:56.992764,1545.68
3329,450,53,9,2025-01-26 11:44:48.369291,1163.61
3330,452,69,3,2025-07-07 01:54:41.546962,1303.86
3331,64,327,9,2025-03-03 10:16:05.432926,1338.39
3332,786,70,9,2025-04-12 19:32:40.332450,1765.53
3333,700,124,1,2024-11-23 15:40:31.943803,291.75
3334,989,305,7,2024-11-29 12:39:17.425571,1437.31
3335,486,46,2,2024-12-04 18:06:42.959888,39.44
3336,627,435,9,2025-07-27 15:31:02.172604,387.18
3337,258,250,4,2025-09-14 17:01:37.507065,868.76
3338,268,448,1,2024-12-02 17:58:54.411402,344.88
3339,181,374,8,2025-07-31 21:19:56.779107,3182.08
3340,431,129,4,2025-02-24 23:51:24.989156,204.0
3341,387,43,6,2025-04-19 19:33:36.405653,2460.18
3342,366,197,9,2025-06-18 10:28:41.986616,3379.95
3343,99,286,1,2025-05-12 10:59:00.324942,482.27
3344,531,67,1,2025-06-12 04:10:49.284432,310.95
3345,403,496,2,2025-09-26 00:56:40.092348,504.26
3346,455,6,5,2025-05-10 02:13:31.613515,2297.05
3347,346,244,7,2025-04-10 06:56:41.415509,594.65
3348,658,382,8,2025-05-12 13:44:28.685567,2596.64
3349,1,43,2,2025-08-13 23:50:42.407045,820.06
3350,936,104,9,2025-06-18 04:26:12.473922,975.15
3351,978,199,7,2025-10-23 17:24:57.327017,145.46
3352,336,136,3,2025-01-30 12:18:59.250795,1300.17
3353,210,121,3,2025-06-21 15:28:33.010607,276.96
3354,595,368,9,2025-08-20 19:48:06.684818,2816.46
3355,214,246,6,2025-03-08 20:53:03.907320,261.06
3356,416,294,8,2025-04-02 10:17:25.854126,2417.76
3357,754,88,8,2025-09-15 18:15:33.849049,2948.4
3358,920,481,4,2024-11-30 21:12:56.389584,1652.36
3359,179,103,2,2025-02-15 03:21:42.484648,412.54
3360,883,374,7,2024-11-11 00:26:45.689482,2784.32
3361,754,473,3,2025-09-21 08:07:35.752450,1391.79
3362,479,178,1,2025-02-08 05:45:52.541404,196.89
3363,243,270,2,2025-10-10 23:09:33.648290,585.54
3364,663,211,8,2025-06-22 16:07:11.670126,1967.12
3365,282,477,5,2025-03-10 00:24:22.527941,714.15
3366,57,312,6,2024-12-03 07:16:10.759198,2577.06
3367,5,314,1,2025-10-11 20:33:54.350308,397.21
3368,772,328,3,2025-04-21 02:34:24.655677,383.25
3369,319,208,2,2024-11-23 11:36:53.946603,61.4
3370,677,407,2,2025-03-22 23:47:32.587150,672.68
3371,949,221,6,2025-01-01 08:21:42.028362,81.12
3372,273,384,2,2025-01-23 12:33:33.378326,534.74
3373,705,304,8,2025-10-01 22:16:57.914523,2519.6
3374,103,262,4,2025-05-25 03:56:47.925486,849.8
3375,740,379,5,2025-06-21 22:57:41.487323,466.2
3376,702,275,2,2025-07-19 07:06:01.932685,748.18
3377,846,457,6,2025-08-30 22:34:55.561852,1618.62
3378,286,424,1,2025-01-07 23:25:50.977388,83.9
3379,395,269,7,2025-02-14 22:19:54.078162,846.23
3380,292,69,1,2025-04-20 08:35:40.406271,434.62
3381,487,372,8,2024-11-27 00:02:19.215067,2373.6
3382,679,373,3,2025-05-29 18:49:36.935310,1247.97
3383,325,323,5,2024-11-27 01:46:00.578234,750.85
3384,336,188,7,2025-02-22 12:04:29.617199,3104.5
3385,290,344,7,2025-06-06 22:55:07.411268,1493.1
3386,316,208,6,2025-08-19 13:01:53.721804,184.2
3387,303,214,3,2025-05-13 03:06:04.423979,1176.9
3388,667,240,7,2025-07-15 22:36:40.681119,1636.6
3389,701,168,2,2024-11-07 06:46:55.835039,628.5
3390,636,187,6,2025-04-12 18:35:27.300599,2442.84
3391,538,262,7,2025-07-11 07:40:06.856796,1487.15
3392,365,392,6,2025-06-23 22:59:45.911119,1912.5
3393,875,113,2,2025-10-06 06:03:35.538266,154.08
3394,188,384,5,2025-04-19 21:54:18.350204,1336.85
3395,386,311,1,2025-07-15 21:03:54.784495,121.01
3396,292,281,6,2025-01-26 00:56:46.166232,1012.5
3397,65,414,8,2025-03-17 01:57:49.116054,1308.88
3398,761,335,4,2025-10-31 11:33:21.550653,478.36
3399,108,370,1,2024-12-04 20:36:52.299958,162.16
3400,527,364,7,2025-02-22 09:43:29.146035,3433.43
3401,693,16,6,2025-03-21 00:02:52.185248,1120.62
3402,490,186,9,2025-01-01 20:38:42.977428,3735.18
3403,75,320,3,2025-08-04 21:01:29.987158,323.16
3404,888,218,8,2025-04-29 16:14:32.895587,2110.24
3405,952,36,6,2025-07-06 19:28:21.219510,2368.98
3406,985,393,4,2024-12-09 09:27:03.184378,255.84
3407,693,89,8,2025-03-08 18:13:07.022480,1420.96
3408,210,431,5,2025-07-06 21:22:32.063866,612.85
3409,680,117,7,2025-09-02 19:06:42.620742,155.12
3410,616,49,7,2025-11-06 10:26:28.369860,3052.42
3411,784,209,5,2024-11-17 16:51:07.044330,2449.0
3412,327,322,9,2025-02-18 13:22:42.672254,4208.94
3413,283,258,9,2025-09-17 10:42:01.749373,2368.8
3414,756,162,4,2025-10-01 17:06:11.236448,776.56
3415,896,368,1,2025-01-20 05:18:31.854016,312.94
3416,647,290,2,2025-10-02 07:30:57.622483,463.1
3417,703,309,5,2025-08-27 00:20:26.901438,1688.1
3418,591,32,5,2025-06-02 13:49:31.805124,445.2
3419,579,211,2,2024-11-16 14:54:54.758159,491.78
3420,824,155,7,2025-06-27 11:56:03.095622,455.07
3421,531,273,5,2025-08-24 09:35:48.793750,127.05
3422,625,78,4,2025-06-15 09:18:37.381576,996.8
3423,995,232,3,2025-06-18 09:54:11.706456,1102.98
3424,475,449,5,2025-03-01 23:50:58.937037,651.35
3425,342,158,3,2025-04-25 04:27:01.075512,1302.33
3426,334,200,4,2025-05-25 21:20:46.092607,1208.4
3427,515,90,2,2025-01-12 14:43:44.334948,327.76
3428,105,482,4,2024-12-19 08:39:45.386196,592.88
3429,814,341,1,2025-01-03 07:47:31.827909,461.81
3430,638,498,7,2024-12-31 00:12:17.451664,759.43
3431,831,148,4,2025-04-01 04:52:28.382055,834.48
3432,221,55,6,2025-08-14 03:47:36.809431,936.84
3433,255,155,1,2025-01-20 16:28:21.176176,65.01
3434,997,492,9,2025-10-10 18:53:08.889612,1066.41
3435,983,148,9,2025-10-31 01:45:20.813896,1877.58
3436,113,283,6,2025-07-14 16:09:21.947206,2979.84
3437,739,409,4,2025-04-21 08:22:08.829450,139.68
3438,264,223,7,2025-01-31 04:56:31.570913,2030.7
3439,20,445,2,2025-01-07 11:17:50.465717,377.76
3440,323,18,8,2025-10-21 02:31:56.151454,2651.04
3441,837,120,6,2025-01-18 05:11:27.699820,1912.44
3442,584,112,1,2025-10-09 11:45:43.404683,428.42
3443,79,244,8,2025-03-27 05:02:03.147045,679.6
3444,781,244,2,2024-11-20 14:39:46.475261,169.9
3445,254,458,8,2025-07-24 16:33:10.447924,1716.64
3446,31,437,9,2025-09-18 04:48:25.459296,758.97
3447,834,183,2,2025-03-17 01:38:04.798404,634.48
3448,813,496,1,2024-12-25 02:17:18.006376,252.13
3449,312,217,2,2024-11-28 21:02:18.150574,337.36
3450,889,205,6,2025-04-24 12:34:07.764868,2910.0
3451,835,367,7,2025-03-26 16:07:04.504592,1241.45
3452,162,114,6,2025-02-13 15:05:53.662706,839.88
3453,413,328,2,2024-12-23 18:16:57.690723,255.5
3454,618,459,1,2025-06-29 01:14:53.076006,213.75
3455,992,65,6,2025-09-19 05:13:03.436187,2463.6
3456,808,449,6,2025-07-21 11:06:15.189082,781.62
3457,881,143,5,2025-04-28 03:20:45.046908,610.1
3458,927,286,6,2025-06-11 21:18:21.335171,2893.62
3459,242,460,2,2025-05-31 18:15:07.339290,297.62
3460,401,185,4,2024-11-26 05:53:32.376832,544.04
3461,254,27,9,2025-02-23 17:49:40.640733,3241.44
3462,903,172,3,2025-01-22 12:11:35.587205,61.68
3463,777,496,8,2025-04-15 21:09:58.650358,2017.04
3464,172,351,1,2025-10-06 01:09:02.960256,78.57
3465,629,99,5,2025-02-17 16:45:32.486390,1101.3
3466,76,377,1,2025-11-06 10:58:33.764050,205.52
3467,930,203,2,2024-12-24 08:11:27.903656,407.62
3468,409,430,7,2025-09-11 15:09:27.271650,2201.29
3469,652,185,4,2025-06-24 03:54:34.973827,544.04
3470,641,165,2,2025-04-02 16:57:33.809009,49.1
3471,110,48,8,2025-06-17 23:18:34.988893,723.92
3472,232,355,6,2025-06-05 05:35:44.331479,1807.8
3473,754,8,8,2025-05-22 03:13:02.404982,2850.48
3474,468,234,7,2024-12-07 22:46:05.520101,1502.13
3475,182,499,6,2025-02-21 19:55:06.930904,1290.24
3476,600,30,8,2025-07-04 12:12:05.365511,638.08
3477,884,281,1,2025-08-11 18:50:03.048568,168.75
3478,22,317,6,2025-08-19 21:08:13.298551,1212.24
3479,223,194,2,2025-08-13 11:17:44.511284,230.12
3480,815,351,3,2025-02-11 19:35:39.360426,235.71
3481,159,37,9,2024-11-20 19:11:05.162773,2939.49
3482,671,433,8,2024-12-25 13:05:18.015949,3828.56
3483,476,257,9,2025-08-20 22:51:40.720514,3021.3
3484,272,416,5,2025-08-02 12:24:12.528276,1694.85
3485,491,121,3,2025-07-16 18:03:13.941613,276.96
3486,338,212,8,2025-09-21 21:07:44.229995,1338.0
3487,902,170,9,2024-12-22 01:41:27.440584,1232.28
3488,76,14,5,2025-05-07 07:52:59.329541,1221.8
3489,836,388,7,2025-05-24 09:53:40.938069,3126.06
3490,304,62,7,2025-01-02 21:09:17.394500,2017.12
3491,173,388,2,2025-05-07 14:24:22.469612,893.16
3492,124,332,9,2025-05-27 00:16:16.606632,3944.43
3493,266,413,7,2025-01-02 21:01:42.245494,779.59
3494,121,370,3,2025-07-29 01:30:45.379994,486.48
3495,531,41,8,2025-10-05 07:39:43.617805,2313.44
3496,98,281,9,2025-06-29 16:49:48.703317,1518.75
3497,386,60,3,2024-12-07 00:58:46.261418,1020.51
3498,388,456,5,2025-01-31 10:46:11.965574,2412.75
3499,726,444,1,2025-03-05 06:55:37.474915,151.1
3500,613,54,9,2025-05-24 13:43:14.570211,3307.32
3501,526,131,3,2025-04-28 16:17:43.539186,261.78
3502,500,226,1,2025-01-26 05:19:06.774552,182.89
3503,365,233,7,2025-06-19 13:50:51.941864,1810.34
3504,698,484,9,2025-07-26 02:44:23.912563,3669.3
3505,164,337,5,2025-01-26 10:19:04.501884,2246.7
3506,341,177,6,2025-07-15 19:59:07.929362,1842.36
3507,196,207,8,2025-11-05 02:26:31.896665,2585.84
3508,184,75,8,2025-03-30 07:21:29.743553,3612.32
3509,671,352,1,2025-06-09 02:47:13.581410,420.27
3510,201,269,6,2025-10-30 18:38:20.381314,725.34
3511,665,217,1,2025-09-30 11:57:37.716003,168.68
3512,417,408,1,2025-08-11 07:13:59.351232,71.15
3513,251,340,2,2025-02-06 13:10:43.186055,636.54
3514,246,318,7,2024-11-17 17:28:19.737157,2281.09
3515,738,393,7,2025-02-03 18:32:33.227055,447.72
3516,46,479,3,2025-07-20 18:23:55.003384,1284.24
3517,528,183,5,2025-05-05 21:06:51.603840,1586.2
3518,538,251,3,2025-03-18 06:01:41.856944,109.53
3519,132,445,1,2025-05-17 09:10:47.663167,188.88
3520,774,486,4,2025-06-28 04:13:16.585541,1040.28
3521,161,446,5,2024-11-22 04:29:56.849811,1943.75
3522,347,159,6,2025-03-01 17:55:27.447166,1591.74
3523,981,263,7,2025-06-02 02:15:38.899216,203.42
3524,192,169,3,2024-11-29 00:22:36.127563,1276.83
3525,993,116,2,2025-06-05 04:26:38.000158,881.54
3526,510,277,6,2025-07-07 20:27:24.993900,2511.54
3527,806,440,1,2024-12-18 03:11:01.382782,169.53
3528,681,369,7,2024-12-14 02:02:36.746988,1173.2
3529,962,203,3,2025-06-23 17:59:33.594198,611.43
3530,725,99,3,2025-05-19 20:38:50.197647,660.78
3531,241,281,5,2025-06-11 09:29:07.358590,843.75
3532,351,362,6,2025-03-15 15:59:25.083843,317.64
3533,960,54,1,2025-02-27 18:24:44.080823,367.48
3534,219,224,6,2025-07-16 00:05:26.326691,1109.04
3535,346,428,4,2025-04-29 00:21:20.672778,645.92
3536,561,363,3,2025-01-25 18:35:23.561624,897.3
3537,963,463,7,2025-01-01 10:43:35.006702,913.92
3538,825,112,3,2025-02-05 00:00:33.662426,1285.26
3539,120,259,7,2025-07-20 03:54:28.307924,1684.62
3540,442,89,7,2025-03-07 01:16:40.544897,1243.34
3541,219,183,4,2024-11-18 20:56:19.089159,1268.96
3542,529,376,8,2025-04-06 06:57:00.274347,2049.76
3543,87,190,9,2025-10-25 06:58:16.780796,4421.61
3544,728,417,1,2025-01-24 23:44:07.682436,174.6
3545,661,55,3,2025-04-20 01:56:47.922445,468.42
3546,374,380,9,2024-11-30 02:49:43.678629,1993.59
3547,500,240,2,2024-12-10 22:28:34.179231,467.6
3548,510,400,9,2024-12-15 05:00:00.126745,772.47
3549,158,192,5,2025-09-03 09:29:00.433692,1784.9
3550,790,82,2,2025-03-31 12:27:30.682027,723.82
3551,981,436,7,2025-08-10 09:38:15.475209,1000.3
3552,208,153,4,2025-08-17 21:45:58.823032,1870.2
3553,5,418,4,2024-11-15 19:49:08.271626,989.68
3554,197,234,1,2025-05-28 00:17:28.174113,214.59
3555,321,322,3,2025-03-27 14:24:50.580324,1402.98
3556,955,403,3,2025-03-05 00:00:07.874348,111.18
3557,424,322,2,2025-10-09 12:21:52.320128,935.32
3558,184,335,9,2025-01-16 05:11:11.173577,1076.31
3559,71,13,3,2025-09-08 21:07:25.994017,204.9
3560,435,465,3,2025-05-19 10:56:13.858889,597.0
3561,995,325,7,2025-05-17 00:50:44.999705,3342.5
3562,37,496,1,2025-01-26 14:11:48.470189,252.13
3563,198,71,9,2025-07-01 00:44:17.745670,3198.15
3564,68,229,2,2025-01-09 03:04:03.893087,905.74
3565,521,124,9,2025-02-08 14:34:20.307004,2625.75
3566,124,121,8,2025-01-25 15:21:07.076723,738.56
3567,552,82,6,2025-07-03 18:35:54.350847,2171.46
3568,341,484,2,2025-09-06 19:38:15.621231,815.4
3569,768,281,9,2025-06-21 12:05:23.617751,1518.75
3570,754,114,9,2025-10-04 14:35:27.648449,1259.82
3571,635,142,6,2025-06-09 12:37:30.909421,2181.06
3572,712,175,3,2025-06-14 23:16:55.599651,1120.62
3573,420,178,6,2025-03-17 18:06:49.656883,1181.34
3574,257,418,2,2025-10-06 08:29:38.906587,494.84
3575,692,427,4,2025-01-29 17:45:19.887209,1754.68
3576,922,326,6,2025-06-19 22:06:25.369128,2615.1
3577,888,383,4,2025-08-07 03:49:41.050469,47.32
3578,429,444,7,2025-03-02 18:42:26.771792,1057.7
3579,531,471,1,2025-07-12 06:50:30.192830,151.59
3580,390,208,6,2025-04-04 14:44:08.557564,184.2
3581,47,427,6,2025-01-20 18:31:54.492687,2632.02
3582,62,79,2,2025-04-04 23:57:18.015796,799.1
3583,258,296,2,2025-03-30 21:31:53.911326,78.68
3584,316,17,8,2025-04-09 16:05:39.307262,2054.4
3585,44,205,4,2025-08-03 21:31:50.256097,1940.0
3586,152,57,7,2025-01-06 11:22:51.315764,2805.39
3587,624,305,1,2025-07-18 23:50:19.871416,205.33
3588,722,285,3,2025-05-21 03:41:06.974063,435.39
3589,214,473,4,2025-09-24 17:23:54.162364,1855.72
3590,694,342,7,2025-06-18 04:31:05.035380,1740.9
3591,931,241,5,2025-01-20 01:15:02.726017,386.7
3592,383,88,3,2025-01-29 22:10:27.640688,1105.65
3593,366,152,7,2025-10-21 23:39:51.320796,2101.26
3594,723,261,2,2025-04-24 21:17:02.617234,157.28
3595,679,121,8,2024-12-09 10:35:57.700340,738.56
3596,440,73,1,2025-06-19 07:25:22.197115,69.65
3597,855,97,2,2025-08-04 21:52:34.106028,208.16
3598,564,17,2,2025-07-22 13:43:44.594424,513.6
3599,388,443,7,2025-01-31 14:16:30.349576,2377.9
3600,736,78,7,2025-08-27 17:17:14.574157,1744.4
3601,185,286,1,2025-04-18 15:49:07.962886,482.27
3602,805,259,5,2025-01-28 21:22:14.464947,1203.3
3603,574,120,8,2025-03-16 01:42:25.974385,2549.92
3604,700,281,4,2025-06-21 00:45:25.898906,675.0
3605,60,299,6,2024-12-29 23:15:47.562058,1686.66
3606,714,338,6,2025-05-20 03:15:26.638850,564.48
3607,420,350,4,2025-07-09 16:58:53.627561,824.88
3608,545,65,7,2025-07-28 04:32:26.057421,2874.2
3609,186,13,6,2024-12-01 15:44:18.242644,409.8
3610,611,13,6,2025-08-29 16:13:09.053437,409.8
3611,904,119,6,2025-04-28 06:45:08.968406,2114.28
3612,664,424,1,2025-08-09 21:58:08.151662,83.9
3613,455,265,7,2024-12-19 12:01:41.575824,1482.67
3614,893,152,6,2025-08-08 03:37:31.613786,1801.08
3615,965,237,8,2025-02-17 03:00:15.785425,613.12
3616,595,493,5,2025-01-03 14:51:32.221322,275.1
3617,387,349,9,2025-08-05 23:23:14.040564,3404.7
3618,88,333,4,2025-01-30 15:26:15.277918,946.04
3619,394,487,4,2025-09-01 07:11:13.831722,1511.64
3620,879,308,8,2024-12-16 22:11:14.786799,987.68
3621,177,310,2,2024-11-13 01:20:29.612829,741.98
3622,149,148,7,2025-02-16 01:05:50.376342,1460.34
3623,859,84,3,2025-01-10 17:31:22.213181,1398.12
3624,393,468,9,2025-02-11 21:03:02.339129,1644.57
3625,564,277,1,2025-10-01 20:33:37.688885,418.59
3626,248,151,3,2025-05-07 01:06:02.776791,353.52
3627,221,390,9,2025-02-09 12:48:57.170024,475.65
3628,147,207,8,2024-12-17 01:32:54.584580,2585.84
3629,473,355,8,2025-01-10 08:41:24.898436,2410.4
3630,913,136,5,2025-07-05 15:08:08.972125,2166.95
3631,789,230,9,2025-10-18 10:10:08.035727,3826.26
3632,129,151,7,2025-07-06 15:18:56.700717,824.88
3633,448,363,9,2024-11-12 16:20:07.921434,2691.9
3634,468,57,4,2025-08-14 21:27:01.516649,1603.08
3635,606,359,3,2024-11-16 01:28:38.637115,947.7
3636,620,246,7,2024-12-21 17:44:50.752286,304.57
3637,713,374,5,2025-10-26 12:04:10.396949,1988.8
3638,840,1,3,2025-08-27 04:40:38.306026,850.11
3639,170,83,8,2024-11-20 06:22:27.412670,424.4
3640,729,431,9,2025-05-30 02:50:23.290005,1103.13
3641,871,368,4,2025-01-13 18:47:03.400367,1251.76
3642,592,280,2,2025-08-05 02:42:04.193744,490.12
3643,532,447,6,2024-12-11 16:57:45.981654,1916.4
3644,692,58,2,2024-11-24 22:37:36.305789,330.62
3645,823,71,9,2025-06-11 08:03:08.516082,3198.15
3646,486,251,7,2024-11-21 23:53:32.862432,255.57
3647,159,54,4,2024-11-07 23:51:19.073530,1469.92
3648,965,256,1,2025-10-18 14:33:46.215891,48.67
3649,684,265,2,2025-07-26 13:36:03.192111,423.62
3650,158,352,5,2025-04-18 16:27:59.940373,2101.35
3651,888,25,6,2025-09-18 03:34:36.523999,854.76
3652,838,126,4,2025-05-25 23:52:26.467640,1029.36
3653,881,232,5,2025-08-13 18:47:14.822924,1838.3
3654,242,363,6,2025-11-02 10:05:36.566224,1794.6
3655,636,469,5,2025-01-01 10:50:51.302294,2182.85
3656,768,93,6,2025-03-30 15:13:02.697236,1390.26
3657,338,214,8,2024-12-23 11:45:45.817778,3138.4
3658,388,361,9,2025-08-21 07:40:20.051913,297.18
3659,146,455,5,2024-12-28 06:25:30.049489,165.95
3660,138,87,9,2025-08-21 10:32:57.117943,2904.12
3661,221,173,2,2024-12-07 08:22:30.468237,210.4
3662,598,98,2,2025-10-09 02:11:12.783318,253.7
3663,556,28,7,2024-11-17 16:53:59.454013,418.39
3664,390,8,2,2025-11-03 16:06:18.601035,712.62
3665,860,183,7,2024-11-30 06:35:07.701491,2220.68
3666,908,280,1,2025-05-31 19:18:38.278110,245.06
3667,316,358,2,2025-05-21 11:55:05.218373,261.32
3668,275,467,7,2025-09-08 11:34:39.778156,2281.58
3669,696,247,5,2025-02-03 20:06:17.221621,1644.85
3670,397,115,8,2025-03-09 03:54:33.646903,1342.72
3671,239,170,4,2025-03-04 22:21:46.565704,547.68
3672,861,377,7,2025-08-06 18:26:19.272608,1438.64
3673,28,391,2,2024-12-25 08:26:05.351447,223.34
3674,526,210,7,2024-11-08 15:40:26.272321,840.07
3675,706,480,1,2025-02-08 22:47:42.793493,310.38
3676,794,400,5,2025-07-21 01:03:53.548494,429.15
3677,338,230,4,2024-11-07 15:09:54.213169,1700.56
3678,583,4,4,2025-10-11 04:30:41.116685,1174.92
3679,131,313,2,2025-07-16 00:35:44.149924,227.38
3680,522,319,9,2025-01-06 02:24:07.475140,3974.13
3681,502,336,1,2025-10-14 09:48:30.157494,352.9
3682,981,9,1,2025-02-28 02:01:58.081322,175.1
3683,260,384,4,2024-12-07 08:06:26.271373,1069.48
3684,403,221,9,2025-05-01 01:07:31.090495,121.68
3685,447,136,2,2025-07-07 01:06:56.607343,866.78
3686,125,332,1,2025-01-30 14:24:44.358447,438.27
3687,400,413,1,2025-03-16 19:04:42.475775,111.37
3688,128,317,4,2025-09-10 14:03:11.404677,808.16
3689,193,354,5,2024-12-14 22:23:59.631016,772.3
3690,585,315,8,2025-04-26 19:10:56.613630,184.08
3691,469,431,2,2024-12-27 09:28:43.368624,245.14
3692,275,165,7,2025-03-17 04:38:34.898171,171.85
3693,144,67,7,2025-08-03 18:34:57.212031,2176.65
3694,805,51,3,2025-03-10 09:43:30.464000,792.48
3695,981,205,1,2025-07-18 22:54:07.120727,485.0
3696,291,153,7,2025-07-04 12:58:51.497027,3272.85
3697,788,446,1,2025-01-07 03:41:45.543218,388.75
3698,348,449,2,2024-11-22 22:44:52.445340,260.54
3699,299,61,6,2025-01-17 04:46:03.228846,2274.3
3700,222,491,5,2025-01-04 04:33:06.341836,497.5
3701,808,159,6,2025-10-03 19:50:36.152086,1591.74
3702,9,404,9,2025-02-25 16:06:13.537632,3893.67
3703,502,158,9,2025-03-18 12:41:15.832523,3906.99
3704,919,77,7,2024-12-09 14:19:55.267867,2212.77
3705,449,95,3,2024-12-10 00:24:04.681450,1308.18
3706,143,308,2,2025-09-25 06:55:10.591707,246.92
3707,892,53,3,2025-06-29 06:41:00.595342,387.87
3708,594,278,3,2025-09-21 18:27:46.039309,1090.65
3709,732,289,1,2025-07-25 17:47:30.501326,317.01
3710,338,223,8,2025-02-25 06:34:41.212453,2320.8
3711,625,133,1,2025-03-06 07:30:32.966744,464.59
3712,318,43,4,2024-11-27 01:44:11.098968,1640.12
3713,26,161,2,2025-08-09 06:19:01.769823,590.4
3714,583,297,1,2025-08-27 15:21:16.757457,27.04
3715,544,106,3,2025-05-25 05:43:40.975181,856.95
3716,568,91,9,2024-11-20 16:46:31.790790,1771.83
3717,57,59,7,2025-02-27 22:19:12.401005,2371.39
3718,407,37,7,2025-01-05 10:20:11.694151,2286.27
3719,467,309,1,2025-06-11 00:47:34.877173,337.62
3720,177,408,1,2025-01-29 22:03:36.890222,71.15
3721,539,499,6,2025-01-28 16:41:30.728516,1290.24
3722,493,246,1,2024-11-27 12:59:48.859794,43.51
3723,338,409,8,2025-08-06 03:28:14.976133,279.36
3724,294,343,2,2025-07-25 19:31:36.183105,980.74
3725,269,316,4,2025-06-20 07:23:49.782772,1114.24
3726,426,399,5,2025-03-20 13:30:50.437459,1369.4
3727,875,360,3,2025-03-09 03:23:30.718732,106.47
3728,247,38,1,2025-06-14 04:35:36.474076,178.37
3729,821,144,9,2025-07-06 19:51:14.939634,1701.45
3730,114,325,4,2025-04-09 15:29:28.447471,1910.0
3731,864,287,2,2025-03-28 17:46:24.329107,73.04
3732,582,24,5,2025-07-06 22:38:21.117160,1628.5
3733,202,201,5,2025-04-05 16:19:03.901050,240.7
3734,800,305,3,2025-06-16 17:44:51.729047,615.99
3735,91,139,6,2025-02-06 13:37:22.032145,2663.4
3736,883,381,5,2025-01-01 01:23:29.281105,77.6
3737,484,64,8,2025-01-05 02:08:21.178562,889.44
3738,511,405,2,2025-07-28 10:56:37.028232,100.88
3739,30,365,5,2024-12-17 14:53:29.603821,1595.8
3740,10,80,1,2025-06-21 18:42:12.260467,150.37
3741,210,362,6,2025-02-07 21:18:39.153909,317.64
3742,306,279,7,2025-09-07 11:35:16.129301,1571.15
3743,39,347,3,2025-09-27 18:05:44.603088,353.25
3744,239,158,9,2024-11-07 17:48:41.738946,3906.99
3745,183,205,7,2024-11-09 00:54:28.183479,3395.0
3746,365,42,2,2025-04-11 13:03:57.732854,656.3
3747,756,341,3,2025-09-21 01:36:09.904645,1385.43
3748,28,68,9,2025-07-10 08:25:11.463454,582.57
3749,977,24,7,2025-11-05 12:48:13.462206,2279.9
3750,840,254,4,2025-01-15 08:55:42.486968,331.08
3751,382,81,8,2025-07-29 00:16:44.161166,401.12
3752,509,175,3,2024-11-24 14:48:08.023801,1120.62
3753,962,144,5,2024-12-11 20:32:45.141789,945.25
3754,98,377,1,2025-01-17 10:29:27.773146,205.52
3755,594,168,3,2025-03-23 20:00:20.810297,942.75
3756,288,18,6,2025-07-17 17:39:05.926968,1988.28
3757,822,91,5,2025-08-01 06:24:06.956235,984.35
3758,154,33,1,2024-12-02 22:28:34.775882,432.23
3759,233,403,3,2025-09-11 01:46:28.950040,111.18
3760,16,365,1,2025-01-08 19:55:02.432166,319.16
3761,265,170,2,2024-12-12 21:27:55.581991,273.84
3762,26,349,4,2025-07-22 23:41:50.311763,1513.2
3763,996,160,2,2025-06-02 16:09:32.457574,444.26
3764,97,403,9,2025-03-31 09:52:02.882353,333.54
3765,719,292,3,2024-11-07 11:43:05.208852,590.19
3766,522,375,8,2025-01-15 03:42:55.919063,1669.76
3767,817,245,3,2024-11-28 00:18:58.775476,1046.07
3768,926,351,7,2024-11-22 15:05:20.232842,549.99
3769,417,30,6,2025-04-23 06:58:32.712591,478.56
3770,645,137,1,2025-03-17 05:31:23.622897,111.34
3771,313,270,1,2025-08-10 00:39:46.635707,292.77
3772,764,174,2,2025-08-22 08:55:47.516829,217.28
3773,110,266,4,2025-01-07 01:58:15.223061,1042.12
3774,452,13,1,2025-01-11 15:23:43.255665,68.3
3775,865,359,1,2025-04-08 19:25:18.903291,315.9
3776,214,175,3,2025-08-26 10:33:33.729489,1120.62
3777,847,315,1,2025-08-01 22:16:55.836707,23.01
3778,847,377,5,2024-12-29 07:29:55.629032,1027.6
3779,541,46,4,2025-06-24 00:10:48.055134,78.88
3780,261,111,2,2025-06-02 12:15:27.806363,758.36
3781,559,215,4,2025-02-18 06:46:36.299706,166.84
3782,674,185,3,2025-02-06 09:40:13.146908,408.03
3783,521,259,1,2024-12-12 06:36:09.028823,240.66
3784,145,482,2,2024-11-08 02:44:54.358909,296.44
3785,492,27,6,2025-05-11 21:04:08.648841,2160.96
3786,146,335,8,2025-04-29 22:10:45.901036,956.72
3787,340,36,3,2025-08-04 03:35:55.901313,1184.49
3788,863,141,6,2025-08-13 22:37:23.522501,84.3
3789,912,498,5,2025-01-31 22:29:24.099365,542.45
3790,21,238,8,2025-02-24 05:09:26.918653,2716.24
3791,665,332,4,2025-09-12 01:49:58.625999,1753.08
3792,363,316,5,2024-11-10 01:56:33.613236,1392.8
3793,965,189,5,2025-02-01 00:26:14.482312,831.6
3794,536,285,7,2025-03-17 13:24:48.544755,1015.91
3795,436,219,8,2024-11-22 18:12:42.813449,964.4
3796,298,455,9,2025-06-21 18:48:31.483800,298.71
3797,190,18,1,2025-02-28 13:57:44.760339,331.38
3798,771,184,5,2025-05-28 06:59:26.651258,1002.35
3799,851,186,6,2025-08-14 14:25:17.012779,2490.12
3800,544,323,6,2024-11-15 12:43:00.534093,901.02
3801,430,235,9,2025-01-19 02:08:45.053564,3272.31
3802,991,68,7,2025-08-14 16:44:13.669179,453.11
3803,495,482,6,2025-07-23 21:38:04.296180,889.32
3804,582,383,5,2025-02-05 03:19:39.534891,59.15
3805,268,357,8,2025-07-17 07:49:03.464943,673.6
3806,212,226,7,2025-09-24 02:11:17.639020,1280.23
3807,212,235,5,2025-01-18 08:11:43.063818,1817.95
3808,600,241,8,2025-04-08 01:42:48.471700,618.72
3809,215,418,9,2025-07-26 23:39:47.190787,2226.78
3810,797,54,2,2025-05-18 20:21:40.076920,734.96
3811,942,497,9,2025-08-22 16:23:04.183444,3596.22
3812,472,4,5,2025-08-03 23:47:36.692843,1468.65
3813,696,370,2,2024-11-07 14:15:17.032550,324.32
3814,948,290,9,2025-03-30 19:27:05.636510,2083.95
3815,593,45,6,2025-06-20 04:34:52.731179,471.12
3816,187,317,9,2025-02-11 09:25:53.626140,1818.36
3817,455,261,4,2025-09-23 07:46:51.823240,314.56
3818,643,198,4,2025-05-05 23:04:10.112324,265.16
3819,804,331,1,2025-05-09 05:33:13.951245,252.84
3820,957,237,6,2025-03-27 06:13:06.652614,459.84
3821,724,131,1,2025-06-11 09:19:24.115857,87.26
3822,795,282,1,2025-04-05 01:01:41.767337,385.66
3823,683,243,5,2025-02-18 13:30:44.687778,518.35
3824,498,202,1,2025-08-15 14:59:22.939731,250.81
3825,21,93,4,2025-02-03 14:01:47.144573,926.84
3826,731,254,1,2024-12-14 04:06:04.473210,82.77
3827,669,414,3,2025-08-13 14:56:48.691584,490.83
3828,138,356,8,2025-09-05 21:48:35.664112,575.68
3829,274,392,7,2025-06-25 14:22:12.172345,2231.25
3830,712,130,8,2025-05-31 00:00:38.990011,2633.92
3831,54,456,3,2025-05-07 15:24:31.737346,1447.65
3832,774,442,2,2025-04-17 06:44:00.881429,275.02
3833,225,238,6,2025-07-31 00:56:46.141073,2037.18
3834,217,206,5,2025-07-05 07:07:55.548918,307.05
3835,447,326,4,2025-02-15 03:02:27.234564,1743.4
3836,34,486,1,2025-01-28 02:40:28.230093,260.07
3837,699,229,4,2025-05-04 08:44:09.327381,1811.48
3838,435,1,9,2025-02-05 21:33:45.887423,2550.33
3839,524,254,6,2025-10-31 16:11:18.577981,496.62
3840,167,125,7,2025-03-25 01:25:48.429779,2254.49
3841,4,133,3,2025-02-14 09:36:23.675420,1393.77
3842,48,314,3,2024-11-07 22:23:18.510555,1191.63
3843,441,297,3,2025-08-14 14:25:18.168445,81.12
3844,696,23,1,2025-01-03 00:53:45.249851,317.68
3845,421,77,6,2025-07-16 15:00:06.485295,1896.66
3846,947,487,6,2025-08-12 02:51:06.260605,2267.46
3847,605,464,6,2025-06-13 14:30:49.725913,2882.64
3848,977,341,7,2025-10-06 12:59:36.065948,3232.67
3849,265,109,6,2025-06-20 21:32:50.606295,1256.52
3850,938,94,5,2025-01-15 01:54:31.950976,391.75
3851,349,421,5,2025-08-06 09:16:02.906877,2019.25
3852,367,80,9,2025-09-27 03:15:28.569530,1353.33
3853,648,222,3,2025-03-30 11:21:41.049960,178.32
3854,181,414,1,2025-07-28 02:02:04.651832,163.61
3855,100,357,1,2025-05-23 21:18:13.066561,84.2
3856,988,42,6,2024-11-18 06:51:16.626089,1968.9
3857,849,292,9,2025-03-01 23:50:40.741586,1770.57
3858,413,149,4,2025-07-13 07:34:25.708055,967.8
3859,231,362,7,2025-05-11 13:37:51.942067,370.58
3860,505,170,9,2025-02-08 05:24:43.568108,1232.28
3861,306,316,6,2025-01-26 03:57:58.095142,1671.36
3862,318,291,4,2025-03-27 01:54:10.483862,880.28
3863,88,324,7,2025-03-27 16:16:03.064824,2259.67
3864,260,195,1,2025-04-30 02:10:19.843901,470.39
3865,714,129,1,2025-01-12 02:32:15.511973,51.0
3866,546,345,2,2025-06-09 05:32:20.822787,144.16
3867,492,62,9,2025-08-01 00:17:21.146914,2593.44
3868,118,360,4,2024-12-18 16:53:15.322835,141.96
3869,646,345,9,2025-02-09 23:10:23.799136,648.72
3870,6,293,1,2025-07-27 01:50:24.996845,361.28
3871,580,153,2,2024-12-12 03:38:48.008329,935.1
3872,871,331,9,2025-07-04 22:28:35.072832,2275.56
3873,354,141,3,2024-11-13 10:47:45.384854,42.15
3874,870,410,7,2025-09-06 14:54:51.833033,1607.83
3875,898,350,1,2025-06-08 17:16:48.317712,206.22
3876,822,111,7,2025-04-14 11:47:45.683893,2654.26
3877,977,375,2,2025-03-09 14:48:26.207316,417.44
3878,819,353,8,2024-12-03 10:38:22.518254,457.36
3879,493,194,8,2025-09-25 01:15:46.811399,920.48
3880,742,432,7,2025-03-14 04:55:44.928830,850.36
3881,739,264,4,2025-09-04 03:08:14.720727,178.32
3882,76,264,5,2025-10-08 12:28:03.607985,222.9
3883,386,201,3,2025-07-20 23:29:23.482156,144.42
3884,558,20,3,2025-08-22 13:07:22.759595,93.72
3885,453,140,7,2025-01-07 07:23:54.737428,231.14
3886,505,74,1,2025-01-05 02:09:32.304325,394.83
3887,499,239,5,2025-01-04 02:19:44.099766,1621.4
3888,968,414,7,2025-03-23 00:06:04.729298,1145.27
3889,971,36,3,2025-06-15 00:38:00.717264,1184.49
3890,259,8,4,2025-08-20 21:57:05.809307,1425.24
3891,945,361,9,2024-11-27 00:53:40.074324,297.18
3892,302,343,5,2024-11-07 17:38:27.955197,2451.85
3893,93,363,8,2024-11-12 18:20:16.605524,2392.8
3894,568,376,8,2025-05-01 07:18:11.189497,2049.76
3895,232,47,9,2025-01-21 20:54:41.075834,1400.4
3896,889,151,3,2024-12-27 14:48:34.352273,353.52
3897,983,114,2,2025-03-01 10:23:59.776604,279.96
3898,747,273,3,2025-07-31 17:10:25.003215,76.23
3899,447,199,6,2024-11-11 01:29:00.128167,124.68
3900,18,403,5,2025-08-05 09:41:07.268637,185.3
3901,536,61,1,2025-09-14 11:58:31.997415,379.05
3902,529,469,9,2025-02-25 18:36:30.108763,3929.13
3903,804,454,6,2025-01-01 02:07:40.533828,1217.76
3904,324,232,3,2024-12-10 00:21:59.990597,1102.98
3905,48,317,3,2025-10-09 05:54:25.221108,606.12
3906,821,439,2,2025-02-13 12:32:40.809098,644.64
3907,559,160,4,2025-06-24 20:37:25.822439,888.52
3908,217,301,8,2025-09-03 19:25:17.494042,2910.4
3909,759,321,4,2025-02-24 04:41:17.551414,608.16
3910,97,3,7,2025-06-22 08:49:49.714485,2491.86
3911,64,159,7,2025-02-10 10:22:25.994434,1857.03
3912,857,301,7,2024-11-09 19:48:31.071469,2546.6
3913,91,266,1,2024-12-09 21:53:09.517299,260.53
3914,720,366,1,2025-04-13 23:39:29.800286,190.47
3915,477,374,4,2025-04-15 20:22:08.407973,1591.04
3916,943,285,2,2025-09-15 18:22:33.354250,290.26
3917,662,232,6,2025-01-15 17:53:09.671948,2205.96
3918,314,390,6,2025-04-02 01:18:37.515302,317.1
3919,619,33,5,2025-01-07 01:45:24.726656,2161.15
3920,521,120,5,2025-07-02 15:43:08.221248,1593.7
3921,528,490,9,2025-06-08 14:37:42.967141,1204.65
3922,416,66,7,2024-12-16 14:52:16.512140,3393.04
3923,289,370,3,2025-10-19 05:49:50.736134,486.48
3924,827,127,7,2025-07-09 11:22:31.831053,607.88
3925,281,159,7,2025-04-29 16:32:43.071700,1857.03
3926,456,228,6,2025-03-26 02:27:16.291872,453.66
3927,990,49,3,2025-08-03 17:45:39.363097,1308.18
3928,116,490,6,2025-02-09 14:19:51.885003,803.1
3929,496,185,4,2025-02-09 09:25:58.447953,544.04
3930,395,200,2,2024-12-16 01:27:09.005779,604.2
3931,953,79,4,2025-06-23 02:03:16.092999,1598.2
3932,531,58,8,2025-05-07 02:26:47.797486,1322.48
3933,702,439,4,2025-01-26 02:06:22.504272,1289.28
3934,767,328,3,2025-09-24 23:15:20.525589,383.25
3935,959,154,7,2025-08-10 01:39:45.038879,2074.1
3936,118,116,1,2025-02-02 19:17:20.558332,440.77
3937,617,425,7,2024-12-25 17:58:01.813467,571.27
3938,135,42,3,2025-04-30 20:20:44.545344,984.45
3939,642,429,5,2025-04-27 14:11:49.628778,93.95
3940,684,297,9,2025-07-30 19:28:13.691457,243.36
3941,692,138,9,2025-01-23 03:00:11.293495,1043.64
3942,451,335,2,2025-07-20 14:03:54.382317,239.18
3943,434,176,7,2024-11-10 21:37:39.635532,1983.38
3944,76,203,8,2025-02-22 04:35:13.553626,1630.48
3945,44,50,4,2025-01-24 08:09:35.824318,627.52
3946,730,184,6,2024-12-01 12:42:37.512824,1202.82
3947,615,104,7,2025-10-13 17:17:36.007112,758.45
3948,187,113,6,2024-11-25 19:41:21.263191,462.24
3949,693,132,7,2025-09-12 03:43:55.185975,1193.15
3950,577,366,9,2025-10-28 20:37:37.963620,1714.23
3951,827,331,1,2025-08-01 10:45:46.359148,252.84
3952,278,373,4,2025-04-07 17:08:46.375314,1663.96
3953,251,493,7,2025-08-22 05:27:45.826151,385.14
3954,345,181,8,2025-01-30 23:33:29.371636,2818.48
3955,967,297,7,2025-04-07 12:22:41.299513,189.28
3956,773,375,7,2025-07-07 12:57:34.674517,1461.04
3957,376,382,8,2024-12-10 02:34:15.583910,2596.64
3958,263,308,8,2024-12-14 07:20:38.153763,987.68
3959,319,233,1,2025-10-24 14:54:20.642756,258.62
3960,357,473,9,2025-06-11 17:57:15.547442,4175.37
3961,824,321,4,2025-01-18 08:41:18.187163,608.16
3962,574,156,9,2024-11-10 22:18:22.811353,2202.03
3963,678,447,9,2025-07-07 06:19:12.861638,2874.6
3964,902,129,7,2024-12-11 10:01:07.545702,357.0
3965,831,408,5,2025-02-25 01:56:43.088191,355.75
3966,327,367,6,2025-02-21 13:47:44.488356,1064.1
3967,766,362,1,2025-09-16 19:27:23.269873,52.94
3968,87,280,1,2025-11-02 08:50:33.484880,245.06
3969,174,279,2,2025-04-16 17:11:52.408546,448.9
3970,983,462,3,2025-01-02 13:42:55.121395,1104.87
3971,698,454,6,2025-10-08 10:48:55.371555,1217.76
3972,386,282,9,2025-04-07 17:24:07.005628,3470.94
3973,231,267,1,2025-05-17 20:39:10.385081,217.77
3974,187,66,6,2025-03-30 15:19:52.145840,2908.32
3975,684,47,7,2025-02-16 06:45:33.174320,1089.2
3976,943,127,5,2024-11-11 23:34:42.037683,434.2
3977,517,478,1,2025-09-11 05:56:31.974359,122.03
3978,918,199,8,2025-01-06 16:33:44.371814,166.24
3979,365,20,5,2025-01-13 06:01:15.249127,156.2
3980,133,21,6,2025-04-18 14:01:18.657630,1100.58
3981,609,96,5,2025-09-11 15:50:31.076285,1258.15
3982,53,63,5,2025-08-08 21:05:36.581494,422.1
3983,245,200,3,2024-12-02 08:58:29.213637,906.3
3984,86,399,8,2025-03-24 22:10:16.388832,2191.04
3985,883,241,6,2025-04-29 11:52:20.904010,464.04
3986,408,40,6,2025-10-27 19:56:07.275591,231.9
3987,558,263,6,2025-02-04 09:40:43.094015,174.36
3988,896,45,8,2025-07-07 10:32:38.925498,628.16
3989,452,263,3,2025-08-13 23:12:39.129743,87.18
3990,410,110,2,2025-10-09 19:07:23.779974,527.16
3991,750,490,1,2024-11-26 10:47:45.216463,133.85
3992,143,131,7,2025-06-18 03:28:14.274795,610.82
3993,630,193,1,2024-11-26 17:19:02.125571,135.94
3994,743,488,7,2025-05-15 22:00:22.935346,2130.31
3995,94,323,4,2025-02-05 20:50:30.238525,600.68
3996,546,150,1,2025-03-12 17:37:16.949846,424.02
3997,27,472,7,2025-07-25 03:09:17.092355,2578.94
3998,213,81,7,2025-03-03 01:35:13.955558,350.98
3999,773,380,4,2025-05-12 19:56:53.006329,886.04
4000,677,395,4,2025-02-05 03:15:18.846639,370.72
4001,262,84,6,2025-09-26 11:18:35.482496,2796.24
4002,291,289,9,2025-10-17 01:07:53.391533,2853.09
4003,477,365,5,2025-06-02 21:43:48.188850,1595.8
4004,513,399,3,2025-06-02 08:14:59.922173,821.64
4005,511,402,8,2025-09-11 08:35:32.780191,3556.48
4006,987,455,6,2025-10-03 12:06:15.962603,199.14
4007,672,339,4,2024-11-24 19:24:22.149198,1216.0
4008,696,26,4,2025-03-17 18:30:26.419911,797.76
4009,418,152,2,2025-04-23 00:10:32.891919,600.36
4010,810,490,3,2025-08-08 09:08:22.370701,401.55
4011,672,423,5,2025-10-08 03:50:42.803374,1065.65
4012,595,42,6,2025-06-07 23:39:41.039664,1968.9
4013,370,493,6,2024-12-28 06:38:32.301804,330.12
4014,831,196,5,2025-03-19 14:38:26.884754,1701.0
4015,864,417,8,2025-02-01 14:40:09.820906,1396.8
4016,10,317,7,2025-05-30 02:36:41.507277,1414.28
4017,186,366,5,2025-06-06 14:18:50.066915,952.35
4018,993,368,1,2024-12-10 11:53:29.834812,312.94
4019,402,492,8,2025-07-30 00:48:42.771319,947.92
4020,557,103,1,2025-06-08 06:21:57.362290,206.27
4021,85,214,8,2025-02-16 07:16:08.824679,3138.4
4022,499,63,6,2025-02-07 22:20:07.819456,506.52
4023,50,470,2,2025-06-29 04:27:57.973631,243.36
4024,845,391,2,2025-02-20 03:45:22.860636,223.34
4025,986,341,9,2025-03-24 05:23:13.148980,4156.29
4026,692,101,7,2025-09-25 05:25:02.931959,2171.47
4027,254,118,2,2025-07-19 04:26:33.992057,329.52
4028,634,85,1,2025-06-22 04:36:29.912639,496.25
4029,57,244,7,2025-08-15 18:20:06.606692,594.65
4030,955,205,6,2025-09-23 18:54:36.196501,2910.0
4031,249,104,4,2025-05-16 16:38:42.410103,433.4
4032,512,310,9,2025-03-31 18:24:19.295035,3338.91
4033,44,371,2,2025-01-20 07:55:50.903447,559.6
4034,676,354,9,2025-01-01 22:50:51.480218,1390.14
4035,107,482,4,2025-02-23 06:06:38.289187,592.88
4036,746,431,7,2024-12-21 02:07:59.550120,857.99
4037,673,188,2,2024-12-25 14:48:49.280199,887.0
4038,702,103,5,2025-06-16 09:01:14.228512,1031.35
4039,766,251,7,2025-08-11 10:34:04.272152,255.57
4040,805,88,5,2025-02-12 15:43:57.281161,1842.75
4041,460,73,6,2025-01-11 09:10:21.332130,417.9
4042,274,456,5,2025-07-30 08:27:42.990834,2412.75
4043,617,124,3,2025-09-15 20:36:25.462619,875.25
4044,924,45,5,2025-07-13 00:26:46.704798,392.6
4045,258,396,8,2025-01-18 23:23:39.292192,3910.16
4046,86,466,9,2024-11-26 10:45:16.537266,4004.37
4047,78,344,2,2025-07-17 13:08:39.899610,426.6
4048,630,1,4,2025-04-15 22:57:47.203735,1133.48
4049,62,302,8,2025-06-04 22:54:22.139059,3993.12
4050,197,348,2,2025-07-26 19:11:59.424846,356.62
4051,43,74,3,2025-05-13 19:58:40.893444,1184.49
4052,390,277,2,2025-07-15 07:15:00.713570,837.18
4053,232,214,3,2025-06-12 22:26:04.884447,1176.9
4054,650,347,9,2024-12-02 01:32:12.169796,1059.75
4055,505,68,6,2025-08-17 06:29:23.359103,388.38
4056,623,439,9,2024-12-29 03:10:48.233600,2900.88
4057,319,179,8,2025-01-20 06:34:18.003597,715.92
4058,114,442,8,2025-02-03 14:46:00.648958,1100.08
4059,857,482,7,2025-07-05 19:21:31.520669,1037.54
4060,350,125,6,2025-07-02 03:24:11.083211,1932.42
4061,482,296,4,2025-03-01 08:05:58.967386,157.36
4062,752,313,7,2024-12-23 17:06:58.628067,795.83
4063,802,375,4,2025-10-12 12:05:03.246904,834.88
4064,656,134,6,2025-05-16 03:41:35.256513,736.38
4065,285,346,1,2025-03-21 12:42:07.153276,182.28
4066,502,319,5,2025-01-21 20:32:28.855583,2207.85
4067,331,438,9,2025-01-17 01:03:34.927550,858.69
4068,907,43,7,2025-09-08 10:15:26.546068,2870.21
4069,826,303,7,2025-09-18 23:48:45.735372,3209.08
4070,594,110,2,2025-05-06 10:16:27.301274,527.16
4071,523,127,8,2025-03-13 11:10:42.331700,694.72
4072,931,408,8,2024-11-19 00:59:48.003094,569.2
4073,711,235,7,2024-12-11 10:41:46.728487,2545.13
4074,816,180,7,2025-09-15 21:12:51.817527,74.48
4075,953,77,5,2025-05-30 13:58:18.293871,1580.55
4076,861,161,4,2025-03-16 18:11:44.542793,1180.8
4077,343,116,3,2025-09-27 13:46:49.414445,1322.31
4078,295,451,8,2024-11-18 11:40:51.849729,2698.24
4079,429,210,9,2025-02-01 08:40:10.941019,1080.09
4080,815,484,4,2025-04-24 03:23:47.828148,1630.8
4081,105,37,8,2025-04-27 11:34:04.863042,2612.88
4082,860,306,1,2025-09-21 15:58:14.186577,283.01
4083,840,434,7,2025-07-23 22:26:43.354575,117.74
4084,498,377,5,2025-05-30 22:55:43.819185,1027.6
4085,229,146,6,2025-01-12 19:35:39.230748,2152.56
4086,899,136,5,2025-02-15 21:57:53.008530,2166.95
4087,898,178,2,2024-11-07 01:20:41.387087,393.78
4088,207,448,1,2025-06-25 22:39:37.237460,344.88
4089,637,183,9,2024-12-02 20:28:49.396333,2855.16
4090,664,190,1,2025-07-25 22:40:03.797611,491.29
4091,220,163,1,2025-08-07 20:34:50.843851,87.9
4092,331,80,4,2025-10-29 05:20:04.067687,601.48
4093,760,306,5,2025-05-17 08:51:49.741667,1415.05
4094,968,233,2,2025-01-19 15:06:29.216061,517.24
4095,946,333,7,2025-05-29 15:18:32.086331,1655.57
4096,549,158,8,2025-08-29 06:35:20.733918,3472.88
4097,255,29,7,2025-07-17 17:54:15.187562,3415.3
4098,686,376,6,2025-05-18 01:35:28.004884,1537.32
4099,849,116,8,2025-02-21 20:02:26.809412,3526.16
4100,971,113,6,2025-04-10 10:18:10.763555,462.24
4101,992,476,2,2024-12-11 21:30:23.958709,737.64
4102,663,73,7,2025-03-18 06:18:07.035974,487.55
4103,819,280,3,2025-08-04 04:31:34.735368,735.18
4104,221,308,5,2025-01-31 08:31:41.403120,617.3
4105,517,61,6,2024-12-17 18:24:35.507449,2274.3
4106,318,339,6,2025-01-06 03:47:46.499647,1824.0
4107,147,153,8,2025-01-09 06:06:41.654613,3740.4
4108,26,75,4,2025-03-23 16:05:49.021856,1806.16
4109,544,260,4,2025-10-22 00:22:00.607064,1968.68
4110,768,483,2,2025-08-09 22:47:48.974875,180.8
4111,644,51,1,2025-08-16 06:18:56.995425,264.16
4112,286,347,7,2025-03-25 10:09:01.990991,824.25
4113,400,162,3,2025-08-22 04:40:19.446715,582.42
4114,495,90,5,2024-12-03 00:20:18.754461,819.4
4115,607,142,7,2025-03-27 01:06:35.961478,2544.57
4116,891,3,8,2025-04-01 12:34:22.125061,2847.84
4117,200,45,8,2025-09-02 08:52:55.878989,628.16
4118,769,485,8,2025-07-18 23:50:36.062828,1227.2
4119,457,322,7,2025-02-08 05:32:24.956918,3273.62
4120,562,312,2,2025-09-04 02:51:40.958447,859.02
4121,719,136,8,2025-10-19 02:24:12.087062,3467.12
4122,210,320,5,2024-11-28 13:06:59.134457,538.6
4123,423,305,5,2025-10-30 02:46:56.570787,1026.65
4124,989,120,5,2025-09-06 05:55:29.699029,1593.7
4125,470,187,2,2025-09-08 08:33:58.544592,814.28
4126,163,163,2,2025-01-06 13:15:33.534808,175.8
4127,183,15,1,2024-12-07 06:35:57.677612,262.73
4128,767,119,9,2025-07-26 23:25:45.799621,3171.42
4129,904,307,8,2025-01-14 17:54:12.639077,1086.72
4130,106,298,6,2025-02-10 19:10:18.357230,1128.9
4131,740,139,8,2025-03-23 17:15:54.971436,3551.2
4132,497,189,2,2025-05-04 13:09:47.884543,332.64
4133,461,207,1,2025-03-29 10:54:29.692619,323.23
4134,736,164,9,2025-05-31 02:34:08.556560,1790.28
4135,764,287,6,2025-07-25 04:22:27.259965,219.12
4136,978,34,2,2025-03-15 06:49:00.521196,42.72
4137,81,317,2,2024-11-24 15:42:08.842122,404.08
4138,767,53,3,2025-08-30 17:38:16.958991,387.87
4139,792,102,5,2025-06-01 00:40:09.038345,1920.3
4140,40,313,9,2025-11-02 02:28:34.547212,1023.21
4141,23,159,7,2025-08-26 07:26:48.707467,1857.03
4142,528,117,8,2024-12-04 21:10:33.219853,177.28
4143,988,468,3,2025-06-26 06:44:47.857340,548.19
4144,882,270,2,2025-04-25 04:36:05.556416,585.54
4145,93,335,4,2025-05-08 18:53:48.574008,478.36
4146,590,323,4,2025-03-01 18:53:39.348827,600.68
4147,120,133,1,2025-07-13 20:01:51.720323,464.59
4148,641,371,2,2025-03-09 02:49:55.293815,559.6
4149,173,28,4,2025-08-25 04:28:09.331406,239.08
4150,245,458,5,2025-06-25 10:40:50.802340,1072.9
4151,726,322,1,2025-06-20 05:05:28.727210,467.66
4152,596,21,4,2025-10-07 18:24:54.788198,733.72
4153,442,488,2,2025-11-05 12:19:50.768242,608.66
4154,768,484,2,2024-11-28 10:39:28.220086,815.4
4155,441,243,3,2025-05-01 20:02:53.783251,311.01
4156,280,164,4,2025-01-26 15:00:51.734225,795.68
4157,295,438,1,2025-11-04 11:18:16.566590,95.41
4158,290,152,9,2025-10-20 14:33:03.124937,2701.62
4159,497,347,2,2025-04-02 20:25:38.683232,235.5
4160,746,160,2,2025-01-17 06:51:01.042045,444.26
4161,875,88,8,2025-08-13 05:57:57.934176,2948.4
4162,514,27,6,2024-12-07 04:22:37.171794,2160.96
4163,279,107,1,2025-10-07 18:42:43.107373,97.51
4164,858,294,1,2025-08-22 20:28:16.875515,302.22
4165,547,356,8,2025-05-02 04:31:34.684596,575.68
4166,943,425,2,2024-12-04 17:03:23.699761,163.22
4167,942,474,3,2025-07-12 04:04:33.291285,1130.46
4168,237,219,2,2025-05-11 02:56:38.878866,241.1
4169,664,474,3,2025-03-25 10:03:25.818683,1130.46
4170,54,485,3,2025-10-26 17:02:29.818812,460.2
4171,696,304,2,2025-05-01 07:08:32.042587,629.9
4172,148,70,3,2025-02-08 21:23:23.195363,588.51
4173,733,109,8,2025-01-22 19:35:40.089754,1675.36
4174,546,390,4,2025-08-02 23:20:38.099658,211.4
4175,24,279,8,2025-03-30 12:24:09.381023,1795.6
4176,463,4,5,2025-10-24 04:00:25.175450,1468.65
4177,638,455,4,2024-12-08 09:10:40.050801,132.76
4178,766,373,5,2025-08-10 22:10:47.237125,2079.95
4179,570,179,4,2025-08-15 19:30:09.754563,357.96
4180,958,443,4,2025-03-27 21:54:33.937551,1358.8
4181,781,163,6,2024-11-26 10:34:15.513522,527.4
4182,123,347,2,2025-01-31 11:50:03.421648,235.5
4183,832,407,8,2025-05-30 04:36:06.188713,2690.72
4184,945,483,6,2025-09-27 21:14:22.596705,542.4
4185,393,334,2,2025-05-19 23:15:19.461793,378.56
4186,227,299,4,2025-10-02 06:46:07.227851,1124.44
4187,267,244,4,2025-04-15 08:43:20.632135,339.8
4188,180,332,7,2024-12-09 13:35:24.089280,3067.89
4189,968,30,5,2025-08-17 18:38:26.162396,398.8
4190,386,370,7,2025-03-04 01:49:22.852207,1135.12
4191,893,301,6,2025-05-21 15:25:35.171927,2182.8
4192,163,416,9,2025-10-08 00:26:29.569557,3050.73
4193,151,381,3,2025-02-17 03:46:01.043018,46.56
4194,968,312,5,2025-08-08 21:44:28.531914,2147.55
4195,899,49,7,2025-03-08 11:40:22.099855,3052.42
4196,1,145,5,2025-02-21 19:59:48.311070,60.7
4197,805,159,5,2024-11-14 10:54:51.974259,1326.45
4198,9,199,7,2024-12-02 11:49:38.507161,145.46
4199,483,265,1,2025-02-22 00:11:14.769068,211.81
4200,353,218,8,2025-10-05 13:18:45.274828,2110.24
4201,747,498,4,2025-01-20 09:43:02.902520,433.96
4202,438,96,8,2024-12-07 04:01:40.304808,2013.04
4203,82,476,8,2025-10-13 14:33:22.872645,2950.56
4204,257,244,3,2025-07-27 08:23:05.191299,254.85
4205,329,363,5,2024-11-26 06:18:08.303684,1495.5
4206,172,307,3,2025-10-01 05:07:56.947321,407.52
4207,853,46,4,2025-02-26 19:27:51.600844,78.88
4208,146,289,1,2024-12-04 09:24:38.594032,317.01
4209,712,110,4,2025-03-21 16:39:01.551178,1054.32
4210,798,455,5,2025-06-14 17:42:44.769746,165.95
4211,379,124,8,2025-04-24 05:33:00.041943,2334.0
4212,703,96,2,2025-06-26 23:08:11.868857,503.26
4213,714,489,3,2025-09-15 18:48:24.964808,46.14
4214,9,441,9,2025-07-09 14:58:45.675473,4451.67
4215,690,475,5,2025-04-12 17:41:32.453257,488.8
4216,581,267,6,2025-07-21 08:57:06.003672,1306.62
4217,506,39,4,2025-07-20 14:32:07.315067,1691.32
4218,463,281,3,2024-11-22 20:57:47.257896,506.25
4219,501,345,6,2025-09-23 06:08:34.874060,432.48
4220,684,500,8,2025-09-30 21:20:16.515866,1301.44
4221,562,386,3,2025-01-11 17:48:17.425932,451.32
4222,725,323,3,2025-04-06 10:44:29.301714,450.51
4223,452,460,3,2024-11-11 11:44:18.163835,446.43
4224,288,38,2,2025-02-04 16:42:00.146971,356.74
4225,385,269,3,2025-03-12 20:45:40.071611,362.67
4226,434,481,8,2025-08-27 11:08:03.516475,3304.72
4227,925,478,7,2025-04-09 06:38:10.732869,854.21
4228,533,14,2,2024-12-16 05:33:36.239197,488.72
4229,465,44,7,2025-10-12 20:59:04.622797,963.97
4230,402,279,6,2025-06-02 06:27:30.525185,1346.7
4231,634,346,9,2025-04-02 23:32:59.699198,1640.52
4232,292,294,7,2025-11-02 05:47:01.327148,2115.54
4233,806,162,5,2024-11-17 05:04:41.568247,970.7
4234,302,53,2,2025-02-24 13:37:34.727004,258.58
4235,70,158,6,2025-01-29 07:55:29.889553,2604.66
4236,778,56,3,2025-03-20 12:36:36.107607,681.75
4237,583,266,9,2025-04-27 12:03:40.243328,2344.77
4238,97,97,6,2024-11-07 17:06:30.905308,624.48
4239,236,481,4,2024-11-29 07:47:01.409991,1652.36
4240,722,463,8,2025-03-23 02:55:44.659643,1044.48
4241,102,33,2,2024-11-09 22:48:22.235389,864.46
4242,873,152,5,2025-06-01 22:18:43.068153,1500.9
4243,865,122,4,2025-06-08 11:08:31.707423,204.24
4244,763,360,8,2025-02-22 17:13:34.568892,283.92
4245,225,451,2,2025-07-15 15:57:02.050825,674.56
4246,296,437,7,2025-10-11 07:34:54.585759,590.31
4247,649,186,2,2025-05-11 23:15:12.480119,830.04
4248,365,376,6,2025-02-23 10:35:43.711289,1537.32
4249,43,418,1,2025-02-11 17:56:08.270278,247.42
4250,994,339,6,2025-09-17 14:21:53.712750,1824.0
4251,973,434,7,2025-01-21 23:56:30.738133,117.74
4252,3,134,9,2025-04-03 15:49:04.213929,1104.57
4253,373,186,3,2025-07-30 04:08:09.195088,1245.06
4254,784,237,1,2025-01-28 22:59:11.819141,76.64
4255,39,332,3,2025-02-25 15:09:53.840350,1314.81
4256,281,36,2,2025-09-20 08:41:36.105063,789.66
4257,489,464,5,2025-02-08 10:32:00.182935,2402.2
4258,674,64,7,2025-09-05 21:17:24.173914,778.26
4259,860,103,6,2025-03-18 12:36:52.278024,1237.62
4260,320,486,6,2024-12-30 08:38:16.889804,1560.42
4261,775,94,6,2024-11-12 20:11:01.750311,470.1
4262,857,35,1,2024-12-23 19:18:01.765156,308.69
4263,518,418,3,2025-08-07 21:25:09.313967,742.26
4264,876,167,1,2025-03-16 19:58:02.091982,280.25
4265,238,51,6,2025-03-21 15:52:17.869246,1584.96
4266,337,308,5,2025-09-29 15:50:55.162545,617.3
4267,582,95,6,2024-11-17 22:35:11.556419,2616.36
4268,524,330,6,2025-07-26 04:12:12.552234,274.08
4269,1000,54,1,2025-02-24 06:34:51.774580,367.48
4270,323,146,9,2024-12-21 07:38:16.405436,3228.84
4271,878,236,2,2025-09-19 18:04:43.115555,561.02
4272,507,456,9,2025-08-20 15:22:54.925212,4342.95
4273,596,282,6,2025-05-03 12:35:24.254822,2313.96
4274,156,18,9,2025-04-30 18:34:04.654062,2982.42
4275,674,154,9,2025-10-26 06:03:52.180310,2666.7
4276,115,75,3,2025-03-12 08:22:57.843744,1354.62
4277,82,32,2,2025-09-21 23:33:48.495177,178.08
4278,668,181,7,2025-10-28 19:31:49.094152,2466.17
4279,441,497,6,2025-09-01 14:49:31.532216,2397.48
4280,439,499,2,2025-07-13 08:05:25.072488,430.08
4281,885,58,2,2025-01-30 15:35:41.894661,330.62
4282,578,195,4,2025-04-13 04:31:27.811841,1881.56
4283,27,165,2,2025-09-26 23:15:50.640535,49.1
4284,728,81,6,2025-07-24 14:09:13.235482,300.84
4285,61,320,9,2025-02-08 19:43:04.526995,969.48
4286,699,363,1,2025-06-28 23:47:29.344469,299.1
4287,647,39,1,2025-09-18 23:40:58.964771,422.83
4288,718,116,9,2025-02-06 17:05:42.030041,3966.93
4289,343,424,3,2025-01-15 07:54:10.006060,251.7
4290,965,296,9,2025-02-26 18:17:43.420337,354.06
4291,659,220,4,2025-01-01 21:25:47.531608,1863.8
4292,977,284,3,2025-07-31 22:18:03.735699,1003.59
4293,567,266,1,2025-06-24 01:52:56.229455,260.53
4294,534,252,3,2025-05-18 08:16:29.451919,40.98
4295,364,187,5,2025-04-06 03:11:01.474147,2035.7
4296,684,223,9,2025-03-25 13:01:13.671372,2610.9
4297,756,145,2,2024-12-30 18:09:56.962010,24.28
4298,434,454,5,2025-06-17 14:08:55.878148,1014.8
4299,716,150,3,2025-10-13 09:29:49.443580,1272.06
4300,709,432,8,2025-02-08 17:46:54.788400,971.84
4301,506,44,4,2024-11-23 09:18:15.405818,550.84
4302,379,19,6,2025-05-05 04:30:37.723186,1488.48
4303,492,43,9,2024-11-18 02:47:11.167578,3690.27
4304,117,397,5,2025-03-25 19:32:59.246794,1713.95
4305,203,242,2,2025-03-05 05:05:15.030214,321.34
4306,593,206,1,2025-09-04 00:44:17.096406,61.41
4307,262,200,3,2024-11-27 19:08:41.853554,906.3
4308,398,407,8,2025-10-05 00:36:00.504405,2690.72
4309,202,258,9,2025-06-18 16:45:56.087667,2368.8
4310,871,88,8,2025-09-16 23:06:10.644922,2948.4
4311,213,135,1,2025-07-17 08:43:11.125151,193.21
4312,331,64,1,2025-02-14 17:47:43.801572,111.18
4313,34,68,4,2025-05-22 02:34:42.549516,258.92
4314,598,74,6,2025-01-09 14:10:07.501087,2368.98
4315,791,91,9,2025-09-07 19:09:38.291039,1771.83
4316,557,389,6,2025-11-02 00:48:05.725142,2455.68
4317,532,114,1,2025-07-19 08:50:28.045628,139.98
4318,29,2,5,2024-12-12 14:18:00.909947,2326.55
4319,889,262,4,2025-03-05 01:52:33.085473,849.8
4320,841,130,2,2025-09-01 22:04:14.490843,658.48
4321,971,478,2,2025-07-02 20:57:42.804836,244.06
4322,939,395,5,2025-08-22 15:22:31.323157,463.4
4323,401,207,8,2025-03-04 16:44:44.027916,2585.84
4324,887,368,6,2025-02-21 21:01:23.798982,1877.64
4325,418,314,2,2025-03-22 22:51:14.892070,794.42
4326,644,248,2,2025-08-09 02:08:00.068245,92.14
4327,560,212,9,2025-04-10 05:27:25.543860,1505.25
4328,804,298,3,2024-11-26 14:11:39.131944,564.45
4329,876,288,2,2025-05-29 03:51:29.367397,457.32
4330,650,59,7,2025-04-30 15:04:37.078480,2371.39
4331,433,183,7,2025-06-08 09:13:06.195960,2220.68
4332,950,127,8,2025-10-12 21:55:33.577004,694.72
4333,130,246,2,2025-05-04 22:49:34.176233,87.02
4334,581,448,2,2025-09-18 06:08:06.624969,689.76
4335,808,488,8,2025-01-01 02:20:43.879241,2434.64
4336,506,71,9,2025-01-19 06:27:48.837329,3198.15
4337,604,346,9,2025-02-19 02:00:10.420207,1640.52
4338,524,167,1,2025-05-30 01:39:12.184691,280.25
4339,767,277,7,2025-01-27 03:18:51.242852,2930.13
4340,949,255,2,2025-09-05 08:50:37.301874,715.68
4341,940,290,9,2025-02-14 17:24:07.382665,2083.95
4342,610,400,1,2025-06-15 22:05:24.425677,85.83
4343,996,2,1,2024-11-26 18:30:56.505899,465.31
4344,904,355,6,2025-02-01 12:10:19.032217,1807.8
4345,575,23,3,2025-04-30 21:37:49.444558,953.04
4346,445,266,9,2025-09-07 11:18:48.168650,2344.77
4347,612,181,4,2025-03-08 14:48:48.788958,1409.24
4348,845,317,8,2025-04-27 02:05:21.147238,1616.32
4349,878,207,6,2025-08-18 16:17:07.714881,1939.38
4350,103,6,5,2025-01-26 06:48:06.567140,2297.05
4351,452,16,1,2024-11-12 01:41:40.756789,186.77
4352,499,334,8,2025-06-27 17:59:15.964655,1514.24
4353,209,326,2,2025-03-23 09:09:00.664841,871.7
4354,958,72,9,2025-05-02 08:26:04.866120,1645.65
4355,385,244,7,2025-02-21 14:45:44.678140,594.65
4356,758,479,8,2025-05-15 17:52:03.181878,3424.64
4357,121,314,1,2025-10-11 10:42:26.831889,397.21
4358,514,87,2,2025-05-11 11:12:21.268224,645.36
4359,131,303,4,2024-11-26 14:52:04.823927,1833.76
4360,31,364,4,2025-05-27 15:27:53.859029,1961.96
4361,702,224,7,2025-07-29 03:21:00.371219,1293.88
4362,421,181,3,2025-10-18 04:51:12.915363,1056.93
4363,529,327,4,2025-07-24 14:44:22.644196,594.84
4364,784,174,5,2025-07-01 04:00:39.529066,543.2
4365,183,258,7,2025-03-05 04:56:18.931107,1842.4
4366,955,15,2,2025-03-30 03:36:33.626637,525.46
4367,549,221,2,2025-06-27 17:48:35.408904,27.04
4368,449,11,5,2025-08-13 12:48:05.777150,637.1
4369,527,408,4,2025-05-27 00:56:58.098905,284.6
4370,447,143,7,2025-01-21 23:37:56.690168,854.14
4371,614,96,6,2025-09-25 12:29:52.524923,1509.78
4372,242,136,5,2025-06-10 07:16:08.930557,2166.95
4373,988,206,4,2025-10-08 19:32:21.195003,245.64
4374,840,113,6,2024-11-08 12:00:01.057434,462.24
4375,544,455,1,2025-07-20 00:18:09.627002,33.19
4376,302,108,5,2025-03-15 00:24:22.763051,162.1
4377,627,105,7,2025-10-27 01:12:02.734164,1002.12
4378,789,496,5,2025-05-30 05:20:27.986466,1260.65
4379,853,433,4,2024-12-16 22:07:24.426217,1914.28
4380,215,321,4,2025-06-18 19:03:36.629138,608.16
4381,702,430,3,2025-09-13 05:00:39.584296,943.41
4382,9,27,7,2025-03-06 13:47:17.431314,2521.12
4383,178,84,7,2025-01-01 06:09:32.656866,3262.28
4384,430,185,5,2024-12-05 23:58:45.935401,680.05
4385,962,357,1,2025-10-06 09:04:34.156094,84.2
4386,214,288,1,2025-03-29 18:32:48.129565,228.66
4387,854,94,9,2025-09-25 12:18:21.015552,705.15
4388,764,78,1,2024-11-16 22:41:43.954453,249.2
4389,558,77,6,2025-07-09 17:56:04.891392,1896.66
4390,93,380,8,2025-08-22 06:39:23.376876,1772.08
4391,862,269,3,2025-08-30 01:11:00.809576,362.67
4392,735,107,9,2025-07-01 06:13:59.894290,877.59
4393,159,132,3,2025-06-07 07:52:54.214533,511.35
4394,242,348,4,2025-08-20 00:42:31.961974,713.24
4395,708,416,1,2025-02-28 21:41:49.553479,338.97
4396,115,411,2,2025-06-04 17:20:19.222942,935.82
4397,12,271,7,2024-12-07 12:22:50.777702,1983.66
4398,729,190,7,2025-06-15 23:41:13.527090,3439.03
4399,98,22,6,2025-08-01 12:14:12.564416,355.56
4400,104,173,9,2025-04-30 01:07:09.403929,946.8
4401,808,283,3,2025-07-27 15:03:17.560660,1489.92
4402,985,364,7,2025-07-08 09:42:19.793763,3433.43
4403,116,311,7,2025-06-08 20:10:52.335072,847.07
4404,722,360,7,2025-02-19 05:41:40.121798,248.43
4405,234,371,6,2025-10-18 23:25:37.782290,1678.8
4406,67,468,3,2025-08-22 21:35:27.900850,548.19
4407,391,389,4,2024-11-25 03:41:22.109720,1637.12
4408,455,237,2,2025-02-07 15:03:53.501514,153.28
4409,645,118,5,2025-09-13 19:45:14.353409,823.8
4410,182,205,9,2024-12-27 02:18:49.466672,4365.0
4411,482,237,9,2025-03-07 13:31:43.808781,689.76
4412,396,189,9,2024-11-17 07:09:39.300677,1496.88
4413,769,368,6,2025-04-10 00:39:56.703330,1877.64
4414,980,6,7,2025-07-19 01:22:47.605439,3215.87
4415,553,177,6,2024-11-24 03:42:01.556509,1842.36
4416,799,279,3,2025-05-09 15:42:49.271616,673.35
4417,497,160,2,2025-02-01 02:28:25.885183,444.26
4418,853,4,9,2025-06-02 20:23:48.851711,2643.57
4419,900,305,3,2025-05-20 15:07:35.781455,615.99
4420,444,358,2,2025-10-01 16:08:31.066902,261.32
4421,32,437,9,2025-04-01 22:07:10.852595,758.97
4422,955,67,4,2025-10-09 06:59:00.956296,1243.8
4423,538,448,4,2025-08-16 04:10:00.036747,1379.52
4424,939,475,1,2025-06-24 05:00:01.082860,97.76
4425,812,362,2,2025-04-08 00:44:00.246353,105.88
4426,288,20,7,2024-11-28 06:33:26.978102,218.68
4427,867,6,2,2025-08-26 12:47:46.911876,918.82
4428,403,367,5,2025-08-02 23:24:19.469677,886.75
4429,367,87,2,2025-04-22 17:21:06.797892,645.36
4430,851,390,4,2025-02-10 13:40:16.998392,211.4
4431,91,145,3,2024-11-25 06:27:04.511972,36.42
4432,443,411,5,2025-04-20 22:59:59.931433,2339.55
4433,100,414,9,2025-01-27 20:09:00.449055,1472.49
4434,467,230,2,2025-11-01 13:02:38.212531,850.28
4435,658,365,5,2025-08-22 12:24:32.296149,1595.8
4436,594,26,8,2025-07-06 18:02:54.010502,1595.52
4437,983,70,3,2025-04-17 15:56:25.721217,588.51
4438,567,413,4,2025-07-01 20:32:12.138696,445.48
4439,833,107,7,2025-04-16 03:50:41.911090,682.57
4440,7,368,9,2025-04-01 07:31:12.305238,2816.46
4441,538,355,1,2025-06-07 21:51:07.015104,301.3
4442,582,214,8,2024-12-19 06:17:17.408097,3138.4
4443,779,212,3,2025-07-21 10:45:20.166135,501.75
4444,530,245,2,2025-03-31 11:59:29.153050,697.38
4445,810,464,6,2025-04-13 13:00:46.637794,2882.64
4446,234,276,5,2025-06-12 06:52:48.645283,2200.0
4447,266,99,5,2025-01-21 07:12:14.255178,1101.3
4448,169,25,6,2025-11-06 15:02:51.466823,854.76
4449,172,230,3,2025-08-22 20:20:10.781137,1275.42
4450,380,204,8,2025-08-21 05:41:04.570606,1762.96
4451,780,274,4,2025-04-30 00:20:25.576924,1722.04
4452,277,295,9,2025-03-10 17:38:38.144823,3377.43
4453,31,188,5,2025-10-26 06:30:49.947889,2217.5
4454,300,143,9,2025-10-14 19:33:24.771061,1098.18
4455,525,62,5,2025-09-14 22:45:59.662467,1440.8
4456,873,102,4,2024-12-19 11:35:39.632329,1536.24
4457,62,396,6,2025-07-13 06:46:37.070333,2932.62
4458,851,301,4,2025-03-12 17:52:46.717513,1455.2
4459,697,446,1,2025-08-28 11:21:49.799231,388.75
4460,443,284,2,2025-07-20 21:56:57.228334,669.06
4461,98,306,4,2025-09-24 05:22:42.640582,1132.04
4462,440,217,5,2025-04-12 21:24:07.750687,843.4
4463,40,175,8,2025-06-13 20:40:52.251435,2988.32
4464,745,189,6,2024-11-15 19:07:49.012769,997.92
4465,774,43,9,2025-07-26 02:12:52.249998,3690.27
4466,154,404,1,2025-01-01 10:26:49.527475,432.63
4467,14,200,3,2025-03-14 12:06:42.077459,906.3
4468,972,351,8,2024-11-11 02:21:23.063029,628.56
4469,589,410,7,2025-07-11 14:21:58.014741,1607.83
4470,260,343,6,2025-06-23 09:59:15.376971,2942.22
4471,394,22,1,2025-10-24 19:58:04.140099,59.26
4472,202,372,3,2025-11-04 20:20:29.632129,890.1
4473,352,280,7,2025-09-20 16:40:56.028303,1715.42
4474,484,114,5,2025-04-07 21:05:19.728518,699.9
4475,12,391,8,2024-12-23 03:09:19.249100,893.36
4476,524,243,2,2025-03-02 16:19:26.312608,207.34
4477,571,34,7,2025-04-08 09:34:28.799135,149.52
4478,588,378,8,2025-01-08 18:53:38.650704,91.2
4479,239,356,2,2025-06-12 16:11:59.044524,143.92
4480,361,111,1,2025-02-04 21:33:57.048011,379.18
4481,747,445,9,2025-07-23 07:58:22.935975,1699.92
4482,194,133,9,2025-10-04 23:28:10.499128,4181.31
4483,964,442,6,2025-06-01 20:12:34.719774,825.06
4484,647,159,3,2025-10-25 23:27:07.024135,795.87
4485,692,362,7,2024-12-20 14:15:52.821090,370.58
4486,242,399,9,2025-01-28 12:25:06.287302,2464.92
4487,630,212,1,2025-06-12 15:19:36.447097,167.25
4488,803,101,3,2025-10-18 12:10:09.830713,930.63
4489,575,290,5,2025-05-06 14:21:25.537537,1157.75
4490,509,146,9,2025-03-17 12:03:04.275194,3228.84
4491,720,4,5,2024-12-31 07:20:55.035478,1468.65
4492,346,362,9,2025-04-07 00:53:38.254148,476.46
4493,678,352,8,2025-01-01 21:57:24.423363,3362.16
4494,616,84,3,2025-04-05 23:02:16.113775,1398.12
4495,636,274,9,2025-09-18 16:34:19.486445,3874.59
4496,874,64,4,2025-05-21 15:24:04.689141,444.72
4497,677,108,7,2024-11-14 07:41:23.405492,226.94
4498,933,367,5,2025-05-26 16:06:10.947986,886.75
4499,980,399,5,2025-08-13 07:12:34.345037,1369.4
4500,833,207,5,2025-08-28 02:50:05.096556,1616.15
4501,659,24,7,2024-11-25 20:35:57.181592,2279.9
4502,633,124,8,2024-12-17 11:57:56.967142,2334.0
4503,973,98,8,2025-10-06 16:31:02.318213,1014.8
4504,182,155,6,2024-12-28 22:08:07.228498,390.06
4505,510,387,6,2025-01-15 01:15:42.507368,737.16
4506,168,427,6,2025-01-27 05:47:09.622901,2632.02
4507,600,206,6,2024-11-17 19:43:11.826203,368.46
4508,771,382,4,2025-05-28 18:59:12.086942,1298.32
4509,477,140,3,2025-03-22 20:27:39.060217,99.06
4510,789,490,6,2025-09-30 14:55:09.733068,803.1
4511,521,93,5,2025-09-02 21:13:24.185383,1158.55
4512,728,390,9,2025-09-20 20:10:16.331227,475.65
4513,758,363,7,2024-12-30 02:42:16.581503,2093.7
4514,368,140,8,2025-03-12 16:06:36.019527,264.16
4515,685,111,2,2025-07-03 21:05:35.640792,758.36
4516,368,492,3,2024-12-21 02:35:44.113386,355.47
4517,236,160,2,2025-06-05 10:32:00.037688,444.26
4518,541,454,4,2025-01-12 01:33:10.943227,811.84
4519,234,478,3,2025-01-08 15:43:27.060487,366.09
4520,6,365,7,2024-11-26 00:14:16.308877,2234.12
4521,536,57,4,2025-09-24 16:44:24.826455,1603.08
4522,641,258,8,2025-07-22 14:45:59.500979,2105.6
4523,357,177,9,2025-03-13 18:24:28.512482,2763.54
4524,90,397,4,2025-01-26 05:08:25.052372,1371.16
4525,997,419,7,2025-07-27 17:50:10.417189,3154.97
4526,643,316,8,2025-02-10 17:07:18.465939,2228.48
4527,902,220,4,2024-12-31 08:05:54.444073,1863.8
4528,949,300,1,2025-09-27 03:57:33.424195,279.31
4529,551,55,7,2024-12-11 13:28:23.669353,1092.98
4530,913,274,1,2024-11-07 17:23:43.579429,430.51
4531,100,229,9,2024-11-13 06:19:47.622302,4075.83
4532,182,283,4,2024-12-04 14:56:04.739375,1986.56
4533,860,164,2,2025-04-02 22:50:03.546822,397.84
4534,934,84,2,2024-11-24 07:03:32.050546,932.08
4535,748,225,4,2025-04-15 19:38:27.712664,893.16
4536,834,152,7,2025-04-30 14:45:20.925774,2101.26
4537,733,434,7,2025-02-24 03:02:31.600651,117.74
4538,906,478,9,2025-01-06 19:23:42.764893,1098.27
4539,631,65,3,2025-05-21 06:38:05.257052,1231.8
4540,411,232,2,2025-07-14 09:31:40.550005,735.32
4541,528,215,1,2025-08-15 14:49:32.257301,41.71
4542,896,439,4,2025-05-14 04:07:46.447387,1289.28
4543,6,372,5,2025-03-08 10:56:31.634628,1483.5
4544,978,382,7,2025-08-11 05:35:19.730849,2272.06
4545,816,194,3,2025-07-29 10:04:54.879333,345.18
4546,931,326,2,2025-02-26 07:47:25.323922,871.7
4547,552,293,7,2025-05-09 08:06:41.506166,2528.96
4548,21,278,7,2025-02-11 00:04:31.064857,2544.85
4549,747,129,3,2025-09-12 14:32:00.489328,153.0
4550,583,262,3,2025-08-09 09:35:24.414791,637.35
4551,853,244,3,2025-07-16 06:48:24.143019,254.85
4552,554,240,3,2025-05-16 15:16:16.861252,701.4
4553,579,446,1,2025-02-26 06:54:04.018663,388.75
4554,157,356,9,2025-06-23 04:57:58.268263,647.64
4555,315,339,2,2025-06-06 16:35:13.723592,608.0
4556,249,78,6,2025-09-12 14:27:56.764440,1495.2
4557,468,347,8,2025-07-19 03:43:36.397988,942.0
4558,900,480,6,2025-01-16 16:30:50.718356,1862.28
4559,708,132,9,2024-11-29 14:41:43.838490,1534.05
4560,518,39,5,2024-12-01 07:35:58.906098,2114.15
4561,720,345,1,2025-05-28 02:58:08.274116,72.08
4562,318,248,7,2025-05-02 08:34:18.868812,322.49
4563,66,41,6,2025-03-23 04:39:37.007860,1735.08
4564,330,315,9,2025-06-21 09:35:09.345219,207.09
4565,793,243,7,2025-09-27 02:06:46.570015,725.69
4566,202,132,4,2025-10-31 11:05:47.880363,681.8
4567,304,71,8,2025-07-21 08:00:28.498139,2842.8
4568,841,407,7,2025-02-03 19:55:42.100920,2354.38
4569,431,237,1,2025-05-25 17:50:27.284748,76.64
4570,192,374,9,2025-07-29 08:28:18.536369,3579.84
4571,190,33,5,2025-08-05 17:19:21.923863,2161.15
4572,54,1,6,2025-05-14 09:51:09.993104,1700.22
4573,439,167,1,2025-10-22 03:45:07.161293,280.25
4574,978,253,9,2025-06-30 02:42:54.550366,3086.19
4575,791,340,2,2025-04-20 02:30:47.411940,636.54
4576,667,365,6,2025-09-16 19:23:32.842696,1914.96
4577,759,293,6,2025-04-29 06:52:38.462220,2167.68
4578,994,389,7,2025-05-21 21:43:29.920734,2864.96
4579,51,334,8,2024-12-28 10:28:23.673008,1514.24
4580,811,71,1,2025-10-31 14:53:48.031354,355.35
4581,646,140,3,2025-06-13 23:17:14.471147,99.06
4582,821,434,9,2025-07-01 22:37:01.280959,151.38
4583,233,473,9,2025-03-18 19:37:18.839253,4175.37
4584,243,64,4,2025-10-26 16:18:57.632934,444.72
4585,340,53,9,2025-07-17 08:11:59.563447,1163.61
4586,839,161,2,2025-01-06 07:56:03.290255,590.4
4587,82,234,3,2025-03-02 10:28:11.484560,643.77
4588,449,124,1,2025-10-21 23:34:11.006548,291.75
4589,887,327,8,2025-01-16 06:42:38.971221,1189.68
4590,86,384,8,2025-09-28 23:14:47.015150,2138.96
4591,365,11,3,2025-05-18 23:22:34.414852,382.26
4592,665,219,2,2025-03-18 21:59:52.255583,241.1
4593,763,124,5,2025-07-03 23:58:19.313056,1458.75
4594,144,329,5,2025-05-02 00:47:12.606045,1290.75
4595,367,29,9,2024-11-20 18:48:58.509514,4391.1
4596,877,50,9,2025-03-26 07:09:41.366323,1411.92
4597,940,152,6,2025-03-06 17:13:15.968557,1801.08
4598,99,37,3,2025-03-19 10:48:04.899714,979.83
4599,28,147,5,2024-11-14 08:23:33.367637,2225.5
4600,933,62,6,2025-07-04 04:45:23.631106,1728.96
4601,978,170,9,2025-10-01 15:38:43.373211,1232.28
4602,559,255,6,2025-04-12 05:36:49.144439,2147.04
4603,330,220,1,2025-03-12 18:59:02.135557,465.95
4604,384,174,9,2025-08-18 04:59:44.686124,977.76
4605,945,180,2,2024-12-12 21:25:35.018772,21.28
4606,407,163,3,2025-02-04 07:12:09.283042,263.7
4607,365,133,1,2025-05-20 10:50:40.254204,464.59
4608,337,112,4,2025-03-30 07:18:44.860066,1713.68
4609,350,238,3,2025-08-03 16:40:55.504288,1018.59
4610,885,219,8,2025-01-22 18:47:41.093691,964.4
4611,367,60,2,2025-09-27 02:56:30.437852,680.34
4612,438,368,6,2025-05-04 14:14:44.258540,1877.64
4613,295,83,5,2025-04-20 21:42:12.625623,265.25
4614,659,258,1,2025-05-10 10:30:04.134938,263.2
4615,819,13,3,2025-09-05 09:59:41.535826,204.9
4616,427,456,6,2025-11-03 17:50:31.174249,2895.3
4617,748,480,2,2025-10-28 03:43:17.449950,620.76
4618,57,303,1,2025-05-24 22:32:58.490916,458.44
4619,443,116,5,2025-06-22 11:04:14.887016,2203.85
4620,198,267,1,2025-06-25 22:23:40.395996,217.77
4621,377,238,9,2024-12-05 15:11:39.671067,3055.77
4622,582,437,5,2025-06-27 08:09:48.153948,421.65
4623,631,173,3,2025-10-07 21:11:42.021623,315.6
4624,827,214,2,2024-12-23 04:21:33.359730,784.6
4625,664,246,4,2025-10-26 18:27:51.427106,174.04
4626,250,392,3,2025-04-29 08:38:31.909218,956.25
4627,689,298,4,2025-07-25 19:00:19.105754,752.6
4628,675,296,9,2025-01-02 05:54:06.863309,354.06
4629,776,337,6,2025-01-20 16:14:54.906964,2696.04
4630,528,418,6,2025-01-10 11:38:20.895671,1484.52
4631,368,16,4,2025-01-22 15:45:04.495414,747.08
4632,474,367,3,2025-07-18 16:07:58.245786,532.05
4633,145,50,9,2025-10-30 22:32:12.637144,1411.92
4634,123,444,9,2024-12-09 02:23:58.446676,1359.9
4635,774,25,4,2025-02-16 17:03:53.901358,569.84
4636,752,104,2,2024-12-27 05:22:31.645978,216.7
4637,264,211,3,2025-07-13 08:28:34.705302,737.67
4638,80,162,3,2025-04-10 14:18:56.258476,582.42
4639,88,462,9,2025-02-23 07:31:26.779554,3314.61
4640,819,467,1,2025-08-12 14:40:57.199578,325.94
4641,575,492,2,2024-11-12 09:21:14.709280,236.98
4642,69,438,5,2025-02-05 21:21:53.289782,477.05
4643,72,483,8,2025-02-16 02:54:14.426809,723.2
4644,914,161,2,2025-01-01 20:14:48.177019,590.4
4645,896,188,4,2025-03-29 04:37:53.324891,1774.0
4646,966,168,3,2025-08-18 16:22:56.930169,942.75
4647,121,57,9,2025-08-22 05:35:56.341235,3606.93
4648,508,408,7,2025-08-01 00:50:46.815693,498.05
4649,969,2,7,2025-06-30 09:39:58.684027,3257.17
4650,622,407,8,2025-02-06 00:45:38.828217,2690.72
4651,191,418,5,2025-09-02 10:47:00.069740,1237.1
4652,810,245,8,2025-01-17 23:31:51.195561,2789.52
4653,353,215,1,2025-11-03 06:38:45.086576,41.71
4654,415,19,8,2025-08-06 08:59:42.380319,1984.64
4655,611,466,7,2025-07-17 23:21:57.334131,3114.51
4656,228,418,7,2024-12-29 15:25:09.112043,1731.94
4657,223,276,5,2025-08-19 02:32:21.255090,2200.0
4658,727,97,4,2025-09-07 05:32:04.281538,416.32
4659,439,356,8,2024-12-07 18:56:47.024409,575.68
4660,476,468,3,2025-01-12 19:09:19.133550,548.19
4661,148,52,6,2025-04-04 21:10:05.504812,2178.12
4662,98,58,9,2025-04-23 00:41:03.654778,1487.79
4663,760,192,4,2025-07-10 20:22:11.392004,1427.92
4664,258,200,1,2025-03-01 03:07:11.167022,302.1
4665,148,68,3,2024-11-25 05:56:15.332155,194.19
4666,7,42,3,2025-04-13 07:37:53.718392,984.45
4667,13,300,2,2025-07-15 13:34:05.375339,558.62
4668,723,227,3,2025-04-20 12:22:41.552029,1053.45
4669,538,411,8,2025-07-03 11:19:38.998387,3743.28
4670,961,12,8,2025-08-01 07:48:56.977229,2712.56
4671,388,427,6,2025-02-23 08:27:59.105371,2632.02
4672,194,99,2,2025-01-28 02:50:53.963688,440.52
4673,925,398,5,2025-02-03 18:21:07.916690,837.15
4674,674,119,9,2025-10-12 13:17:54.593613,3171.42
4675,776,217,5,2025-10-15 07:46:17.161824,843.4
4676,413,486,8,2025-08-13 09:05:52.109811,2080.56
4677,406,488,5,2025-05-14 08:53:52.684188,1521.65
4678,493,322,9,2025-03-21 06:54:58.417505,4208.94
4679,381,32,4,2025-11-02 14:38:40.028594,356.16
4680,561,159,1,2025-05-01 06:19:49.279325,265.29
4681,716,276,4,2025-04-12 07:03:39.029706,1760.0
4682,484,51,8,2025-03-12 06:23:06.624697,2113.28
4683,721,120,9,2025-11-01 15:34:21.866740,2868.66
4684,240,469,5,2024-12-15 17:56:44.272266,2182.85
4685,101,103,1,2025-03-01 20:28:35.919183,206.27
4686,69,367,9,2025-01-21 11:51:13.287818,1596.15
4687,805,366,7,2025-07-23 08:53:00.171208,1333.29
4688,763,489,7,2025-08-30 00:48:17.145961,107.66
4689,181,288,5,2025-08-22 11:04:42.448499,1143.3
4690,579,278,9,2025-10-11 07:03:09.061631,3271.95
4691,41,1,7,2025-03-28 02:26:05.859201,1983.59
4692,468,405,2,2025-04-09 01:19:27.146353,100.88
4693,784,417,6,2025-01-10 00:33:17.087866,1047.6
4694,553,140,7,2025-01-18 20:44:52.871573,231.14
4695,955,103,1,2025-07-13 03:59:01.429300,206.27
4696,778,15,7,2025-01-22 08:32:59.078775,1839.11
4697,363,263,6,2024-12-17 17:55:21.825014,174.36
4698,690,77,9,2025-07-13 03:36:51.768957,2844.99
4699,639,422,7,2025-07-30 22:13:13.764486,2373.28
4700,922,486,5,2025-04-26 08:43:45.287497,1300.35
4701,735,232,2,2025-06-15 14:16:52.405322,735.32
4702,690,464,6,2025-03-13 04:50:36.369971,2882.64
4703,249,37,4,2024-12-07 13:06:28.679201,1306.44
4704,203,184,8,2025-02-27 08:24:10.698905,1603.76
4705,187,75,4,2025-10-19 21:54:00.845342,1806.16
4706,303,20,7,2025-10-14 12:14:08.949770,218.68
4707,859,132,4,2024-12-10 02:21:17.767777,681.8
4708,889,364,4,2025-05-30 11:06:28.252409,1961.96
4709,474,69,3,2025-02-19 12:39:19.767483,1303.86
4710,459,325,3,2025-01-20 13:16:01.218476,1432.5
4711,21,473,1,2025-02-06 11:00:08.685266,463.93
4712,890,341,6,2025-11-04 19:30:29.947301,2770.86
4713,43,146,2,2025-10-10 06:55:22.999415,717.52
4714,635,32,6,2025-08-01 21:16:09.940228,534.24
4715,487,129,6,2025-07-28 20:34:33.124419,306.0
4716,893,440,5,2025-03-18 14:25:26.994961,847.65
4717,841,9,8,2025-07-11 00:30:56.963352,1400.8
4718,432,353,9,2025-07-04 14:48:33.463567,514.53
4719,420,43,1,2025-06-26 00:48:21.951198,410.03
4720,265,132,8,2025-08-21 05:28:41.160412,1363.6
4721,836,82,7,2025-01-23 07:03:04.513794,2533.37
4722,895,133,6,2025-06-17 06:06:37.402982,2787.54
4723,47,77,5,2025-02-01 18:11:48.291228,1580.55
4724,441,215,1,2025-10-15 05:01:42.493910,41.71
4725,136,371,8,2025-03-31 10:24:56.386710,2238.4
4726,522,375,5,2025-04-25 18:46:07.218299,1043.6
4727,739,483,5,2025-05-13 11:57:00.758025,452.0
4728,149,132,1,2025-02-03 01:59:20.333818,170.45
4729,297,449,1,2025-01-08 20:11:21.016988,130.27
4730,956,463,6,2025-10-11 17:53:03.809491,783.36
4731,40,111,2,2025-06-25 06:54:07.311655,758.36
4732,81,413,5,2025-09-23 15:01:54.525221,556.85
4733,433,49,7,2025-05-09 15:28:27.103900,3052.42
4734,125,46,2,2025-05-01 12:12:51.023067,39.44
4735,862,342,4,2025-05-13 08:12:44.109353,994.8
4736,558,466,1,2025-09-05 12:17:46.604724,444.93
4737,825,36,2,2025-08-26 13:51:21.292829,789.66
4738,610,22,7,2025-06-26 07:27:32.035378,414.82
4739,856,432,8,2025-06-23 17:35:57.349029,971.84
4740,72,61,4,2025-04-05 12:17:12.561714,1516.2
4741,890,306,1,2024-12-03 22:29:18.041193,283.01
4742,392,477,3,2025-09-13 06:44:30.878036,428.49
4743,721,243,9,2025-10-07 10:14:39.814697,933.03
4744,497,356,2,2025-01-27 16:23:34.041092,143.92
4745,171,433,5,2024-11-17 20:35:00.675796,2392.85
4746,412,204,7,2025-09-11 02:38:24.541044,1542.59
4747,547,462,7,2025-04-14 07:50:55.767423,2578.03
4748,357,52,2,2025-03-01 16:29:29.699782,726.04
4749,414,291,1,2025-08-18 17:55:51.804161,220.07
4750,781,358,3,2025-06-28 16:59:13.582148,391.98
4751,734,62,9,2025-10-04 09:03:21.593240,2593.44
4752,506,133,9,2025-04-06 15:25:57.043959,4181.31
4753,221,26,8,2025-02-15 13:49:54.971852,1595.52
4754,652,490,9,2025-09-28 12:06:21.325794,1204.65
4755,933,404,5,2025-01-13 18:40:30.577783,2163.15
4756,714,30,6,2025-02-13 01:50:03.420532,478.56
4757,207,140,4,2024-11-07 20:51:30.447573,132.08
4758,67,212,6,2025-02-04 13:47:59.623078,1003.5
4759,827,257,2,2024-11-08 14:34:03.611228,671.4
4760,393,266,3,2025-03-18 08:26:37.168636,781.59
4761,935,72,5,2025-09-10 20:34:23.204362,914.25
4762,643,187,5,2024-12-03 11:33:17.871511,2035.7
4763,12,297,2,2024-11-23 17:26:47.407018,54.08
4764,249,429,4,2025-03-05 20:57:17.440063,75.16
4765,545,382,2,2025-03-01 01:01:13.328171,649.16
4766,824,206,1,2025-02-23 07:26:26.642761,61.41
4767,124,137,7,2025-01-10 18:03:25.971466,779.38
4768,401,268,8,2025-10-16 00:08:00.941630,2157.28
4769,480,148,2,2025-02-22 03:29:52.598653,417.24
4770,759,296,9,2025-08-15 19:55:05.074719,354.06
4771,402,361,8,2025-02-21 07:11:47.460012,264.16
4772,295,218,8,2025-02-19 14:43:09.009966,2110.24
4773,962,300,7,2025-08-25 22:31:46.453915,1955.17
4774,87,68,6,2025-03-12 11:16:37.826264,388.38
4775,126,435,2,2025-03-30 07:57:06.669540,86.04
4776,553,451,1,2025-11-06 22:35:52.240417,337.28
4777,377,158,3,2025-09-02 23:45:41.573764,1302.33
4778,42,113,1,2025-03-24 09:39:45.747540,77.04
4779,678,389,4,2024-11-29 20:19:18.787918,1637.12
4780,554,79,4,2024-12-21 03:09:32.171618,1598.2
4781,944,447,5,2025-08-30 23:27:00.326569,1597.0
4782,508,317,3,2025-02-25 21:41:44.804028,606.12
4783,191,394,3,2025-07-14 16:45:44.990731,1129.05
4784,176,426,9,2025-10-08 18:24:34.993137,991.53
4785,549,273,7,2025-06-20 04:47:59.372368,177.87
4786,156,300,4,2025-08-19 15:26:35.276501,1117.24
4787,998,441,1,2025-02-08 04:23:28.576730,494.63
4788,923,146,8,2025-07-04 05:26:56.425078,2870.08
4789,121,211,6,2025-01-27 16:17:24.128873,1475.34
4790,507,134,4,2025-09-12 21:06:28.569676,490.92
4791,401,471,5,2025-04-25 14:17:59.017006,757.95
4792,88,425,1,2025-06-28 01:35:26.493261,81.61
4793,232,185,7,2025-10-15 09:51:26.941296,952.07
4794,270,121,2,2025-01-23 21:09:32.808592,184.64
4795,134,198,7,2024-11-27 22:40:55.601324,464.03
4796,310,432,3,2025-10-18 05:59:14.895612,364.44
4797,822,237,1,2025-03-27 13:30:16.009482,76.64
4798,825,25,5,2025-05-19 06:44:55.851086,712.3
4799,153,490,6,2025-06-15 16:44:26.396990,803.1
4800,685,211,5,2025-08-11 02:39:57.239663,1229.45
4801,804,71,8,2024-11-24 01:56:49.107415,2842.8
4802,831,291,8,2024-11-17 06:06:26.214396,1760.56
4803,488,347,1,2024-11-17 15:12:11.451794,117.75
4804,517,135,6,2025-05-16 16:08:47.904486,1159.26
4805,841,489,1,2025-07-30 21:23:19.513616,15.38
4806,83,485,1,2025-06-02 11:18:25.982668,153.4
4807,440,87,6,2025-10-28 02:52:13.229982,1936.08
4808,199,261,5,2024-11-07 00:44:22.748802,393.2
4809,635,181,8,2024-11-25 17:41:53.541468,2818.48
4810,679,197,6,2025-04-15 10:23:10.186032,2253.3
4811,941,257,6,2025-10-05 15:45:40.172804,2014.2
4812,538,126,4,2025-01-30 05:00:11.383114,1029.36
4813,686,205,4,2025-01-29 13:33:35.823270,1940.0
4814,824,241,8,2025-04-11 23:35:19.738641,618.72
4815,338,41,3,2025-07-10 12:14:47.650817,867.54
4816,236,455,4,2025-09-15 20:14:35.915035,132.76
4817,51,254,7,2025-01-27 03:56:53.573530,579.39
4818,140,45,4,2025-03-12 13:57:56.752819,314.08
4819,207,51,1,2025-05-04 19:42:54.379257,264.16
4820,559,135,1,2025-03-18 10:20:04.833967,193.21
4821,143,497,6,2025-05-29 15:23:48.743675,2397.48
4822,20,202,1,2025-08-26 03:57:58.394386,250.81
4823,696,60,5,2025-02-02 13:20:35.418962,1700.85
4824,530,123,7,2024-11-27 08:50:01.136573,943.53
4825,968,123,3,2024-11-07 18:43:08.827060,404.37
4826,118,173,5,2025-01-14 05:00:48.327853,526.0
4827,463,24,2,2025-04-22 21:28:09.546428,651.4
4828,689,42,2,2025-07-12 14:45:02.532644,656.3
4829,242,322,4,2025-04-21 14:56:57.779535,1870.64
4830,522,137,1,2025-06-20 03:22:17.996626,111.34
4831,172,103,9,2025-09-11 21:50:29.617460,1856.43
4832,442,69,4,2025-06-02 00:22:20.411491,1738.48
4833,192,272,3,2025-09-17 18:48:42.240651,380.01
4834,811,188,1,2025-07-05 16:32:22.323372,443.5
4835,757,466,5,2025-02-19 13:15:49.020103,2224.65
4836,648,333,9,2025-08-16 19:07:19.551010,2128.59
4837,666,373,9,2025-10-15 18:28:35.553778,3743.91
4838,799,162,2,2025-10-22 11:26:03.070916,388.28
4839,737,414,6,2025-04-26 21:28:46.922760,981.66
4840,121,280,3,2025-06-12 16:42:31.076016,735.18
4841,59,257,6,2025-03-30 20:12:50.629156,2014.2
4842,331,227,6,2025-06-28 03:45:20.196348,2106.9
4843,855,379,8,2025-10-26 00:44:21.579413,745.92
4844,600,223,8,2024-12-08 05:35:44.477061,2320.8
4845,559,59,7,2025-03-31 20:57:09.686190,2371.39
4846,157,311,3,2025-10-27 22:44:31.416069,363.03
4847,687,472,6,2025-03-30 14:15:46.230312,2210.52
4848,325,336,7,2025-06-11 09:36:40.587384,2470.3
4849,277,387,3,2025-01-30 02:18:19.286794,368.58
4850,847,154,9,2025-08-22 01:16:57.377178,2666.7
4851,220,82,5,2025-01-07 00:42:52.792081,1809.55
4852,137,477,3,2025-02-26 04:36:58.164064,428.49
4853,484,81,7,2025-02-26 10:11:34.753376,350.98
4854,840,88,2,2025-10-26 06:01:45.618723,737.1
4855,972,430,2,2025-05-25 14:36:42.436802,628.94
4856,619,97,6,2025-08-29 04:28:58.336008,624.48
4857,543,379,1,2024-11-19 21:57:52.644560,93.24
4858,115,2,6,2025-08-11 04:04:15.970124,2791.86
4859,472,320,3,2025-06-02 20:00:18.710194,323.16
4860,660,439,4,2025-10-20 09:24:11.508770,1289.28
4861,136,354,5,2025-09-15 19:56:28.684156,772.3
4862,898,278,8,2025-08-21 11:17:08.190621,2908.4
4863,90,234,4,2025-06-28 14:30:44.872420,858.36
4864,324,326,8,2025-07-18 04:26:24.689809,3486.8
4865,748,283,8,2025-06-09 11:15:07.415900,3973.12
4866,296,478,6,2025-08-18 10:11:39.990422,732.18
4867,198,269,1,2025-07-21 11:56:50.742367,120.89
4868,104,267,8,2025-08-07 11:26:06.909907,1742.16
4869,301,110,9,2024-11-23 18:58:07.518523,2372.22
4870,986,152,4,2025-10-17 17:49:33.342308,1200.72
4871,58,207,6,2025-10-08 22:37:57.375386,1939.38
4872,742,36,2,2025-01-19 08:50:38.657741,789.66
4873,503,450,5,2025-10-11 15:56:24.689957,1063.0
4874,966,128,1,2025-04-26 09:24:20.774769,437.44
4875,107,58,5,2024-12-18 20:56:52.881330,826.55
4876,593,302,1,2024-11-25 11:59:24.085121,499.14
4877,168,494,6,2025-07-25 10:04:50.009079,1888.56
4878,194,395,6,2025-01-13 01:00:51.259640,556.08
4879,138,1,9,2024-12-27 02:38:45.815063,2550.33
4880,197,377,1,2025-05-07 03:01:57.744291,205.52
4881,772,180,3,2024-11-19 12:59:47.938618,31.92
4882,576,46,5,2025-04-03 12:11:13.362199,98.6
4883,665,266,4,2025-08-23 08:37:29.543949,1042.12
4884,574,330,5,2025-07-10 01:03:59.609466,228.4
4885,308,377,8,2025-01-09 02:24:35.477373,1644.16
4886,332,109,6,2025-09-17 19:21:03.283069,1256.52
4887,204,125,7,2025-01-18 13:21:07.543292,2254.49
4888,935,498,7,2025-04-15 05:37:38.278529,759.43
4889,768,4,8,2025-01-30 23:46:05.351538,2349.84
4890,389,344,6,2025-08-04 01:46:00.119142,1279.8
4891,751,417,2,2025-11-04 00:29:36.897590,349.2
4892,147,117,1,2025-04-23 22:15:49.478463,22.16
4893,438,16,9,2025-06-09 08:58:23.647568,1680.93
4894,906,344,9,2025-05-17 19:13:15.668303,1919.7
4895,324,457,4,2025-09-15 00:34:13.383137,1079.08
4896,825,183,1,2025-05-01 21:47:32.265510,317.24
4897,253,193,1,2025-03-29 07:15:56.411311,135.94
4898,799,88,3,2025-01-29 19:22:38.492307,1105.65
4899,868,72,5,2025-05-02 01:18:24.146890,914.25
4900,289,125,2,2024-11-10 01:11:09.775908,644.14
4901,592,123,3,2025-10-09 05:33:56.461191,404.37
4902,882,217,7,2025-01-09 14:46:45.899568,1180.76
4903,705,107,3,2024-12-08 03:49:47.237498,292.53
4904,232,21,1,2025-09-13 00:09:36.196138,183.43
4905,783,351,7,2024-12-11 11:42:28.539443,549.99
4906,899,182,1,2025-09-06 04:23:25.455746,99.31
4907,681,62,6,2025-01-15 00:18:33.774188,1728.96
4908,883,43,8,2025-09-25 18:47:04.734037,3280.24
4909,252,467,6,2025-02-20 16:09:11.017761,1955.64
4910,553,108,5,2025-08-18 20:14:50.596657,162.1
4911,59,222,6,2025-06-11 10:31:01.010712,356.64
4912,398,317,2,2025-01-22 04:42:17.440771,404.08
4913,122,201,6,2025-03-20 17:35:54.741413,288.84
4914,616,275,5,2025-04-20 03:14:29.751542,1870.45
4915,936,113,6,2025-01-03 11:08:40.294660,462.24
4916,390,185,5,2025-03-15 18:04:20.435987,680.05
4917,59,371,9,2025-06-06 23:00:59.366284,2518.2
4918,321,234,6,2025-05-26 09:06:54.390295,1287.54
4919,889,396,3,2025-08-19 20:29:18.155171,1466.31
4920,132,127,3,2025-08-27 19:01:37.732699,260.52
4921,716,456,3,2025-02-10 02:12:56.799186,1447.65
4922,812,2,9,2025-02-10 11:44:36.923173,4187.79
4923,130,269,4,2024-12-04 11:33:18.284454,483.56
4924,322,411,2,2025-07-07 15:23:14.483778,935.82
4925,548,322,2,2025-04-09 12:37:58.341922,935.32
4926,588,331,3,2025-05-18 14:47:38.717438,758.52
4927,88,173,1,2025-05-10 13:35:33.322282,105.2
4928,810,73,9,2025-06-30 11:09:40.675920,626.85
4929,667,367,8,2025-03-27 01:08:33.813153,1418.8
4930,264,259,2,2024-12-14 06:06:12.359424,481.32
4931,471,354,3,2025-06-17 01:57:12.920305,463.38
4932,855,346,4,2025-07-18 07:09:26.402122,729.12
4933,877,311,1,2025-06-24 09:55:40.613271,121.01
4934,274,440,4,2025-07-08 15:23:46.276590,678.12
4935,81,439,9,2025-01-19 18:45:02.419604,2900.88
4936,960,272,1,2024-12-30 02:45:58.427338,126.67
4937,202,110,2,2025-07-07 21:31:03.993073,527.16
4938,278,168,8,2025-03-29 20:16:29.383258,2514.0
4939,774,264,2,2025-10-04 16:02:03.647026,89.16
4940,811,142,3,2025-05-27 07:36:26.644246,1090.53
4941,287,341,6,2025-08-31 10:28:08.577462,2770.86
4942,722,159,8,2025-08-29 13:02:52.957616,2122.32
4943,154,323,7,2025-03-12 06:28:08.223705,1051.19
4944,888,192,8,2025-01-17 06:08:16.440437,2855.84
4945,751,462,8,2025-07-13 17:51:22.204741,2946.32
4946,271,307,4,2025-08-15 08:06:33.681814,543.36
4947,945,7,3,2025-04-03 02:53:57.747783,435.33
4948,559,141,4,2025-04-07 09:09:31.479304,56.2
4949,653,353,4,2024-11-29 00:26:34.741484,228.68
4950,192,113,3,2025-04-23 08:28:10.743584,231.12
4951,177,454,3,2025-04-15 03:39:23.224966,608.88
4952,891,280,9,2025-02-22 14:50:48.284256,2205.54
4953,5,483,3,2024-12-15 04:20:14.689537,271.2
4954,542,314,5,2025-05-17 01:09:29.137626,1986.05
4955,786,88,4,2025-04-22 18:03:25.796475,1474.2
4956,645,329,2,2025-07-08 01:31:40.149149,516.3
4957,600,98,8,2024-12-14 15:40:42.463100,1014.8
4958,902,56,3,2025-03-19 00:55:45.873209,681.75
4959,698,368,5,2024-11-25 13:04:57.821229,1564.7
4960,947,55,5,2025-10-19 15:29:48.846449,780.7
4961,869,20,4,2025-07-07 10:56:18.969637,124.96
4962,812,264,1,2024-11-20 05:29:56.539101,44.58
4963,485,321,3,2024-11-19 02:07:44.019099,456.12
4964,886,329,7,2025-01-30 14:43:04.895611,1807.05
4965,709,171,1,2025-02-03 21:05:44.165583,148.64
4966,246,176,4,2024-11-21 21:52:20.655800,1133.36
4967,102,25,1,2025-09-26 10:05:21.609318,142.46
4968,953,411,2,2025-10-24 04:12:03.750809,935.82
4969,13,150,3,2025-04-24 17:57:37.143992,1272.06
4970,968,385,5,2024-11-18 10:43:47.307242,2268.35
4971,371,425,2,2025-02-28 23:03:43.140779,163.22
4972,996,176,2,2024-11-26 07:12:14.131387,566.68
4973,261,415,5,2025-06-17 01:52:17.729953,1201.15
4974,773,5,2,2025-10-09 00:05:18.445567,526.12
4975,184,194,9,2025-08-21 03:08:31.243180,1035.54
4976,553,272,4,2025-08-25 07:01:36.054156,506.68
4977,553,300,5,2025-02-11 09:56:44.999974,1396.55
4978,53,126,3,2025-03-04 03:43:47.511578,772.02
4979,673,462,4,2025-02-18 09:57:52.150763,1473.16
4980,291,476,4,2024-12-22 06:08:38.341941,1475.28
4981,528,273,2,2025-03-23 05:57:54.362680,50.82
4982,485,97,6,2025-10-20 07:42:55.831071,624.48
4983,657,375,2,2025-04-16 11:00:19.958962,417.44
4984,458,30,4,2025-01-15 02:33:16.999696,319.04
4985,515,249,2,2025-07-07 07:16:34.174747,569.64
4986,815,87,4,2025-04-15 20:28:07.841452,1290.72
4987,251,30,4,2025-04-30 13:38:59.955971,319.04
4988,916,243,4,2025-01-26 06:10:58.115510,414.68
4989,685,11,1,2025-08-13 18:44:58.135486,127.42
4990,747,451,2,2025-01-14 18:32:13.808978,674.56
4991,182,368,4,2025-06-12 13:17:17.993967,1251.76
4992,963,195,4,2025-07-30 12:38:55.966395,1881.56
4993,327,482,4,2025-05-29 18:47:09.668230,592.88
4994,118,261,5,2025-02-14 16:08:29.372043,393.2
4995,48,462,1,2025-01-16 07:41:52.709470,368.29
4996,772,58,4,2025-09-26 23:36:46.628478,661.24
4997,857,21,3,2024-11-15 22:32:20.601576,550.29
4998,655,280,1,2024-12-20 10:19:26.342586,245.06
4999,213,48,9,2024-12-12 15:08:02.057085,814.41
5000,868,23,6,2025-01-24 19:32:08.481789,1906.08
