id,nome,email,telefone,cidade,estado,data_cadastro
1,Lorenzo Teixeira,gustavo-henriqueoliveira@uol.com.br,+55 21 7944 8623,das Neves de Lopes,DF,2025-09-29 17:45:33.293230
2,Carlos Eduardo Araújo,ana-livia71@bol.com.br,+55 11 7114 8329,Farias de Carvalho,SE,2025-04-28 07:12:25.588028
3,Laís Aragão,correiajoao-pedro@bol.com.br,+55 (081) 7063-7011,das Neves da Prata,MT,2024-07-31 15:47:35.764308
4,Carlos Eduardo da Mata,vferreira@yahoo.com.br,(011) 4921-0729,da Rosa,GO,2024-02-05 21:15:05.308238
5,Dra. Emanuella Duarte,hcostela@hotmail.com,+55 (081) 9936 8527,Azevedo,MG,2025-04-05 17:59:56.860503
6,Júlia Lopes,limadavi@gmail.com,31 8542 8588,da Mota da Serra,PE,2025-05-15 09:48:57.541700
7,Yasmin Farias,onascimento@uol.com.br,(051) 8541-7645,Lopes,SC,2025-10-15 21:59:24.578593
8,Isadora Porto,da-motasabrina@yahoo.com.br,+55 41 0170-9275,Silveira das Pedras,MG,2025-03-12 07:25:17.234560
9,Yago Fernandes,beatriz13@gmail.com,+55 61 7068-4353,da Mota,SE,2024-08-31 08:29:44.159903
10,Gustavo Henrique Ramos,novaesbreno@bol.com.br,+55 (061) 9792 2092,Fogaça de Freitas,PE,2024-03-13 08:05:07.571190
11,Marcela Cunha,iferreira@bol.com.br,+55 81 5758-9416,Rezende da Praia,CE,2024-03-01 08:31:09.441100
12,Srta. Marcela Cardoso,gabrielly53@hotmail.com,(011) 7323-7792,Ribeiro Alegre,GO,2024-06-28 04:05:26.690280
13,Esther Lopes,ypires@gmail.com,0500-400-5584,Campos de Martins,MS,2024-04-14 17:25:41.534800
14,Dra. Emilly Cavalcanti,pintomarcelo@ig.com.br,+55 21 3594 5596,Gonçalves,MS,2024-01-11 03:47:51.910933
15,Dr. Diego Peixoto,ceciliadas-neves@uol.com.br,+55 81 8431 1242,Rezende,RJ,2023-12-16 22:58:26.067299
16,Enzo Cavalcanti,correiarafael@hotmail.com,+55 (061) 8719-2049,Moraes de Minas,MT,2024-01-18 09:44:48.971558
17,Alexandre da Cruz,rochavalentina@yahoo.com.br,71 9758 9998,Costa,RJ,2024-10-28 11:37:46.888937
18,Thiago Vieira,marceloazevedo@bol.com.br,+55 84 9258-8310,Novaes das Flores,SP,2024-03-06 15:24:57.398368
19,Davi Lucca Gomes,maria-sophia81@hotmail.com,+55 84 4750-1336,Novaes do Campo,SP,2024-01-05 12:59:05.444829
20,Sra. Laís Nogueira,isaacda-costa@bol.com.br,(081) 5256-9115,Moraes,RR,2024-06-25 16:26:31.274887
21,Maria Eduarda Teixeira,maysada-conceicao@bol.com.br,(021) 7920-8188,Moraes,PA,2025-07-11 00:29:13.629650
22,Gabrielly Carvalho,joao-miguel69@uol.com.br,(021) 7320 9020,Aragão,RJ,2024-12-29 21:50:40.227118
23,Natália Nunes,thales26@yahoo.com.br,61 2918-2645,Cunha do Oeste,MT,2025-06-25 07:46:09.445472
24,Levi Lima,nteixeira@gmail.com,(061) 6139-3363,Oliveira,AL,2024-09-16 18:57:56.935614
25,Juliana Alves,ipinto@hotmail.com,+55 (071) 7430-5135,Alves,ES,2024-10-15 11:43:09.891589
26,Davi Fogaça,pedro70@gmail.com,+55 41 1083 7910,Moraes das Flores,GO,2025-06-01 22:27:32.998201
27,Calebe Alves,luccamelo@ig.com.br,+55 (081) 6594 3234,Ramos,RS,2024-05-23 09:44:12.005273
28,Dr. Enzo Gabriel Correia,ppires@gmail.com,(021) 3692 6556,da Conceição,SC,2024-12-21 11:05:35.777751
29,André Cardoso,ninada-mota@ig.com.br,+55 (031) 9817-3629,da Mota,RN,2025-02-23 13:24:38.572708
30,Samuel Moura,thomas34@bol.com.br,0800-479-1247,Alves de Fernandes,PA,2025-04-09 03:42:20.279376
31,André Almeida,lcavalcanti@uol.com.br,+55 61 3847-9038,Rodrigues,ES,2024-11-19 00:23:16.932889
32,Dra. Milena Porto,rafaelbarbosa@ig.com.br,+55 81 6510 0893,Alves Paulista,AP,2025-06-21 05:05:36.086722
33,Dr. Pedro Henrique da Luz,igor03@ig.com.br,+55 41 6367 8418,da Luz,BA,2023-12-23 16:37:46.192593
34,André Teixeira,da-motamaria@hotmail.com,+55 (031) 3240-6860,Freitas,RN,2024-06-11 23:40:19.423466
35,Stephany Costela,thomas09@hotmail.com,71 8508 2139,Nascimento do Oeste,AM,2025-03-09 11:59:54.869036
36,Vicente Silveira,kevin45@ig.com.br,(051) 0828 0217,Almeida,DF,2024-04-09 00:15:30.855961
37,Sr. Luigi Campos,tmoraes@hotmail.com,0300-700-3578,Silva,BA,2025-01-12 08:17:00.945018
38,Ana Clara Cavalcanti,portoisaac@hotmail.com,+55 31 7887 6269,Mendes,SP,2024-05-26 18:48:08.190633
39,Murilo Gonçalves,juliabarbosa@ig.com.br,(031) 6330 0819,da Rocha de Campos,BA,2025-09-11 14:56:15.055235
40,Ian Vieira,wlima@ig.com.br,(081) 0923 4275,Santos,SE,2024-04-12 21:15:02.378660
41,Eduardo Fernandes,moreiraana-laura@gmail.com,(061) 7888 0876,Moura,TO,2024-06-15 11:03:41.857948
42,Luiz Miguel das Neves,valentinavieira@uol.com.br,+55 (021) 2386-3839,Ribeiro,MS,2025-11-03 00:28:42.111151
43,Davi Lucca Porto,silveiradanilo@hotmail.com,+55 71 5156 3171,Ferreira,AL,2024-09-15 09:09:48.872792
44,Pedro Miguel Mendes,vnascimento@ig.com.br,+55 (061) 7391-2913,Cunha,PE,2025-05-27 05:24:46.021815
45,Dr. Luiz Henrique Moreira,enzo28@yahoo.com.br,+55 (071) 2646 4342,da Cunha de da Mota,TO,2025-05-24 00:15:52.977764
46,Emanuella Rocha,emillymelo@hotmail.com,81 8671-7676,Nogueira,PB,2025-01-08 08:21:27.276650
47,Elisa Costela,maysacardoso@uol.com.br,+55 (031) 1925-1740,Costa das Flores,AP,2025-01-21 16:33:06.445637
48,Ana Lívia Nunes,xda-mata@gmail.com,(071) 1671-6312,Moreira,MT,2024-08-13 06:19:25.533022
49,Srta. Melissa Campos,nferreira@gmail.com,(041) 0894-6516,da Cruz,PR,2024-09-23 04:27:32.329719
50,Joana Costela,maria-cecilia21@bol.com.br,61 5843 5897,Ribeiro,RN,2025-10-09 10:02:19.723283
51,Sr. Gustavo Costa,cardosogabriel@yahoo.com.br,(071) 8306-7465,Moreira,ES,2025-02-19 07:41:40.053435
52,Luna Ribeiro,luiz-henrique69@gmail.com,(041) 5558-6289,da Cruz,ES,2025-10-01 18:25:40.471938
53,Alice da Mata,mariafernandes@bol.com.br,+55 (021) 5373-0147,Rezende da Praia,TO,2024-06-11 11:41:51.583645
54,Maria Clara Lima,gsantos@gmail.com,0800-739-5698,Costa dos Dourados,RR,2024-01-16 01:55:38.334326
55,Renan Sales,almeidajoao-guilherme@yahoo.com.br,+55 (061) 2347 9039,da Rocha,SC,2025-09-15 05:54:53.774641
56,Sophie da Rosa,ana-luizanogueira@gmail.com,+55 31 5723 0893,Lima,ES,2025-09-24 05:02:12.519525
57,Joana Barbosa,costarenan@uol.com.br,+55 41 7412-1020,Oliveira de Goiás,AC,2023-11-14 18:17:30.332109
58,Igor Monteiro,caua45@yahoo.com.br,+55 (011) 1032 9128,Moraes das Pedras,BA,2025-09-21 17:11:54.682384
59,Dra. Sabrina Cardoso,pietrobarros@uol.com.br,(081) 8887 4985,Silva,PR,2025-01-19 08:31:04.363065
60,Davi Luiz Aragão,dfreitas@bol.com.br,+55 31 2544-2968,Rezende de Goiás,SE,2025-03-13 13:15:32.863423
61,Vitória Monteiro,bpinto@gmail.com,+55 (071) 1613 5466,Viana,SE,2024-10-11 08:36:31.213097
62,Srta. Lara Teixeira,isadoraviana@ig.com.br,(071) 5257 1330,Dias de Ramos,MA,2025-06-05 06:53:00.092234
63,Nathan Cardoso,mribeiro@uol.com.br,(021) 2239 1122,das Neves,RO,2025-05-15 21:54:17.958449
64,Vitor Gabriel Alves,wcastro@ig.com.br,+55 (051) 7154-5353,Moura Grande,SC,2025-03-17 13:57:06.918410
65,Srta. Lívia Gonçalves,frodrigues@yahoo.com.br,71 1560 3585,Costela da Praia,SP,2025-03-27 07:22:09.194578
66,Daniel Barbosa,milena50@gmail.com,41 9039-3187,Cunha,AM,2023-12-17 20:37:22.842101
67,Luiza Jesus,pmoreira@ig.com.br,(031) 4221 7960,Correia da Mata,MA,2025-06-09 10:48:20.635643
68,Dr. Augusto Castro,calebe85@ig.com.br,+55 (031) 0100 0578,Fogaça Verde,SP,2025-07-08 09:27:14.946602
69,Thiago Rodrigues,peixotomarcela@uol.com.br,+55 (084) 0491 3962,Ferreira Verde,AL,2024-01-11 14:21:01.493002
70,Mirella Gonçalves,qalves@yahoo.com.br,(041) 8894 7831,Vieira,AL,2024-06-07 08:42:26.434438
71,Emilly das Neves,isaac01@yahoo.com.br,+55 (031) 5019-6218,Farias Grande,PB,2025-08-08 05:44:27.077783
72,Ana Clara da Rocha,oribeiro@uol.com.br,+55 61 4916-9623,Barbosa do Sul,RR,2024-04-04 20:38:39.020966
73,Mirella Freitas,maria-ceciliada-cruz@uol.com.br,+55 61 3132-6215,Correia,AP,2025-02-10 09:57:30.692352
74,Leonardo Fernandes,otavionunes@ig.com.br,(084) 0384-3676,Silva do Amparo,MT,2025-08-23 12:52:18.099567
75,Lucas Nogueira,caua72@uol.com.br,+55 (011) 6434 2176,Souza de Ribeiro,RR,2024-06-17 02:47:32.391342
76,Cauê da Mota,rcaldeira@yahoo.com.br,+55 84 1872 3338,da Cunha,AP,2024-09-28 18:51:13.954991
77,Enzo Gabriel Gonçalves,salves@ig.com.br,61 5250-8407,da Luz de Cunha,BA,2024-06-29 19:44:53.111941
78,Gabriela da Costa,alvesheloisa@uol.com.br,0500 141 1841,Mendes,RS,2023-12-09 17:38:03.536330
79,Luiz Otávio Alves,vianajoao-felipe@gmail.com,+55 81 4400 1185,Nascimento,DF,2024-07-31 15:51:38.478263
80,Gabrielly da Mata,lnovaes@ig.com.br,0800-501-7852,da Paz,SP,2024-05-26 11:26:20.010886
81,Maria Sophia da Conceição,maysa68@uol.com.br,(011) 0651-3206,Nascimento,TO,2024-12-27 09:25:29.305712
82,Camila Monteiro,joanarezende@bol.com.br,(021) 2647 8307,Barbosa de Goiás,MS,2024-06-22 02:33:43.083103
83,Maria Julia da Costa,zsales@ig.com.br,+55 (011) 7884-5599,Freitas da Prata,BA,2024-01-29 17:26:17.362724
84,Bruno Silveira,joanamendes@ig.com.br,+55 41 4497 6175,Barbosa,SE,2024-07-06 16:40:01.118962
85,Dr. Joaquim Pinto,fernandonovaes@bol.com.br,0900 337 6873,Silveira das Pedras,PA,2025-01-19 14:10:24.539384
86,Dr. Kevin da Cruz,bryan03@hotmail.com,+55 41 1652 6842,da Rocha de Dias,MG,2024-09-28 18:06:02.172005
87,Brenda da Conceição,vpereira@bol.com.br,+55 61 6205-9765,Rodrigues Paulista,PR,2024-04-14 20:13:40.256174
88,Ana Júlia Silveira,juliana50@gmail.com,(051) 6394-9779,Martins,PA,2023-11-20 18:47:20.944329
89,Nathan Dias,emoura@yahoo.com.br,(084) 7853 4056,Costa do Galho,SP,2025-10-11 23:44:54.760475
90,João Lucas Moura,rfarias@gmail.com,+55 (011) 1802-8183,da Rosa do Campo,TO,2023-11-27 15:11:54.294152
91,Marcelo Cardoso,costaluiz-gustavo@ig.com.br,11 8355 8365,da Costa,AL,2024-01-05 14:26:16.577540
92,Sr. Anthony Pires,daniela92@bol.com.br,+55 (084) 1779-3374,da Paz,AM,2024-05-08 13:20:22.337984
93,Theo Moreira,jfogaca@bol.com.br,21 2312 5336,Gonçalves,AL,2023-12-07 16:30:26.434849
94,Marcelo Rodrigues,otaviocosta@gmail.com,+55 81 1509 8374,da Costa,SC,2025-09-01 05:32:18.636727
95,Elisa Jesus,eduardomoura@hotmail.com,+55 (051) 9256 7401,Nunes do Norte,AM,2024-10-18 11:57:54.771037
96,Ana Luiza Nunes,araujopedro@uol.com.br,+55 (031) 8849 5531,Duarte,CE,2024-02-22 18:56:56.190088
97,Carolina Vieira,aliciada-cunha@hotmail.com,+55 (011) 4057-5757,Fogaça de Goiás,PR,2025-03-02 23:31:53.600612
98,Srta. Isabella Duarte,cunhavitor-gabriel@yahoo.com.br,+55 81 8122 2649,Pires de Porto,AL,2024-11-12 09:50:41.257593
99,Amanda Nunes,sophia72@ig.com.br,+55 84 2982 7677,Peixoto da Prata,TO,2024-07-28 21:09:24.767632
100,Dra. Luiza Pinto,gabriela10@ig.com.br,51 7780 9658,Cardoso,PI,2025-08-11 10:03:52.236904
101,Lucas da Conceição,sophieoliveira@gmail.com,+55 84 1343 2823,Alves,AC,2025-09-18 03:35:44.061703
102,Julia Rezende,ialmeida@gmail.com,(061) 3675-2529,Teixeira,RS,2025-04-09 22:32:44.944088
103,Srta. Luna da Mata,laracastro@uol.com.br,0500-650-7023,Nogueira,RO,2025-01-01 08:45:20.524081
104,Isis Rezende,vianaisabelly@hotmail.com,84 7304 6288,da Cruz Paulista,SP,2023-11-27 18:46:24.469544
105,Samuel Souza,marcos-vinicius67@yahoo.com.br,+55 (081) 8409 0476,Cavalcanti,PE,2024-12-30 17:37:14.984686
106,Benício da Rosa,luiza92@hotmail.com,+55 (071) 7064-7804,Nunes,PE,2024-05-17 15:36:25.662327
107,Levi Freitas,estherazevedo@yahoo.com.br,84 2851-1985,Fernandes,PR,2024-10-27 17:41:31.212868
108,Sr. Danilo das Neves,gmartins@gmail.com,+55 (011) 8429-7365,Peixoto do Amparo,RJ,2025-05-29 23:27:14.951429
109,Benjamin Correia,thomas79@ig.com.br,(031) 6993-9983,Gonçalves,RJ,2024-12-28 13:12:06.637899
110,Dra. Maitê Novaes,kgomes@yahoo.com.br,+55 81 6776-2898,da Cruz do Campo,PB,2024-10-21 08:32:20.125306
111,Ana Clara Cardoso,guilhermeda-mota@hotmail.com,+55 (061) 1837-5845,Dias do Galho,SE,2024-06-13 18:29:29.042235
112,Gabriela Martins,emanuelramos@ig.com.br,+55 31 3874 8782,Carvalho,GO,2025-04-11 06:42:34.939553
113,Matheus Castro,agatha96@bol.com.br,41 7541-9817,Vieira da Praia,RN,2025-05-09 08:09:42.765118
114,Bruno da Mata,pintolavinia@bol.com.br,+55 81 2782 5662,Aragão do Sul,CE,2025-06-27 18:02:55.523560
115,Thomas Cavalcanti,vda-rocha@bol.com.br,(041) 7665 4707,Mendes da Praia,MG,2024-07-04 09:48:42.416810
116,Stephany Nogueira,enzomelo@bol.com.br,41 1199 1538,Gomes das Pedras,MT,2023-12-03 02:49:21.120282
117,Sra. Kamilly da Cruz,caroline65@hotmail.com,+55 (084) 8724-2432,Moraes,TO,2024-01-25 23:17:12.023086
118,Dra. Stephany Porto,luiz-miguelda-paz@ig.com.br,+55 51 8568 2750,Rocha,AC,2025-09-06 16:29:55.383554
119,João Rocha,carlos-eduardomendes@ig.com.br,(061) 3235-2023,Rezende da Serra,PB,2024-12-04 06:10:38.641552
120,Srta. Ana Vitória Fogaça,laisteixeira@ig.com.br,31 8927 6674,Jesus dos Dourados,MG,2025-07-30 13:26:11.506253
121,Maria Luiza Alves,lopesnicolas@bol.com.br,+55 51 5708 9213,das Neves de Moura,SP,2023-12-04 03:50:48.826153
122,Isis Farias,rodriguesjuan@yahoo.com.br,31 0534-6032,Rezende de Rezende,PB,2025-09-21 05:04:54.367351
123,Srta. Alice Souza,luna24@gmail.com,+55 84 6485-3226,Jesus,SP,2024-03-18 15:39:46.635875
124,Dr. Davi Correia,leticia29@hotmail.com,51 0897 6366,Vieira,SE,2025-10-25 21:26:53.281702
125,Luiz Felipe Barros,anthony69@ig.com.br,+55 (041) 2910 9015,da Paz das Flores,ES,2025-05-17 11:15:15.362630
126,Enzo Gabriel Almeida,evelyn89@yahoo.com.br,(031) 1319-2279,Duarte,AC,2025-01-31 22:49:38.792031
127,Dr. João Pedro Jesus,anthonyda-rocha@bol.com.br,+55 (081) 1910 3725,Monteiro,SP,2024-08-12 09:27:53.666534
128,Dra. Emanuelly Azevedo,emanuelgoncalves@bol.com.br,+55 11 5645-7103,Teixeira das Pedras,PA,2025-04-10 14:03:24.534804
129,Lara da Conceição,joao-felipeoliveira@uol.com.br,0800-078-6455,Nascimento de Fogaça,PI,2023-12-29 10:52:05.106714
130,Sr. Pedro Costela,slima@ig.com.br,0800 696 5153,Farias da Serra,RR,2024-04-25 10:11:27.877246
131,Dra. Gabriela Rocha,portoraquel@bol.com.br,11 6138 3060,Farias do Galho,BA,2024-10-25 01:49:27.190891
132,Eduardo Cunha,franciscooliveira@ig.com.br,+55 31 3720-4766,Gomes,RS,2025-07-09 03:08:11.830662
133,Diego Caldeira,ana-beatrizgoncalves@gmail.com,(084) 2711 9164,Fogaça Grande,MG,2024-01-12 02:21:32.837399
134,Cecília Caldeira,elima@ig.com.br,+55 81 6478 4831,da Luz,TO,2024-03-30 19:55:15.182535
135,Kamilly Barros,esther38@yahoo.com.br,51 5624 7609,Azevedo de Moraes,MS,2025-07-31 20:20:02.988978
136,Ryan Alves,helena74@bol.com.br,+55 11 7749-9076,da Luz,PB,2024-03-25 15:59:05.979249
137,Emanuelly Barbosa,maria-juliada-luz@bol.com.br,+55 81 3503-7777,Peixoto Grande,RR,2024-01-21 23:27:48.127681
138,Igor da Mota,xnovaes@uol.com.br,41 7056-7313,Novaes,PB,2023-12-10 00:25:37.923698
139,Lorenzo Moraes,pnascimento@gmail.com,+55 84 1630-3410,Gonçalves de Goiás,RN,2025-04-10 15:23:01.180718
140,Maria Alice Lopes,anthony33@uol.com.br,31 9718 1001,Caldeira do Norte,BA,2025-05-18 15:13:20.940707
141,Bruno Vieira,maria-sophiasilveira@hotmail.com,+55 84 3665 0037,Nascimento,PA,2025-11-06 17:51:05.848323
142,Dr. Alexandre da Costa,danielamelo@gmail.com,31 9272-5910,Fogaça das Flores,PA,2024-04-13 18:32:51.218128
143,Felipe Almeida,oliveirajoao-gabriel@hotmail.com,+55 41 2122-1691,Moura da Mata,AL,2025-07-12 07:51:20.586518
144,Stephany Gomes,joao-guilhermefogaca@ig.com.br,(081) 2279-9215,Rocha,AP,2025-09-29 20:37:03.541747
145,Ana Luiza Caldeira,santoslara@gmail.com,0500-272-4981,Pinto,MG,2024-01-17 21:11:42.709183
146,Esther Castro,joaocunha@uol.com.br,+55 (051) 5548 7978,da Mota,SP,2025-08-17 17:58:02.702238
147,Sabrina Nascimento,fariaspietra@yahoo.com.br,+55 (081) 2254-6958,Barros de Minas,AC,2024-04-03 15:39:19.435702
148,André Azevedo,tvieira@hotmail.com,(021) 5083-6355,Lopes,AM,2025-07-22 05:18:57.955123
149,Pedro Lucas Campos,alexiasilva@uol.com.br,(031) 6682 4935,da Conceição,MA,2025-04-21 20:34:34.698358
150,Fernando Mendes,hda-mota@uol.com.br,+55 11 8194 7454,Melo,SP,2024-08-11 13:19:43.667721
151,Raul da Conceição,francisco45@bol.com.br,41 9006 6404,Araújo,CE,2024-03-17 16:55:24.849175
152,Noah Souza,abarros@bol.com.br,0800-689-2591,Sales de Ramos,RJ,2025-01-30 23:26:40.676750
153,Dr. Caio Oliveira,emanuel14@gmail.com,+55 (084) 5320 0284,da Rocha do Sul,SP,2024-12-27 15:01:29.373308
154,João Vitor Souza,portocaio@bol.com.br,+55 51 7731 5254,Ferreira do Oeste,BA,2024-03-10 04:54:37.859953
155,Ana Vitória da Rocha,martinssofia@bol.com.br,21 9273-9057,da Rocha,RR,2024-06-01 04:15:03.677353
156,Dr. Leonardo Nogueira,kevinduarte@ig.com.br,+55 84 4597-5402,Santos Verde,RJ,2024-05-22 00:07:32.275310
157,Emanuelly da Rosa,gpinto@hotmail.com,31 1913 1700,Campos,DF,2025-03-23 08:43:31.137038
158,André Alves,martinsluiz-gustavo@gmail.com,(021) 0709-4999,Vieira,RO,2024-07-21 11:59:23.423839
159,Mariana Silveira,ian32@ig.com.br,+55 81 7283-6458,Ferreira,ES,2025-03-16 12:22:20.783609
160,Larissa Castro,da-luznatalia@bol.com.br,(011) 6262-5096,da Cruz das Flores,AC,2024-01-06 08:48:25.617528
161,Arthur Rodrigues,rmendes@uol.com.br,+55 (081) 6061-3872,Viana,RS,2024-05-10 21:46:15.080528
162,Srta. Fernanda Gonçalves,ana-clara61@hotmail.com,+55 84 1470 8950,Melo de da Cunha,AL,2025-03-26 21:09:56.008838
163,Cecília Melo,isiscampos@bol.com.br,(011) 4790-4234,Cardoso da Praia,MS,2024-01-29 20:42:03.036310
164,Ana Laura Cardoso,teixeirathales@uol.com.br,+55 31 3645 3701,Caldeira do Amparo,RO,2025-07-09 13:24:18.498217
165,Catarina Moura,amandaribeiro@hotmail.com,+55 41 7775 7596,da Cunha,RN,2024-06-14 01:51:44.831754
166,Davi Lucas Lima,agatha73@gmail.com,+55 31 4999 0894,Rezende,BA,2024-09-06 15:38:42.692647
167,Dr. Levi da Paz,pietroramos@hotmail.com,+55 (041) 0575-9052,da Conceição Verde,AM,2025-06-25 12:26:51.483659
168,Sr. Davi Lucca Pereira,noah27@ig.com.br,(071) 0480 9877,das Neves,BA,2025-05-03 14:26:56.881397
169,Maria Clara Cardoso,davi-lucas07@hotmail.com,(061) 5923-8708,Fernandes,DF,2024-06-15 14:14:21.564167
170,Raul da Mata,cferreira@gmail.com,41 4940 9437,Azevedo de Nascimento,MS,2025-05-21 21:06:00.948137
171,Davi Luiz Caldeira,nicolaslopes@bol.com.br,+55 (084) 6021-4410,Pinto da Serra,PA,2024-01-09 09:26:30.932058
172,Enrico Ribeiro,martinsvicente@gmail.com,0800 256 2339,Caldeira,SE,2025-04-20 15:41:54.486998
173,Stephany Barbosa,fogacamilena@ig.com.br,61 7363-5334,Correia de Dias,MS,2024-10-28 16:42:51.970043
174,Vitor Gabriel Gonçalves,moraesgustavo-henrique@hotmail.com,+55 (051) 1059 8198,Sales de Moraes,PB,2024-03-08 23:00:08.742253
175,Murilo Moreira,faragao@uol.com.br,41 7398 5327,Nogueira da Praia,CE,2024-10-09 16:46:12.277406
176,Ana Luiza Barbosa,isabelda-paz@yahoo.com.br,+55 71 2445-3478,Pereira,BA,2024-01-16 00:00:39.088620
177,Maria Eduarda Araújo,silvanathan@uol.com.br,+55 41 8264-1277,Ribeiro,MT,2025-06-30 09:16:08.218014
178,Calebe Duarte,sophiesales@uol.com.br,0300 910 1642,Moura,SC,2024-12-05 14:46:22.607844
179,Ryan Pinto,beatriz91@bol.com.br,0300-875-4810,das Neves,PA,2023-12-21 05:19:55.653455
180,Vitória Alves,rafaelamoreira@yahoo.com.br,+55 21 1446-2294,Caldeira,PI,2025-04-22 00:58:09.455981
181,Vitor Gabriel Costela,vicentejesus@hotmail.com,+55 84 3604 2766,Barbosa,PR,2025-10-13 03:47:12.307855
182,Srta. Ana Sophia Cardoso,mendesana@bol.com.br,0300-897-2514,Vieira do Campo,AM,2023-12-18 07:38:34.177947
183,Srta. Sofia Cunha,diasrafael@gmail.com,0300-729-4592,Melo de Minas,SP,2024-07-04 19:44:25.112268
184,Pietro Cardoso,joliveira@gmail.com,+55 81 1406-6037,da Rosa da Serra,RR,2024-06-16 16:44:40.856806
185,Clara Rodrigues,carolina99@hotmail.com,(071) 7817 3317,Silveira,MG,2023-12-24 13:41:03.422242
186,Benjamin Caldeira,marinaviana@gmail.com,+55 (021) 1087-6450,da Conceição,SE,2023-12-29 20:47:54.343032
187,Ana Carolina Campos,vianalorena@bol.com.br,(071) 5441 3058,Cardoso,ES,2025-10-09 11:27:14.193530
188,Esther da Paz,sabrinadas-neves@yahoo.com.br,+55 81 8460 3750,Martins das Pedras,RN,2025-07-30 19:00:12.122037
189,Guilherme Castro,vieiranina@hotmail.com,+55 84 2592-8506,Almeida,RR,2025-03-08 19:39:27.258326
190,Maria Eduarda Moura,carolinacorreia@ig.com.br,+55 (011) 1514 7034,Viana de Goiás,MA,2025-02-24 23:04:56.225246
191,Sra. Maria Clara da Luz,diogoda-luz@bol.com.br,84 1616-9292,da Rosa,SP,2024-12-28 13:56:37.634235
192,João da Luz,nunesstephany@uol.com.br,+55 (041) 5240 0447,da Paz,RJ,2025-10-10 12:38:27.670636
193,Luiz Gustavo Barbosa,onogueira@bol.com.br,+55 84 2301-4223,Nunes do Amparo,TO,2025-01-10 11:28:14.546916
194,Evelyn Castro,clara29@bol.com.br,51 8123 7383,Moraes,DF,2025-10-09 17:41:56.340325
195,Pedro Henrique Vieira,balmeida@bol.com.br,(084) 2094 8745,Nascimento de Goiás,RJ,2025-08-25 02:15:04.857500
196,Bruna da Cruz,rrodrigues@ig.com.br,71 8021 3392,Pires do Sul,AL,2024-07-01 03:06:35.776850
197,Marcelo Rodrigues,isabella91@hotmail.com,(041) 7422-2086,Barbosa,AC,2025-10-08 02:03:34.620326
198,Sra. Camila da Rocha,larissasantos@ig.com.br,+55 71 7742 7539,Aragão,RR,2025-03-06 14:38:48.706689
199,Larissa Silveira,luigiteixeira@bol.com.br,41 5086 9521,Lopes,PA,2025-06-09 13:25:36.189326
200,Vicente Martins,da-matamirella@hotmail.com,(081) 3553-2196,da Mota de da Rosa,CE,2024-01-04 23:33:50.646034
201,Vicente Castro,cpereira@uol.com.br,(071) 2141 9418,Santos de Goiás,PA,2024-04-28 09:29:56.352057
202,Eduardo Pinto,ribeirosamuel@hotmail.com,+55 (081) 1420-4419,Viana de Castro,RJ,2024-04-21 11:41:39.617944
203,Thales Novaes,enzo-gabriel85@gmail.com,(021) 2572 9397,Cavalcanti,BA,2024-10-28 07:40:11.855781
204,Milena Araújo,brunaduarte@gmail.com,+55 (071) 2455 9746,Almeida,PE,2025-10-31 15:51:17.424595
205,Maria Sophia Lopes,luna77@yahoo.com.br,(081) 0354 2841,Gonçalves,SP,2024-05-26 02:25:12.382046
206,Marcela Martins,marcelojesus@gmail.com,+55 (041) 9893 1834,Moreira,PE,2025-05-02 11:48:47.427118
207,Benício Ramos,maria-cecilia27@uol.com.br,+55 31 7105-3463,da Conceição das Flores,CE,2024-03-29 01:51:05.405165
208,Srta. Júlia Costa,larissasantos@uol.com.br,(021) 2145 5329,Vieira de Goiás,RO,2023-11-24 01:23:57.437994
209,Gabrielly Duarte,thiagocosta@yahoo.com.br,41 0224-1932,Gomes de Minas,BA,2025-06-27 04:31:37.368172
210,João Novaes,alicelima@bol.com.br,+55 41 3868-6649,Souza de Minas,BA,2024-10-28 01:12:42.598231
211,Erick Novaes,dsales@hotmail.com,(051) 7107 2626,Dias do Sul,PI,2024-06-21 18:42:51.974856
212,Kamilly Martins,agatha90@gmail.com,0300-229-4404,da Cunha Alegre,BA,2025-10-05 01:05:00.156357
213,Yago da Costa,sabrina37@hotmail.com,+55 (081) 5516-9874,Alves das Flores,PA,2023-11-09 15:14:37.003894
214,Pedro Miguel Lopes,brenda61@uol.com.br,+55 (071) 6404 6460,Mendes Grande,RR,2025-06-18 09:36:11.384569
215,Dr. Thomas Vieira,pcunha@uol.com.br,0500-066-8891,Viana da Mata,RN,2025-09-26 04:38:09.726399
216,Manuela das Neves,psilveira@hotmail.com,(084) 9048 2689,da Rocha do Norte,RO,2025-01-12 04:59:50.864681
217,Dr. Ian Dias,marcelalima@uol.com.br,+55 81 9069 8936,Cardoso,MA,2025-04-30 06:27:43.143503
218,Luiz Gustavo Carvalho,luiz-otavio55@hotmail.com,+55 21 4581 8735,Nascimento,MA,2024-05-23 08:05:54.224334
219,Francisco Pereira,pauloda-cunha@uol.com.br,(021) 3897-9944,Monteiro Paulista,PI,2023-12-31 11:43:05.143743
220,Sr. Lucca Aragão,heloisa49@hotmail.com,51 6222 3093,Campos,RS,2025-10-08 06:02:54.813914
221,Srta. Alice Nascimento,rodriguesana-luiza@ig.com.br,0800-463-2545,Correia,RN,2025-08-25 06:39:51.195363
222,Sra. Maria Eduarda da Luz,monteirojuliana@bol.com.br,0300-816-8371,da Rocha,AP,2024-04-10 23:46:38.605356
223,Arthur Melo,felipe09@ig.com.br,+55 (031) 3188 2162,Aragão de Rocha,PI,2024-11-22 03:41:38.526357
224,Isis Castro,milenasantos@bol.com.br,(031) 5082 3176,Cunha,PI,2025-01-14 01:13:33.443529
225,Daniela Santos,maite98@yahoo.com.br,+55 (051) 9101 8569,Rezende,AL,2025-01-04 06:07:24.450885
226,Maria Eduarda Nogueira,zazevedo@uol.com.br,+55 41 1199 0548,da Cunha,PI,2025-04-27 20:37:32.991544
227,Gustavo Carvalho,correiadavi@hotmail.com,(031) 6315-9645,Pinto de Melo,RS,2024-10-08 21:51:35.663661
228,Camila Freitas,acorreia@hotmail.com,0900-535-6544,Dias,MS,2025-01-10 11:03:55.946700
229,Ana Júlia Caldeira,barbaraaragao@ig.com.br,+55 31 1527-9578,Oliveira,AP,2024-02-25 03:09:16.492267
230,Rafaela das Neves,sfreitas@hotmail.com,+55 41 6693 2154,Cardoso do Norte,BA,2025-04-06 07:32:52.077769
231,Yasmin Oliveira,maria-fernanda13@uol.com.br,+55 11 1689-0230,Araújo,MG,2025-05-28 05:07:44.320948
232,Natália Araújo,acastro@gmail.com,(071) 1523 0345,Silveira,CE,2024-10-26 16:31:47.626862
233,Isadora Cunha,pedrocavalcanti@uol.com.br,71 4391 3529,Barros da Prata,AL,2023-12-25 05:00:27.931540
234,Kamilly Carvalho,campossofia@uol.com.br,+55 31 3482 3893,Freitas,PI,2025-04-15 06:56:19.037725
235,Raquel Almeida,da-rosaana-carolina@uol.com.br,+55 81 3286-3055,Carvalho Verde,RJ,2024-12-16 22:29:15.638423
236,Mirella Cardoso,maria-alice06@uol.com.br,0900 750 5223,Barros,SE,2025-10-24 03:44:56.187714
237,Gustavo Henrique Rocha,vda-mata@bol.com.br,(021) 9750 4044,Costa da Serra,PB,2024-09-30 08:03:25.612375
238,Dra. Ana Beatriz Moreira,stella27@gmail.com,(031) 7946 4886,Cunha do Galho,GO,2024-01-05 22:23:05.688150
239,Ana Laura Porto,erick90@ig.com.br,(071) 2664 3240,Araújo,AM,2025-05-31 17:14:39.865859
240,Bernardo Santos,henriquevieira@ig.com.br,(061) 5591 6021,Cunha,DF,2024-11-14 18:14:58.642963
241,Sra. Beatriz Souza,lorena08@uol.com.br,41 0343 7735,da Costa,PI,2025-05-21 08:38:55.531853
242,Sra. Sofia Cardoso,joao-vitorda-cruz@bol.com.br,11 2876 3777,Dias de Sales,SC,2024-05-28 17:12:33.142024
243,Ian Carvalho,gabriela53@uol.com.br,+55 (021) 8701-6544,Gomes do Oeste,PI,2025-09-12 14:44:30.080197
244,João Guilherme Jesus,silveiraana-julia@gmail.com,51 1908 1669,Ribeiro Alegre,MS,2025-04-08 14:33:44.804572
245,Enrico Monteiro,fjesus@yahoo.com.br,(011) 6627 0363,Silva,MG,2024-10-05 08:55:48.692600
246,João Miguel Azevedo,martinslevi@uol.com.br,0500-603-0216,Ramos,BA,2025-10-13 23:27:50.670860
247,Sr. Gustavo Henrique Peixoto,joao-lucasda-luz@yahoo.com.br,81 5469-8355,Sales de Fernandes,SP,2024-05-17 05:53:15.472892
248,Davi Luiz da Rosa,lorenzo64@hotmail.com,+55 61 7396-2036,Moreira de Costa,RJ,2024-11-13 12:30:48.833766
249,Heloísa Monteiro,luanacunha@uol.com.br,(041) 6505 8968,Mendes,AM,2024-07-24 16:15:58.070794
250,Carlos Eduardo da Rosa,dmoura@ig.com.br,+55 (061) 2901-2880,Correia das Pedras,PI,2025-06-24 14:24:45.815017
251,Davi Lucas da Rosa,tda-mota@ig.com.br,+55 (081) 1219 8596,Martins do Sul,TO,2024-09-02 20:35:37.337044
252,Raul Ramos,thiagopeixoto@bol.com.br,81 5349-4609,Barbosa,CE,2025-11-06 16:31:48.005612
253,Sra. Beatriz Lopes,freitaserick@bol.com.br,(021) 5383-1796,Ferreira das Flores,MT,2025-05-21 20:03:33.905337
254,Murilo Silveira,luana40@ig.com.br,+55 31 5060-2164,Ferreira,BA,2025-07-02 13:35:43.937229
255,Larissa Ramos,goncalvesrafaela@yahoo.com.br,+55 21 2990-7983,Pereira,MS,2024-11-29 22:22:31.923522
256,Maria Alice Barbosa,rbarbosa@uol.com.br,21 9601-1049,Silva,PB,2024-10-12 07:35:18.651666
257,Maria Luiza Souza,aferreira@hotmail.com,(021) 5482-1244,Cardoso de Goiás,AM,2025-03-15 07:15:55.044850
258,Dra. Stephany Vieira,lunaalves@ig.com.br,(061) 7077-1747,Melo Verde,SP,2025-09-24 00:49:38.208385
259,Otávio da Luz,ggomes@ig.com.br,21 0932-2264,Santos da Mata,RO,2025-04-23 15:17:52.120407
260,Sr. Davi Lucas Vieira,nataliada-mota@ig.com.br,(081) 9583 6996,Araújo da Praia,RO,2024-03-23 17:53:26.994906
261,Manuela Farias,calebepinto@gmail.com,+55 (041) 5118-1269,Mendes de da Rosa,DF,2025-04-24 20:48:26.412819
262,Camila Fernandes,maysa57@ig.com.br,(081) 5152-3567,Ribeiro de Goiás,GO,2025-10-29 18:52:03.771979
263,Yago Costa,eda-mota@gmail.com,61 5644-1305,das Neves das Flores,RS,2024-10-01 02:29:09.327088
264,Srta. Ana Lívia Nogueira,csilva@ig.com.br,+55 84 7483 3200,Dias de Goiás,SC,2025-07-14 11:31:04.326232
265,Enzo Gabriel Lopes,joao-pedrocardoso@yahoo.com.br,(031) 2147-8006,Ribeiro,SC,2025-07-19 00:41:27.144968
266,Sr. Daniel Cardoso,qcarvalho@bol.com.br,31 2284 0795,Cardoso de Rocha,RO,2024-05-10 22:07:12.614471
267,Enzo Gabriel Ramos,francisco59@uol.com.br,+55 51 0532 8671,da Conceição,DF,2024-02-09 00:32:58.399636
268,Luiz Henrique Almeida,jcaldeira@hotmail.com,0800 326 2150,Fernandes da Mata,MT,2025-01-11 16:58:38.307314
269,Alexia Barbosa,rafaela88@ig.com.br,(051) 8244 7900,Teixeira dos Dourados,CE,2025-04-18 04:45:44.656933
270,Rebeca Cunha,das-nevesluigi@ig.com.br,61 6633 3005,Jesus,SE,2024-04-01 21:33:51.502224
271,Sr. Francisco Cardoso,pintoesther@ig.com.br,+55 81 8698-4824,Pires,AC,2024-03-13 19:17:22.698582
272,Isadora Fernandes,diogofreitas@bol.com.br,(084) 5661 7575,Teixeira de da Paz,RN,2023-12-05 09:24:05.739393
273,Helena Dias,nogueirasarah@uol.com.br,0300 589 4148,Azevedo,ES,2024-12-12 05:07:48.579914
274,Felipe Aragão,kevinnunes@ig.com.br,+55 (031) 9546-8391,Barros do Oeste,SP,2024-12-15 23:04:43.947799
275,Isaac Caldeira,amanda70@bol.com.br,+55 31 6579-3124,da Paz da Prata,AP,2024-11-08 19:43:30.997413
276,Diego Ribeiro,andrepinto@bol.com.br,61 9643-6833,Aragão da Praia,MA,2024-11-04 07:29:02.940077
277,Mariana Porto,carolinagomes@ig.com.br,(061) 0583 3215,da Luz Verde,MT,2025-09-07 11:00:51.604966
278,Kamilly das Neves,murilo79@uol.com.br,71 4771 9343,Azevedo de Nascimento,SC,2024-10-10 06:40:58.669995
279,Antônio das Neves,raquel44@uol.com.br,+55 (021) 1999-5178,Duarte,AL,2024-03-23 15:49:34.531225
280,Ana Julia Azevedo,ufarias@gmail.com,0500 180 0209,Cardoso,MG,2024-06-07 20:07:25.548370
281,Fernanda da Conceição,claricelopes@gmail.com,0300-005-2266,Castro,CE,2024-11-25 22:24:52.073147
282,Henrique Freitas,nathancastro@bol.com.br,(021) 5459 2023,Rezende da Serra,AM,2025-04-11 02:11:42.769366
283,Ana Vitória da Cruz,rochavitor@yahoo.com.br,(061) 9726 1215,Cardoso dos Dourados,SC,2024-01-13 01:38:33.064073
284,Maria Luiza da Rosa,otavioda-mata@bol.com.br,71 8572 7711,Nunes Alegre,PA,2024-10-07 00:59:00.760754
285,Brenda Jesus,rodrigo97@bol.com.br,+55 (071) 3821 5633,Sales,PR,2024-01-05 03:34:31.695179
286,Rebeca Ribeiro,davipires@ig.com.br,(061) 0572-3110,Cardoso dos Dourados,ES,2024-01-22 22:17:19.925561
287,Davi Lucca Fernandes,sarah82@uol.com.br,(081) 9218-0810,da Paz,AL,2025-06-04 02:02:01.508609
288,Srta. Maria Julia Dias,alana09@bol.com.br,(084) 8015 7718,Campos da Prata,MG,2025-10-15 08:23:55.003228
289,Srta. Julia da Rosa,zcosta@uol.com.br,(071) 6239-7766,Alves,AP,2025-01-09 18:39:05.950463
290,Sr. Carlos Eduardo da Paz,nicolas67@gmail.com,+55 (051) 5716 4034,Mendes Alegre,AC,2025-09-21 04:27:20.813643
291,João Felipe Gonçalves,nicolasda-mata@bol.com.br,11 3627-1464,Viana,GO,2025-08-10 11:21:55.912868
292,Brenda Araújo,brunobarbosa@ig.com.br,+55 (061) 4645 9668,Melo da Praia,RN,2024-07-17 02:38:54.421333
293,Eloah Oliveira,ida-mata@gmail.com,0300 877 1930,Caldeira do Amparo,AM,2023-12-25 18:50:50.686426
294,Maysa Sales,pda-rocha@uol.com.br,(061) 5091 0719,Rodrigues,RN,2024-06-18 05:50:03.321344
295,Dr. Thales Alves,wda-paz@yahoo.com.br,0800 403 1026,Rocha dos Dourados,SE,2025-01-20 22:30:40.188277
296,João Guilherme Silva,wda-rocha@ig.com.br,0300-455-9427,Rodrigues das Flores,GO,2024-10-10 13:19:38.190845
297,João Vitor Correia,kaiqueviana@hotmail.com,+55 (081) 8588-7586,Sales de Peixoto,TO,2024-03-15 23:11:38.914993
298,Srta. Melissa Monteiro,lara92@uol.com.br,(084) 6866 5571,Vieira,RJ,2025-01-02 10:06:50.982326
299,Daniel Carvalho,piresbeatriz@uol.com.br,+55 81 1985-7819,Cunha Grande,PE,2025-09-27 18:59:14.575027
300,Beatriz Monteiro,jmartins@yahoo.com.br,(041) 1711 2037,Cardoso do Oeste,MA,2025-07-29 12:47:14.425437
301,Cauã Silva,elisa94@gmail.com,+55 51 5851 9889,Rezende Alegre,RN,2024-10-05 07:22:45.262413
302,Fernando Silveira,dda-paz@uol.com.br,+55 51 1013 5068,da Luz de Minas,RS,2025-04-08 07:16:33.648970
303,Felipe Lima,pintovinicius@hotmail.com,(031) 0714-7405,da Cunha,AM,2024-01-02 21:54:15.089759
304,João Lucas Peixoto,rcaldeira@hotmail.com,41 7180 1328,Correia do Galho,PR,2025-10-13 03:13:11.587933
305,Luiz Felipe Viana,silvabeatriz@yahoo.com.br,(071) 8035-7009,Souza,GO,2025-03-23 08:59:36.405699
306,Luana Carvalho,igornascimento@uol.com.br,+55 (084) 3009 1852,Teixeira do Amparo,PA,2025-02-22 07:20:59.809017
307,Nicolas Melo,barbararamos@gmail.com,+55 (041) 7225 2415,da Cunha do Oeste,SE,2025-10-29 20:39:24.300013
308,Bárbara Moura,maria-sophiaporto@hotmail.com,(084) 7685-8715,Souza das Pedras,RS,2024-03-03 16:19:44.118087
309,Raquel das Neves,ana-lauralima@hotmail.com,+55 31 3912 8028,Nunes dos Dourados,PR,2025-05-03 14:53:40.938816
310,Antônio Pereira,murilo67@gmail.com,0900-579-7249,da Cunha de Lima,ES,2024-02-14 10:57:13.917448
311,Joana Cavalcanti,pietraramos@bol.com.br,(084) 9891-0061,Jesus Verde,PR,2025-10-17 20:19:46.202058
312,Marcela da Mata,lorenzorocha@yahoo.com.br,+55 (081) 1504-6700,Sales das Pedras,RS,2025-04-28 19:23:39.730370
313,Sra. Lorena Silveira,da-luzleticia@gmail.com,+55 61 2731-6026,Dias da Prata,GO,2024-11-08 17:16:15.872438
314,Davi Lucas Fernandes,gazevedo@hotmail.com,+55 31 0198 5128,Caldeira,RO,2024-09-04 05:33:20.500892
315,Dra. Maria Clara Oliveira,isabellada-rocha@ig.com.br,(021) 5477-4803,Sales Verde,ES,2024-07-02 04:33:32.206409
316,Luana Cardoso,natalia75@bol.com.br,+55 11 6130 0220,Cardoso de Freitas,PE,2025-06-20 08:16:06.372694
317,João Miguel Teixeira,dcorreia@ig.com.br,+55 41 3086-7201,Caldeira,MG,2024-07-21 06:16:31.935410
318,Erick Moraes,luiz-gustavocosta@bol.com.br,0300 119 6166,Lopes Alegre,CE,2025-08-05 11:29:00.058779
319,Dra. Laura Lopes,camposmurilo@ig.com.br,41 5818-2733,Ribeiro,RJ,2024-03-01 20:35:04.510010
320,Maria Eduarda Dias,barbosapedro-henrique@yahoo.com.br,+55 61 2505-2794,Cunha,AL,2025-02-07 08:16:49.285753
321,Sr. Thales Santos,gdas-neves@uol.com.br,61 4862-5837,Monteiro das Pedras,RJ,2025-03-30 06:30:50.398914
322,Dr. Cauã Silveira,gsales@uol.com.br,31 4364-9820,Peixoto da Serra,MA,2024-07-28 12:36:50.907650
323,Guilherme Araújo,pietracampos@uol.com.br,(011) 1482-2255,Porto do Norte,MA,2024-06-02 03:51:30.029486
324,Ana Lívia Novaes,anasilva@uol.com.br,0300 522 1762,Porto,CE,2024-01-26 16:46:17.869439
325,Raul Souza,sfreitas@hotmail.com,(051) 6992-5450,Azevedo,RO,2023-12-24 20:03:40.614935
326,Emanuella Lima,nramos@bol.com.br,+55 (011) 3102 0766,Martins,AM,2024-01-09 09:14:25.794847
327,Lorenzo Cavalcanti,liviaramos@gmail.com,+55 11 2948-9230,Gonçalves,BA,2023-12-23 17:36:24.967776
328,Luana Araújo,leandromoura@hotmail.com,(021) 9189 5493,Duarte,MG,2025-09-03 18:54:21.556103
329,Stephany Novaes,souzamaria-cecilia@uol.com.br,(011) 1541-1587,Gonçalves,MS,2023-12-18 12:38:42.703482
330,Luna Monteiro,luiz-miguelbarbosa@gmail.com,+55 (041) 2498 6178,Moreira dos Dourados,SE,2024-03-14 18:25:45.783193
331,Sr. Samuel Jesus,tnovaes@bol.com.br,+55 (051) 4554-9143,Moura,RO,2025-06-27 04:49:50.835655
332,Isabelly Fogaça,clara18@gmail.com,0500-099-0134,Vieira do Galho,MS,2024-06-28 21:03:33.520887
333,Valentina Castro,nicoleda-cunha@bol.com.br,(011) 3428 2556,Cavalcanti do Amparo,RR,2025-08-11 23:39:54.297500
334,Luana Santos,pmoreira@ig.com.br,(041) 0121 0225,Rezende,PI,2024-04-27 08:31:45.769993
335,Renan Peixoto,stephany51@hotmail.com,+55 (084) 4346 1295,Barbosa do Norte,PE,2024-03-11 19:40:14.913643
336,Marcelo Monteiro,ana-laura09@bol.com.br,+55 51 0034 9687,Rocha do Oeste,RS,2024-10-03 09:32:23.466830
337,Guilherme Melo,castroisabel@ig.com.br,+55 (084) 9214-2937,Melo,CE,2024-08-24 03:07:22.527885
338,Benjamin Azevedo,kamilly26@hotmail.com,71 8379 5309,Freitas,AM,2025-03-31 16:43:11.845993
339,Lavínia Ramos,ana-sophia45@ig.com.br,(081) 4365-3407,Carvalho,RS,2025-08-10 09:42:04.694778
340,Danilo da Cruz,pedrocaldeira@uol.com.br,+55 71 7922 6605,das Neves,AP,2024-09-20 11:27:52.379246
341,Alexia Gomes,maria-vitoriada-luz@uol.com.br,+55 11 9971 3940,Rocha de Rodrigues,MG,2024-04-13 01:45:21.067946
342,Heitor Alves,danielacastro@hotmail.com,+55 (021) 1519-0699,da Rosa do Campo,PR,2025-07-18 05:51:34.960662
343,Lorenzo Ferreira,melissapereira@gmail.com,(021) 9745 3160,Vieira do Galho,MS,2024-02-23 21:40:45.847628
344,Heitor Ramos,sarah21@uol.com.br,+55 (081) 3652 0482,Monteiro,DF,2025-01-06 08:53:08.992313
345,Júlia Gomes,barbosamarcela@yahoo.com.br,+55 81 7005 1020,Cavalcanti,MA,2024-04-15 05:27:52.876140
346,Dr. Lorenzo Rocha,cardosostella@ig.com.br,+55 31 1423-8548,Nascimento das Flores,RJ,2025-06-11 23:07:22.336872
347,Lorena Barbosa,pintoyuri@bol.com.br,(084) 0633 7843,da Costa de Melo,MS,2025-09-16 15:43:38.601421
348,Vitória Lima,jduarte@bol.com.br,84 9036-1603,Teixeira,MG,2025-02-10 10:56:08.697913
349,Ana Sophia Nascimento,cardosoanthony@bol.com.br,(031) 5220 3818,Nogueira,MG,2024-01-15 21:45:04.450936
350,Isabelly Novaes,goncalvesluna@bol.com.br,+55 (031) 8253 9037,Ferreira,GO,2025-09-10 04:03:52.929719
351,Davi Lucca da Costa,da-motabryan@ig.com.br,+55 (081) 2594-7442,Jesus Verde,GO,2024-10-28 16:47:44.537120
352,Fernanda da Rocha,milenarezende@yahoo.com.br,+55 (071) 0619-1160,Viana,AC,2024-07-09 02:12:41.755472
353,Marcos Vinicius Ribeiro,jnogueira@ig.com.br,+55 21 9645 8828,Sales,SP,2024-11-20 03:38:11.079478
354,Igor Cardoso,luiz-miguel46@bol.com.br,61 0771 0302,Pinto do Sul,PE,2025-01-20 23:19:17.485898
355,Lavínia Jesus,rafaelada-luz@yahoo.com.br,+55 11 4308 9953,Fernandes,DF,2024-06-23 11:26:08.397787
356,Vitor Gabriel Nunes,wsales@yahoo.com.br,61 4827-5929,Correia,SP,2024-02-07 05:59:44.659200
357,Mariana Rodrigues,yviana@bol.com.br,0800-515-3029,Pereira,PB,2025-07-02 17:01:35.411026
358,Dr. Guilherme Correia,luiz-henriquerezende@uol.com.br,+55 84 5473 6312,Melo de Ribeiro,ES,2024-10-01 07:20:32.201194
359,Dr. Pedro Miguel Monteiro,davirocha@hotmail.com,(051) 8921-2395,Rezende Verde,PA,2024-09-11 08:48:11.683720
360,Dr. Lucas da Cunha,arthur03@uol.com.br,71 6759 3430,Gonçalves,PR,2025-10-26 01:34:57.646724
361,Henrique Gonçalves,mendeseduarda@yahoo.com.br,+55 (071) 6965-1977,Nunes do Campo,BA,2024-11-13 12:14:57.728518
362,Ana Clara Costela,qvieira@hotmail.com,81 3032 0133,Gomes,RJ,2024-02-07 22:02:31.417588
363,Luiz Miguel Ramos,bramos@ig.com.br,31 8558 2604,da Conceição da Serra,TO,2025-09-06 15:03:25.339315
364,Maria Eduarda da Paz,da-pazemanuella@hotmail.com,41 0220-1784,Fernandes,SP,2024-04-22 14:21:55.609245
365,Maria Fernandes,sda-costa@hotmail.com,21 4545-7464,Azevedo,RR,2024-06-19 03:55:22.014067
366,Davi Luiz Peixoto,costelavitor-gabriel@yahoo.com.br,0300-253-0697,Moreira,RJ,2025-04-01 15:06:33.194899
367,Ian Pereira,jnogueira@uol.com.br,0500 628 9254,Castro do Norte,SP,2024-01-14 17:14:49.813832
368,Sr. Davi Sales,sarahpereira@ig.com.br,+55 (081) 5751-2910,Melo de Porto,DF,2024-04-02 02:37:47.884155
369,Dr. Juan da Paz,kduarte@bol.com.br,(061) 7080-1488,da Rosa,PB,2024-03-23 11:18:42.591669
370,João Gabriel Ribeiro,fogacajoao-vitor@hotmail.com,+55 (041) 3711 1564,Monteiro de Jesus,PB,2025-01-30 06:44:02.920266
371,Dra. Mirella Souza,ana-luiza18@uol.com.br,+55 81 7526-0345,Ramos da Praia,RS,2025-04-10 04:28:53.575506
372,Benjamin Sales,marcelofreitas@uol.com.br,+55 (051) 4625 9972,Rodrigues,PE,2024-04-21 11:07:23.774601
373,Dr. João Vitor Moura,gomescaroline@ig.com.br,0900-943-2132,Almeida,SC,2025-04-02 12:38:42.333074
374,Srta. Letícia da Conceição,maria-alicemelo@ig.com.br,21 4975 1993,Azevedo das Pedras,MS,2024-12-02 01:01:04.774966
375,Sr. Felipe Peixoto,rafaela86@uol.com.br,(021) 0596 5753,da Conceição de Minas,MG,2024-03-04 11:51:51.213176
376,Natália da Cruz,lucca31@gmail.com,+55 (061) 5263 2550,Silveira,MS,2025-05-18 16:19:21.283033
377,Kaique Moraes,ofreitas@gmail.com,(051) 9916-3866,Cavalcanti,PE,2025-03-31 23:59:11.564941
378,Dr. Diego Lopes,costaalice@bol.com.br,+55 (031) 3982 7619,Cavalcanti,RR,2025-09-29 08:29:22.578012
379,Thomas Barros,joao-lucasnovaes@gmail.com,+55 (011) 7087-6544,Nascimento de Cardoso,RO,2024-06-10 23:12:31.101196
380,Sra. Sophie Fogaça,moreiragabrielly@gmail.com,31 7589 2909,Mendes,ES,2025-01-11 11:02:10.667521
381,Melissa Peixoto,raquelcunha@yahoo.com.br,+55 31 7160 2134,Gomes de Goiás,MS,2025-10-26 22:07:49.348193
382,Mariane Rodrigues,freitasdanilo@uol.com.br,+55 81 1562 7444,Barros dos Dourados,GO,2024-11-04 12:02:29.928734
383,Stella Lopes,thomasrodrigues@bol.com.br,+55 (084) 7091-5018,Nunes,RJ,2025-02-26 23:02:38.390536
384,Dr. Renan Cunha,nunesjoao-pedro@bol.com.br,61 7726 5446,Teixeira do Sul,RS,2023-12-02 08:57:54.289242
385,Pedro Lucas Lopes,miguel73@hotmail.com,51 3497 1980,Vieira de Moura,MS,2025-10-12 05:20:28.720927
386,Emanuel Cardoso,ana-laurapinto@ig.com.br,31 7812 2894,da Paz das Flores,PB,2025-04-11 12:39:39.706822
387,Bianca Fernandes,souzavicente@gmail.com,(011) 0954 4445,Costela,MT,2025-02-27 21:44:31.461327
388,Isis Cunha,hmendes@yahoo.com.br,(081) 3632 0587,Sales,RJ,2025-02-18 16:10:01.575611
389,Srta. Ana Silva,correialarissa@uol.com.br,0500-463-2604,da Rocha de Moura,AM,2023-11-21 18:46:52.033864
390,Sarah Moura,hribeiro@yahoo.com.br,+55 (021) 5461 9225,Moraes,AM,2024-03-16 00:06:13.285834
391,Vitor Hugo Silveira,ldas-neves@gmail.com,+55 81 0494 3848,Viana do Sul,AM,2024-07-22 08:53:48.853824
392,Evelyn Porto,thomas09@gmail.com,+55 (084) 7190-7534,Moreira da Prata,ES,2024-08-25 21:57:27.358293
393,Cauê da Costa,pietroda-cunha@bol.com.br,(031) 8363-4921,da Rosa,AP,2025-02-05 08:10:23.870294
394,Cauê Alves,lucas35@gmail.com,(051) 2837 9615,da Rocha,RR,2024-10-12 07:11:05.520187
395,Srta. Fernanda Costela,pintoana-livia@gmail.com,+55 81 9324-1678,Fogaça,MS,2024-03-01 10:34:18.289969
396,Caroline Correia,joao24@bol.com.br,84 2669-6309,Cavalcanti Alegre,RR,2024-08-15 17:25:21.426449
397,Otávio Monteiro,jcorreia@ig.com.br,+55 81 6233-5653,Melo,RO,2025-09-28 01:32:26.069033
398,Emanuelly Nunes,rodrigomendes@hotmail.com,0500-116-8642,Aragão das Pedras,TO,2024-12-18 21:42:49.624794
399,Natália Pereira,melissaalmeida@gmail.com,+55 (051) 5427 5547,Pereira do Sul,RN,2025-04-19 06:19:28.023858
400,Luiz Henrique Fogaça,vitor74@yahoo.com.br,(061) 6031-9211,Cavalcanti de Cunha,PR,2024-12-30 08:08:13.085787
401,Lorena da Cunha,gabrielacarvalho@bol.com.br,+55 (041) 3622-8748,Lima,AM,2025-10-05 15:56:49.547282
402,Luiz Gustavo Pinto,da-matajoao-lucas@gmail.com,+55 51 4490 5202,Porto,SE,2025-04-26 17:03:40.539986
403,Bruno Barbosa,ksantos@hotmail.com,51 2133 6715,Pinto,AM,2024-06-30 07:23:55.645068
404,Isabelly Castro,marianasales@gmail.com,31 0664-6582,da Luz,PA,2025-09-18 06:27:51.122278
405,Isis Lopes,oliveiraleonardo@gmail.com,+55 61 0991 9879,Nascimento,ES,2024-09-17 17:06:36.739194
406,Lívia Pires,noahpinto@yahoo.com.br,(071) 5296 1059,Rocha de da Rocha,MS,2024-03-25 01:14:27.913099
407,Marcela Ferreira,marcos-vinicius29@yahoo.com.br,+55 (041) 3363 1212,Fernandes,PE,2025-07-17 04:02:23.352664
408,Gustavo Pereira,araujoluana@gmail.com,21 4369-1424,Nunes do Galho,RJ,2024-03-07 08:29:37.207672
409,Laura da Rosa,hsantos@yahoo.com.br,(061) 8479 8670,Farias,RS,2024-10-07 16:48:14.323913
410,Srta. Lavínia Aragão,maria-sophiasilveira@ig.com.br,+55 (041) 8138 3688,Carvalho,PE,2024-04-23 23:15:57.935735
411,Bruna Souza,goncalvescalebe@hotmail.com,+55 71 7395-5609,da Luz do Norte,BA,2023-12-19 11:10:22.684809
412,Marcelo da Mata,campossarah@gmail.com,0500 209 7315,Cardoso de Moreira,RJ,2025-05-14 17:19:41.852152
413,Otávio Fernandes,tdas-neves@gmail.com,84 1243-3706,Correia,PE,2024-10-14 02:06:56.235954
414,Vinicius Martins,eloah30@ig.com.br,0500 162 2924,Aragão Verde,SP,2024-05-19 00:17:41.342194
415,Ana Sophia Aragão,lorenada-luz@bol.com.br,(041) 0350 2344,Ramos,PB,2025-07-10 14:17:24.091224
416,Luiza Moreira,cardosoisabel@hotmail.com,(021) 7738 1049,da Conceição,MG,2025-05-05 10:23:39.226640
417,Marcela Vieira,rafael88@hotmail.com,61 2755-2817,Oliveira de Minas,PB,2025-04-19 13:47:58.101551
418,Sr. Enzo Rodrigues,sda-rosa@gmail.com,+55 84 3786-0919,Pires,MG,2024-06-18 04:53:46.709186
419,Gustavo Fogaça,da-costapaulo@gmail.com,81 1647 2492,Porto,SC,2023-12-03 10:16:03.714472
420,Olivia Carvalho,amanda13@bol.com.br,+55 (031) 2390-4065,Araújo Alegre,PR,2025-04-17 04:42:01.126642
421,Diego Teixeira,maria58@bol.com.br,+55 71 3798-1536,Lopes,DF,2025-02-28 08:31:55.676709
422,Vitor Nogueira,carlos-eduardofogaca@yahoo.com.br,0500-880-0565,da Rosa de Freitas,AC,2025-10-13 09:53:17.214410
423,Miguel Cunha,maiteda-paz@yahoo.com.br,0800 364 6620,Monteiro de da Cunha,MT,2025-09-01 05:33:40.903182
424,Maria Julia da Conceição,maite26@yahoo.com.br,(021) 8637 0346,Cunha do Norte,PE,2025-02-22 14:23:42.778640
425,Thales Almeida,lorenanovaes@hotmail.com,+55 (041) 8900-7859,Cardoso,PA,2025-04-30 13:39:03.178022
426,Dra. Júlia Rodrigues,zlopes@ig.com.br,71 0612 7496,Gonçalves,AM,2025-06-05 19:32:53.728163
427,Vitória Castro,danielda-paz@gmail.com,51 8849 7744,Dias dos Dourados,PB,2024-02-22 08:06:06.210575
428,Srta. Bruna Aragão,fcavalcanti@ig.com.br,+55 (071) 0518 4362,Costa,AC,2025-04-11 15:57:32.230329
429,Melissa Santos,augusto90@ig.com.br,+55 (041) 4552-7500,Moura das Flores,SC,2024-12-12 06:22:17.697919
430,Cauê Gonçalves,sophie15@uol.com.br,0500 377 8508,Viana de Melo,MS,2024-09-13 18:43:40.524813
431,Ana Beatriz Peixoto,azevedomaria-sophia@ig.com.br,+55 (041) 1027 1240,Viana,RJ,2024-04-27 02:27:49.786246
432,Heitor Pereira,umendes@hotmail.com,+55 (084) 4934-9131,Araújo,AC,2024-06-27 05:38:05.478320
433,Danilo Oliveira,vcavalcanti@yahoo.com.br,+55 (021) 1744-6688,Azevedo do Sul,DF,2025-10-09 17:02:51.176986
434,Lucca Rodrigues,tcunha@gmail.com,84 8837-9404,Lima,RJ,2024-03-26 04:29:03.724109
435,Juan Novaes,alicemelo@uol.com.br,0800 341 5821,da Rosa das Pedras,MS,2023-12-30 07:25:57.983511
436,Carolina Rodrigues,alvesdaniel@ig.com.br,(021) 8009-0701,Nascimento de das Neves,AM,2025-06-06 12:13:40.265172
437,Sra. Bárbara Gomes,tnovaes@gmail.com,+55 51 3069 8904,Silva de Cardoso,PA,2025-09-13 01:06:47.315487
438,Laís Barbosa,daviramos@bol.com.br,84 2419-6361,da Rocha,PA,2023-12-09 19:42:57.646384
439,Milena Cavalcanti,kaiquenogueira@ig.com.br,61 0684-0880,Azevedo de Minas,AM,2025-03-12 06:35:28.277113
440,Heloísa da Mata,da-rosavitor-hugo@gmail.com,(031) 4566-1022,Vieira de Vieira,MG,2024-01-14 08:18:28.680663
441,Enzo Almeida,duarteluiz-fernando@gmail.com,(061) 8578-0318,Porto da Prata,SE,2024-05-05 22:53:50.880200
442,Sr. Theo Almeida,pedroteixeira@ig.com.br,(031) 9162 2312,Sales do Norte,DF,2025-04-15 11:47:55.643926
443,Srta. Lavínia Costa,larissa27@uol.com.br,(011) 8056 8124,Mendes,PB,2025-01-05 14:05:47.451787
444,Bryan Santos,maria-fernandacavalcanti@hotmail.com,+55 51 3023 1492,Almeida das Flores,GO,2024-07-05 14:58:04.834713
445,Ana Beatriz da Rosa,caroline73@hotmail.com,+55 (031) 5984-5279,das Neves da Praia,MT,2024-11-10 01:18:16.536359
446,Davi Lucca Ramos,vgoncalves@yahoo.com.br,61 2411-0599,Dias de Ribeiro,AM,2025-01-15 14:11:28.835971
447,Dra. Júlia da Mota,rcardoso@yahoo.com.br,(031) 0255-1879,Porto,RO,2025-08-28 20:22:13.835164
448,Nina Lima,ybarros@ig.com.br,(051) 9288 9178,Gomes do Norte,AL,2024-12-07 03:53:15.597632
449,Gabriela Cunha,nascimentocaua@bol.com.br,+55 (031) 0081-6867,Farias,SC,2025-08-15 16:08:46.033388
450,Daniela da Rosa,leticia70@uol.com.br,0900-931-5374,Farias,MT,2024-10-28 11:52:34.290956
451,Pedro Correia,leonardo74@yahoo.com.br,(081) 2652 4883,Fernandes,SC,2025-03-27 18:26:40.629112
452,Felipe Barbosa,alexiateixeira@uol.com.br,+55 41 0255-3915,Castro dos Dourados,RO,2025-05-07 22:15:58.108710
453,Levi Souza,hpeixoto@gmail.com,(011) 4199-9863,Souza Grande,DF,2024-04-05 11:20:15.548994
454,Dra. Brenda da Cunha,isouza@yahoo.com.br,0900-349-9078,Moreira dos Dourados,AC,2025-05-08 07:20:57.803773
455,Rodrigo Rezende,cda-rosa@yahoo.com.br,21 7537 6217,Nascimento,PE,2025-02-12 05:14:10.219907
456,Anthony Jesus,juan95@gmail.com,51 9498 0454,Sales Verde,PA,2024-12-09 10:52:51.532907
457,Yuri Pereira,ana-beatriz49@ig.com.br,+55 84 7283-0676,da Cunha de Nunes,ES,2025-10-04 03:01:53.768682
458,Miguel Santos,laura81@bol.com.br,81 3164-2942,Cunha de Castro,PE,2024-11-19 07:23:41.668219
459,Sra. Maria Cecília Ribeiro,vicenteoliveira@ig.com.br,+55 11 0648-3960,Costela,DF,2023-11-21 03:05:41.958438
460,Bárbara Rodrigues,emanuella48@gmail.com,71 8004 3123,Farias,RN,2024-05-30 20:39:21.132227
461,Evelyn da Cunha,miguelda-costa@hotmail.com,+55 71 6319 8946,Teixeira do Oeste,MT,2024-06-04 15:54:21.845444
462,Laura Moraes,thiago49@gmail.com,+55 21 9119-1393,Vieira do Oeste,SE,2025-05-03 02:54:22.699697
463,Joaquim Gonçalves,isadora13@uol.com.br,84 0722-0399,da Rocha,PR,2024-08-29 20:23:14.692733
464,Benjamin Novaes,bribeiro@hotmail.com,+55 21 9628 7935,Cardoso,RR,2024-10-14 07:38:11.791243
465,Pedro Lucas Farias,leandropeixoto@ig.com.br,+55 (061) 2207-3137,Araújo Verde,PA,2023-12-07 12:57:16.162553
466,Isadora Pinto,alvespedro@yahoo.com.br,(041) 6301-9331,Moraes de Costa,AC,2025-09-26 07:00:17.866781
467,Ryan Viana,laurada-luz@hotmail.com,(084) 0229 5179,Cunha,TO,2025-08-20 08:42:56.005450
468,Sr. Luiz Felipe Lima,limaantonio@ig.com.br,(011) 9484 7148,Nunes,AM,2023-11-12 07:22:26.055923
469,André Araújo,piresfrancisco@yahoo.com.br,+55 (041) 3153-5057,Caldeira,AM,2025-06-16 09:01:13.132849
470,Joana Farias,sda-mota@gmail.com,(071) 5736-2599,Fernandes do Oeste,RJ,2024-10-04 09:03:47.631660
471,Valentina Ferreira,xjesus@yahoo.com.br,+55 11 8377 3983,Nascimento da Praia,DF,2025-08-14 14:20:20.348269
472,Maria Julia Nogueira,souzabarbara@gmail.com,(071) 3561 7355,da Conceição,AL,2024-11-19 02:05:12.603902
473,Juan Rezende,piresenzo@gmail.com,31 6367 4673,Cavalcanti,PA,2025-08-18 18:16:29.487219
474,Luiz Gustavo Moreira,luiz-fernando55@yahoo.com.br,(084) 6772-9930,Cunha,ES,2025-10-07 14:41:52.787910
475,Sra. Ana Vitória Almeida,rmartins@gmail.com,+55 81 4391-2295,Jesus,MT,2024-04-21 14:45:40.839190
476,Arthur da Rocha,fariasemanuelly@hotmail.com,+55 (081) 4613 2694,Cardoso de Goiás,ES,2025-09-12 11:05:04.963834
477,Paulo Costa,maria-sophia85@bol.com.br,+55 41 2628-1739,Teixeira,RN,2024-03-02 21:31:30.541407
478,Danilo Jesus,alexandremartins@bol.com.br,61 0759-8065,Novaes,PA,2024-08-30 13:27:53.451735
479,Eduardo da Rocha,luanadas-neves@ig.com.br,41 5363-0428,Caldeira,ES,2024-02-14 09:19:35.808296
480,Eduardo Freitas,silveirajoao-pedro@yahoo.com.br,+55 71 1734 4783,Cardoso da Mata,MG,2025-01-29 12:58:34.165743
481,Clarice Araújo,fda-rosa@hotmail.com,(081) 6349-0762,Peixoto Paulista,PR,2024-05-24 06:13:26.497817
482,Benício Gonçalves,oda-rosa@bol.com.br,+55 51 8601 4441,Alves de Campos,PA,2025-01-07 15:37:22.861883
483,Matheus Cunha,wda-luz@bol.com.br,+55 81 4448 2827,Costela do Oeste,MG,2024-10-14 23:11:37.683711
484,Anthony Fogaça,emillyteixeira@hotmail.com,84 6286-7123,da Luz de Gomes,SP,2025-08-12 01:16:41.767996
485,Gabrielly da Costa,maria-ceciliarezende@bol.com.br,+55 (081) 9414-7649,Novaes,RJ,2025-03-19 09:55:39.369126
486,Theo das Neves,matheusbarbosa@uol.com.br,0500-329-6647,Rocha do Norte,DF,2025-04-09 05:14:00.299896
487,Ana Júlia Sales,sophielima@ig.com.br,+55 (071) 1024 7970,Freitas,ES,2025-09-15 04:00:48.538858
488,Ana Sophia Caldeira,jsilveira@yahoo.com.br,0500 420 2341,Ribeiro,MS,2024-01-08 13:48:37.179545
489,Dr. Luiz Felipe Ferreira,francisco26@ig.com.br,41 6569 0940,Fogaça,PE,2025-06-17 09:01:56.705556
490,Theo Lopes,guilhermecaldeira@bol.com.br,+55 81 3114-4836,Campos,BA,2025-08-10 05:39:09.185252
491,Sarah Novaes,anabarbosa@hotmail.com,(021) 0299-6174,Farias,AP,2025-10-30 12:30:17.127481
492,Dr. Danilo Cunha,mendescalebe@uol.com.br,84 5479 9047,Rocha,TO,2024-12-25 12:36:48.110246
493,Levi Oliveira,nfarias@yahoo.com.br,71 8341 2416,Pires de Goiás,GO,2025-08-04 13:27:17.051780
494,Stephany Cardoso,carvalhomirella@yahoo.com.br,(081) 2154-4783,Araújo,RR,2023-11-21 11:33:23.452980
495,Melissa Aragão,evelynda-paz@ig.com.br,+55 (061) 0967 2348,Ferreira,SE,2025-09-26 14:33:16.020995
496,Milena Nogueira,castromatheus@uol.com.br,21 4318-9940,Silveira,AM,2025-09-18 23:09:34.735985
497,Camila Pereira,arthur52@ig.com.br,+55 (051) 6058-9984,Vieira de Correia,RR,2023-12-18 18:50:49.576545
498,Dr. Lorenzo Peixoto,ipires@yahoo.com.br,(081) 5443 1259,Cavalcanti,PA,2025-01-22 06:06:03.258369
499,Srta. Sarah Lopes,teixeiramaria-vitoria@gmail.com,51 2263 9498,Rodrigues,MA,2024-01-23 17:32:05.180116
500,Joaquim da Conceição,xcaldeira@bol.com.br,71 4777-3769,Costela,DF,2024-04-07 15:05:53.446807
501,Vitor Freitas,rodriguesrebeca@uol.com.br,+55 21 1111 6878,Rocha do Amparo,SE,2025-08-31 16:02:42.585048
502,Dra. Gabrielly Jesus,da-costamariana@yahoo.com.br,+55 84 6291-0147,Pires,CE,2024-09-21 09:56:10.877135
503,Diego Porto,enriconascimento@gmail.com,+55 (081) 8594 8869,Fernandes,MA,2025-09-18 11:08:22.707095
504,Matheus Cunha,kfreitas@hotmail.com,+55 (041) 8007-9979,da Mata,RO,2025-08-12 19:30:19.121223
505,Sr. Pedro Henrique Azevedo,pintomarcos-vinicius@gmail.com,0300 351 9126,Pinto de Barros,AL,2024-03-01 20:06:45.668914
506,Marcela Ramos,danielpires@uol.com.br,0800-637-0783,Vieira de Almeida,AM,2025-08-15 07:50:46.386154
507,Danilo Martins,nramos@hotmail.com,0800-939-8002,Santos de Viana,PE,2025-06-21 03:23:35.560385
508,Sr. Davi Lucca Cardoso,goncalvesisabelly@hotmail.com,(061) 3397 8646,Gomes,SE,2025-10-18 23:08:13.044000
509,Eduardo Cunha,davi01@gmail.com,+55 11 3141-2306,Teixeira dos Dourados,RS,2024-05-31 13:33:17.696065
510,Sarah Ferreira,cunhayago@yahoo.com.br,+55 (031) 1175-6987,Azevedo das Flores,DF,2024-11-19 22:17:28.206466
511,Valentina Araújo,erickfernandes@yahoo.com.br,+55 21 5574-4604,Azevedo,ES,2025-07-14 18:30:23.467574
512,Emanuella da Paz,da-conceicaoenzo-gabriel@ig.com.br,+55 (084) 5910 1085,Costa das Flores,PE,2025-05-06 21:59:02.806832
513,Agatha Cardoso,carolinepires@hotmail.com,+55 (031) 4683 8369,Oliveira dos Dourados,SC,2024-02-13 02:18:20.940237
514,Emanuelly Peixoto,caldeiravitor@hotmail.com,+55 (084) 3138-1719,Sales,MA,2025-05-18 23:43:33.087534
515,João Felipe Ribeiro,castrovitoria@ig.com.br,0900 183 4497,da Rosa das Flores,AC,2024-12-07 21:51:32.558947
516,Nicolas Silveira,vmoreira@ig.com.br,+55 (061) 8050-2298,Farias,MA,2023-11-07 19:15:52.017776
517,Heitor Moreira,jcardoso@bol.com.br,0900-653-8228,Dias da Prata,RJ,2024-12-31 17:13:22.689039
518,Dr. Noah Barbosa,luana67@uol.com.br,0800 705 0027,da Rocha dos Dourados,MG,2023-11-11 20:27:14.282465
519,Srta. Ana Julia Novaes,da-luzkamilly@hotmail.com,+55 61 4045 6239,Correia do Sul,AL,2023-11-10 09:54:01.932950
520,Dr. Rodrigo Ribeiro,caldeiramaria-luiza@gmail.com,84 4804-7740,Moraes do Campo,SP,2024-11-17 09:57:47.448404
521,Henrique Martins,barbara32@hotmail.com,+55 (051) 4690 5240,Silva,RO,2025-03-23 05:01:03.782601
522,Sr. Thiago Castro,caueda-costa@hotmail.com,+55 41 3871 9499,Pinto dos Dourados,RS,2025-09-21 16:50:00.901050
523,Joana Campos,brendada-conceicao@uol.com.br,(084) 4609 3719,Nunes de da Rocha,SC,2024-11-27 21:34:39.214155
524,Diego Porto,ianmendes@bol.com.br,+55 41 6374 4437,da Rosa,RN,2024-03-06 03:16:15.959431
525,Gustavo Barros,daniloda-mata@uol.com.br,+55 (081) 1514-8120,Peixoto,RO,2024-11-19 01:37:57.403119
526,Davi Lucca Lopes,fogacadanilo@uol.com.br,+55 31 8659 6962,Almeida dos Dourados,SP,2024-02-18 01:41:13.557328
527,Fernanda Peixoto,oliveiraenrico@ig.com.br,+55 21 5074-8133,Freitas de Ferreira,AM,2025-01-15 14:04:51.898830
528,Thales da Paz,levida-mota@gmail.com,(041) 5701 4403,Freitas,GO,2025-07-10 10:27:32.019892
529,Marcelo Gonçalves,araujojoana@ig.com.br,+55 41 6832-3497,Gonçalves da Serra,AC,2025-07-03 00:08:03.167511
530,Dr. Alexandre Mendes,davi-luiz67@gmail.com,71 1753-7391,Sales de Goiás,BA,2024-11-22 01:40:06.768553
531,Enzo Gabriel Costela,enzo-gabriel78@ig.com.br,(041) 8263 5152,Moura dos Dourados,SC,2024-08-27 22:04:15.734325
532,Guilherme Caldeira,csilva@gmail.com,71 4490 9229,da Costa,BA,2025-09-08 01:09:45.253335
533,Dr. Luiz Felipe Alves,pietromelo@hotmail.com,+55 61 6361 2450,Jesus,CE,2024-10-26 17:03:03.315738
534,Mirella Costa,smoraes@gmail.com,+55 61 3625 5113,Martins do Norte,TO,2023-11-17 16:17:24.244478
535,Rafael Barbosa,teixeiralorenzo@yahoo.com.br,21 0587-0988,Lima de da Mota,AL,2024-07-21 12:20:43.740729
536,Bruna Pinto,carolinacosta@yahoo.com.br,+55 (081) 8981 4666,Monteiro,RJ,2025-02-25 00:12:33.521059
537,Sr. Vitor da Costa,gustavo10@yahoo.com.br,+55 (071) 1121-6224,Monteiro,MG,2023-12-25 07:33:47.555145
538,Sra. Maysa da Paz,olivia20@ig.com.br,(061) 7453-1430,Moura,AM,2024-12-10 14:39:54.493064
539,Erick Moura,thiago10@gmail.com,0300-340-0004,Aragão da Serra,AC,2024-02-09 22:21:49.129597
540,Vitória Caldeira,eloah75@hotmail.com,31 3096-7262,Pires,RS,2024-08-16 12:07:41.458388
541,Diogo Souza,enzoferreira@uol.com.br,84 2570 5298,Costa de Goiás,AM,2025-06-20 15:57:25.457769
542,Maria Luiza da Cunha,xfarias@gmail.com,(081) 1915-3082,da Rosa de Vieira,RR,2024-09-14 05:16:58.771359
543,Diego Fogaça,vmartins@bol.com.br,+55 71 7440-3880,das Neves do Campo,SC,2025-05-02 00:13:48.076230
544,André Moraes,miguelazevedo@hotmail.com,+55 61 3363-2434,Lopes,RN,2025-03-04 19:03:26.680562
545,Luiz Felipe Teixeira,salesalana@ig.com.br,+55 71 8077 0233,Ramos de Goiás,RN,2024-11-13 14:46:27.646122
546,Valentina Ferreira,camila45@ig.com.br,+55 84 1814-8641,Gonçalves de Nunes,RO,2024-12-15 20:34:53.704494
547,Maria Cecília Cardoso,joao-vitor94@yahoo.com.br,+55 (051) 7433-8941,Ribeiro,RR,2023-11-13 11:26:38.385030
548,Lavínia Vieira,santosbenicio@ig.com.br,+55 (011) 2859 3611,Jesus das Flores,SE,2025-04-17 16:05:32.630931
549,Emanuelly Pereira,aragaoemanuel@uol.com.br,+55 (081) 2336-9837,Campos do Galho,RJ,2025-09-14 11:20:02.382792
550,Dr. Vinicius Cardoso,marina42@gmail.com,+55 31 4117-9722,Alves,ES,2025-10-27 04:37:20.695535
551,Gustavo Henrique Santos,camilarezende@uol.com.br,+55 31 0162 8595,Lima,PB,2025-01-11 02:39:00.155368
552,Thiago Moraes,fernandesdiogo@yahoo.com.br,71 8287-3190,Fernandes Alegre,PE,2023-12-12 11:17:00.481773
553,Maria Fernanda Duarte,carvalhojuliana@bol.com.br,(051) 5008-6379,Pinto,RN,2025-08-07 22:32:09.430869
554,Maria Sophia Moreira,ocostela@hotmail.com,11 7774-3870,Lima,AP,2024-06-23 17:15:40.332892
555,Amanda Rocha,nbarros@gmail.com,+55 (011) 5097 4835,Martins de Gomes,RJ,2024-02-23 14:45:59.326141
556,João Lucas Nogueira,ana-carolina29@ig.com.br,41 3256-2815,Aragão de da Rosa,MA,2025-04-30 11:21:48.954043
557,Gabrielly Oliveira,nda-cunha@uol.com.br,+55 (081) 7469-4098,Vieira,PA,2025-03-22 23:29:48.291717
558,Eloah da Luz,cavalcantilara@bol.com.br,+55 (051) 6849-4853,Teixeira Verde,CE,2025-05-02 07:09:52.263402
559,Leandro da Rosa,luiza24@hotmail.com,+55 31 6157-7099,Correia,PB,2024-09-08 19:16:11.819248
560,Igor Rodrigues,lalves@uol.com.br,+55 41 4942-8889,Silveira,BA,2025-10-12 08:57:50.753422
561,Lara da Paz,ysilva@uol.com.br,+55 41 5524 6730,Sales da Praia,RO,2025-04-22 05:01:45.994236
562,Lorena da Costa,fogacatheo@bol.com.br,(041) 3041 9662,Carvalho,AP,2024-09-06 14:28:03.234754
563,Joana Rocha,enzo-gabriel55@gmail.com,+55 (041) 8676 8490,Ribeiro de Castro,GO,2024-09-28 21:35:39.755276
564,Sra. Pietra Rocha,mirellapeixoto@ig.com.br,+55 51 0729 2847,Farias,PB,2024-02-10 17:16:21.836283
565,Noah Duarte,piresmirella@ig.com.br,11 3378 6244,Vieira das Pedras,SE,2025-03-04 12:55:44.178602
566,Mariane Azevedo,arthuroliveira@hotmail.com,+55 (061) 7297 2613,Moraes,DF,2024-05-18 01:57:39.627815
567,Dra. Lavínia Costela,guilherme13@ig.com.br,(061) 5160 6342,Viana,SP,2025-07-01 13:55:24.876269
568,Noah Correia,calebe74@ig.com.br,+55 (071) 4026-6272,Aragão,MT,2024-06-05 04:58:27.213953
569,Marina Pinto,sabrinada-costa@yahoo.com.br,+55 21 6612-9773,Nunes,PA,2024-11-14 20:52:41.944349
570,Ana Lívia Castro,rodrigo65@yahoo.com.br,+55 71 3042 6040,Costa,AC,2024-03-22 02:40:23.329947
571,Rodrigo da Paz,mendesjoao-pedro@ig.com.br,11 9923 1507,Peixoto,CE,2024-11-01 05:05:29.839564
572,Manuela da Costa,da-luzrafaela@gmail.com,+55 (081) 9139-3433,Duarte de Pereira,PE,2025-07-09 14:22:28.445325
573,Murilo Castro,carvalholuiz-henrique@hotmail.com,11 6366 0441,da Costa,MT,2024-05-12 09:06:26.430962
574,Nicole Carvalho,ocavalcanti@gmail.com,+55 61 9897 0978,Cunha,SP,2024-01-22 15:41:03.803233
575,Dra. Maria Alice Teixeira,luccada-paz@gmail.com,81 1641-5921,Pires de Ribeiro,MA,2024-12-12 21:17:58.400812
576,Gabriel Pinto,ramoscalebe@yahoo.com.br,+55 21 0189 8536,Duarte,MA,2025-05-14 14:30:02.965200
577,Dra. Natália Lima,juanrodrigues@gmail.com,0500-001-3555,Alves,RR,2025-10-05 02:48:42.364801
578,Ana Júlia Pinto,ana-carolina14@bol.com.br,81 0290-5207,da Rocha,PA,2024-02-18 15:52:11.113256
579,Dra. Maria Julia Rocha,nicolecarvalho@uol.com.br,(084) 1434 5479,Farias Verde,MG,2025-05-04 00:07:36.092196
580,Yasmin Fogaça,kevin49@uol.com.br,+55 81 4601 0052,da Paz,SE,2024-11-28 02:45:06.141143
581,Thiago Araújo,luiz-gustavo59@hotmail.com,(071) 5656-3407,Carvalho,PI,2024-07-24 16:58:44.828533
582,Bryan Pereira,matheus11@ig.com.br,+55 71 3249 7536,Pinto,PA,2024-08-24 19:45:16.896719
583,Gabriel da Luz,bda-luz@hotmail.com,+55 (031) 7362-8940,Souza,BA,2025-06-03 03:23:27.567189
584,Erick Martins,da-motaana-vitoria@bol.com.br,41 3691-7079,Porto Alegre,AL,2024-09-03 00:03:53.653197
585,Sr. Luiz Felipe Lopes,teixeirarenan@ig.com.br,+55 51 6733 4033,Peixoto,TO,2025-05-03 16:03:15.871028
586,Srta. Bianca Fogaça,lucca18@yahoo.com.br,+55 21 5059-6972,Rocha de Rocha,GO,2025-05-27 09:54:27.575586
587,João da Rocha,danielada-paz@uol.com.br,21 9619 3342,Farias do Galho,AP,2024-03-23 18:59:10.537356
588,Luiz Felipe Silveira,npires@gmail.com,+55 (071) 1516 3829,Azevedo,AC,2025-03-11 16:55:42.318457
589,Caio Castro,lorenzorezende@gmail.com,+55 21 7222 1132,Fernandes das Pedras,MA,2025-10-15 17:49:29.672023
590,Henrique Almeida,bernardoazevedo@uol.com.br,+55 (021) 5719-6809,Moreira do Norte,RS,2024-09-30 23:34:16.122608
591,Maria Eduarda Duarte,maite30@yahoo.com.br,(071) 1043 6816,Ramos de da Cruz,RN,2024-12-31 02:33:46.862923
592,Cauã Viana,wferreira@gmail.com,+55 41 7890 2121,Peixoto da Praia,RS,2024-03-26 16:20:32.267381
593,Kamilly Jesus,eduardomonteiro@uol.com.br,(021) 4933-6582,Rocha do Sul,PE,2025-08-23 19:08:45.302885
594,Sarah da Cunha,luiz-henrique20@hotmail.com,+55 11 2119-6321,Ramos,CE,2024-08-19 23:30:02.020881
595,Maria Vitória Castro,egomes@yahoo.com.br,+55 (031) 7274-1290,Pinto,SP,2024-05-04 06:32:31.572305
596,Sr. Kevin Sales,ncampos@uol.com.br,(061) 1507-6029,Martins do Oeste,MT,2025-10-05 22:38:57.740725
597,Heitor Jesus,jrezende@uol.com.br,+55 (051) 1156 3704,Barros,SE,2024-09-27 03:19:01.422276
598,Eduardo Silveira,anthonyalves@bol.com.br,+55 (061) 7378 5695,Silveira do Norte,RN,2023-12-02 18:52:00.504162
599,João Gabriel Sales,renan07@bol.com.br,51 9625 9617,Novaes,SC,2024-07-23 11:58:25.447021
600,Valentina Carvalho,da-luzbernardo@ig.com.br,+55 (051) 2099-8017,Moraes da Praia,SC,2024-12-15 19:32:41.572134
601,Bruna Costela,emanuellacampos@bol.com.br,(031) 5362 0886,Rocha de da Mota,RR,2024-09-07 23:56:41.032666
602,Evelyn Campos,joao-miguel03@uol.com.br,+55 (031) 0560 6441,Jesus,MA,2025-09-30 06:36:57.683942
603,Kaique das Neves,moraesrenan@uol.com.br,84 0483 7709,Moraes da Prata,PA,2024-09-04 18:57:25.664924
604,Mariane Ferreira,ana-livia12@ig.com.br,51 9796 9107,da Mota do Galho,PR,2024-02-10 20:39:48.270763
605,Rebeca Silva,gabrielly90@uol.com.br,(071) 2151-0428,Souza,DF,2025-02-11 13:08:23.054151
606,Isaac Cardoso,gabrielafogaca@uol.com.br,+55 81 9707-0686,Novaes,RO,2025-03-22 00:33:35.005620
607,Ana Sophia Monteiro,gda-rosa@ig.com.br,+55 81 0194 9712,Monteiro Verde,MG,2025-05-31 23:42:51.652007
608,Ana Beatriz Rezende,limayasmin@bol.com.br,+55 31 8444 3094,Fogaça,AM,2025-09-01 23:52:42.694553
609,Maria Julia Rezende,eviana@yahoo.com.br,(021) 3826 0260,Cardoso do Galho,GO,2024-04-09 15:24:49.146331
610,Emanuelly das Neves,hmartins@hotmail.com,+55 (061) 5700-5828,Moura do Oeste,RR,2025-07-29 05:16:52.980315
611,Joaquim Dias,melovalentina@hotmail.com,(071) 4977 9563,Araújo das Flores,ES,2024-11-10 23:33:55.836515
612,Sr. Ryan Barros,barbosathiago@bol.com.br,84 7933 8648,das Neves,PI,2024-12-08 05:46:56.011736
613,Maria Vitória Duarte,goncalveserick@bol.com.br,+55 (051) 7701-6835,da Cruz,PE,2025-09-14 12:20:29.700626
614,Alana Nascimento,lorena92@gmail.com,0300-478-6922,Gomes do Norte,PR,2024-06-16 02:28:31.547163
615,Samuel Peixoto,rafaelcorreia@yahoo.com.br,+55 (071) 6481 3524,Jesus dos Dourados,PA,2025-06-29 02:54:30.822317
616,Igor Oliveira,eduarda66@bol.com.br,0500 671 5881,da Mota do Amparo,TO,2025-09-16 05:35:24.110261
617,Caio Monteiro,xjesus@ig.com.br,(051) 2827 2509,Costa Alegre,BA,2024-12-01 22:57:49.159161
618,Francisco Teixeira,fernandesluiz-miguel@hotmail.com,+55 31 7813 3376,Cardoso,GO,2024-11-01 13:22:08.537029
619,Thiago Ribeiro,da-luzjuliana@ig.com.br,+55 (081) 1285-9110,Martins,TO,2024-11-26 02:44:53.831980
620,Emilly da Costa,ibarros@uol.com.br,71 7400-4503,Pires,RS,2024-09-28 01:30:01.656638
621,Kamilly Cardoso,diasbianca@ig.com.br,+55 (081) 4685-7128,Costela de Peixoto,RR,2024-06-02 21:55:25.050053
622,Manuela Peixoto,barbosajoao-vitor@yahoo.com.br,+55 81 0614 0867,Araújo,SE,2024-10-26 07:11:46.682280
623,Ana Luiza Teixeira,laviniamoreira@yahoo.com.br,+55 (041) 5451 2523,Freitas da Praia,PB,2025-02-22 20:48:40.838746
624,Luigi Moreira,bda-mata@ig.com.br,51 8493 6985,Cardoso do Norte,MG,2024-08-10 20:02:06.210383
625,Laura Azevedo,ribeirojoao-felipe@uol.com.br,+55 (031) 1509 3646,Cunha do Sul,SE,2024-10-09 22:19:48.673227
626,Cecília Ramos,rgomes@ig.com.br,31 8836 6750,Ferreira do Sul,SP,2024-03-08 23:19:00.296408
627,Raul Martins,evieira@bol.com.br,+55 31 1390 6829,Fogaça,TO,2024-07-20 18:46:18.385026
628,Nathan Nunes,julia27@bol.com.br,61 5785 3264,Pereira do Campo,RN,2025-03-30 18:43:21.910465
629,Larissa Araújo,goncalvesantonio@gmail.com,71 0094 3437,Santos dos Dourados,BA,2024-05-01 17:48:39.590216
630,Eloah Caldeira,da-cunhapedro-lucas@uol.com.br,+55 21 2903 7490,Barros,RJ,2024-06-14 02:23:48.355436
631,João Pedro Campos,costajulia@bol.com.br,(031) 1752-4466,Costa,RS,2024-02-14 21:48:16.094118
632,Alícia Jesus,qnunes@hotmail.com,(031) 3523 5581,Ribeiro de Pereira,SC,2023-12-18 13:34:03.920009
633,Maria Cecília Fogaça,scostela@bol.com.br,0300 920 3537,Fogaça,SC,2024-06-02 08:53:30.240242
634,João Guilherme Rocha,castrolevi@gmail.com,+55 (021) 4206-5278,da Cruz,SP,2025-07-14 23:54:30.559987
635,Maysa Teixeira,qteixeira@hotmail.com,51 4004 2471,Cunha,MG,2024-10-19 22:12:10.189414
636,Enrico Ribeiro,da-rosaana-luiza@bol.com.br,21 0103 4228,Cavalcanti Paulista,MT,2024-03-12 21:38:49.282068
637,Elisa da Cruz,ana-liviamoraes@bol.com.br,+55 (031) 9434 7420,Almeida de Novaes,DF,2025-03-27 20:52:31.818239
638,Anthony Costa,carvalhoana-luiza@bol.com.br,+55 21 2963 4119,Rocha do Oeste,SE,2024-07-30 07:51:18.798583
639,Ana Luiza Fogaça,ana-luizamendes@yahoo.com.br,0500 826 0300,Gonçalves,AP,2024-02-20 08:53:24.979173
640,Benjamin Caldeira,davi-luiz73@ig.com.br,(051) 2720 7242,Fogaça de Cardoso,AL,2024-06-28 20:45:29.807088
641,Davi Monteiro,correiaemanuel@gmail.com,(081) 0072 9453,Farias,RN,2024-03-03 08:56:36.172271
642,Felipe Almeida,pirespietro@gmail.com,+55 (011) 3948-0296,Moura de Goiás,RO,2024-10-14 01:13:04.554099
643,Julia Castro,emanuelly02@bol.com.br,+55 (061) 6102-1762,da Paz,RN,2025-07-20 02:28:29.766062
644,Maria Cecília Peixoto,dda-luz@ig.com.br,+55 21 5973-4217,Araújo,PE,2025-06-19 21:05:50.056150
645,Dr. Ian da Mota,benjamin34@uol.com.br,+55 (061) 8918-3066,Moraes de Castro,TO,2025-09-29 21:40:38.217363
646,Marcos Vinicius Fogaça,marianarodrigues@bol.com.br,+55 (084) 5858-2406,Novaes,MA,2024-04-25 17:15:04.646653
647,Thales Freitas,juancampos@uol.com.br,21 7353-1771,Pinto Paulista,BA,2025-01-02 22:41:11.721202
648,Sra. Clara Novaes,giovannaduarte@hotmail.com,0300-420-5012,Correia,MT,2023-12-12 19:48:16.393430
649,João Gabriel Barros,cardosobreno@uol.com.br,41 7551-8822,Nogueira,PI,2025-10-22 04:30:19.798240
650,Clara Pires,rochaagatha@uol.com.br,+55 (084) 1560 6157,Barbosa,MA,2025-01-31 09:57:26.387985
651,Kevin Barros,da-rochaana-vitoria@hotmail.com,+55 (021) 8541-4792,da Conceição,AM,2025-02-07 07:02:38.797470
652,Davi Luiz Azevedo,isabelpereira@bol.com.br,+55 71 8490-8872,Moraes Paulista,BA,2024-11-05 13:41:58.126464
653,Diogo da Rosa,anacastro@yahoo.com.br,+55 71 6516-3670,Aragão do Sul,AM,2024-09-08 02:24:40.037373
654,Gabriela Ferreira,emillyrodrigues@bol.com.br,21 1592 1862,Fogaça de Correia,TO,2025-03-27 01:43:20.764382
655,Ryan Moura,joao10@bol.com.br,+55 11 3465 8317,Rezende,SP,2025-07-23 11:15:44.815785
656,Isabel da Mota,isaacduarte@uol.com.br,+55 21 1119-6128,Cardoso,BA,2024-11-04 15:29:17.192057
657,Davi Luiz Costa,rafaelcosta@uol.com.br,+55 51 0054 7305,Costela,SC,2023-12-01 20:00:33.864561
658,Yuri da Rosa,da-cunhavitor-gabriel@uol.com.br,+55 (081) 3103-0831,Gomes da Praia,DF,2024-10-27 14:04:17.145722
659,Dr. Renan Gonçalves,julia37@yahoo.com.br,+55 21 8520 6074,Moreira do Campo,TO,2025-06-22 17:46:20.994750
660,Juan da Mata,zmoraes@yahoo.com.br,+55 (061) 8059 9876,Moraes Paulista,DF,2025-05-11 07:04:33.210928
661,Valentina Costa,fariaseduardo@uol.com.br,+55 (081) 9344 5152,Freitas Alegre,BA,2025-02-13 13:19:13.242679
662,Dr. Ryan da Paz,murilogomes@bol.com.br,+55 41 6921 8239,Costela,TO,2024-06-16 11:21:22.822239
663,Pedro Miguel Peixoto,ana-livia76@bol.com.br,51 2066 5319,Caldeira,PR,2024-05-22 03:08:36.248003
664,Maria Julia da Luz,da-luzjoao-felipe@ig.com.br,+55 (011) 3209 8168,da Cunha,BA,2025-10-10 19:53:13.305248
665,Gabriel Alves,stephanycastro@uol.com.br,+55 (084) 6617 8620,Mendes da Praia,MG,2023-12-19 01:11:44.884635
666,Maria Eduarda Nunes,iviana@uol.com.br,(071) 0567 6298,Sales das Pedras,AM,2025-07-03 06:01:49.165009
667,Dr. Heitor Alves,umendes@gmail.com,(061) 4604-0213,Fogaça de Goiás,MG,2024-08-30 04:47:22.096930
668,Dr. Samuel Gomes,qteixeira@bol.com.br,51 0707 4377,Ramos do Oeste,AP,2025-02-03 18:46:54.155707
669,Luiz Gustavo Rocha,ana-clara00@ig.com.br,(061) 7095-9327,Moraes,AL,2025-05-12 12:50:48.186709
670,Samuel Correia,luanaviana@ig.com.br,+55 (051) 9974 6424,Cunha do Sul,PB,2024-08-23 02:26:15.167736
671,Dr. João da Paz,ccavalcanti@yahoo.com.br,+55 11 3936-8830,Duarte,GO,2024-04-24 03:09:03.576163
672,Beatriz Fernandes,ana-livia90@bol.com.br,+55 41 6568-9974,Caldeira,PE,2024-07-23 17:01:36.055472
673,João Felipe Cardoso,melissagoncalves@gmail.com,+55 (081) 4465-6420,Rocha de Farias,AM,2025-02-09 13:15:01.466474
674,Alexia Rodrigues,lucascorreia@yahoo.com.br,21 0779 0014,Almeida,PR,2024-10-18 09:46:55.674403
675,Joana Monteiro,joao-pedroazevedo@hotmail.com,+55 11 6704 5080,Lima de Dias,MA,2025-05-21 06:37:02.649440
676,Milena Melo,antoniocostela@gmail.com,+55 (051) 2445 2774,Campos do Galho,SC,2025-03-03 22:36:45.497151
677,Emanuelly Araújo,thiago23@yahoo.com.br,(081) 4995-0500,Campos de Goiás,PE,2025-04-08 09:31:06.014915
678,Alice Moreira,sda-paz@gmail.com,+55 (081) 4422 2365,Cardoso de Azevedo,ES,2024-01-16 20:28:56.917755
679,Srta. Bárbara Fernandes,mouravitor-hugo@uol.com.br,(011) 7527-4441,Freitas Verde,AM,2024-05-12 23:03:13.949860
680,Joaquim Mendes,sophie00@yahoo.com.br,71 1730 6676,Freitas,SC,2025-10-28 15:13:25.120061
681,Amanda da Paz,lalves@ig.com.br,+55 51 5865 9503,Melo do Norte,MG,2023-11-08 14:40:30.785603
682,Emanuella Araújo,camposlavinia@gmail.com,41 1361-6187,Lima de Goiás,AM,2025-07-25 19:39:17.329832
683,Marcelo Melo,bsouza@hotmail.com,+55 84 9236-2034,Lima da Prata,GO,2025-07-14 21:42:42.708928
684,Danilo Nascimento,rodrigomelo@bol.com.br,+55 (071) 3750-6580,Costa Alegre,AP,2025-10-30 03:45:36.776551
685,Srta. Clara Costela,bsales@yahoo.com.br,+55 (061) 0607 8872,da Mata da Mata,MG,2024-12-27 01:44:49.929722
686,Pietra Lopes,hpinto@gmail.com,81 0059-3578,Silva,PB,2025-02-12 05:00:12.707767
687,Enrico Castro,cauarocha@yahoo.com.br,+55 (011) 1838-8600,Souza,PA,2024-05-24 03:01:16.617815
688,Erick Araújo,da-rochagustavo-henrique@hotmail.com,51 1379 6533,da Costa de Fernandes,AM,2024-08-14 09:08:31.596849
689,Catarina Martins,araujoenzo@ig.com.br,41 3242 5119,Vieira de Minas,PE,2024-08-03 14:23:04.980361
690,Dr. Breno Nogueira,scampos@ig.com.br,+55 51 8734 1262,Moraes,AM,2025-08-11 06:33:49.289465
691,Lucas Gabriel Pinto,teixeiraleandro@yahoo.com.br,+55 11 1232-3113,Barbosa de Costa,SE,2024-07-14 18:56:09.837018
692,Kamilly Costa,davi-lucas33@yahoo.com.br,+55 (051) 7738-1883,Nunes dos Dourados,DF,2025-06-26 12:30:18.740884
693,Cecília Silva,nicolas43@uol.com.br,61 1416 9637,da Mota,RS,2024-02-04 13:03:20.079385
694,Dr. Renan Farias,odas-neves@ig.com.br,+55 (051) 4359 6334,da Conceição de Araújo,AP,2025-04-23 08:59:09.975386
695,Gustavo Moraes,scunha@uol.com.br,+55 (081) 3825 8636,Melo,AC,2024-04-16 08:29:25.077446
696,Sra. Brenda Fernandes,marina27@gmail.com,61 3670-7649,Almeida Paulista,GO,2025-01-14 00:10:49.598053
697,Dr. Anthony Rezende,mariana58@bol.com.br,0900 602 3556,Fogaça Alegre,MS,2024-09-10 10:15:43.582888
698,Nathan Gonçalves,luiz-henriquecavalcanti@gmail.com,+55 (081) 4796 2654,da Rocha do Amparo,PB,2025-04-01 15:39:04.961176
699,Rodrigo Ribeiro,luizacosta@uol.com.br,+55 81 6766 4313,Porto,AP,2025-03-21 03:39:01.303111
700,Ana Luiza da Mata,da-rochabianca@gmail.com,0300-592-5710,Moreira,AP,2024-03-10 02:18:45.290055
701,Benício Carvalho,nathan60@hotmail.com,(011) 1762-6324,Santos,ES,2024-10-17 23:03:10.240983
702,Joaquim Correia,nogueiramariana@ig.com.br,+55 (081) 2218-1476,da Paz,ES,2024-01-04 20:50:11.718477
703,Thomas Gonçalves,ana-livia91@hotmail.com,+55 (081) 3695 0233,Moraes de Cardoso,MT,2024-04-15 22:11:12.413836
704,Sr. Daniel da Rosa,luiz-miguel77@yahoo.com.br,(081) 1031-3545,Nascimento de Jesus,TO,2025-04-04 08:00:01.244978
705,Isaac da Mota,igor64@ig.com.br,0900-896-3872,Pinto do Norte,RJ,2025-09-29 11:05:02.437040
706,Arthur da Rocha,ninateixeira@yahoo.com.br,61 7906 5962,Dias,TO,2025-05-16 04:24:48.545399
707,Pietro Nogueira,kamilly55@uol.com.br,(051) 2831 8168,Castro de Minas,SC,2023-12-31 19:11:28.071045
708,Júlia Silva,yuri82@ig.com.br,+55 41 6685 7692,Barros de Goiás,BA,2024-08-10 12:18:25.172497
709,Kaique Rezende,ylima@bol.com.br,(011) 8989 2291,Souza,ES,2025-02-20 22:34:58.078977
710,Arthur Rodrigues,ucosta@yahoo.com.br,(071) 4136-1137,Rocha,PI,2025-05-25 03:48:21.697391
711,Brenda da Rosa,alexia22@hotmail.com,+55 81 2194 0689,Mendes,AP,2024-09-26 09:06:17.084690
712,Matheus da Luz,almeidamaria-julia@hotmail.com,+55 (071) 1233-3419,Vieira,RR,2024-09-06 01:30:13.154668
713,Diogo Aragão,eduardadias@gmail.com,+55 31 4504 8628,Santos das Pedras,GO,2025-01-18 03:50:59.986302
714,Sra. Lorena Ramos,heitor31@hotmail.com,+55 84 9276-1750,Campos,RJ,2025-02-18 16:44:57.528839
715,Isabella Barros,vianalais@gmail.com,+55 (011) 8793 4581,Mendes da Serra,BA,2025-07-18 13:56:27.959974
716,Rebeca Oliveira,azevedotheo@gmail.com,+55 (031) 6341-7109,Porto,ES,2023-11-25 02:53:05.216016
717,Ana Carolina Freitas,araujoian@bol.com.br,+55 (061) 8805 9002,Rodrigues Paulista,MS,2025-02-17 07:49:21.952662
718,Dra. Ana Vitória Cardoso,cavalcantipietra@bol.com.br,(071) 7793-1467,Azevedo,RJ,2024-05-28 17:47:40.593267
719,Ana Clara Lopes,teixeirabryan@ig.com.br,(084) 4457 3345,Moura,PI,2025-03-23 01:10:26.243902
720,Enzo da Rocha,da-rosajoaquim@bol.com.br,0900-656-3664,da Mata,MG,2024-04-22 06:39:45.158038
721,Joana Gonçalves,wmonteiro@gmail.com,+55 21 8511-5850,Rodrigues,RO,2025-01-13 12:56:16.092258
722,Diogo Nascimento,qnogueira@yahoo.com.br,+55 (061) 8536 5725,Novaes,PB,2025-07-09 11:29:11.136715
723,Noah Ramos,alicia08@yahoo.com.br,0300 037 2129,Costela Grande,MG,2025-02-11 01:26:46.013014
724,Daniel Pinto,samuel33@yahoo.com.br,+55 (021) 7489 1132,Jesus,ES,2025-07-09 20:39:41.202326
725,Luiz Fernando Oliveira,luiz-fernando53@hotmail.com,21 4645-1386,Santos da Mata,PI,2024-08-27 12:23:52.874243
726,Sra. Ana Beatriz Moraes,luiz-miguel25@gmail.com,(041) 9301 6202,Barbosa do Norte,DF,2025-07-17 05:04:11.181025
727,Dra. Bianca Barros,kribeiro@hotmail.com,+55 51 7362 5956,Monteiro,RN,2025-09-10 23:25:33.148035
728,Valentina Gomes,leonardo38@ig.com.br,0500-138-0437,Nogueira,ES,2025-06-02 11:37:39.325448
729,Natália Alves,isadoracostela@hotmail.com,81 4194-8616,Duarte dos Dourados,MA,2024-10-23 13:18:51.342024
730,Sra. Isadora Moraes,lucas-gabrielda-mata@yahoo.com.br,(011) 3633 2834,Nunes,TO,2024-08-03 16:51:02.892952
731,Ana Clara Ramos,danilopinto@bol.com.br,31 9189 9047,da Mata do Oeste,PR,2025-06-16 02:27:07.384650
732,Sra. Sophia Carvalho,pfreitas@bol.com.br,11 8819-8700,Lima das Flores,MS,2024-03-12 18:28:10.914802
733,Maria Cecília Teixeira,alice51@bol.com.br,+55 21 7277 5704,Barbosa,SC,2025-01-10 21:37:02.240527
734,Felipe da Costa,gomespedro-miguel@uol.com.br,+55 84 6534-9862,Campos do Galho,MS,2024-03-20 20:28:22.084391
735,Sr. Luiz Fernando da Costa,davi-lucas54@bol.com.br,+55 51 7518 3507,Novaes,MT,2024-06-08 22:18:15.740929
736,Luiz Felipe da Paz,vitor-gabrieljesus@uol.com.br,+55 21 8414 5285,Aragão de Goiás,SE,2025-05-11 17:16:15.340938
737,Alexia Pinto,vinicius26@bol.com.br,+55 71 4711 3775,Silveira,PI,2024-08-27 01:19:39.853710
738,Raul Fernandes,pietroda-luz@yahoo.com.br,(051) 3860-3152,Fernandes do Oeste,DF,2024-02-25 09:19:45.925782
739,Luna da Rosa,wduarte@gmail.com,41 8337-4767,Freitas Verde,GO,2024-01-16 15:58:01.244113
740,Ian Melo,juliada-conceicao@gmail.com,+55 51 1650 2829,da Mota de da Conceição,BA,2023-12-16 02:29:31.219823
741,Maria Clara Duarte,lopeskaique@bol.com.br,(041) 2181 8593,Gonçalves Grande,GO,2024-08-22 09:55:50.356183
742,Sarah Alves,rodrigosouza@uol.com.br,(061) 0691-2524,Rezende,RR,2024-12-21 19:03:03.965951
743,Samuel Gonçalves,vitor-gabrielda-mota@bol.com.br,(081) 9050 6038,da Mata da Serra,RR,2024-05-29 07:00:26.450857
744,Ana Júlia Lima,portoluiz-fernando@uol.com.br,61 6502 0929,Melo,ES,2025-06-16 19:08:27.175112
745,Mariana Pinto,maria-clara83@hotmail.com,+55 (084) 6407 2727,Moraes do Galho,SE,2025-05-17 04:29:40.900639
746,Francisco Peixoto,walves@bol.com.br,+55 11 4710 7583,Barros,SC,2025-05-16 10:11:48.607691
747,Francisco Cardoso,xcunha@hotmail.com,0500 057 6921,Barbosa da Praia,SP,2025-10-08 09:08:33.755630
748,Carlos Eduardo Ribeiro,ana-clara27@ig.com.br,11 6988 6737,Nunes,PR,2025-02-09 12:13:11.337548
749,Emanuella Dias,nogueiraaugusto@gmail.com,(084) 5708-6749,Vieira,SE,2025-04-21 16:47:53.022846
750,Emanuella Nascimento,stephany35@yahoo.com.br,+55 11 4972-3338,da Mota,GO,2024-02-06 18:24:28.347537
751,Eloah Fernandes,dda-cunha@gmail.com,+55 (051) 8280 6682,Cavalcanti Verde,MS,2024-10-21 15:24:49.827818
752,Pedro Dias,marina23@hotmail.com,(081) 4059-5507,Nogueira,SE,2025-03-03 20:00:36.351882
753,João Guilherme Barbosa,sofianovaes@bol.com.br,+55 (071) 7760 8862,Costela,SP,2024-07-22 23:02:17.789328
754,Amanda Novaes,danielanunes@uol.com.br,84 7797 2831,Sales,PB,2025-08-06 08:07:09.836159
755,Sra. Stella da Paz,carolina77@ig.com.br,+55 (071) 0934-6498,Gonçalves do Oeste,AP,2025-10-16 19:47:28.518219
756,Pedro Miguel da Paz,da-cruzjoao-guilherme@yahoo.com.br,(081) 3961-5351,da Cruz do Galho,PA,2025-04-29 06:26:40.480289
757,Giovanna da Costa,gustavo-henriqueoliveira@ig.com.br,(051) 7135 8433,Martins do Oeste,SP,2025-08-23 05:40:01.067613
758,Manuela Jesus,nicolas58@ig.com.br,+55 (061) 1270 2906,Rocha de Aragão,AL,2024-03-09 21:07:20.759296
759,Erick Silva,stellacastro@ig.com.br,81 2704 7009,Nogueira do Campo,RR,2024-11-23 16:08:31.134079
760,Dr. Benício Moreira,samuel19@yahoo.com.br,21 4453-8799,Moraes,AL,2025-05-28 18:46:34.853031
761,Heloísa das Neves,cunhastella@uol.com.br,+55 71 5747-6267,Pereira,MA,2024-11-18 01:53:28.324337
762,Otávio Azevedo,vitoria41@hotmail.com,+55 (061) 7024-5122,Nunes,SC,2024-08-06 01:44:06.177262
763,Amanda Silva,raulalmeida@yahoo.com.br,+55 (031) 6654 5400,Azevedo de Minas,CE,2023-11-25 19:59:27.679176
764,Emanuella Moreira,stellajesus@gmail.com,(071) 6092 5978,Carvalho,RO,2024-12-18 15:53:15.397213
765,Carlos Eduardo Novaes,mirella41@bol.com.br,+55 11 7451 4021,da Cruz,DF,2024-04-08 10:09:35.870998
766,Alexandre Pereira,krodrigues@hotmail.com,+55 (031) 5863 3243,Duarte,TO,2025-03-28 06:22:41.897924
767,Lívia da Rocha,vda-rocha@ig.com.br,+55 (051) 4732 4571,Gomes,SE,2024-11-14 21:17:46.449732
768,Calebe Gonçalves,diascamila@uol.com.br,0900-083-7938,Martins das Flores,RN,2025-03-14 04:02:02.719327
769,Otávio da Mota,pietranovaes@ig.com.br,+55 51 0197 3877,Moreira de da Luz,PR,2025-07-09 06:36:01.569088
770,Luiz Henrique Ferreira,luiz-felipevieira@uol.com.br,+55 (051) 2510 7110,da Cruz,PR,2025-06-08 02:52:28.345992
771,Marcela Mendes,julia56@ig.com.br,0900 818 1021,Nunes da Prata,SC,2025-05-11 07:09:12.769164
772,Luiz Fernando Ramos,emanuel30@ig.com.br,(021) 7413 7973,Ramos,SC,2025-06-20 17:27:25.105279
773,Maria Vitória da Mota,ana-beatrizcostela@gmail.com,(031) 2129-7374,Peixoto da Mata,GO,2025-03-25 20:30:34.792272
774,Lucca Farias,paulorezende@gmail.com,(061) 9014 4265,Barros,RJ,2025-01-31 06:08:07.526097
775,Giovanna Vieira,wfernandes@hotmail.com,(011) 4930-5469,Moura,PA,2024-05-22 16:29:39.728076
776,Davi Lucca Lima,ubarros@yahoo.com.br,21 6496 2099,Barbosa,TO,2024-07-04 18:47:45.331398
777,Mirella Silveira,rafaelsantos@gmail.com,+55 11 9227 9009,Alves de Barros,RO,2024-03-27 01:49:19.140144
778,Lucas Nascimento,freitasjoao-gabriel@gmail.com,+55 (071) 1487 1132,Duarte,RO,2025-10-20 22:04:43.551901
779,Vinicius Cardoso,qlopes@hotmail.com,+55 (084) 3100-8178,Rodrigues,PR,2024-09-20 07:40:34.988601
780,Maria Vitória Mendes,da-conceicaomaria-fernanda@yahoo.com.br,(031) 1367 2788,Almeida Grande,GO,2024-11-23 19:33:09.481484
781,Srta. Valentina da Cruz,martinssophie@hotmail.com,+55 21 5915 7781,Porto,TO,2025-02-16 12:47:56.067594
782,Nicole Araújo,luiz-henriquenascimento@gmail.com,0900 993 6053,da Cruz,MT,2025-03-13 23:42:45.398158
783,Bianca Rezende,davi79@bol.com.br,41 7947-5769,Monteiro dos Dourados,BA,2024-08-05 02:20:52.851746
784,Ryan Pinto,piresana-sophia@bol.com.br,(081) 9002-0324,Oliveira Verde,PE,2024-06-20 07:56:44.532680
785,Daniel Caldeira,brunocosta@bol.com.br,+55 11 8928 3104,Ribeiro do Norte,AP,2024-08-23 13:56:27.480360
786,Sarah da Mata,rezendeaugusto@bol.com.br,(021) 9125-7872,Nascimento da Serra,AM,2025-02-04 18:57:41.163550
787,Dra. Amanda da Cunha,heloisa71@uol.com.br,+55 (061) 4272-5171,Costela Paulista,MA,2024-09-07 09:30:02.217478
788,Mirella das Neves,caldeirarenan@uol.com.br,+55 84 1352 8801,da Cruz,AC,2024-07-09 11:30:41.974836
789,Ana Teixeira,rebeca55@gmail.com,31 7307-6187,da Mata,ES,2024-05-05 03:01:59.521131
790,Matheus Cardoso,da-rosatheo@hotmail.com,61 4657-7335,Freitas de Ramos,MS,2025-06-10 03:53:38.657212
791,Sr. Samuel Jesus,goncalvesvicente@uol.com.br,31 1497-3572,Carvalho de Souza,MS,2024-01-21 07:42:15.482902
792,Arthur Farias,rafaelribeiro@yahoo.com.br,+55 84 8108-4694,da Conceição,RJ,2024-11-07 19:39:50.694695
793,Cauê Ferreira,stephanyazevedo@uol.com.br,81 6637-5598,Gomes,CE,2024-04-04 05:51:04.989569
794,Sra. Natália Nascimento,da-motaemilly@hotmail.com,0900-535-0634,da Costa de Novaes,PR,2023-11-16 13:15:11.502609
795,Igor Martins,gabrielacostela@ig.com.br,+55 71 6575-6286,Moreira de Cavalcanti,SC,2024-01-25 05:47:03.721435
796,Pietro Nogueira,oliviamonteiro@uol.com.br,+55 (021) 5397-2417,Oliveira da Serra,AP,2024-07-11 16:42:02.970406
797,Ana Sophia Freitas,portovitor@bol.com.br,+55 81 7219-9661,Freitas,AP,2024-05-22 02:09:32.377219
798,Rafael Souza,breno41@uol.com.br,81 5183 8097,Souza de Rezende,SP,2025-06-06 02:04:57.751030
799,Enzo Gabriel Barros,da-matamaysa@hotmail.com,+55 (021) 8724 4184,Duarte Paulista,AC,2025-01-19 00:10:38.699559
800,João da Paz,heloisa15@gmail.com,+55 (071) 5163-0055,Duarte Alegre,PI,2025-11-01 08:23:01.430625
801,Sr. Luigi Peixoto,caio88@yahoo.com.br,+55 41 5883-5568,Martins,RJ,2025-05-05 05:16:31.185740
802,Daniela Costela,joao-vitor78@ig.com.br,+55 21 4121 6384,Barros,DF,2025-08-10 17:27:43.083678
803,João Miguel Cardoso,leonardo67@yahoo.com.br,51 0874 3745,Carvalho,PA,2024-02-15 16:58:28.131572
804,Gabrielly Cavalcanti,scaldeira@yahoo.com.br,+55 (084) 6959 6551,da Rocha dos Dourados,ES,2025-02-08 15:33:03.644926
805,Luiza Souza,xlopes@gmail.com,0800-922-7994,Viana Alegre,AC,2024-07-14 10:19:56.872018
806,Pedro Almeida,otaviocardoso@uol.com.br,+55 (011) 0382 1853,da Luz,PA,2025-03-09 19:38:38.619334
807,Maria Luiza Nascimento,wda-cruz@hotmail.com,+55 31 0537 5839,Santos das Pedras,AC,2024-02-09 12:07:35.126989
808,Luiz Miguel Correia,cda-paz@gmail.com,(051) 2984 3444,Novaes de Moura,PE,2024-10-09 22:12:02.185656
809,Luiz Henrique Duarte,zcarvalho@bol.com.br,+55 51 0090 9368,Peixoto,RJ,2025-09-27 18:53:48.704260
810,Danilo Viana,alicefogaca@gmail.com,81 5233 1305,Freitas,SC,2025-06-23 11:29:43.853853
811,Theo Novaes,ana-laura59@ig.com.br,+55 31 8218 0991,Sales da Serra,PE,2025-02-09 02:45:14.625730
812,Dr. João Felipe Pires,dda-luz@gmail.com,+55 (011) 7338-1152,Castro Alegre,DF,2023-12-15 05:54:08.314436
813,Raul Araújo,nogueiragabriel@uol.com.br,41 9270 2981,Sales de Carvalho,AL,2024-12-03 14:04:34.530809
814,Dr. Igor Dias,marcos-vinicius00@uol.com.br,+55 (021) 6882 1290,Ferreira,RJ,2025-07-16 16:38:57.741795
815,Francisco Pires,almeidaalicia@gmail.com,+55 51 9336 6783,Nunes,DF,2025-01-03 09:24:00.109726
816,Brenda Monteiro,monteirocecilia@hotmail.com,0500 815 7565,Duarte Alegre,MS,2024-01-22 13:49:13.561205
817,Vitória Ferreira,xrocha@bol.com.br,+55 (061) 6939 6210,Pereira,PE,2024-08-05 12:08:11.112379
818,Davi Luiz Lopes,zalves@gmail.com,0500-044-9886,Campos do Sul,CE,2024-04-12 01:58:52.417590
819,Vitória Vieira,yago62@ig.com.br,61 3801-8901,Correia,PA,2024-02-14 23:41:34.927277
820,Fernanda Costela,pfogaca@bol.com.br,+55 11 2014 9504,da Mota da Prata,PR,2025-01-07 06:12:08.497566
821,João Guilherme Azevedo,pirescecilia@yahoo.com.br,+55 84 4870 9566,Fogaça de Minas,PA,2025-10-02 10:18:49.154592
822,Caroline da Conceição,maria-sophiaaraujo@yahoo.com.br,+55 31 2966 8174,Viana,AP,2024-08-24 00:51:43.301370
823,Antônio Santos,isabellasouza@bol.com.br,+55 (081) 6836 6682,Teixeira,AM,2023-12-07 13:11:43.244500
824,Srta. Ana Clara Correia,kazevedo@gmail.com,(011) 4565 7735,Fernandes de Ramos,MA,2024-06-02 01:28:23.439316
825,Laís da Rocha,salesdavi-lucca@uol.com.br,+55 41 1704-3614,Nascimento do Amparo,AP,2025-07-25 12:15:09.393568
826,Augusto Nunes,maysaaraujo@gmail.com,+55 81 6083-1994,Teixeira das Flores,PI,2024-02-12 04:57:07.534775
827,Marcos Vinicius Castro,carvalhojoao-vitor@ig.com.br,+55 84 0157-0107,Freitas,SC,2024-11-02 00:25:24.380946
828,Sr. Davi Luiz Santos,elisa42@ig.com.br,(041) 4116 0982,Ramos,SE,2025-05-20 19:49:39.310489
829,Arthur Azevedo,joao-feliperocha@uol.com.br,21 2610 3839,Cardoso da Prata,RJ,2024-02-17 05:33:13.759163
830,Dr. Marcos Vinicius Moreira,mendesisadora@yahoo.com.br,(061) 4095 7640,Azevedo de Costela,SE,2025-09-26 01:25:25.875261
831,Dra. Natália Ferreira,mgomes@yahoo.com.br,(041) 7471-6468,Duarte,SP,2025-02-19 15:29:44.388791
832,Srta. Luna Farias,diogoaraujo@gmail.com,+55 (021) 8284-0747,Lima de Minas,PB,2023-11-12 00:57:12.096638
833,Otávio Almeida,gustavo-henrique99@uol.com.br,21 9344 3661,Pereira,AC,2025-01-16 05:19:13.150578
834,Ana Julia da Cruz,alanagomes@yahoo.com.br,0300 206 2646,Araújo de Minas,PI,2024-10-02 00:31:20.260221
835,Milena Viana,oliveiraenrico@bol.com.br,+55 (061) 7996-2720,Freitas,PB,2025-09-22 17:01:03.395892
836,Sophie Moreira,smartins@bol.com.br,+55 (021) 9765 5131,Moura das Flores,AM,2025-09-10 10:46:10.925249
837,João Carvalho,leticia11@uol.com.br,(061) 1487-3917,da Rosa do Campo,RN,2024-09-26 05:13:45.092805
838,Sr. Miguel das Neves,gabrielly26@yahoo.com.br,+55 (071) 1026-5045,Campos de Sales,MT,2025-10-11 09:41:41.814543
839,João Guilherme Silveira,lfogaca@bol.com.br,+55 84 8750-0719,Silva,SE,2023-12-11 07:34:20.458336
840,Dra. Sabrina da Paz,sazevedo@gmail.com,(011) 2933 7598,Caldeira,SP,2024-09-12 01:21:58.493487
841,Helena Dias,freitasevelyn@yahoo.com.br,+55 11 9396-9144,da Cruz,BA,2025-06-20 02:35:06.001762
842,Kevin Caldeira,peixotorodrigo@gmail.com,+55 (041) 5675-6041,Dias de Porto,RS,2024-03-03 12:44:01.696503
843,Otávio Fernandes,ana-beatriznogueira@yahoo.com.br,+55 71 8576 2102,Silva do Sul,ES,2025-04-01 10:34:56.156157
844,Dr. Marcos Vinicius Costela,caua69@bol.com.br,+55 (031) 0389-9351,Santos do Campo,PI,2025-10-02 13:59:52.286010
845,Heloísa Lima,bruna75@ig.com.br,(081) 4832-5448,Araújo da Mata,PR,2024-06-14 23:43:54.863384
846,Davi Lucas Mendes,barbosalais@uol.com.br,+55 61 5458-9466,Fernandes,SC,2024-01-14 00:02:45.287635
847,Davi Lucas Araújo,da-conceicaodavi-lucas@bol.com.br,(084) 8102-3783,Moura dos Dourados,RR,2024-11-22 02:17:32.787146
848,Pedro Rodrigues,teixeiragiovanna@hotmail.com,+55 (084) 7450 9748,Aragão,AM,2024-09-19 08:38:20.053573
849,Thales Martins,ramosgabriel@bol.com.br,71 2261-5121,Jesus,MS,2025-07-12 19:06:12.301758
850,Nathan da Luz,emanuella70@hotmail.com,(061) 4734 4907,Lopes do Campo,RR,2025-08-29 13:55:05.445217
851,Ana Beatriz Rodrigues,joao-pedro72@yahoo.com.br,+55 (011) 0167-0249,Dias da Prata,AP,2023-12-28 03:21:52.140761
852,Lívia da Mota,ipinto@gmail.com,0900-740-7040,Melo,SP,2024-11-11 05:25:32.775790
853,Dra. Clara Azevedo,ana-carolina51@uol.com.br,41 4985 4303,Ferreira,ES,2024-05-03 11:43:58.070822
854,Sr. Lucas Gabriel Farias,eda-cruz@gmail.com,(084) 9239 5311,Cunha da Mata,AC,2025-08-04 21:39:19.250884
855,Miguel Jesus,natalia82@hotmail.com,71 1327-9964,Ramos,GO,2025-06-06 21:12:55.894957
856,Gabriel Freitas,ycastro@bol.com.br,+55 81 2658 4761,Pereira de Goiás,AC,2024-07-02 10:52:47.777719
857,Lavínia Araújo,stephanyda-rocha@bol.com.br,(021) 9439 3163,da Mata do Norte,AL,2024-06-22 11:39:19.982054
858,Dra. Ana Julia Araújo,lrezende@ig.com.br,51 1291 4688,Pinto,SC,2024-08-26 08:15:31.453630
859,Heitor da Cruz,aragaodanilo@hotmail.com,0900 382 1117,Cardoso,RS,2024-04-30 21:23:11.588441
860,Srta. Ana Sophia Farias,emilly97@gmail.com,+55 (081) 3196 3561,Farias de Vieira,SE,2024-03-19 03:36:34.919775
861,Sr. Thiago Carvalho,gabriellycaldeira@hotmail.com,31 4183 3929,Gonçalves,MA,2025-04-01 22:15:50.246701
862,Ana Laura Caldeira,jporto@gmail.com,41 7976-4913,Ferreira de Rodrigues,PB,2025-08-21 05:22:30.940611
863,Dr. Vitor Hugo Cardoso,fnunes@bol.com.br,(061) 4455-4009,Pereira Grande,DF,2024-10-17 12:57:58.296105
864,Carolina Almeida,henriqueferreira@yahoo.com.br,51 6644 6206,da Rocha,BA,2024-09-25 09:41:16.767884
865,Isabelly da Paz,brenomartins@yahoo.com.br,+55 (081) 8889-2902,Rocha,RJ,2024-11-18 12:01:20.097160
866,Srta. Brenda da Rosa,sabrinacampos@uol.com.br,+55 41 9890-7216,Monteiro,MT,2023-11-23 12:02:13.710418
867,Milena Azevedo,vieiracaio@uol.com.br,21 6130-8445,Mendes,PB,2024-08-28 15:10:01.789557
868,Renan Moreira,heloisalopes@ig.com.br,+55 (051) 2188-2311,Farias Verde,RN,2023-11-22 07:27:08.927445
869,Maria Alice Aragão,danilo23@bol.com.br,+55 81 5550 0823,da Rosa do Campo,PR,2025-04-02 17:05:57.970133
870,Rafaela da Conceição,esther51@gmail.com,+55 61 1738-9931,Campos de Cavalcanti,PB,2024-07-29 02:42:11.340662
871,João Gabriel Rezende,joaquim11@bol.com.br,+55 21 1541 4271,Moreira do Galho,PR,2024-09-27 17:54:42.397501
872,Dr. Daniel da Rocha,luizada-mota@yahoo.com.br,+55 (011) 6655-4633,Nunes de Pires,RR,2025-07-05 18:36:38.957377
873,Gabriel Melo,davi-luccada-cunha@hotmail.com,84 8855 6059,Fernandes,RR,2024-09-18 09:31:55.029847
874,Alexandre Costa,castrojuliana@gmail.com,+55 (011) 5280 2042,Santos do Oeste,SP,2024-05-05 16:26:02.937651
875,Luiz Miguel da Mota,marcos-viniciusnovaes@hotmail.com,(021) 3006 8131,Mendes de Rezende,SC,2024-01-08 16:22:17.653704
876,Caroline Barbosa,nina30@yahoo.com.br,0300-870-4133,da Paz Alegre,ES,2025-09-29 21:30:51.881806
877,Ana Carolina Pereira,teixeiraclara@ig.com.br,51 5737 3238,Cunha,PA,2024-12-17 05:47:06.825276
878,Calebe Gomes,martinspaulo@bol.com.br,+55 21 5896 0684,Silveira de Ferreira,PI,2025-09-22 17:14:50.545606
879,Antônio Pires,dmoura@yahoo.com.br,+55 (011) 7655 8655,Barbosa,MS,2024-07-19 23:41:00.655780
880,Rafaela Carvalho,duarteyuri@gmail.com,(011) 4795-0756,Costa de da Paz,AM,2024-12-18 16:59:54.204596
881,Gabriel Dias,isantos@ig.com.br,+55 11 8807-4792,Barros,BA,2024-04-13 19:28:12.159191
882,Gustavo Cavalcanti,clarasilveira@ig.com.br,+55 21 9768 2018,Lima,RS,2024-07-12 19:38:43.771330
883,Dr. João Gabriel da Cunha,maysafarias@ig.com.br,61 8018 4997,da Cruz,AL,2025-07-23 22:44:09.683005
884,Alice Azevedo,leticiaribeiro@uol.com.br,84 4073 8512,Alves,SE,2024-03-20 01:35:54.514415
885,Stella Porto,anthonyda-rosa@hotmail.com,+55 (061) 7549 5154,Pereira de Pereira,CE,2024-08-10 09:10:10.080115
886,Isis Carvalho,davi99@gmail.com,+55 (081) 7191-2694,Vieira Verde,AM,2024-07-18 21:22:49.853247
887,Nathan Jesus,leticiasantos@gmail.com,+55 (084) 0712-7176,Lopes de Fernandes,GO,2025-09-22 02:39:30.104159
888,Brenda Silva,igor57@bol.com.br,+55 81 8242 8870,da Mota,ES,2024-07-04 10:49:00.860843
889,Maria Alice Fogaça,gomeslucca@ig.com.br,0800-675-4794,da Paz das Pedras,AP,2024-01-26 17:35:54.517032
890,Lorenzo Pinto,benicio87@uol.com.br,+55 (061) 2319-5256,Rocha,TO,2025-09-16 20:36:41.745467
891,Juliana Nascimento,bernardomendes@ig.com.br,61 0505-4379,Cavalcanti do Oeste,RS,2025-08-15 13:29:06.229603
892,Cauê Cunha,pintocarolina@hotmail.com,+55 (041) 1964 0935,da Luz de Costela,TO,2025-03-31 16:49:41.590197
893,Heloísa Mendes,almeidamaria-clara@ig.com.br,61 9224 0649,Souza,SE,2025-02-10 19:22:57.880341
894,Carlos Eduardo Monteiro,palmeida@bol.com.br,41 7636-2659,Dias de Ramos,AP,2024-09-12 01:54:05.919903
895,João Gabriel Jesus,isaac37@yahoo.com.br,71 3199-3314,Vieira Grande,ES,2025-06-26 02:39:32.484402
896,Leandro Silva,mouraheitor@ig.com.br,+55 (084) 3524 6196,Ramos da Praia,PA,2025-10-05 13:23:31.906281
897,Sr. Enrico Caldeira,fernandescaua@uol.com.br,11 4597-2391,Pinto,GO,2024-01-17 13:31:52.833321
898,Pedro Henrique Pereira,joaquimcorreia@gmail.com,+55 (051) 4749 7935,Rocha do Norte,PE,2024-10-14 13:01:22.569340
899,João Felipe Rodrigues,sophiagomes@gmail.com,+55 (084) 8377-2561,Nascimento da Serra,TO,2024-03-15 13:06:11.698259
900,Vinicius Souza,thomasrodrigues@uol.com.br,+55 81 6871 7352,da Cunha,ES,2025-05-07 20:22:10.726781
901,Sra. Julia Fogaça,jsilva@uol.com.br,0500 731 1046,das Neves,AL,2025-01-21 04:03:23.310880
902,Srta. Agatha Lopes,nicolas28@bol.com.br,31 0451 6623,Ribeiro Verde,PB,2024-05-19 11:31:52.763290
903,Amanda Campos,isabella97@uol.com.br,+55 (011) 0781-4424,da Cunha,PB,2024-12-04 17:01:30.447194
904,Catarina da Mota,bda-cunha@yahoo.com.br,11 2931 2670,Monteiro,MT,2024-01-26 01:30:40.140564
905,Sra. Pietra Martins,helenapinto@hotmail.com,31 7788 2046,Mendes,RO,2024-02-21 04:19:49.038706
906,Ana Lívia Novaes,ocarvalho@uol.com.br,+55 11 7001 9875,Moraes de Moraes,RN,2024-11-22 08:28:09.138427
907,Sofia Cardoso,ppinto@bol.com.br,+55 (051) 2484 2238,Souza,SE,2024-07-01 01:48:25.668116
908,Fernanda Rodrigues,halves@hotmail.com,84 4870 4425,Peixoto,PB,2025-05-15 14:40:26.444372
909,Sabrina Ramos,asales@ig.com.br,+55 84 6014 3169,da Rosa,AL,2024-07-26 11:15:30.963788
910,Thomas Moreira,giovannasales@uol.com.br,+55 41 1741-4261,Teixeira,RN,2024-05-02 20:23:03.529284
911,Letícia Peixoto,dmartins@gmail.com,0900-005-5328,Santos,RO,2025-03-30 10:57:59.374438
912,Isabella Melo,laissouza@bol.com.br,71 3120-1718,da Cunha de Barbosa,BA,2024-05-17 22:16:03.386757
913,Thiago Mendes,franciscoporto@yahoo.com.br,+55 21 5935 6586,Teixeira do Oeste,MT,2025-02-21 19:18:19.713174
914,Ana Vitória Nogueira,almeidaisadora@ig.com.br,+55 61 6313-9646,Costela,PB,2023-12-11 11:43:33.258844
915,Maria Sophia Vieira,davi58@uol.com.br,(084) 8623 8248,Pereira da Mata,CE,2025-07-13 21:01:18.374179
916,Stephany da Paz,luiz-otavio99@gmail.com,61 1687 9174,Ferreira do Oeste,MA,2024-05-07 07:48:21.370134
917,Miguel Gomes,noahpereira@hotmail.com,+55 (041) 5812-7975,Costa Alegre,BA,2025-08-17 02:42:24.096551
918,Dr. Arthur Nunes,zdias@yahoo.com.br,11 8156 5613,Castro de da Paz,SE,2024-01-17 18:54:05.607879
919,Sr. Pedro Henrique Campos,marina76@gmail.com,(041) 5433-7844,Freitas,MS,2025-04-30 23:02:48.878951
920,Laura Lima,camilacardoso@ig.com.br,+55 31 9711-9004,Aragão de Goiás,MA,2025-08-02 05:15:49.335724
921,Raul Cardoso,pedro-henrique89@bol.com.br,+55 11 0723 5799,Azevedo,SE,2024-07-21 23:18:58.351283
922,Alana Moreira,aragaoisabel@bol.com.br,81 5463-3950,da Costa,SP,2024-11-17 05:05:47.430481
923,Diogo Nunes,mribeiro@yahoo.com.br,(081) 5126-7661,Ferreira,SE,2025-07-27 07:38:18.661519
924,Enrico Lopes,jaraujo@yahoo.com.br,+55 71 7127-2867,Fernandes,RR,2025-10-14 19:37:54.418635
925,Marcos Vinicius da Paz,diasisabel@gmail.com,0300 846 5737,Gomes,SC,2025-10-26 14:56:14.348630
926,Kamilly Vieira,raqueljesus@uol.com.br,31 7406-3899,Fernandes,MT,2024-01-31 23:58:34.038944
927,Bianca Carvalho,xbarbosa@hotmail.com,31 8566 3587,Souza de Nunes,GO,2025-10-02 08:17:09.448365
928,Nina Moraes,piresbianca@bol.com.br,84 1435-7126,Nunes de Mendes,PR,2025-08-23 08:24:22.864832
929,Cauê Ramos,rafaela34@hotmail.com,+55 (041) 0173 5299,Peixoto da Praia,PR,2024-04-03 21:33:00.215341
930,Melissa Silveira,joao-felipepeixoto@bol.com.br,(021) 6716 4765,Souza Alegre,SP,2024-02-04 09:14:04.356325
931,Luiz Henrique Fogaça,halves@hotmail.com,21 3823 7251,Ramos,CE,2025-02-21 02:35:20.358140
932,Juan Novaes,vieirajoao-miguel@gmail.com,+55 21 0308-5709,Monteiro do Norte,PB,2025-10-02 04:42:19.185618
933,Sr. Leandro Freitas,agathamonteiro@uol.com.br,(084) 2851-6056,da Cunha Paulista,AL,2024-03-06 13:15:42.998328
934,Heitor Monteiro,nascimentoemanuelly@uol.com.br,+55 (031) 4306 6631,Souza,CE,2024-05-31 19:20:23.163010
935,Letícia Fernandes,catarina78@ig.com.br,(021) 1209 5120,Porto,GO,2024-11-15 00:09:13.350073
936,Dr. Pedro Nascimento,bernardoda-cunha@yahoo.com.br,+55 (051) 0898-3068,Nunes,RO,2024-11-01 14:13:20.398016
937,Vitor Correia,silvayuri@yahoo.com.br,0500 203 3674,Moura de Rocha,PR,2024-09-26 22:44:12.214822
938,João Miguel Lima,heitorda-rosa@gmail.com,+55 (041) 3846-4234,Moura,PE,2023-12-01 21:41:50.976304
939,Sarah Santos,aragaolavinia@ig.com.br,+55 (031) 0240 8992,Costela,DF,2024-06-04 03:10:23.668404
940,Luana da Costa,joaquimcorreia@uol.com.br,(051) 4211 4559,Rezende do Sul,RJ,2024-02-02 11:15:57.781085
941,Rafaela Monteiro,aporto@ig.com.br,21 5094 7528,Jesus,PI,2024-03-15 18:34:29.269810
942,Enzo Gabriel Gomes,pcampos@yahoo.com.br,0300-882-3796,Campos,ES,2024-09-06 04:58:30.807026
943,Diogo Duarte,marcelalopes@gmail.com,+55 31 2836-3062,Nascimento,CE,2024-06-02 22:37:28.725502
944,Agatha Fogaça,maria-alicecorreia@hotmail.com,(061) 4785 6779,da Mota,PI,2025-07-06 05:19:14.837926
945,Clara da Rocha,ana-clararamos@bol.com.br,+55 (011) 4291 9963,Costela do Campo,ES,2025-10-13 15:21:57.119560
946,Dr. Nicolas da Cruz,yda-rocha@yahoo.com.br,(081) 8863 7534,Cardoso,BA,2024-06-08 08:44:24.893484
947,Lucca Pinto,camposenzo-gabriel@uol.com.br,0500-212-4252,Sales Paulista,RO,2025-09-06 04:34:31.707419
948,Dr. Benjamin Cunha,ycampos@yahoo.com.br,(021) 6313-0912,Nunes,AM,2024-09-06 10:11:25.386787
949,Maria Alice Silva,julia80@ig.com.br,84 9707 6493,Fernandes do Sul,MS,2025-05-05 11:37:24.170787
950,Ana Carolina Monteiro,theo55@hotmail.com,+55 84 0649 2033,Rocha Alegre,SP,2025-09-05 18:05:58.759456
951,Calebe Ribeiro,ucampos@uol.com.br,+55 (011) 3788-6042,da Mata das Flores,RN,2023-12-12 20:45:01.202786
952,João Lucas Ribeiro,daniela82@bol.com.br,(021) 8720-8983,Dias,PI,2025-08-02 10:19:41.416874
953,Mirella Fogaça,tramos@gmail.com,41 5589 3205,Carvalho da Serra,AM,2025-04-13 08:09:39.256957
954,Maria Eduarda Rezende,gabrielly63@bol.com.br,+55 (041) 6840 3667,Barros da Praia,MA,2025-08-21 14:27:06.076559
955,Caroline Gomes,ana-sophiateixeira@gmail.com,(021) 6315 2762,Correia,DF,2024-12-02 09:06:25.080264
956,Paulo Souza,xcarvalho@yahoo.com.br,0800-938-4682,Freitas do Amparo,GO,2025-06-04 20:11:31.734583
957,Emilly Barros,das-nevesclara@bol.com.br,+55 (041) 9798-7552,Novaes Grande,TO,2024-06-01 03:19:34.097752
958,Emanuelly Almeida,joaquim01@gmail.com,51 6532 3653,Cardoso,SC,2024-07-29 11:40:08.773571
959,Melissa Rodrigues,gustavo-henrique21@hotmail.com,0500-028-3259,Barbosa da Praia,CE,2025-04-08 12:29:43.441775
960,Breno das Neves,sarah09@gmail.com,+55 (031) 0199-4477,Martins das Flores,AL,2024-12-12 13:09:42.096175
961,Levi Viana,nataliasantos@gmail.com,0800-145-1753,Rocha,RN,2024-07-19 10:10:02.297199
962,Lucas Nascimento,silvajoana@hotmail.com,61 5426 1225,Sales do Campo,SE,2024-01-27 16:34:14.753191
963,Thales Barros,erick23@bol.com.br,+55 41 3068 0035,Pinto de Freitas,MA,2025-09-01 07:43:30.068567
964,Srta. Ana Lívia Monteiro,manuelamelo@yahoo.com.br,81 5371-4177,Cardoso da Prata,RN,2024-04-14 21:38:35.225102
965,Sr. Davi Vieira,juanda-rosa@bol.com.br,+55 (051) 3788-8453,Melo,RO,2024-04-01 21:56:21.944231
966,Henrique Ferreira,lucca77@yahoo.com.br,21 5025 5724,da Paz,ES,2024-02-14 09:52:26.647727
967,Srta. Maria Melo,kevin33@hotmail.com,11 8928-0591,Jesus,MA,2025-11-02 15:04:34.990441
968,Sophia Nascimento,maria-juliamoraes@gmail.com,81 5005 2376,da Mata,MA,2024-06-20 13:10:44.413575
969,Carlos Eduardo Teixeira,fmoraes@gmail.com,0300 041 0882,Correia,RN,2023-11-24 11:35:36.073498
970,Lucas Gabriel da Paz,xgoncalves@uol.com.br,+55 (041) 3368-0479,Lima,PI,2025-01-17 19:59:32.477523
971,Marcela da Luz,alice84@yahoo.com.br,(084) 3434-7472,Peixoto,RR,2023-11-17 02:14:38.844128
972,Diego da Luz,joao-pedro53@hotmail.com,0800-915-7807,Pereira,AC,2024-03-27 07:13:22.081269
973,Maitê Nunes,tda-luz@ig.com.br,84 8206 7452,Novaes,TO,2025-04-25 14:07:00.143728
974,Isabelly Cardoso,nlopes@hotmail.com,+55 (021) 0787 8855,Melo,SP,2025-10-16 02:57:19.786123
975,Amanda Gonçalves,meloisabel@yahoo.com.br,+55 (081) 1046 9775,Cavalcanti,AM,2023-12-24 10:33:22.530052
976,Brenda da Cunha,wpinto@ig.com.br,+55 61 0741 4211,da Conceição do Norte,PA,2024-01-28 18:12:12.088116
977,Sr. Cauê Teixeira,ninalima@ig.com.br,+55 81 5566-1462,Duarte da Serra,MT,2023-11-14 19:58:46.482051
978,Srta. Daniela Martins,fariasanthony@yahoo.com.br,+55 (021) 0505 2295,Caldeira,RR,2025-07-04 06:18:40.088454
979,Elisa da Mata,cavalcantibenicio@gmail.com,(031) 8837-9683,da Paz,ES,2025-08-03 11:49:35.314070
980,Sr. Murilo da Paz,gabrielly47@ig.com.br,+55 21 6185 3715,Fogaça,MT,2024-01-27 01:16:41.420145
981,Sabrina da Cruz,gda-cruz@ig.com.br,81 8128 3175,da Costa Paulista,PA,2024-10-04 14:17:35.817007
982,Cauã Duarte,joao-vitorribeiro@bol.com.br,+55 84 3570 2685,Araújo,TO,2024-11-25 19:44:05.156101
983,Samuel Cavalcanti,livia88@bol.com.br,+55 (041) 9238-7951,Santos,SP,2024-03-30 11:25:00.549133
984,Dr. Arthur Cunha,larissamoreira@yahoo.com.br,0800 969 3404,das Neves do Campo,MT,2023-12-05 04:59:05.715877
985,Joaquim Peixoto,fpeixoto@uol.com.br,+55 (021) 0233-4959,Costa,BA,2025-08-17 22:35:38.817498
986,Gustavo Henrique Porto,gustavosales@gmail.com,(051) 0280 9617,Barros,RS,2024-01-13 22:50:05.190884
987,Julia Cardoso,rafaelagoncalves@ig.com.br,61 9968 9353,Oliveira de Melo,PA,2025-01-24 15:41:57.213408
988,Lucca Costela,yasmin71@yahoo.com.br,+55 21 9665-3820,Barbosa,MS,2024-09-11 14:07:57.413323
989,Sr. Thiago da Rocha,fariasagatha@bol.com.br,+55 84 6958 0502,Santos de Cardoso,AP,2023-12-30 22:52:44.947652
990,Ian Martins,yasmin50@hotmail.com,11 5154-5552,Novaes,RN,2024-09-20 20:50:01.253363
991,Heloísa da Rosa,davi-luiznunes@gmail.com,31 7238-6157,Farias Alegre,MG,2024-04-14 01:21:19.227047
992,Sra. Bruna da Conceição,clara41@yahoo.com.br,+55 31 3570-0785,Cardoso,RN,2024-06-22 17:04:09.644960
993,Samuel Gonçalves,maria-claraporto@bol.com.br,+55 84 3906 5401,Vieira,SE,2025-09-19 23:44:24.098227
994,Srta. Ana Clara Nunes,hmonteiro@ig.com.br,+55 71 0382 8624,da Rocha,PB,2024-03-04 16:43:18.805292
995,Vicente Gonçalves,thiagoteixeira@bol.com.br,+55 81 7148 2597,Caldeira,CE,2024-02-12 06:48:37.950486
996,Antônio Martins,laura53@yahoo.com.br,61 7455 3229,Barros,SP,2024-02-23 05:15:43.772941
997,Amanda Lopes,noah60@bol.com.br,+55 11 4914 0771,da Paz,PR,2024-10-05 20:27:07.749445
998,Samuel Barros,oda-mota@bol.com.br,31 4006-0081,Gomes,SE,2024-04-04 01:55:06.945895
999,Gabriel da Luz,joao-vitorda-cunha@yahoo.com.br,+55 (081) 3305 6912,Porto das Pedras,CE,2023-11-30 08:14:00.831870
1000,Kevin Lima,raulferreira@bol.com.br,0500 189 0897,Cardoso da Prata,AM,2023-11-23 10:16:04.380025
