id,cliente_id,produto_id,quantidade,data_venda,valor_total
1,563,310,5,2025-11-04 20:36:30.438334,84.0
2,500,338,3,2025-10-22 11:47:25.588439,939.84
3,827,179,2,2025-10-31 14:30:34.274369,82.16
4,740,116,9,2025-09-21 01:03:42.439127,1521.54
5,647,157,7,2025-09-07 09:38:07.299555,190.75
6,234,460,8,2025-06-06 07:46:39.408303,2415.36
7,81,238,5,2025-01-28 17:59:31.227453,1838.85
8,61,207,7,2024-12-27 06:27:44.548412,1615.53
9,561,27,7,2025-03-08 14:23:00.286232,3416.35
10,676,247,7,2025-02-02 01:22:57.782351,2254.28
11,877,458,2,2024-11-28 02:58:13.556253,26.68
12,991,251,9,2025-02-14 01:58:45.617972,198.54
13,495,156,5,2025-10-31 23:35:07.403089,51.1
14,614,54,7,2025-03-18 21:04:06.298373,1443.68
15,315,227,5,2025-03-16 20:35:31.294673,1926.6
16,408,257,6,2025-05-17 10:53:20.593073,2672.64
17,986,480,9,2025-10-05 15:05:47.550536,1095.12
18,222,305,2,2025-06-28 21:40:36.193802,739.76
19,514,212,9,2025-10-17 01:36:35.893716,2467.53
20,518,230,9,2025-09-21 10:09:13.939299,1983.96
21,564,149,1,2025-01-05 00:57:17.667120,155.5
22,200,317,7,2024-12-04 07:14:44.321716,3011.89
23,671,462,3,2025-09-04 22:17:19.657182,1375.14
24,249,220,3,2025-06-27 13:02:58.864809,578.34
25,587,234,7,2025-07-11 15:44:57.282599,572.74
26,193,94,5,2025-06-21 05:27:10.777656,868.05
27,123,223,9,2025-06-15 06:36:12.529103,226.26
28,310,26,1,2025-05-10 11:27:06.130710,41.98
29,872,471,3,2025-02-08 02:05:38.998150,875.25
30,137,488,1,2025-07-17 19:52:43.702895,89.65
31,683,390,7,2025-05-05 05:40:00.267061,3006.85
32,88,67,3,2025-09-09 01:21:24.459967,1126.92
33,483,379,6,2025-04-01 18:40:36.963576,2509.32
34,701,349,7,2025-01-18 18:58:56.712897,2534.98
35,17,421,5,2025-09-05 22:55:06.080626,745.15
36,713,428,4,2025-05-22 09:02:43.455666,742.76
37,630,131,5,2025-09-24 16:35:05.110101,651.55
38,107,181,2,2025-10-24 00:14:02.358829,115.68
39,830,359,1,2025-05-10 17:15:44.243937,42.28
40,251,236,3,2025-05-21 01:50:25.540989,329.91
41,373,113,7,2025-08-31 10:31:52.263075,1437.87
42,46,166,1,2025-07-12 05:22:39.785893,215.88
43,529,475,9,2024-12-18 09:48:40.224333,2437.11
44,930,239,8,2025-01-09 21:50:32.356470,280.0
45,337,446,8,2025-07-12 23:19:27.421690,1114.24
46,678,343,7,2025-04-09 05:39:52.489079,2312.66
47,846,269,1,2025-06-12 03:48:40.690200,400.84
48,255,401,5,2025-09-25 23:12:58.564886,1789.65
49,713,241,1,2025-07-12 15:31:52.934465,390.03
50,499,500,4,2025-05-17 04:47:46.685637,1048.72
51,399,157,5,2025-03-27 06:24:32.886302,136.25
52,456,346,5,2024-11-19 01:33:32.665114,545.85
53,687,220,3,2025-05-15 02:25:07.158879,578.34
54,556,126,1,2025-01-15 06:22:48.503843,407.08
55,146,102,1,2025-07-25 14:49:15.453801,43.14
56,323,40,6,2025-08-01 11:24:25.914542,2135.82
57,607,317,4,2025-03-12 16:18:02.403157,1721.08
58,952,321,1,2024-12-06 20:49:58.275913,340.08
59,798,18,7,2025-05-26 07:20:29.879467,1642.34
60,394,238,3,2025-07-29 21:08:16.071447,1103.31
61,671,412,9,2025-02-03 11:01:13.742694,4250.16
62,873,264,4,2025-10-23 04:02:45.399249,1498.72
63,33,360,9,2025-11-03 00:35:45.320617,3404.34
64,301,240,8,2025-03-22 06:04:07.237214,2553.12
65,187,365,9,2024-11-25 03:32:22.454908,1708.29
66,91,86,2,2025-04-05 17:44:24.148521,405.74
67,658,467,8,2024-11-16 08:12:30.586130,446.72
68,708,160,5,2024-12-03 01:01:38.225273,2477.05
69,581,436,9,2025-08-13 00:03:52.039603,2340.81
70,531,120,6,2025-04-11 22:10:25.132618,83.7
71,664,402,7,2025-07-25 15:31:50.576360,240.8
72,791,123,8,2025-03-03 21:42:38.188020,1871.2
73,383,53,5,2024-12-14 11:24:03.256901,82.8
74,119,459,3,2025-03-15 01:56:12.439662,800.49
75,518,270,5,2024-11-29 11:08:15.091548,545.25
76,968,224,6,2025-04-25 07:07:51.871318,2996.7
77,360,125,3,2025-04-15 11:49:59.319047,655.44
78,456,157,7,2025-09-06 01:18:56.005720,190.75
79,133,477,7,2024-11-22 23:47:55.376818,2551.22
80,838,495,3,2025-09-10 11:38:49.263083,204.51
81,259,233,1,2025-06-19 15:58:28.055643,210.87
82,515,166,3,2025-01-04 15:01:34.744640,647.64
83,332,92,7,2025-05-25 03:00:39.344770,166.18
84,173,316,2,2025-01-02 22:44:03.441014,709.42
85,568,82,5,2025-07-04 20:15:58.200284,2426.35
86,485,56,4,2025-09-18 10:14:57.770338,1739.28
87,966,61,4,2025-08-04 22:32:40.883189,1733.04
88,395,180,5,2025-08-21 16:07:21.378857,1784.2
89,289,20,4,2024-11-19 02:03:12.949232,366.24
90,622,461,3,2025-01-28 03:47:29.545998,894.69
91,994,308,8,2025-02-08 15:02:14.147076,3633.76
92,898,297,7,2025-04-08 12:32:10.761449,606.83
93,435,478,5,2025-05-25 06:29:01.234571,597.2
94,871,140,5,2025-02-20 05:37:28.888586,1808.0
95,916,174,6,2025-01-01 09:05:36.590364,1518.42
96,702,287,1,2025-03-16 02:03:05.844594,393.35
97,401,306,8,2025-07-18 06:37:45.229531,1102.64
98,620,282,3,2024-11-25 05:09:35.227513,216.21
99,50,469,9,2025-10-06 17:32:15.694454,1407.69
100,718,66,8,2025-07-30 14:11:24.989197,1878.72
101,897,419,9,2024-11-14 21:13:40.029263,3845.61
102,179,449,8,2025-10-26 04:19:18.156909,1541.28
103,73,477,1,2024-12-26 01:41:54.528006,364.46
104,596,252,3,2024-12-06 15:35:30.707602,73.41
105,591,166,1,2025-02-12 12:57:54.116945,215.88
106,634,228,3,2025-03-16 08:14:19.848788,507.81
107,116,103,2,2025-06-23 06:50:26.438655,245.82
108,264,117,4,2024-11-26 09:51:03.845254,656.4
109,569,41,7,2024-11-28 09:16:56.469697,1580.18
110,337,26,9,2024-12-15 15:19:35.801393,377.82
111,571,334,3,2025-10-11 17:35:45.457880,831.45
112,718,480,8,2024-12-26 11:17:31.660688,973.44
113,55,220,1,2024-12-17 02:13:46.991820,192.78
114,780,242,9,2025-01-21 05:54:48.203665,134.1
115,684,217,2,2025-04-11 00:34:37.347849,943.94
116,812,344,6,2025-09-26 23:30:32.505414,1448.64
117,944,201,5,2024-11-26 08:30:04.673273,2342.25
118,832,238,4,2025-02-15 22:05:23.171644,1471.08
119,358,23,9,2025-07-12 13:59:03.521203,184.95
120,814,139,5,2025-07-17 06:15:41.672608,302.55
121,298,236,1,2025-10-27 21:58:44.238150,109.97
122,464,344,8,2025-08-31 22:44:22.726190,1931.52
123,429,234,9,2025-07-05 03:46:36.093457,736.38
124,749,139,4,2025-10-30 15:02:17.706091,242.04
125,939,450,4,2025-02-22 16:33:58.999736,1530.8
126,79,228,5,2025-06-19 16:27:33.779618,846.35
127,131,290,8,2025-10-27 21:15:07.886065,3671.52
128,457,16,9,2025-10-29 18:43:36.274776,2315.34
129,897,194,7,2025-05-11 06:16:42.097764,625.94
130,478,232,5,2025-02-18 06:40:49.888076,1850.25
131,806,121,9,2025-10-04 18:57:54.710563,1432.8
132,897,189,4,2024-12-21 22:51:15.785455,1870.0
133,311,406,4,2025-01-09 12:30:10.815691,1949.36
134,638,484,6,2025-04-23 07:41:45.277847,968.76
135,207,319,5,2025-08-27 07:22:01.126719,1267.7
136,530,444,7,2024-12-12 23:52:31.633059,2246.72
137,201,38,9,2025-09-21 17:14:39.148758,2002.32
138,414,93,9,2024-12-05 10:50:30.250186,2076.21
139,142,297,2,2025-08-15 15:29:19.839169,173.38
140,522,116,5,2025-06-20 08:21:02.501583,845.3
141,499,133,1,2025-09-05 16:00:18.801845,255.29
142,408,145,1,2025-07-30 09:47:22.403648,171.79
143,803,470,8,2025-10-07 11:25:28.020546,3002.0
144,462,449,5,2025-10-07 04:05:45.785625,963.3
145,67,441,6,2025-10-04 12:30:36.726765,2920.86
146,91,492,9,2025-09-11 16:55:55.974521,1864.44
147,403,105,3,2025-09-14 14:31:35.274962,122.64
148,939,417,6,2025-04-29 06:12:24.404854,864.42
149,281,143,7,2025-10-17 18:05:28.455247,1450.82
150,47,427,6,2025-08-01 03:14:47.075432,2971.32
151,944,152,1,2025-04-21 04:28:21.389044,19.55
152,594,489,9,2025-04-15 15:18:55.891685,2471.58
153,929,286,2,2025-05-23 06:41:22.489321,821.88
154,201,404,2,2025-04-30 03:44:41.248228,598.86
155,138,75,9,2025-08-09 20:15:30.190856,3126.42
156,828,124,4,2025-09-22 09:24:39.584717,1292.04
157,937,71,6,2025-09-13 12:08:17.993125,1461.12
158,712,493,2,2025-10-12 21:55:17.889488,661.26
159,964,227,6,2025-11-01 03:40:30.501752,2311.92
160,283,377,5,2025-09-14 05:34:32.647114,1441.65
161,205,369,2,2025-10-17 07:32:21.155080,715.54
162,831,258,7,2025-10-28 13:59:17.064771,2671.27
163,520,14,9,2025-05-28 02:11:01.116911,411.3
164,224,322,9,2025-06-08 05:29:59.956132,2575.71
165,731,324,7,2024-12-21 02:08:43.786608,2068.5
166,971,276,7,2025-01-01 18:21:36.412895,136.85
167,897,93,9,2025-01-09 21:01:33.023882,2076.21
168,270,468,2,2025-10-19 23:45:02.839944,986.8
169,624,367,5,2025-06-12 23:21:48.832797,742.35
170,805,278,3,2025-10-28 16:24:51.346981,889.53
171,426,201,9,2024-11-16 13:22:50.383563,4216.05
172,304,56,3,2025-07-09 17:39:05.769546,1304.46
173,268,183,9,2025-08-13 18:03:08.750292,3144.87
174,21,228,2,2024-11-25 20:58:32.535790,338.54
175,789,434,3,2024-12-10 08:52:55.643604,1378.98
176,6,434,3,2025-09-16 17:48:48.988041,1378.98
177,822,12,4,2025-07-05 16:35:22.555225,274.6
178,534,436,2,2025-06-25 10:46:25.462685,520.18
179,682,379,7,2024-11-29 05:14:21.294699,2927.54
180,145,292,2,2025-10-13 06:38:50.153608,108.26
181,497,446,7,2024-12-17 19:00:40.659627,974.96
182,290,39,4,2025-10-01 02:39:47.472264,744.04
183,284,457,2,2025-05-12 13:45:31.956325,798.78
184,660,292,7,2025-05-22 19:16:59.587697,378.91
185,191,43,5,2025-04-08 16:24:23.496090,1794.15
186,844,256,9,2025-05-21 17:26:51.817362,3190.05
187,630,417,5,2025-02-25 04:48:09.661548,720.35
188,230,176,5,2024-11-30 05:42:55.354854,503.2
189,327,458,7,2025-06-30 02:17:44.228748,93.38
190,207,446,6,2025-05-29 08:57:21.369397,835.68
191,354,192,7,2025-05-20 12:19:40.865095,2437.4
192,54,65,6,2025-01-10 04:30:10.541560,1003.68
193,731,396,5,2025-02-15 02:33:18.519513,1072.15
194,803,82,3,2024-11-19 15:52:00.781182,1455.81
195,565,68,4,2025-03-23 04:39:57.823596,1659.0
196,650,390,8,2025-02-24 09:08:44.449219,3436.4
197,248,371,4,2025-07-13 19:49:24.344228,1497.36
198,700,494,9,2024-11-22 00:47:49.910599,3660.12
199,932,292,6,2025-09-30 20:20:35.007874,324.78
200,77,489,7,2025-04-25 19:45:52.176997,1922.34
201,972,420,1,2025-01-13 03:20:04.938051,329.72
202,811,65,5,2025-09-16 18:40:23.459825,836.4
203,460,119,1,2024-11-14 17:46:34.597057,250.36
204,49,194,3,2025-05-21 12:06:02.397545,268.26
205,697,476,4,2025-10-20 11:56:49.505718,695.88
206,3,198,4,2025-10-09 09:26:08.246954,390.32
207,868,307,2,2025-08-11 12:01:25.743746,159.7
208,749,420,1,2025-04-20 11:30:54.190429,329.72
209,240,204,2,2025-03-14 04:13:57.924402,255.9
210,977,290,9,2025-03-06 11:38:21.318145,4130.46
211,351,251,8,2025-05-27 22:38:05.538268,176.48
212,292,304,8,2025-06-27 07:39:56.856851,3492.16
213,707,209,4,2025-02-13 08:16:57.028413,1205.04
214,306,458,7,2025-08-20 21:44:12.836045,93.38
215,713,321,1,2025-05-08 01:03:56.202395,340.08
216,669,467,3,2025-02-11 07:58:20.101592,167.52
217,538,128,2,2025-01-01 22:11:59.325501,763.34
218,534,314,5,2025-04-18 12:43:50.740378,194.1
219,298,244,2,2024-12-02 12:00:27.292630,141.22
220,988,51,3,2025-07-28 07:02:06.549197,37.86
221,86,466,6,2025-10-31 09:01:01.077343,2314.14
222,323,284,7,2024-12-26 02:02:16.435358,491.54
223,137,216,7,2025-08-14 12:36:11.498927,1231.3
224,515,211,1,2024-12-29 01:52:42.148816,449.25
225,166,419,6,2025-01-11 12:12:27.255525,2563.74
226,883,467,2,2025-08-12 11:41:46.910813,111.68
227,327,207,1,2025-06-01 12:58:24.890009,230.79
228,538,271,9,2025-06-17 08:08:56.438214,1681.83
229,376,349,8,2025-03-02 14:54:55.881664,2897.12
230,478,188,9,2025-08-04 20:58:56.414447,3988.35
231,315,147,1,2024-12-18 13:39:23.150842,219.59
232,958,400,7,2024-12-23 10:58:15.583231,1884.26
233,855,229,3,2025-05-12 06:46:13.254731,412.2
234,356,158,2,2024-12-05 07:56:28.593448,959.0
235,739,386,3,2025-08-08 03:56:47.466185,1118.76
236,896,147,6,2024-11-27 19:11:19.117408,1317.54
237,813,145,4,2025-02-27 11:56:46.846196,687.16
238,690,328,9,2025-07-20 22:25:26.421026,1371.33
239,130,283,9,2025-04-02 09:24:10.704163,1449.27
240,551,479,9,2025-03-26 18:21:44.281766,2968.38
241,348,199,7,2025-09-14 22:51:06.392170,2518.18
242,498,385,1,2025-08-26 17:26:06.909773,47.96
243,857,415,4,2025-10-26 21:49:53.868791,1102.68
244,346,303,1,2025-06-04 12:10:48.221322,73.14
245,48,383,6,2025-09-19 23:02:17.637169,2890.5
246,395,395,7,2025-08-18 14:17:24.119457,1187.69
247,313,310,3,2025-01-16 07:51:34.096812,50.4
248,759,281,7,2024-11-26 16:01:05.018434,3007.76
249,770,209,2,2025-04-03 20:40:36.742015,602.52
250,217,271,1,2024-11-13 07:39:44.571567,186.87
251,521,127,9,2025-05-23 17:33:16.791273,1395.72
252,215,268,2,2025-05-26 23:30:54.093971,98.6
253,930,338,1,2025-06-03 06:06:56.996949,313.28
254,499,145,7,2025-08-25 02:26:01.265641,1202.53
255,140,29,6,2025-03-22 00:03:10.489576,1956.66
256,705,112,6,2025-08-24 08:37:40.462603,1386.9
257,818,277,5,2025-09-11 15:24:51.083896,2171.45
258,399,397,7,2024-12-28 17:19:41.871449,2750.72
259,110,105,2,2025-01-17 21:38:44.461985,81.76
260,314,276,9,2025-10-27 20:06:49.647946,175.95
261,866,44,4,2025-05-03 18:56:46.017913,224.52
262,676,377,1,2024-12-16 00:01:21.547303,288.33
263,173,448,3,2025-06-08 00:14:01.020144,628.47
264,466,416,1,2024-11-19 13:02:21.210558,49.54
265,46,12,2,2025-07-02 08:29:29.858048,137.3
266,707,120,1,2025-03-09 06:02:05.989530,13.95
267,717,280,5,2025-03-08 08:01:11.955734,1523.5
268,644,297,4,2025-01-11 21:10:24.324467,346.76
269,371,104,2,2025-10-25 00:07:59.814226,816.96
270,766,282,2,2025-09-07 15:39:40.824369,144.14
271,569,214,4,2025-04-11 12:29:24.037832,654.32
272,703,263,3,2025-05-29 06:11:08.346607,687.51
273,598,101,5,2025-03-08 08:54:11.079083,1246.45
274,819,348,3,2025-04-17 21:32:47.359196,764.16
275,482,117,8,2025-01-13 16:02:40.740858,1312.8
276,712,83,7,2025-10-16 17:52:06.943865,2253.86
277,236,368,5,2025-01-23 02:23:01.746202,473.2
278,255,229,5,2025-05-10 21:21:40.906037,687.0
279,123,433,7,2025-01-25 06:52:13.909923,894.81
280,331,405,8,2025-01-20 09:13:55.811920,3271.28
281,246,480,3,2025-04-15 00:46:53.859012,365.04
282,103,221,4,2024-11-22 15:52:18.391976,1762.28
283,934,189,1,2025-04-21 05:04:46.571342,467.5
284,712,167,5,2024-12-31 12:04:17.799038,2064.75
285,493,160,5,2025-10-18 01:30:45.259928,2477.05
286,337,262,1,2025-08-10 17:19:43.934398,489.32
287,645,366,9,2025-05-23 09:19:49.022102,1758.87
288,639,476,6,2025-04-15 13:44:18.211340,1043.82
289,837,16,4,2025-05-31 06:50:42.933963,1029.04
290,937,265,5,2025-03-29 05:45:49.135706,60.75
291,974,447,7,2025-01-18 20:46:34.179907,117.6
292,560,324,4,2025-05-30 01:32:15.587070,1182.0
293,164,299,8,2025-09-05 18:31:55.474606,1315.44
294,347,39,8,2025-06-01 21:34:09.333417,1488.08
295,251,22,9,2024-11-15 11:11:07.977571,2761.65
296,534,26,3,2025-04-03 18:55:35.228197,125.94
297,463,275,6,2024-11-12 14:40:01.271562,1489.26
298,417,270,4,2024-12-13 01:17:31.788915,436.2
299,376,361,1,2025-08-20 09:03:44.758075,84.05
300,816,301,5,2025-09-10 07:40:06.967832,591.7
301,209,392,3,2025-07-01 11:32:30.310161,1495.47
302,10,484,1,2025-10-22 10:40:43.110105,161.46
303,386,321,5,2025-05-15 22:18:22.578498,1700.4
304,687,427,3,2025-06-16 08:40:33.880662,1485.66
305,126,83,6,2025-03-07 00:30:58.340876,1931.88
306,355,145,3,2024-11-22 09:23:24.579320,515.37
307,370,102,8,2025-05-09 20:19:49.308282,345.12
308,853,409,3,2024-12-28 07:31:13.064799,139.56
309,574,323,7,2025-08-27 19:50:26.703336,1866.06
310,389,142,9,2025-03-27 09:00:22.682448,2734.74
311,562,345,9,2025-03-03 03:44:46.134693,3291.21
312,685,208,5,2024-12-28 05:21:13.498366,2411.45
313,372,241,7,2025-09-17 02:15:08.967836,2730.21
314,136,434,8,2025-06-08 05:24:08.659247,3677.28
315,171,494,3,2025-11-01 20:35:01.647810,1220.04
316,906,185,6,2025-10-20 06:37:45.024564,2050.2
317,849,367,4,2025-04-01 23:04:41.047642,593.88
318,167,142,2,2025-09-24 15:47:51.879630,607.72
319,630,455,8,2025-07-25 16:16:03.735883,1137.84
320,759,262,6,2025-06-10 08:27:48.710820,2935.92
321,833,477,9,2024-11-28 07:42:32.721101,3280.14
322,617,484,9,2025-08-09 10:48:25.332855,1453.14
323,684,202,8,2025-03-08 06:52:34.674852,1889.12
324,337,280,8,2025-05-26 06:48:07.975148,2437.6
325,654,409,8,2025-10-14 16:02:19.790189,372.16
326,87,498,1,2025-03-08 03:34:13.661511,172.9
327,836,180,4,2025-06-27 08:16:18.637305,1427.36
328,732,65,6,2025-06-22 00:38:13.508783,1003.68
329,377,224,1,2025-03-22 20:27:39.684919,499.45
330,438,92,6,2025-06-03 01:43:01.027733,142.44
331,372,192,4,2025-07-30 01:04:34.357174,1392.8
332,460,465,8,2025-01-20 05:55:21.100785,2676.72
333,26,239,4,2025-03-29 06:59:18.634552,140.0
334,435,95,7,2024-11-28 19:31:56.172105,2813.09
335,610,367,6,2025-08-04 17:58:25.635912,890.82
336,554,102,8,2025-06-14 12:47:30.881665,345.12
337,323,291,1,2025-06-11 12:54:47.654307,410.85
338,350,480,4,2025-02-18 21:26:00.387689,486.72
339,108,142,1,2025-08-08 10:01:56.038183,303.86
340,199,277,9,2025-09-20 00:51:21.045587,3908.61
341,471,14,6,2025-11-04 18:52:02.236053,274.2
342,83,234,5,2025-08-06 00:09:02.262550,409.1
343,530,102,4,2025-04-29 01:33:27.406931,172.56
344,781,217,6,2025-05-17 18:04:41.636176,2831.82
345,828,349,5,2025-03-16 15:42:46.763393,1810.7
346,965,421,1,2025-07-30 04:09:08.993621,149.03
347,955,481,2,2025-09-04 14:12:50.166325,134.96
348,252,445,7,2025-09-07 14:12:20.721047,2479.05
349,97,470,5,2024-12-16 09:34:56.950625,1876.25
350,535,314,9,2025-01-08 11:34:35.341539,349.38
351,295,124,9,2025-01-20 00:07:41.860903,2907.09
352,835,179,4,2024-12-20 06:23:51.995302,164.32
353,570,357,3,2025-03-22 23:44:34.376601,535.8
354,96,499,7,2025-05-17 20:26:38.772831,690.2
355,242,149,9,2025-06-05 19:57:48.771130,1399.5
356,970,278,3,2025-09-30 05:56:14.258900,889.53
357,369,103,2,2025-09-17 20:56:09.921019,245.82
358,612,115,9,2025-04-24 08:08:30.282000,2861.46
359,92,174,2,2025-02-19 04:59:37.228165,506.14
360,578,419,7,2025-08-06 14:49:11.563406,2991.03
361,706,500,3,2025-07-22 10:35:18.873234,786.54
362,271,471,3,2025-10-31 09:23:43.767748,875.25
363,585,19,8,2025-01-17 04:29:10.112328,3072.72
364,200,173,1,2025-03-25 18:58:37.387307,200.59
365,901,140,3,2025-08-26 06:01:33.813719,1084.8
366,252,169,7,2024-11-15 04:23:39.714084,425.74
367,931,4,4,2025-01-31 13:38:34.045627,1193.12
368,596,43,8,2025-03-19 15:03:01.911719,2870.64
369,377,63,9,2025-09-09 22:15:24.245162,1204.56
370,40,409,3,2025-06-23 02:58:52.133607,139.56
371,864,463,6,2025-09-20 10:24:30.015097,365.58
372,259,244,5,2025-03-10 15:27:08.887104,353.05
373,984,209,7,2024-11-23 12:03:35.137217,2108.82
374,504,381,2,2025-09-09 23:38:51.362749,916.54
375,733,113,6,2025-02-01 21:09:50.548275,1232.46
376,357,253,1,2025-07-12 10:33:31.124510,229.49
377,145,302,5,2025-09-30 10:01:02.146744,959.55
378,536,75,2,2025-05-16 22:54:46.260491,694.76
379,377,309,2,2025-03-06 17:03:59.077693,672.06
380,941,62,2,2025-05-18 15:02:45.396921,141.92
381,458,360,7,2025-08-02 21:41:58.423053,2647.82
382,661,97,8,2025-04-02 18:38:11.746082,107.28
383,519,252,4,2025-09-02 23:51:29.410445,97.88
384,225,229,3,2025-01-04 13:07:04.672573,412.2
385,595,458,4,2025-10-25 01:17:54.922692,53.36
386,702,252,7,2025-03-23 02:36:29.735244,171.29
387,94,10,2,2025-05-04 09:37:05.780598,258.92
388,924,169,8,2025-06-11 11:39:17.923424,486.56
389,420,410,4,2024-12-03 19:26:25.657646,1891.28
390,502,463,7,2025-06-15 09:55:33.137259,426.51
391,794,201,7,2024-12-26 11:48:40.170038,3279.15
392,556,72,3,2025-07-08 15:35:59.232717,71.31
393,531,289,5,2025-04-02 19:50:45.076066,1679.8
394,248,399,3,2025-02-21 15:32:27.618695,305.97
395,731,270,6,2025-08-30 02:02:25.771135,654.3
396,473,330,9,2025-10-01 08:32:11.246008,199.44
397,416,251,5,2025-07-27 05:45:16.025390,110.3
398,816,65,4,2025-01-23 05:00:08.987100,669.12
399,476,282,7,2025-09-28 20:56:10.246167,504.49
400,951,66,3,2025-01-07 09:03:52.334952,704.52
401,375,399,7,2025-04-24 08:55:30.366652,713.93
402,141,199,8,2025-08-30 04:41:14.542250,2877.92
403,972,440,8,2025-06-14 08:04:32.562187,2691.84
404,466,405,4,2025-01-25 00:26:49.650820,1635.64
405,457,347,9,2025-06-27 08:41:23.220069,2245.86
406,382,116,3,2025-02-09 17:17:46.830922,507.18
407,260,88,7,2025-05-02 22:41:02.876083,1917.02
408,965,40,2,2025-05-06 10:21:09.670791,711.94
409,401,99,3,2025-08-17 14:25:38.370802,497.04
410,665,33,1,2025-03-14 11:33:10.374943,430.44
411,655,18,1,2025-01-02 18:35:02.471728,234.62
412,702,90,5,2025-02-07 12:23:59.954652,762.55
413,579,288,4,2025-09-03 22:27:45.277781,566.36
414,566,14,8,2024-12-28 16:02:06.342813,365.6
415,118,54,5,2025-02-10 17:16:01.311353,1031.2
416,674,159,2,2025-10-22 17:52:57.839727,98.0
417,465,193,2,2025-07-11 10:06:20.846154,104.82
418,903,329,4,2025-02-19 17:18:32.024685,1474.36
419,796,180,3,2025-01-27 08:28:23.185546,1070.52
420,577,366,5,2025-05-26 10:13:55.009320,977.15
421,19,60,5,2024-11-09 00:29:31.720969,420.25
422,155,75,7,2025-09-06 16:38:42.891565,2431.66
423,683,387,2,2025-08-03 22:26:04.091913,944.64
424,659,284,6,2025-06-16 18:06:44.528882,421.32
425,240,20,5,2025-06-06 22:02:15.312646,457.8
426,825,284,8,2025-01-22 01:21:24.632600,561.76
427,236,479,6,2025-09-02 05:21:46.273249,1978.92
428,457,85,9,2025-04-02 19:14:45.178661,876.51
429,255,257,5,2025-06-29 04:58:05.764468,2227.2
430,844,35,9,2025-06-23 03:46:25.106669,2140.92
431,665,380,1,2025-07-18 01:25:44.986333,298.57
432,617,225,2,2025-10-31 12:13:17.344353,517.56
433,457,469,2,2024-12-09 01:47:27.241939,312.82
434,814,296,9,2024-12-26 04:35:47.159604,3326.04
435,239,476,7,2025-07-03 15:01:08.613684,1217.79
436,344,288,7,2025-09-21 15:31:10.523294,991.13
437,681,197,2,2024-12-21 21:31:53.492549,777.66
438,798,97,9,2025-06-10 14:11:40.910840,120.69
439,422,166,7,2025-08-27 04:32:48.733138,1511.16
440,982,81,3,2025-07-12 05:40:27.015961,1109.16
441,500,107,5,2025-02-12 12:45:35.559942,1424.15
442,600,285,7,2025-09-05 19:55:18.130213,1094.1
443,289,309,1,2025-10-25 18:16:44.972599,336.03
444,525,257,7,2025-09-27 13:01:18.918373,3118.08
445,658,9,2,2025-10-22 23:14:45.968848,775.68
446,943,171,8,2025-10-28 09:22:12.652627,2207.2
447,918,116,7,2025-01-14 15:45:33.940583,1183.42
448,539,181,1,2025-10-03 16:09:57.332830,57.84
449,751,66,8,2024-11-11 10:55:18.239382,1878.72
450,823,433,6,2025-03-27 19:58:14.596049,766.98
451,226,488,1,2025-07-13 08:17:10.019349,89.65
452,215,108,2,2025-04-17 01:41:41.994055,251.24
453,179,162,6,2025-02-04 12:28:00.580907,1968.42
454,560,373,2,2025-06-01 06:28:42.715986,871.36
455,917,92,4,2025-01-07 13:34:39.568177,94.96
456,178,370,9,2025-04-14 01:49:32.872267,3517.65
457,599,390,2,2025-07-31 03:35:41.459610,859.1
458,260,141,1,2025-01-01 09:37:07.600530,256.63
459,380,427,5,2025-02-24 10:39:28.977757,2476.1
460,771,477,8,2025-06-21 05:23:09.594080,2915.68
461,617,59,9,2025-07-03 02:01:11.348574,2713.32
462,119,244,6,2025-09-12 10:24:33.837291,423.66
463,6,483,8,2025-09-18 14:43:19.946091,1805.12
464,847,315,8,2025-03-13 01:45:45.081863,1394.72
465,814,441,6,2025-11-03 05:04:48.916319,2920.86
466,905,332,6,2025-09-22 08:45:32.076862,671.4
467,932,370,2,2025-04-09 20:07:47.728114,781.7
468,859,10,7,2024-12-09 21:50:36.290862,906.22
469,1000,358,8,2024-11-13 14:13:05.243963,367.92
470,187,490,5,2025-03-03 09:20:41.582237,1506.85
471,772,214,9,2025-02-17 21:51:57.815181,1472.22
472,415,95,4,2025-07-29 09:06:27.895182,1607.48
473,290,86,3,2025-06-24 08:25:04.948347,608.61
474,177,261,4,2025-04-23 02:22:14.277107,585.76
475,886,326,1,2025-05-03 02:33:14.395809,295.24
476,177,146,5,2025-08-23 17:50:58.836299,172.35
477,570,455,5,2025-01-22 21:34:46.751118,711.15
478,609,448,8,2025-04-02 03:28:31.309892,1675.92
479,85,258,6,2025-01-10 10:13:25.047394,2289.66
480,573,189,3,2024-12-07 19:18:22.459144,1402.5
481,36,192,3,2024-12-08 22:20:12.590274,1044.6
482,477,410,4,2025-05-25 02:09:39.419547,1891.28
483,132,58,9,2025-08-30 11:30:37.884318,3848.94
484,483,235,1,2024-12-15 02:30:09.667084,135.74
485,751,391,8,2025-05-07 16:02:38.490095,3181.52
486,494,143,7,2025-05-26 18:12:01.636516,1450.82
487,933,186,3,2025-06-01 02:40:08.404880,436.38
488,189,444,1,2025-02-26 07:18:11.158059,320.96
489,377,166,1,2025-10-13 13:13:43.884151,215.88
490,965,273,6,2025-04-26 02:42:49.751888,1272.48
491,225,39,2,2025-02-26 01:56:11.913505,372.02
492,319,235,2,2025-09-12 20:25:24.757493,271.48
493,260,454,6,2025-01-26 13:51:05.640328,311.82
494,603,284,9,2024-12-20 00:09:33.944984,631.98
495,179,251,7,2025-06-20 12:33:20.653127,154.42
496,733,158,9,2025-02-12 19:46:44.635117,4315.5
497,211,358,8,2025-01-01 00:23:07.194738,367.92
498,188,162,8,2025-03-20 17:03:11.319132,2624.56
499,869,216,3,2025-05-21 20:14:35.979772,527.7
500,52,402,3,2025-07-22 05:25:56.392439,103.2
501,772,271,2,2025-04-02 06:28:26.134569,373.74
502,966,66,9,2025-06-18 18:14:30.463082,2113.56
503,195,245,9,2025-08-05 22:59:46.115802,2788.92
504,764,231,2,2025-10-21 22:16:13.729658,998.54
505,904,295,5,2025-02-26 02:27:33.427344,1252.75
506,55,6,5,2024-12-27 16:32:08.790867,1646.7
507,46,201,3,2025-10-29 22:52:55.097436,1405.35
508,339,188,3,2025-03-12 20:10:08.731642,1329.45
509,625,379,4,2025-09-24 17:02:51.520787,1672.88
510,783,455,2,2025-03-18 02:44:29.418905,284.46
511,107,330,5,2024-11-11 16:00:24.371470,110.8
512,461,474,2,2025-09-29 20:25:02.335933,679.42
513,895,98,1,2025-06-18 14:55:14.748917,351.33
514,128,218,4,2025-04-09 12:00:49.528391,1090.04
515,642,303,6,2025-01-24 19:42:47.953085,438.84
516,760,340,1,2024-11-23 00:22:35.398098,271.79
517,717,436,3,2025-10-09 14:06:58.343828,780.27
518,314,227,9,2025-02-07 10:55:49.006152,3467.88
519,852,6,8,2025-09-24 06:45:49.197951,2634.72
520,967,121,7,2025-04-15 18:56:08.849593,1114.4
521,631,240,6,2024-11-24 18:03:16.971362,1914.84
522,857,302,8,2025-07-02 18:04:22.488234,1535.28
523,815,279,3,2025-07-13 04:27:21.219193,664.32
524,966,310,3,2025-04-17 14:40:18.606885,50.4
525,613,42,7,2025-01-04 00:28:19.608969,515.2
526,22,481,9,2025-07-15 04:31:08.496485,607.32
527,30,453,6,2025-06-10 00:00:57.385099,518.88
528,964,386,6,2024-12-19 02:24:58.904471,2237.52
529,147,156,9,2025-05-20 16:17:39.804293,91.98
530,798,10,1,2025-04-15 08:44:27.728635,129.46
531,784,462,3,2024-12-23 09:25:52.680428,1375.14
532,444,121,4,2025-02-17 04:47:56.893100,636.8
533,833,161,6,2025-03-26 21:24:09.167563,574.68
534,652,53,7,2025-09-10 23:50:32.928301,115.92
535,962,130,6,2025-06-13 00:33:06.376992,2998.32
536,595,87,3,2025-03-27 05:48:51.461248,375.9
537,284,310,9,2025-03-18 03:30:27.040763,151.2
538,144,179,3,2025-07-21 11:30:03.027133,123.24
539,288,477,8,2024-12-17 02:27:53.558866,2915.68
540,598,39,3,2024-12-21 19:17:48.930396,558.03
541,955,275,9,2025-02-02 11:49:51.417428,2233.89
542,887,478,2,2025-09-11 13:07:59.665672,238.88
543,613,100,6,2025-05-25 22:14:41.344878,2638.56
544,172,266,8,2025-08-22 13:02:25.588335,226.0
545,969,406,1,2024-11-15 06:44:33.058893,487.34
546,746,22,8,2025-01-01 19:06:57.921046,2454.8
547,449,412,9,2024-12-23 22:52:56.126927,4250.16
548,474,389,2,2025-10-21 20:12:55.337890,659.24
549,498,104,1,2024-12-02 22:03:40.010600,408.48
550,889,194,6,2025-09-05 05:10:09.018269,536.52
551,596,419,7,2024-12-20 17:49:30.260443,2991.03
552,420,225,3,2025-01-14 19:40:37.599725,776.34
553,192,99,4,2025-03-13 04:13:15.109014,662.72
554,838,228,8,2025-10-17 01:33:16.523275,1354.16
555,601,482,1,2024-12-07 11:44:17.343191,264.51
556,995,51,7,2024-11-28 00:03:59.739743,88.34
557,901,136,1,2025-08-23 17:21:21.632250,95.03
558,702,102,8,2025-06-24 07:52:11.904041,345.12
559,179,185,9,2025-01-10 14:47:31.330032,3075.3
560,115,495,7,2024-12-31 02:44:38.576479,477.19
561,437,15,6,2024-12-17 21:40:11.593662,806.64
562,225,218,8,2025-09-26 08:47:37.941607,2180.08
563,389,394,7,2024-11-17 09:57:25.552881,2930.2
564,528,460,7,2025-02-02 06:36:19.703497,2113.44
565,763,441,3,2025-07-24 09:01:00.266800,1460.43
566,847,272,7,2025-04-08 02:14:04.564941,1634.5
567,320,119,7,2025-07-26 16:49:43.352806,1752.52
568,521,260,8,2025-09-30 05:27:55.768761,3704.16
569,671,37,2,2025-03-01 11:13:19.710759,265.82
570,338,359,2,2025-06-28 21:56:17.926382,84.56
571,491,415,4,2025-09-09 15:41:44.971989,1102.68
572,687,279,8,2025-07-07 05:06:30.375773,1771.52
573,909,461,1,2025-08-10 11:43:38.546507,298.23
574,17,316,8,2025-04-21 15:56:40.758970,2837.68
575,447,426,9,2025-08-07 20:23:28.893780,2036.52
576,259,449,3,2025-07-11 08:12:48.452586,577.98
577,67,496,3,2025-07-07 07:42:47.045452,427.77
578,833,386,3,2025-07-20 17:31:44.719760,1118.76
579,435,40,9,2025-06-06 00:59:45.841640,3203.73
580,723,149,4,2025-09-20 09:35:57.674727,622.0
581,451,328,7,2025-08-07 00:07:02.092343,1066.59
582,784,91,8,2025-07-16 19:33:18.523240,1996.4
583,532,102,5,2025-06-16 17:24:28.077665,215.7
584,35,190,2,2024-12-28 22:18:03.114141,292.2
585,256,225,8,2025-06-05 18:14:36.466299,2070.24
586,139,234,2,2025-01-13 11:20:48.350477,163.64
587,833,22,4,2025-09-16 02:46:44.501089,1227.4
588,954,64,3,2025-06-07 04:17:53.472010,1102.47
589,38,400,4,2025-03-30 01:43:05.513793,1076.72
590,270,220,9,2025-10-31 19:04:08.306071,1735.02
591,869,167,3,2025-07-31 01:11:44.292515,1238.85
592,929,83,1,2025-01-26 03:20:59.439526,321.98
593,426,405,7,2025-08-22 14:38:16.319486,2862.37
594,450,38,5,2025-01-08 13:09:48.324425,1112.4
595,356,32,1,2025-08-25 20:13:19.350798,325.95
596,246,114,5,2025-05-11 01:40:02.583091,2288.25
597,93,182,6,2025-10-30 06:26:04.999621,2061.36
598,109,449,8,2025-11-02 02:52:05.375117,1541.28
599,807,279,5,2025-10-05 19:18:13.318488,1107.2
600,338,462,2,2025-07-08 00:08:49.057238,916.76
601,253,219,7,2025-03-05 22:27:44.559542,1715.7
602,751,427,8,2024-12-07 06:15:57.765300,3961.76
603,619,295,7,2025-02-10 13:17:19.293698,1753.85
604,125,256,5,2024-12-13 00:14:31.450942,1772.25
605,875,144,4,2024-12-26 23:20:27.540931,1686.12
606,931,375,3,2025-03-06 10:00:39.053975,1177.65
607,871,251,1,2025-01-23 06:44:29.067858,22.06
608,845,195,8,2024-11-17 14:41:21.514828,3991.92
609,626,417,2,2025-04-16 06:39:47.802116,288.14
610,323,232,4,2025-06-10 22:41:48.300927,1480.2
611,377,206,3,2024-12-22 05:59:00.546616,1458.33
612,610,468,3,2025-09-29 20:24:17.675929,1480.2
613,705,364,4,2025-10-20 11:58:48.720980,1330.68
614,150,395,6,2024-11-08 21:50:02.012291,1018.02
615,631,11,8,2025-04-28 18:37:44.808362,1697.44
616,697,257,4,2025-02-26 07:28:58.207782,1781.76
617,930,107,3,2025-06-26 20:53:34.064235,854.49
618,876,235,7,2025-01-14 09:54:50.640756,950.18
619,484,464,4,2025-01-15 11:07:46.116503,48.6
620,341,240,8,2025-04-10 17:20:26.812236,2553.12
621,497,169,5,2024-11-09 15:33:55.574116,304.1
622,140,378,5,2025-10-12 01:56:22.358277,2338.1
623,777,196,8,2025-07-04 14:40:39.723370,3997.2
624,429,57,2,2025-02-19 16:27:13.334336,265.46
625,732,436,7,2024-11-11 05:19:44.063234,1820.63
626,71,250,3,2025-10-27 01:10:16.638517,416.76
627,706,190,2,2025-03-10 15:50:07.512851,292.2
628,159,296,3,2025-10-17 08:11:03.692798,1108.68
629,877,420,7,2025-04-05 23:18:46.601398,2308.04
630,725,479,6,2025-05-25 20:59:53.884563,1978.92
631,797,458,3,2025-07-05 00:19:12.590770,40.02
632,992,13,2,2024-12-23 18:25:44.484794,820.48
633,834,165,6,2025-02-09 19:37:41.603357,1890.9
634,581,449,3,2025-07-08 14:16:43.724106,577.98
635,629,327,7,2025-01-24 03:32:41.534750,385.49
636,888,263,4,2025-07-29 12:22:29.938930,916.68
637,943,261,5,2025-05-14 23:46:21.003978,732.2
638,360,500,7,2025-07-05 20:18:33.680793,1835.26
639,417,498,4,2025-02-10 18:39:31.865422,691.6
640,906,302,4,2024-11-24 01:24:19.291945,767.64
641,402,226,7,2025-06-18 13:09:47.085888,1817.27
642,474,496,5,2024-12-29 23:50:40.080995,712.95
643,220,229,5,2024-12-02 12:24:25.867136,687.0
644,770,211,6,2025-05-22 20:41:21.661336,2695.5
645,741,327,3,2025-10-29 07:28:51.625836,165.21
646,879,457,2,2025-05-16 13:22:07.891634,798.78
647,866,276,3,2025-09-09 18:53:54.316366,58.65
648,510,221,1,2025-04-19 09:30:48.822913,440.57
649,499,277,1,2024-12-02 12:33:25.938729,434.29
650,732,291,6,2024-12-31 08:27:03.622763,2465.1
651,352,110,3,2024-11-12 22:13:59.664039,1438.14
652,304,263,2,2025-02-27 16:13:33.075058,458.34
653,181,443,9,2025-05-19 03:34:08.938268,3308.76
654,173,254,6,2025-02-08 13:36:40.648772,1326.12
655,464,235,4,2025-06-27 08:33:36.839801,542.96
656,332,401,7,2025-02-20 11:23:10.182572,2505.51
657,24,378,7,2025-10-04 06:25:56.563854,3273.34
658,425,422,2,2025-08-11 16:50:07.588403,251.42
659,823,83,5,2025-05-24 22:31:23.323792,1609.9
660,485,400,7,2025-03-18 02:36:28.202563,1884.26
661,732,78,9,2025-09-13 02:34:27.570040,2397.06
662,24,490,2,2025-04-21 16:01:08.886410,602.74
663,496,267,5,2024-12-10 20:50:45.624886,1472.1
664,823,103,9,2024-12-25 15:33:34.611338,1106.19
665,749,229,5,2025-10-24 14:04:02.678972,687.0
666,184,313,8,2025-02-07 20:27:15.774756,2640.24
667,170,166,4,2025-10-30 18:11:42.608858,863.52
668,659,485,6,2025-03-13 07:16:09.115448,793.62
669,469,249,2,2025-02-02 09:24:54.288272,497.78
670,759,165,7,2025-04-19 00:09:12.811003,2206.05
671,671,138,4,2025-04-23 04:47:01.912122,1487.2
672,756,94,1,2025-03-31 01:31:50.611368,173.61
673,208,391,9,2025-02-02 13:13:30.629133,3579.21
674,622,403,6,2025-05-27 00:01:56.058411,818.28
675,514,206,1,2025-05-01 01:37:46.849613,486.11
676,433,184,9,2025-09-23 20:29:09.103346,288.36
677,108,111,9,2025-05-29 18:07:27.014635,4006.62
678,114,92,9,2025-06-17 18:43:01.566108,213.66
679,726,267,4,2025-07-05 04:58:54.561187,1177.68
680,352,73,1,2025-01-21 20:20:42.132754,378.75
681,974,181,8,2025-10-05 06:39:52.787418,462.72
682,305,67,1,2025-02-10 07:55:47.321526,375.64
683,452,364,1,2025-02-03 22:51:33.081408,332.67
684,528,102,2,2025-01-10 18:39:39.667830,86.28
685,133,189,5,2025-10-18 18:17:02.676328,2337.5
686,598,202,9,2025-10-14 20:35:22.144988,2125.26
687,786,134,8,2025-09-20 08:13:32.190698,3264.72
688,734,174,7,2024-12-08 22:15:58.578630,1771.49
689,770,24,4,2025-01-21 11:29:19.147044,1216.6
690,606,70,3,2025-10-22 05:02:03.090754,1383.42
691,586,398,5,2025-08-16 01:41:07.125448,386.7
692,473,305,3,2025-02-26 01:23:46.031620,1109.64
693,283,83,3,2025-01-03 02:15:39.437084,965.94
694,319,71,9,2025-05-27 04:11:03.101469,2191.68
695,230,6,1,2025-01-22 22:56:38.164407,329.34
696,421,287,6,2025-02-12 21:40:02.640592,2360.1
697,801,346,1,2025-03-21 23:09:48.133001,109.17
698,539,185,5,2025-05-31 12:20:10.370618,1708.5
699,970,153,3,2025-10-29 20:21:45.788135,1315.71
700,273,266,2,2024-12-20 15:37:30.755047,56.5
701,164,437,3,2025-06-12 07:24:08.090749,431.82
702,634,165,2,2025-09-15 10:04:16.118866,630.3
703,997,89,9,2025-08-04 10:12:05.384515,3836.79
704,572,73,5,2025-04-25 23:33:46.193006,1893.75
705,25,38,2,2025-02-22 23:41:47.552101,444.96
706,735,456,7,2025-10-15 02:02:35.903075,2582.3
707,751,160,7,2025-03-18 07:25:31.501519,3467.87
708,773,418,1,2025-08-07 16:25:37.188334,57.92
709,478,220,1,2024-11-16 20:29:27.576020,192.78
710,780,497,6,2025-06-09 09:18:25.036415,2990.88
711,385,123,8,2024-11-12 08:10:14.280757,1871.2
712,258,376,7,2025-10-28 12:16:38.630479,2796.71
713,461,430,5,2025-05-06 07:09:59.515420,1156.4
714,539,14,6,2025-10-13 23:43:25.745326,274.2
715,491,324,5,2025-09-24 17:50:51.629098,1477.5
716,505,234,7,2025-01-26 16:25:54.745651,572.74
717,616,229,6,2024-11-10 13:29:17.107411,824.4
718,189,30,2,2025-03-02 08:54:31.588430,101.04
719,555,272,8,2025-08-29 18:58:17.469147,1868.0
720,532,484,8,2025-04-19 09:38:10.627836,1291.68
721,1,351,8,2024-12-21 01:22:34.823240,987.12
722,280,457,8,2025-07-28 05:56:19.358864,3195.12
723,666,244,5,2025-09-04 18:24:24.727421,353.05
724,91,185,7,2024-11-08 12:06:46.282110,2391.9
725,659,415,9,2025-06-21 11:16:00.377046,2481.03
726,471,499,8,2025-07-12 18:25:54.005445,788.8
727,556,268,6,2025-10-11 23:45:20.492418,295.8
728,360,418,3,2025-03-21 05:10:17.641864,173.76
729,901,498,7,2025-10-14 18:34:28.186882,1210.3
730,930,376,9,2025-03-28 00:49:39.549736,3595.77
731,108,381,9,2025-04-06 12:35:18.011267,4124.43
732,386,363,4,2024-11-10 19:34:37.846884,173.84
733,537,410,9,2025-09-27 18:31:53.041029,4255.38
734,885,168,3,2025-06-10 00:21:42.685350,363.93
735,477,290,8,2025-02-28 21:46:02.123116,3671.52
736,375,436,6,2025-02-22 23:19:29.172435,1560.54
737,101,83,1,2025-04-21 03:46:22.230675,321.98
738,405,352,4,2024-11-12 22:46:38.112684,1993.8
739,953,54,9,2025-04-04 07:57:01.223295,1856.16
740,204,104,9,2025-05-28 14:08:55.093246,3676.32
741,465,32,5,2025-08-31 11:37:27.332780,1629.75
742,510,436,6,2025-09-25 20:59:51.817462,1560.54
743,425,35,6,2025-06-02 21:41:59.164498,1427.28
744,439,8,2,2025-02-05 22:10:44.652158,636.86
745,844,111,6,2025-05-11 05:09:51.322052,2671.08
746,677,259,4,2025-08-11 23:50:01.605542,1199.68
747,304,1,9,2025-06-20 19:05:37.661810,869.49
748,46,51,3,2025-05-18 09:33:38.810885,37.86
749,614,70,4,2025-07-19 03:45:52.872469,1844.56
750,148,204,5,2025-02-09 02:24:48.249905,639.75
751,175,406,9,2025-06-26 19:07:14.996378,4386.06
752,57,15,8,2025-04-25 18:16:48.673568,1075.52
753,462,376,2,2025-03-28 21:31:49.992135,799.06
754,347,99,1,2025-10-24 21:18:55.783538,165.68
755,746,233,4,2025-07-09 11:03:40.392262,843.48
756,968,338,5,2025-07-25 15:28:13.155811,1566.4
757,551,9,7,2025-08-14 10:38:27.951747,2714.88
758,674,161,5,2024-12-28 22:13:32.498081,478.9
759,534,164,5,2025-01-01 06:39:13.938884,654.95
760,207,160,6,2025-07-22 05:21:31.665210,2972.46
761,948,320,8,2025-07-07 01:04:16.641868,3713.12
762,572,31,5,2025-09-22 02:57:10.866709,2213.45
763,438,369,7,2025-04-23 17:16:47.481040,2504.39
764,214,161,3,2025-05-12 22:22:44.969562,287.34
765,461,80,4,2024-12-11 22:55:07.408675,1369.84
766,814,187,8,2025-05-02 15:04:49.985929,575.12
767,2,354,1,2025-03-11 06:43:23.243927,97.05
768,651,431,1,2025-03-31 17:02:38.784369,402.31
769,526,148,3,2025-07-05 00:05:12.004434,589.77
770,263,194,9,2025-08-22 04:06:36.754463,804.78
771,113,268,7,2025-09-24 20:39:48.147092,345.1
772,749,243,1,2024-11-30 20:58:32.729633,231.66
773,348,105,5,2025-10-24 01:54:20.926253,204.4
774,172,497,5,2025-10-20 17:30:37.818531,2492.4
775,84,290,3,2025-03-19 04:34:34.982605,1376.82
776,384,465,1,2025-10-30 13:03:30.217065,334.59
777,668,115,5,2025-04-26 21:43:21.223460,1589.7
778,659,81,2,2024-11-23 20:57:45.038036,739.44
779,526,87,7,2025-09-21 09:04:21.097751,877.1
780,731,4,9,2024-12-21 17:06:32.474953,2684.52
781,816,154,5,2024-12-24 05:28:39.515131,147.35
782,735,245,2,2025-01-17 06:50:40.824091,619.76
783,988,28,2,2024-12-04 14:19:45.653978,251.1
784,873,46,5,2025-07-10 13:37:47.463448,130.1
785,819,129,4,2025-08-17 06:29:43.783840,310.6
786,83,53,3,2025-06-08 08:06:22.315162,49.68
787,56,293,1,2025-07-04 01:49:43.495997,157.69
788,445,242,1,2024-12-29 11:17:01.310621,14.9
789,906,183,4,2025-02-23 18:57:37.345646,1397.72
790,8,299,7,2025-09-26 08:54:25.016127,1151.01
791,921,104,7,2024-11-12 07:12:39.488002,2859.36
792,538,497,6,2024-11-07 02:30:10.935795,2990.88
793,470,152,5,2025-03-01 15:49:08.425675,97.75
794,11,393,3,2025-06-22 17:00:20.745461,1263.57
795,906,411,2,2024-11-09 13:24:21.399228,947.12
796,658,379,8,2024-12-14 17:59:48.244548,3345.76
797,368,209,4,2025-01-10 22:33:44.092611,1205.04
798,327,342,4,2025-07-10 00:35:56.481750,662.56
799,84,430,1,2025-08-14 23:26:05.555647,231.28
800,136,482,9,2024-11-11 14:29:50.528959,2380.59
801,584,100,7,2025-01-24 21:52:22.357785,3078.32
802,154,182,2,2025-09-14 16:53:17.187920,687.12
803,778,30,2,2024-12-04 08:55:35.769888,101.04
804,738,70,8,2025-08-21 02:38:47.268916,3689.12
805,766,249,7,2024-11-22 16:50:07.293293,1742.23
806,763,229,1,2025-03-19 19:54:24.759482,137.4
807,72,141,1,2025-05-31 14:23:50.402041,256.63
808,807,3,2,2025-04-25 22:12:13.153692,747.68
809,958,154,9,2025-10-11 00:23:41.489263,265.23
810,645,226,3,2024-11-19 04:10:38.884252,778.83
811,833,369,2,2024-12-10 07:31:24.739552,715.54
812,226,330,8,2025-08-13 21:31:17.170676,177.28
813,428,352,4,2025-08-29 22:03:36.783547,1993.8
814,358,212,1,2025-05-18 15:08:29.656166,274.17
815,213,211,6,2025-08-05 07:20:41.212185,2695.5
816,651,37,3,2025-10-24 11:34:58.360711,398.73
817,28,477,8,2025-08-03 06:46:07.220999,2915.68
818,382,21,7,2025-07-27 07:56:05.738878,2879.73
819,180,88,2,2025-06-25 17:51:40.358117,547.72
820,448,368,8,2025-04-19 11:12:43.788012,757.12
821,95,235,1,2025-03-29 12:21:00.650749,135.74
822,910,452,2,2025-11-02 06:46:21.462003,769.48
823,748,14,6,2025-10-15 14:14:05.013021,274.2
824,248,70,4,2024-12-14 05:58:55.301420,1844.56
825,713,484,5,2025-08-23 20:39:33.166229,807.3
826,510,7,7,2025-07-12 16:31:50.586679,2935.31
827,160,46,4,2025-06-28 06:58:10.055454,104.08
828,78,380,7,2025-10-03 19:02:12.532397,2089.99
829,685,142,6,2025-03-07 21:38:04.826178,1823.16
830,54,73,5,2025-05-07 02:04:01.150029,1893.75
831,462,11,7,2025-05-08 05:03:13.663030,1485.26
832,94,305,4,2025-06-24 20:27:32.185616,1479.52
833,827,406,3,2025-10-10 09:20:58.004019,1462.02
834,738,382,1,2025-01-17 09:52:05.246022,148.31
835,78,275,6,2025-01-02 12:17:48.774402,1489.26
836,649,260,1,2025-03-24 18:01:41.990900,463.02
837,640,71,2,2025-02-07 18:25:19.121039,487.04
838,964,159,8,2025-07-19 21:37:09.442378,392.0
839,273,4,3,2025-05-11 17:21:29.356670,894.84
840,264,371,4,2025-01-05 07:38:09.002726,1497.36
841,770,262,6,2025-03-08 14:56:53.286521,2935.92
842,530,98,4,2025-09-03 23:42:01.258392,1405.32
843,107,3,1,2025-10-15 23:02:01.225340,373.84
844,40,140,4,2024-11-19 10:48:57.669934,1446.4
845,37,465,4,2025-06-05 01:52:42.467854,1338.36
846,214,208,6,2024-11-07 23:58:40.802338,2893.74
847,670,282,2,2025-08-12 12:07:20.800904,144.14
848,189,304,5,2025-01-25 01:43:00.464550,2182.6
849,515,243,7,2025-01-11 09:09:42.082763,1621.62
850,867,431,9,2025-01-12 00:58:44.003592,3620.79
851,192,57,6,2025-06-16 11:35:52.663718,796.38
852,867,58,5,2025-03-06 17:07:15.289598,2138.3
853,265,393,4,2024-11-14 03:46:30.347816,1684.76
854,63,161,6,2025-06-23 13:22:47.430629,574.68
855,682,145,7,2025-07-01 22:53:06.658391,1202.53
856,4,401,1,2025-06-24 09:55:30.820827,357.93
857,635,15,7,2025-09-16 23:23:24.811518,941.08
858,442,410,1,2025-01-27 03:18:07.064850,472.82
859,570,27,5,2025-09-30 10:11:20.990135,2440.25
860,842,409,3,2024-11-13 12:29:43.650148,139.56
861,581,233,1,2025-06-04 13:21:18.878294,210.87
862,559,210,1,2025-05-15 21:13:29.599464,32.81
863,83,316,6,2025-08-08 11:58:06.559364,2128.26
864,311,411,1,2025-05-08 13:00:19.596142,473.56
865,890,310,9,2025-05-23 21:27:20.007421,151.2
866,657,217,8,2024-11-12 15:27:46.858392,3775.76
867,271,260,4,2025-01-25 15:53:09.499067,1852.08
868,198,308,2,2025-05-02 19:45:25.395723,908.44
869,388,323,5,2025-01-27 23:35:34.924103,1332.9
870,260,298,8,2025-02-09 10:15:21.807738,2553.04
871,922,402,8,2025-02-10 03:54:12.233887,275.2
872,735,251,1,2025-03-28 10:36:48.556573,22.06
873,410,166,3,2025-06-22 14:01:16.350039,647.64
874,317,421,5,2025-06-26 11:01:50.228434,745.15
875,454,362,5,2025-04-02 05:28:57.620287,993.3
876,741,427,9,2025-04-30 19:43:32.452312,4456.98
877,590,400,3,2025-09-16 09:34:46.248238,807.54
878,586,251,4,2025-10-11 21:59:15.076650,88.24
879,990,179,4,2024-12-04 00:45:43.393059,164.32
880,105,81,6,2025-09-04 14:22:32.206001,2218.32
881,553,297,2,2025-01-06 05:12:02.162131,173.38
882,235,139,3,2025-08-18 05:25:03.485744,181.53
883,969,278,9,2025-10-26 20:33:32.167346,2668.59
884,49,399,3,2025-06-28 21:47:24.011871,305.97
885,307,222,3,2025-05-07 14:34:25.398734,481.2
886,500,249,2,2025-08-27 02:51:44.540851,497.78
887,546,161,6,2025-06-09 05:54:11.605540,574.68
888,699,448,9,2025-02-10 01:44:48.823091,1885.41
889,448,432,4,2024-11-08 22:55:34.945900,225.88
890,372,298,2,2025-11-05 00:31:51.915128,638.26
891,946,353,3,2025-02-10 04:03:56.713082,753.36
892,187,210,7,2025-05-30 05:57:21.725625,229.67
893,875,257,4,2025-03-02 15:21:13.138395,1781.76
894,573,188,4,2025-08-31 02:14:14.656186,1772.6
895,532,14,1,2025-05-31 03:50:06.212048,45.7
896,243,187,4,2025-06-04 07:34:31.614325,287.56
897,144,167,1,2025-04-21 00:38:57.083421,412.95
898,838,359,2,2025-04-18 10:32:45.458658,84.56
899,683,431,1,2024-11-17 14:07:17.381245,402.31
900,443,253,5,2025-07-31 20:21:43.001494,1147.45
901,14,421,5,2024-12-04 04:07:53.928080,745.15
902,846,391,1,2025-01-08 01:07:03.933026,397.69
903,606,435,9,2025-06-27 23:07:56.531577,1208.52
904,394,178,8,2025-05-02 01:30:09.959215,3740.4
905,332,267,9,2025-09-14 05:41:24.776310,2649.78
906,763,296,9,2025-06-03 03:55:02.009368,3326.04
907,191,151,2,2025-11-03 18:07:32.750482,728.86
908,662,275,2,2025-09-23 02:35:18.829633,496.42
909,104,450,9,2024-12-31 23:27:42.159394,3444.3
910,510,110,8,2025-06-23 00:14:56.680201,3835.04
911,726,151,7,2025-05-27 10:42:26.619879,2551.01
912,301,38,7,2025-08-26 04:05:13.378220,1557.36
913,387,74,2,2025-05-11 11:15:49.542062,804.0
914,680,451,8,2025-11-01 08:20:38.614681,2076.56
915,26,481,4,2025-09-12 12:51:43.912421,269.92
916,158,85,2,2025-09-20 17:49:45.748478,194.78
917,4,247,2,2025-02-03 09:25:50.821307,644.08
918,375,374,1,2025-10-13 11:35:40.995342,401.89
919,547,162,2,2025-03-01 04:28:18.902423,656.14
920,986,241,6,2025-09-24 19:16:21.215821,2340.18
921,502,412,8,2025-02-06 17:21:50.719254,3777.92
922,522,452,8,2025-07-20 23:23:57.040485,3077.92
923,981,170,6,2025-08-05 17:28:33.281658,1308.06
924,445,211,5,2025-09-25 01:29:28.157712,2246.25
925,874,318,4,2025-01-29 01:12:27.072116,167.76
926,604,102,9,2025-03-22 09:43:46.917329,388.26
927,419,87,2,2025-10-21 06:00:27.732763,250.6
928,151,322,8,2025-02-13 19:08:23.874186,2289.52
929,178,312,1,2025-10-28 19:26:45.445156,450.97
930,649,477,5,2025-01-23 13:13:25.456610,1822.3
931,462,113,2,2025-05-25 17:50:13.941231,410.82
932,413,221,4,2024-11-06 19:03:40.945579,1762.28
933,135,80,8,2025-02-21 12:36:09.928649,2739.68
934,665,157,5,2025-02-08 18:54:25.525105,136.25
935,482,62,9,2025-03-23 07:35:35.976557,638.64
936,700,11,2,2025-05-12 22:09:37.425912,424.36
937,909,245,7,2025-08-18 22:56:57.784538,2169.16
938,795,28,5,2025-01-26 01:21:42.014225,627.75
939,28,392,8,2024-12-01 16:18:00.796650,3987.92
940,819,146,3,2025-02-03 16:59:42.625029,103.41
941,583,387,6,2024-12-23 04:43:31.544746,2833.92
942,822,423,1,2025-08-19 13:35:38.676064,136.44
943,333,419,7,2025-06-26 02:14:40.665573,2991.03
944,671,243,7,2025-01-04 01:27:23.770868,1621.62
945,196,484,7,2025-04-24 12:59:01.472165,1130.22
946,979,408,2,2025-07-05 02:57:27.865500,210.96
947,143,384,7,2024-12-22 19:24:29.597996,1097.53
948,757,422,4,2025-10-25 04:21:59.575472,502.84
949,447,109,9,2025-08-21 16:33:49.381580,2409.12
950,848,484,8,2025-10-21 05:17:58.435698,1291.68
951,392,242,7,2025-06-26 13:51:33.744838,104.3
952,931,463,5,2025-08-21 11:49:23.416835,304.65
953,197,498,9,2025-09-10 11:19:28.372200,1556.1
954,727,466,5,2025-10-25 19:12:06.633647,1928.45
955,296,115,8,2025-03-04 23:22:46.863906,2543.52
956,267,366,8,2024-11-12 10:10:59.413475,1563.44
957,269,414,4,2025-10-19 12:14:00.178854,1906.88
958,553,166,2,2025-11-01 14:31:54.207827,431.76
959,950,455,6,2025-06-15 07:01:57.938090,853.38
960,800,483,2,2025-03-17 11:24:55.294802,451.28
961,943,104,5,2024-11-13 04:02:45.678169,2042.4
962,246,101,9,2025-09-04 20:14:37.795283,2243.61
963,636,393,1,2025-01-15 05:47:36.748080,421.19
964,944,442,9,2025-10-07 13:56:44.861297,2981.07
965,862,170,1,2024-12-03 22:12:14.147769,218.01
966,711,404,1,2025-09-28 13:09:03.445711,299.43
967,869,374,2,2025-11-04 08:46:39.134215,803.78
968,421,473,9,2025-03-16 17:50:51.632180,1840.23
969,63,135,7,2025-01-17 21:29:34.465662,663.32
970,644,333,7,2025-03-31 14:29:53.758741,1426.67
971,484,56,4,2025-03-01 13:27:40.405416,1739.28
972,112,285,9,2025-07-09 15:35:44.675190,1406.7
973,354,213,6,2025-03-22 13:06:13.390453,605.7
974,661,213,6,2025-06-03 10:44:43.731065,605.7
975,440,298,7,2025-03-18 12:22:23.856763,2233.91
976,535,357,3,2025-02-13 10:14:33.046282,535.8
977,206,5,6,2025-06-19 20:18:45.366803,1167.06
978,951,119,9,2025-08-05 10:44:07.795584,2253.24
979,107,124,3,2025-04-10 23:20:40.369740,969.03
980,389,106,5,2025-03-29 04:53:42.574653,1187.65
981,688,192,6,2025-05-26 19:37:31.762921,2089.2
982,60,258,2,2025-05-07 08:14:31.245693,763.22
983,68,171,1,2025-04-07 02:33:55.927822,275.9
984,921,360,3,2025-08-17 04:50:34.403694,1134.78
985,386,61,1,2025-08-21 07:55:55.982239,433.26
986,254,162,2,2024-11-09 08:44:32.777452,656.14
987,195,115,7,2025-10-17 05:04:51.543593,2225.58
988,667,303,8,2025-07-24 01:16:46.506058,585.12
989,587,472,7,2024-11-19 00:54:46.427215,362.81
990,942,225,6,2024-12-18 10:48:00.936243,1552.68
991,482,5,5,2025-01-19 03:51:33.826484,972.55
992,566,420,7,2025-08-05 02:32:51.224889,2308.04
993,80,45,9,2024-11-30 10:05:02.103353,883.71
994,417,303,8,2025-02-25 15:06:02.773814,585.12
995,876,343,7,2025-07-16 09:05:13.723024,2312.66
996,666,288,8,2025-02-11 21:36:26.642971,1132.72
997,778,177,8,2024-12-26 10:42:50.019734,651.76
998,784,115,4,2025-06-12 05:04:41.745579,1271.76
999,628,467,6,2025-01-06 06:38:47.000913,335.04
1000,444,331,8,2025-02-22 01:40:28.196498,3972.48
1001,138,87,4,2025-04-25 22:42:32.827544,501.2
1002,822,497,2,2025-05-14 10:21:31.870162,996.96
1003,420,298,9,2025-06-23 03:54:51.192336,2872.17
1004,138,234,1,2025-09-11 07:48:09.645472,81.82
1005,263,258,3,2024-12-21 10:07:19.767542,1144.83
1006,504,16,5,2025-06-05 16:51:02.237318,1286.3
1007,404,466,4,2025-06-21 20:30:37.683780,1542.76
1008,208,143,8,2025-01-12 20:48:56.859717,1658.08
1009,526,286,7,2024-12-06 04:20:01.421565,2876.58
1010,377,235,9,2025-01-13 00:17:48.071786,1221.66
1011,846,110,2,2025-04-03 09:15:18.623977,958.76
1012,876,422,9,2025-02-12 23:41:45.206760,1131.39
1013,743,412,3,2024-12-02 13:04:57.748521,1416.72
1014,301,329,7,2025-01-18 14:30:51.748502,2580.13
1015,524,143,7,2025-01-06 23:53:29.500249,1450.82
1016,713,282,8,2025-04-13 14:35:47.176550,576.56
1017,718,372,7,2025-06-06 07:50:53.771373,1621.97
1018,166,207,3,2025-01-04 03:20:17.344672,692.37
1019,641,161,2,2025-10-04 06:56:30.176940,191.56
1020,883,63,4,2024-12-01 03:42:12.265519,535.36
1021,365,447,7,2025-01-15 18:34:55.816137,117.6
1022,554,306,9,2025-09-20 04:01:47.266069,1240.47
1023,413,290,6,2025-09-21 03:13:39.915034,2753.64
1024,581,441,8,2025-08-03 14:14:17.730078,3894.48
1025,815,470,3,2025-06-13 07:27:56.407072,1125.75
1026,837,319,7,2025-06-23 20:38:47.002642,1774.78
1027,145,495,2,2025-04-27 01:19:27.599424,136.34
1028,609,106,6,2025-04-18 19:29:02.467680,1425.18
1029,91,428,8,2025-10-02 15:37:34.681077,1485.52
1030,372,308,1,2025-09-14 06:40:29.281393,454.22
1031,606,319,6,2025-04-20 01:08:35.118931,1521.24
1032,287,212,2,2025-03-02 11:29:00.531133,548.34
1033,671,58,5,2025-05-25 05:58:09.634023,2138.3
1034,286,169,2,2025-08-05 05:22:17.691154,121.64
1035,933,406,8,2025-01-12 15:09:42.574977,3898.72
1036,748,258,7,2025-06-05 15:18:38.122218,2671.27
1037,587,63,6,2025-11-04 08:48:01.174150,803.04
1038,847,447,1,2025-06-21 18:29:21.994820,16.8
1039,124,83,5,2024-12-03 13:42:23.554521,1609.9
1040,49,453,4,2025-07-22 22:16:16.117785,345.92
1041,923,7,8,2025-01-28 20:27:28.022270,3354.64
1042,828,98,1,2024-11-12 14:46:03.075294,351.33
1043,378,190,8,2024-12-07 00:00:13.307545,1168.8
1044,508,317,4,2025-06-17 01:35:59.794246,1721.08
1045,120,203,3,2025-08-28 02:12:00.427296,97.59
1046,967,486,2,2025-02-23 18:11:40.959297,447.06
1047,725,201,8,2024-12-20 12:05:48.434688,3747.6
1048,427,420,3,2025-09-06 17:39:11.057128,989.16
1049,247,114,1,2025-01-02 19:53:15.868660,457.65
1050,576,339,8,2024-12-30 06:57:57.095314,1385.76
1051,58,109,2,2025-06-11 18:05:52.054721,535.36
1052,525,314,9,2025-07-10 19:00:12.780119,349.38
1053,18,231,5,2025-07-11 09:06:55.851883,2496.35
1054,750,178,5,2025-01-12 16:04:03.829966,2337.75
1055,837,135,9,2025-05-11 06:13:54.835020,852.84
1056,203,115,5,2025-06-26 20:52:32.314925,1589.7
1057,558,41,1,2025-10-23 16:02:40.825531,225.74
1058,977,337,4,2024-11-09 05:11:57.882798,186.32
1059,783,260,7,2025-03-31 07:44:37.435996,3241.14
1060,735,309,7,2025-04-02 03:18:24.530016,2352.21
1061,75,416,8,2025-02-02 12:48:47.065910,396.32
1062,548,375,6,2025-05-07 02:22:15.613150,2355.3
1063,797,483,4,2025-05-26 13:51:30.118599,902.56
1064,424,73,1,2025-01-07 18:12:14.021950,378.75
1065,754,80,4,2025-04-06 15:51:07.099252,1369.84
1066,466,10,9,2024-12-13 07:49:27.319736,1165.14
1067,111,159,3,2025-06-02 15:52:23.587366,147.0
1068,705,29,2,2025-07-04 06:31:33.044777,652.22
1069,301,13,5,2025-10-09 19:00:41.771421,2051.2
1070,562,12,9,2025-09-04 02:49:36.869914,617.85
1071,870,204,8,2025-01-30 16:00:27.252295,1023.6
1072,432,193,2,2025-01-19 19:01:30.016918,104.82
1073,143,498,9,2025-04-28 22:28:30.550350,1556.1
1074,697,338,8,2025-03-16 01:06:00.204542,2506.24
1075,624,156,6,2024-12-18 07:19:16.095230,61.32
1076,196,448,3,2025-10-21 22:42:14.118006,628.47
1077,410,204,4,2025-04-09 07:42:58.254442,511.8
1078,132,119,2,2025-04-25 05:42:16.002005,500.72
1079,811,252,2,2024-11-09 06:41:41.648316,48.94
1080,11,494,7,2025-06-26 05:05:37.210926,2846.76
1081,278,376,6,2025-06-21 17:32:19.687717,2397.18
1082,359,175,1,2025-01-10 22:02:00.313670,385.96
1083,470,340,4,2025-07-05 10:44:54.650515,1087.16
1084,83,110,4,2025-04-04 21:16:07.092348,1917.52
1085,659,145,7,2025-02-06 04:58:31.217457,1202.53
1086,335,450,5,2025-01-11 05:10:07.104827,1913.5
1087,556,54,2,2025-10-03 00:08:41.066878,412.48
1088,369,391,8,2024-11-28 01:26:05.330983,3181.52
1089,843,384,5,2025-07-09 06:09:39.376437,783.95
1090,26,370,1,2024-12-26 19:37:10.698693,390.85
1091,647,221,2,2025-04-26 14:18:34.749534,881.14
1092,407,469,9,2025-08-16 07:25:53.187498,1407.69
1093,955,258,3,2025-06-14 04:48:49.343104,1144.83
1094,906,294,4,2025-03-25 09:23:28.600029,463.16
1095,195,74,4,2024-11-30 19:05:45.152829,1608.0
1096,1000,457,4,2025-09-12 13:33:48.697273,1597.56
1097,317,151,5,2025-08-05 08:59:20.817871,1822.15
1098,298,37,4,2025-08-10 05:00:33.457158,531.64
1099,444,431,1,2025-08-06 17:51:47.958713,402.31
1100,32,126,6,2025-02-24 13:36:15.011667,2442.48
1101,618,225,8,2025-10-19 22:10:23.567592,2070.24
1102,653,475,6,2025-05-12 01:21:47.395579,1624.74
1103,739,110,7,2025-05-17 12:48:18.294526,3355.66
1104,676,293,9,2025-05-03 13:12:51.309084,1419.21
1105,450,459,7,2025-09-03 19:46:32.516010,1867.81
1106,901,164,8,2025-07-26 13:02:32.656685,1047.92
1107,636,350,7,2025-04-23 20:43:15.447515,3110.45
1108,995,116,2,2025-02-09 19:36:36.425320,338.12
1109,987,144,3,2025-02-23 14:08:37.147443,1264.59
1110,205,329,5,2025-05-13 17:26:13.669878,1842.95
1111,720,482,5,2025-09-19 16:47:47.985706,1322.55
1112,84,141,8,2025-06-14 04:49:12.757576,2053.04
1113,96,149,6,2025-02-17 17:07:25.862589,933.0
1114,722,187,3,2025-02-26 23:37:49.028256,215.67
1115,310,306,6,2025-07-06 13:36:35.907521,826.98
1116,828,369,8,2025-09-02 16:05:49.438425,2862.16
1117,487,25,1,2025-04-06 23:15:17.446196,192.77
1118,221,460,4,2025-04-11 07:53:36.843429,1207.68
1119,976,259,2,2025-08-10 18:05:12.210983,599.84
1120,606,466,4,2025-01-18 09:45:11.128655,1542.76
1121,857,114,8,2025-08-21 01:24:32.257652,3661.2
1122,682,240,7,2025-01-09 20:37:24.956534,2233.98
1123,328,78,2,2025-01-01 10:53:27.899772,532.68
1124,324,124,6,2024-11-25 14:46:37.463302,1938.06
1125,911,327,2,2025-09-22 14:30:14.228220,110.14
1126,436,146,6,2025-03-13 13:10:57.248282,206.82
1127,162,187,9,2025-08-13 21:25:36.418348,647.01
1128,347,73,1,2025-08-17 01:49:39.139288,378.75
1129,195,50,9,2025-03-28 22:51:35.705554,4104.72
1130,542,289,8,2025-09-19 18:42:36.144915,2687.68
1131,844,82,2,2025-09-01 18:57:18.314872,970.54
1132,214,210,4,2025-09-13 22:40:31.525501,131.24
1133,487,287,5,2025-05-26 18:02:38.100266,1966.75
1134,607,259,2,2024-12-16 12:49:39.083215,599.84
1135,77,301,1,2025-06-22 17:01:38.051781,118.34
1136,68,89,4,2025-05-19 21:10:07.200580,1705.24
1137,898,18,9,2025-08-20 11:35:17.118598,2111.58
1138,894,11,3,2025-06-22 08:32:58.761689,636.54
1139,545,139,2,2025-03-19 18:52:01.721967,121.02
1140,355,35,4,2025-01-31 22:04:40.419913,951.52
1141,859,215,3,2025-06-03 13:29:34.384130,1084.23
1142,871,139,7,2025-05-26 02:45:34.252074,423.57
1143,425,277,3,2025-09-11 00:29:02.461915,1302.87
1144,823,319,2,2025-02-09 03:53:29.837743,507.08
1145,656,207,5,2025-10-25 18:05:01.357866,1153.95
1146,26,251,2,2025-01-05 20:11:36.590334,44.12
1147,28,373,9,2025-08-09 07:49:38.210682,3921.12
1148,210,194,9,2025-08-02 11:46:48.991693,804.78
1149,614,268,1,2025-01-03 21:26:35.861610,49.3
1150,295,378,7,2024-12-02 11:31:02.041476,3273.34
1151,92,267,9,2025-03-30 05:33:37.574764,2649.78
1152,588,383,6,2025-09-04 09:14:51.543718,2890.5
1153,562,234,2,2025-07-25 17:14:57.375161,163.64
1154,862,80,3,2025-07-11 08:38:24.669648,1027.38
1155,227,46,7,2025-04-20 06:18:29.905397,182.14
1156,919,417,2,2025-04-26 07:27:28.697079,288.14
1157,194,481,8,2025-03-28 01:52:51.577501,539.84
1158,60,41,2,2025-05-05 22:02:31.778463,451.48
1159,903,60,3,2025-08-08 04:32:58.470049,252.15
1160,131,355,2,2025-01-10 10:27:48.242450,137.48
1161,371,362,5,2025-01-01 08:24:27.929939,993.3
1162,960,223,9,2025-08-22 06:23:49.180841,226.26
1163,171,279,9,2025-07-09 13:15:29.284837,1992.96
1164,430,103,7,2025-09-16 20:18:12.021469,860.37
1165,900,104,8,2025-04-16 01:09:00.615239,3267.84
1166,766,458,1,2024-11-19 15:49:29.287991,13.34
1167,999,53,6,2025-06-14 14:17:50.508057,99.36
1168,925,484,6,2025-08-25 04:01:48.580375,968.76
1169,89,218,7,2025-02-06 12:23:42.218605,1907.57
1170,232,468,9,2025-05-02 05:45:48.104032,4440.6
1171,146,299,2,2025-05-01 20:52:57.270876,328.86
1172,936,477,1,2025-06-27 08:57:22.035117,364.46
1173,702,406,7,2025-03-03 14:13:14.291078,3411.38
1174,113,91,6,2025-09-28 11:23:39.542073,1497.3
1175,792,140,7,2024-11-16 00:36:59.724215,2531.2
1176,581,242,3,2025-06-04 03:10:17.118091,44.7
1177,699,225,7,2025-06-27 01:10:02.709166,1811.46
1178,155,379,3,2024-11-22 17:00:01.843605,1254.66
1179,929,165,8,2024-12-29 13:23:42.236942,2521.2
1180,520,172,6,2025-07-28 21:24:32.531192,2608.14
1181,331,176,7,2025-03-13 20:12:44.077971,704.48
1182,455,464,1,2025-06-16 21:55:35.594844,12.15
1183,984,112,9,2025-05-27 09:37:50.375261,2080.35
1184,85,282,6,2025-07-06 17:22:35.348390,432.42
1185,718,97,5,2025-04-28 07:37:24.612994,67.05
1186,419,164,6,2025-07-01 13:18:27.742467,785.94
1187,14,13,8,2024-12-06 19:59:10.436748,3281.92
1188,115,364,3,2025-04-28 08:36:05.718716,998.01
1189,953,116,3,2025-04-13 08:33:03.851161,507.18
1190,460,50,1,2025-05-16 21:05:55.063021,456.08
1191,701,359,9,2025-07-17 09:16:11.050441,380.52
1192,387,46,9,2024-11-29 23:20:03.883168,234.18
1193,888,251,1,2024-11-29 09:12:28.012660,22.06
1194,283,187,2,2025-01-26 19:49:23.468592,143.78
1195,281,240,8,2025-07-09 15:43:00.204247,2553.12
1196,174,482,1,2025-02-10 23:37:35.020556,264.51
1197,695,291,3,2025-09-29 16:10:57.367649,1232.55
1198,429,48,3,2025-07-28 00:48:29.285990,991.41
1199,42,73,2,2025-04-09 19:05:46.625974,757.5
1200,743,248,4,2025-08-14 20:34:29.780684,1156.08
1201,512,17,8,2024-11-07 01:43:08.784924,2783.6
1202,536,10,4,2025-09-21 05:19:21.212929,517.84
1203,780,45,4,2025-01-03 02:52:43.964220,392.76
1204,56,479,9,2024-12-06 22:30:16.328020,2968.38
1205,297,413,1,2025-07-12 14:40:43.156646,358.33
1206,760,281,3,2025-05-30 09:32:29.445018,1289.04
1207,889,279,7,2025-07-14 18:07:53.954057,1550.08
1208,544,197,2,2025-08-02 06:17:19.911559,777.66
1209,172,417,9,2025-06-27 12:28:40.583751,1296.63
1210,19,441,3,2025-08-15 23:53:54.092186,1460.43
1211,879,75,8,2025-06-08 19:50:26.998168,2779.04
1212,334,210,3,2025-02-03 16:27:29.486118,98.43
1213,662,194,8,2025-11-02 09:09:14.462379,715.36
1214,139,193,1,2025-05-28 17:31:25.908585,52.41
1215,498,192,6,2025-03-08 02:58:23.613555,2089.2
1216,256,226,7,2025-01-30 10:50:57.485777,1817.27
1217,11,297,4,2025-01-14 02:33:36.099642,346.76
1218,297,495,8,2025-01-23 01:36:14.822312,545.36
1219,713,344,9,2025-09-07 03:14:11.212983,2172.96
1220,329,341,3,2025-01-15 04:09:50.685517,678.57
1221,230,320,4,2025-02-05 04:52:30.356964,1856.56
1222,505,361,2,2025-04-01 04:03:26.688680,168.1
1223,245,475,1,2025-06-18 00:17:35.297660,270.79
1224,593,381,7,2025-04-11 20:04:35.456123,3207.89
1225,170,276,5,2025-03-26 17:35:20.925180,97.75
1226,240,475,7,2025-04-19 06:35:57.605819,1895.53
1227,297,224,9,2025-06-24 03:35:42.935939,4495.05
1228,641,172,8,2025-10-04 18:00:05.886188,3477.52
1229,562,64,4,2025-07-04 16:07:31.316088,1469.96
1230,38,107,4,2024-12-06 09:21:14.220367,1139.32
1231,717,127,9,2025-01-10 13:48:01.179430,1395.72
1232,144,277,9,2024-12-08 09:10:57.558516,3908.61
1233,254,139,2,2024-11-23 13:40:45.454224,121.02
1234,265,263,6,2024-12-31 12:02:48.501055,1375.02
1235,620,136,1,2025-01-21 23:33:59.622050,95.03
1236,680,294,6,2024-11-13 22:34:59.596869,694.74
1237,533,187,9,2025-05-01 10:09:19.145080,647.01
1238,663,351,6,2025-01-17 12:58:38.493021,740.34
1239,17,75,9,2025-09-11 16:22:29.547559,3126.42
1240,203,438,5,2025-03-28 09:01:33.833820,1445.8
1241,25,332,6,2025-06-15 14:47:45.215897,671.4
1242,839,444,8,2025-02-03 12:12:56.999465,2567.68
1243,170,403,9,2025-10-02 12:28:26.224358,1227.42
1244,339,13,6,2025-01-01 23:11:29.391737,2461.44
1245,238,8,3,2024-11-29 08:41:00.317858,955.29
1246,655,34,2,2024-12-25 22:11:45.703056,85.14
1247,378,98,4,2025-06-20 22:15:12.988127,1405.32
1248,442,192,8,2025-08-31 23:09:52.866364,2785.6
1249,158,201,2,2025-03-18 09:52:21.083388,936.9
1250,382,167,3,2025-07-20 02:13:37.870004,1238.85
1251,543,104,6,2025-06-19 03:26:05.847949,2450.88
1252,383,215,6,2025-01-09 05:14:28.143259,2168.46
1253,858,16,2,2025-03-11 08:32:41.311583,514.52
1254,21,99,6,2025-10-16 07:54:03.944455,994.08
1255,160,435,4,2025-11-06 21:01:32.292902,537.12
1256,580,305,3,2024-12-18 00:30:27.024618,1109.64
1257,245,494,7,2025-06-18 15:25:38.362546,2846.76
1258,153,141,3,2025-04-25 15:37:55.266730,769.89
1259,991,463,1,2025-02-18 00:21:37.860430,60.93
1260,948,431,4,2025-05-31 04:12:42.553477,1609.24
1261,179,121,6,2025-08-18 02:22:46.911772,955.2
1262,932,278,4,2025-03-31 18:50:49.074086,1186.04
1263,852,275,3,2024-12-30 03:09:01.427187,744.63
1264,128,405,5,2024-12-25 02:17:49.684895,2044.55
1265,430,413,3,2025-08-15 16:44:03.103796,1074.99
1266,312,181,9,2025-04-07 10:57:17.885309,520.56
1267,262,64,8,2025-04-29 13:29:58.817212,2939.92
1268,804,186,7,2025-01-17 10:28:27.617052,1018.22
1269,599,206,8,2025-01-21 16:12:15.276185,3888.88
1270,583,137,5,2025-04-13 00:56:37.828673,2108.25
1271,989,217,2,2025-04-13 17:12:40.679550,943.94
1272,529,180,9,2025-10-02 20:10:06.589577,3211.56
1273,780,499,1,2025-08-16 15:53:51.511011,98.6
1274,685,448,8,2025-01-26 09:49:20.623251,1675.92
1275,328,394,4,2024-12-03 17:33:19.804402,1674.4
1276,211,88,5,2025-02-03 03:47:55.466654,1369.3
1277,31,210,1,2025-09-16 09:36:34.121210,32.81
1278,721,332,5,2025-09-01 20:28:47.945328,559.5
1279,58,334,2,2025-05-20 17:55:54.499322,554.3
1280,290,297,4,2025-07-17 19:32:05.415850,346.76
1281,238,299,8,2024-12-06 17:41:27.548368,1315.44
1282,808,33,9,2025-02-28 07:35:38.760111,3873.96
1283,135,106,7,2025-09-30 06:34:36.463957,1662.71
1284,60,215,2,2025-02-13 08:16:25.284948,722.82
1285,930,127,9,2025-06-07 13:06:49.646266,1395.72
1286,105,224,1,2025-07-10 11:47:07.911892,499.45
1287,441,143,3,2025-09-14 19:11:59.082977,621.78
1288,782,131,4,2024-11-14 03:49:04.093158,521.24
1289,824,95,3,2025-10-24 20:37:06.603906,1205.61
1290,685,466,3,2025-05-19 20:43:10.447338,1157.07
1291,380,376,3,2025-06-11 06:54:21.023968,1198.59
1292,255,134,6,2025-04-22 23:06:32.107458,2448.54
1293,247,246,8,2025-02-15 12:40:45.473261,1102.4
1294,229,441,3,2025-08-10 19:11:17.133390,1460.43
1295,547,344,1,2025-03-12 05:27:35.755851,241.44
1296,449,33,7,2025-09-14 14:14:53.532069,3013.08
1297,161,160,3,2025-11-01 16:28:53.812094,1486.23
1298,458,306,9,2025-04-18 22:36:26.698804,1240.47
1299,562,45,9,2025-04-25 11:47:19.460915,883.71
1300,31,37,4,2025-07-30 01:57:43.170797,531.64
1301,710,338,5,2025-09-18 09:36:07.581467,1566.4
1302,38,500,1,2025-01-31 22:23:13.779789,262.18
1303,893,482,9,2025-08-12 18:41:28.192035,2380.59
1304,710,41,6,2024-11-13 20:00:40.728666,1354.44
1305,109,16,2,2025-09-19 20:27:05.953258,514.52
1306,148,34,7,2025-10-24 10:42:23.454640,297.99
1307,156,91,8,2024-12-15 01:52:49.426690,1996.4
1308,794,149,2,2025-03-06 21:23:06.013721,311.0
1309,785,159,1,2025-05-17 04:54:07.361981,49.0
1310,590,447,4,2025-06-24 05:51:23.957814,67.2
1311,569,415,5,2025-03-28 16:25:54.137668,1378.35
1312,244,230,8,2025-10-21 07:33:47.174714,1763.52
1313,428,244,4,2025-10-15 08:25:25.799626,282.44
1314,746,396,8,2025-02-15 17:04:57.243097,1715.44
1315,267,377,8,2025-09-13 23:39:07.914507,2306.64
1316,897,228,4,2025-03-30 14:43:35.053329,677.08
1317,184,420,9,2025-07-12 20:25:22.094157,2967.48
1318,117,220,3,2025-07-13 03:51:17.835434,578.34
1319,747,303,1,2025-03-09 04:16:40.893620,73.14
1320,475,475,5,2025-10-25 12:19:02.295668,1353.95
1321,740,460,2,2025-03-25 14:07:12.216379,603.84
1322,581,95,3,2025-09-24 16:36:11.014721,1205.61
1323,226,10,7,2025-11-04 17:09:15.869381,906.22
1324,890,271,9,2025-04-23 11:26:50.427524,1681.83
1325,198,278,5,2025-08-25 03:10:46.855799,1482.55
1326,1000,181,5,2025-04-05 05:39:55.837360,289.2
1327,354,456,4,2025-07-25 16:14:55.107600,1475.6
1328,593,55,3,2025-01-30 17:12:00.406194,741.3
1329,123,352,1,2025-04-07 11:07:25.963188,498.45
1330,792,52,6,2025-08-10 10:42:30.927680,2998.26
1331,976,177,2,2025-09-14 07:14:16.760010,162.94
1332,392,199,2,2025-03-29 08:37:44.187914,719.48
1333,928,291,7,2024-12-12 11:07:55.126702,2875.95
1334,835,173,1,2025-04-12 20:17:09.163838,200.59
1335,499,477,3,2025-05-05 07:11:43.899420,1093.38
1336,835,50,7,2025-06-22 07:46:43.887228,3192.56
1337,107,194,9,2025-04-12 08:25:15.612528,804.78
1338,193,229,2,2024-11-20 07:07:23.919633,274.8
1339,8,135,9,2025-05-22 23:42:34.748814,852.84
1340,447,316,6,2025-06-28 00:02:39.411671,2128.26
1341,658,220,4,2025-07-03 00:50:50.938876,771.12
1342,75,178,6,2025-06-23 19:56:26.736481,2805.3
1343,356,415,4,2024-11-20 01:54:18.183486,1102.68
1344,920,227,7,2025-03-21 10:00:39.134984,2697.24
1345,298,151,7,2025-08-04 01:46:23.868079,2551.01
1346,17,200,8,2025-07-18 13:53:04.177546,3658.72
1347,847,346,3,2025-03-13 13:12:06.186079,327.51
1348,449,367,9,2025-01-04 04:55:10.127641,1336.23
1349,703,300,1,2024-11-29 00:17:40.592801,456.88
1350,767,329,6,2025-04-23 14:05:32.714422,2211.54
1351,868,386,3,2025-05-24 19:17:31.966828,1118.76
1352,374,493,8,2025-06-24 10:14:49.801207,2645.04
1353,824,91,9,2025-05-28 18:34:31.232670,2245.95
1354,44,47,7,2025-08-15 14:30:48.219499,2205.7
1355,475,331,8,2024-12-29 17:31:35.348165,3972.48
1356,952,350,7,2025-07-16 09:56:22.663352,3110.45
1357,753,440,4,2025-08-08 11:53:44.800775,1345.92
1358,28,455,4,2024-12-01 11:57:43.741069,568.92
1359,201,426,3,2025-02-13 18:50:47.536209,678.84
1360,914,421,3,2025-10-22 19:35:06.666217,447.09
1361,959,447,7,2025-04-22 18:43:23.826918,117.6
1362,794,315,1,2025-04-23 11:28:55.258584,174.34
1363,844,431,9,2025-06-25 02:43:30.164623,3620.79
1364,414,271,4,2024-11-21 21:18:06.982778,747.48
1365,40,279,9,2024-12-11 04:31:24.945472,1992.96
1366,453,52,6,2025-02-03 16:44:31.160860,2998.26
1367,553,291,3,2025-02-09 07:23:31.740487,1232.55
1368,511,398,8,2025-08-22 21:48:02.140822,618.72
1369,190,245,5,2025-10-22 11:09:55.433980,1549.4
1370,76,248,5,2025-08-28 15:07:11.630020,1445.1
1371,853,396,3,2025-09-19 19:47:39.839088,643.29
1372,406,13,5,2025-10-26 09:49:31.326778,2051.2
1373,734,381,7,2025-10-24 07:47:34.679769,3207.89
1374,67,345,9,2025-10-08 19:33:34.124868,3291.21
1375,129,386,4,2025-01-20 11:54:52.061303,1491.68
1376,825,201,3,2025-09-24 23:05:57.221966,1405.35
1377,665,82,8,2024-11-25 01:03:27.333676,3882.16
1378,377,251,2,2025-05-16 16:59:51.912358,44.12
1379,554,294,8,2025-03-19 20:12:03.207688,926.32
1380,659,362,6,2025-05-09 03:30:39.561631,1191.96
1381,504,247,1,2025-02-26 06:14:17.463489,322.04
1382,422,318,7,2025-02-10 17:09:32.688587,293.58
1383,174,25,3,2025-07-13 14:09:16.467307,578.31
1384,704,54,3,2025-09-01 06:23:04.316305,618.72
1385,612,209,8,2025-01-07 12:02:30.627888,2410.08
1386,445,15,2,2025-08-30 13:00:06.163759,268.88
1387,576,479,7,2025-05-09 19:59:07.083157,2308.74
1388,791,213,3,2025-02-15 06:42:54.950957,302.85
1389,433,248,7,2025-04-11 13:22:55.484958,2023.14
1390,841,222,4,2025-05-07 23:53:17.703444,641.6
1391,384,355,6,2025-08-15 06:10:00.885564,412.44
1392,988,499,6,2025-10-03 21:39:32.350756,591.6
1393,415,351,7,2025-08-25 06:17:36.652264,863.73
1394,927,34,6,2025-02-20 10:26:37.499676,255.42
1395,552,416,2,2025-05-30 19:54:29.617869,99.08
1396,814,441,8,2025-02-17 17:11:50.249520,3894.48
1397,416,487,2,2025-05-19 22:32:00.273414,668.3
1398,916,314,1,2024-12-10 06:25:41.206434,38.82
1399,891,450,7,2024-11-22 04:44:47.082962,2678.9
1400,904,427,8,2025-06-12 09:49:22.672308,3961.76
1401,7,32,6,2025-05-27 11:10:59.454335,1955.7
1402,874,351,1,2025-02-17 01:29:40.831240,123.39
1403,358,366,3,2025-01-04 12:18:57.691588,586.29
1404,663,486,7,2025-09-02 20:42:21.070715,1564.71
1405,449,279,2,2025-06-12 12:43:56.249745,442.88
1406,723,66,7,2025-05-12 23:35:49.862164,1643.88
1407,940,456,5,2024-12-19 09:47:57.703273,1844.5
1408,768,9,6,2025-07-11 11:34:01.520752,2327.04
1409,608,300,7,2024-11-29 16:01:34.762170,3198.16
1410,48,139,2,2024-11-07 14:41:30.697353,121.02
1411,893,124,5,2025-07-17 19:38:00.419278,1615.05
1412,793,411,7,2025-03-21 02:28:10.253736,3314.92
1413,377,404,7,2025-09-17 15:48:57.521149,2096.01
1414,905,327,9,2025-05-20 00:27:45.129215,495.63
1415,75,350,3,2025-03-29 15:52:00.184429,1333.05
1416,252,442,7,2024-11-12 04:48:27.782598,2318.61
1417,44,448,7,2025-03-25 21:08:34.880202,1466.43
1418,347,376,8,2025-10-06 10:48:19.421447,3196.24
1419,584,435,9,2025-03-09 16:54:48.267223,1208.52
1420,838,424,7,2025-04-22 19:33:52.439788,1153.39
1421,422,422,9,2025-03-24 17:21:15.806637,1131.39
1422,130,415,1,2025-01-19 17:58:21.164235,275.67
1423,18,351,8,2025-05-19 12:54:57.181482,987.12
1424,702,432,4,2025-10-31 03:49:20.803814,225.88
1425,96,214,7,2024-12-31 12:23:25.442813,1145.06
1426,859,282,6,2025-08-27 11:40:30.192125,432.42
1427,509,391,4,2025-03-26 20:03:23.012742,1590.76
1428,849,395,1,2025-10-18 04:40:27.335737,169.67
1429,249,285,8,2024-11-20 10:21:49.725816,1250.4
1430,572,170,4,2025-10-16 16:23:37.050584,872.04
1431,18,271,7,2025-01-23 07:28:35.890478,1308.09
1432,456,91,1,2025-08-12 19:09:45.135220,249.55
1433,17,260,7,2025-02-08 09:02:32.832059,3241.14
1434,737,349,3,2025-11-02 21:28:09.851614,1086.42
1435,223,115,1,2025-04-03 06:19:36.588052,317.94
1436,671,459,1,2024-12-26 22:54:44.017899,266.83
1437,170,258,6,2024-11-20 15:45:46.183788,2289.66
1438,39,45,3,2025-06-10 17:34:45.866588,294.57
1439,109,428,6,2025-04-20 20:07:51.840727,1114.14
1440,35,469,7,2025-04-03 23:22:47.568310,1094.87
1441,568,29,6,2025-03-17 10:38:21.943016,1956.66
1442,568,481,6,2025-09-07 07:59:40.970907,404.88
1443,22,332,1,2025-01-20 15:17:43.872318,111.9
1444,357,290,4,2025-10-05 00:05:25.503141,1835.76
1445,474,306,1,2024-12-11 19:02:25.719287,137.83
1446,681,52,9,2024-12-10 21:37:07.121271,4497.39
1447,874,286,3,2025-05-10 05:50:21.889457,1232.82
1448,214,160,8,2025-02-24 16:15:03.978842,3963.28
1449,166,287,4,2025-06-24 11:22:39.249577,1573.4
1450,134,377,6,2025-02-16 05:24:26.141331,1729.98
1451,261,117,2,2025-04-18 14:34:30.447572,328.2
1452,131,155,3,2024-12-02 00:40:39.076635,289.89
1453,497,23,5,2024-12-21 20:34:03.992365,102.75
1454,349,329,7,2025-10-02 16:37:08.588515,2580.13
1455,812,370,2,2025-01-22 21:35:02.223762,781.7
1456,363,367,9,2025-03-18 03:54:30.844536,1336.23
1457,511,3,6,2025-08-02 22:52:10.269383,2243.04
1458,422,21,4,2025-03-14 22:42:58.753314,1645.56
1459,331,283,5,2025-09-16 04:27:46.664892,805.15
1460,939,438,1,2025-01-01 00:58:59.214202,289.16
1461,238,135,9,2025-08-19 13:50:00.293200,852.84
1462,597,23,9,2025-03-19 22:53:24.733531,184.95
1463,464,388,1,2025-08-07 20:29:14.558308,286.47
1464,409,216,4,2024-12-25 08:21:31.991507,703.6
1465,182,290,6,2025-02-20 14:59:08.400028,2753.64
1466,977,429,7,2025-06-16 14:39:34.845813,1586.27
1467,692,118,8,2025-03-21 16:28:11.684678,1762.24
1468,201,228,5,2025-04-07 17:22:31.368632,846.35
1469,388,422,1,2025-06-04 00:02:30.815018,125.71
1470,202,70,8,2025-04-23 01:17:20.005432,3689.12
1471,784,379,4,2025-04-01 05:15:19.992919,1672.88
1472,277,487,7,2025-08-15 21:24:02.091508,2339.05
1473,343,200,5,2024-11-07 09:35:47.570493,2286.7
1474,778,315,4,2025-08-22 08:03:10.339014,697.36
1475,173,137,1,2025-04-01 07:39:44.431827,421.65
1476,347,98,4,2025-09-20 23:34:03.549839,1405.32
1477,853,125,4,2025-03-21 13:07:47.703957,873.92
1478,626,124,7,2025-05-27 22:56:56.307005,2261.07
1479,784,232,7,2025-05-04 17:17:56.538146,2590.35
1480,723,177,2,2025-03-16 19:19:32.711609,162.94
1481,470,368,9,2025-06-21 10:49:13.447725,851.76
1482,585,139,1,2025-05-15 09:55:05.365674,60.51
1483,234,305,8,2025-10-18 09:25:52.296247,2959.04
1484,466,342,6,2025-08-17 11:38:34.121945,993.84
1485,427,296,9,2025-04-18 09:38:57.159544,3326.04
1486,394,346,7,2025-02-27 02:42:11.866868,764.19
1487,626,250,4,2025-06-09 10:49:07.529776,555.68
1488,742,368,5,2024-12-28 03:36:49.081035,473.2
1489,441,150,6,2025-06-20 00:18:05.693454,2635.62
1490,37,97,3,2025-05-10 10:55:29.789241,40.23
1491,380,288,2,2025-03-31 22:53:54.685492,283.18
1492,678,279,8,2025-07-19 07:51:33.275725,1771.52
1493,658,215,2,2025-01-03 08:58:49.084587,722.82
1494,998,121,3,2025-06-08 14:02:30.405627,477.6
1495,903,175,4,2025-04-27 14:41:13.341298,1543.84
1496,266,451,8,2025-04-08 16:52:57.715078,2076.56
1497,973,69,3,2024-12-10 11:10:00.150926,63.75
1498,787,207,6,2025-09-24 03:10:18.755830,1384.74
1499,179,197,7,2025-04-12 19:42:34.524877,2721.81
1500,591,355,5,2025-01-27 22:05:27.293575,343.7
1501,457,199,2,2025-07-22 07:21:08.342331,719.48
1502,943,415,7,2025-10-27 18:45:41.195852,1929.69
1503,448,137,9,2025-01-30 11:10:00.771773,3794.85
1504,701,277,7,2025-06-09 19:50:28.467126,3040.03
1505,585,158,3,2025-10-28 10:04:51.683681,1438.5
1506,118,426,9,2025-07-11 18:23:49.365268,2036.52
1507,767,71,1,2024-11-26 07:43:33.593712,243.52
1508,486,334,3,2025-09-14 16:03:19.622662,831.45
1509,161,316,6,2025-01-25 22:47:38.133475,2128.26
1510,514,369,5,2025-05-07 15:29:42.918160,1788.85
1511,518,286,3,2025-09-26 18:01:53.552112,1232.82
1512,448,42,6,2024-12-31 13:43:37.063384,441.6
1513,233,354,3,2025-09-21 16:32:11.066343,291.15
1514,240,137,6,2025-09-25 15:03:45.623209,2529.9
1515,876,42,6,2025-08-13 18:45:51.706611,441.6
1516,826,465,6,2024-12-29 14:10:21.476889,2007.54
1517,648,419,1,2025-10-05 19:07:28.573341,427.29
1518,493,77,3,2025-03-22 15:26:48.334097,987.78
1519,304,115,3,2024-11-11 01:37:48.905024,953.82
1520,617,483,4,2025-08-22 11:00:31.476734,902.56
1521,842,60,2,2025-06-24 02:11:31.760541,168.1
1522,616,202,8,2025-02-26 09:47:29.165652,1889.12
1523,522,493,1,2025-07-06 18:19:41.147209,330.63
1524,398,104,5,2025-09-09 01:53:52.529496,2042.4
1525,885,13,5,2025-02-22 06:59:27.928056,2051.2
1526,882,189,9,2025-11-04 03:55:22.809670,4207.5
1527,921,196,8,2024-12-02 22:34:38.863251,3997.2
1528,352,61,5,2025-10-25 06:14:12.546517,2166.3
1529,287,192,5,2025-01-05 04:43:45.895518,1741.0
1530,790,218,1,2025-09-17 22:53:13.192325,272.51
1531,54,25,3,2025-02-02 19:16:51.659155,578.31
1532,288,219,8,2025-02-27 21:41:37.919671,1960.8
1533,70,152,6,2025-07-09 18:51:57.704979,117.3
1534,215,299,4,2025-07-30 10:16:28.516548,657.72
1535,40,122,5,2024-11-15 19:04:27.089703,1694.35
1536,172,102,3,2025-07-14 21:44:07.600476,129.42
1537,708,62,3,2025-03-03 11:18:59.174739,212.88
1538,735,252,9,2025-05-21 01:40:19.340816,220.23
1539,26,296,6,2025-02-08 19:41:44.569759,2217.36
1540,970,285,1,2025-01-13 07:17:27.054965,156.3
1541,598,397,6,2025-03-20 07:58:44.612662,2357.76
1542,949,7,4,2025-04-12 22:33:28.001213,1677.32
1543,51,136,3,2025-01-28 06:48:35.052147,285.09
1544,462,201,5,2025-08-23 15:33:22.818431,2342.25
1545,418,145,4,2025-03-22 08:41:06.903532,687.16
1546,83,122,6,2024-11-14 09:24:38.338599,2033.22
1547,165,457,4,2025-10-31 18:03:51.580857,1597.56
1548,520,6,5,2025-05-17 23:47:59.159029,1646.7
1549,543,42,7,2025-05-23 12:26:05.458181,515.2
1550,450,223,7,2025-08-03 09:49:58.854731,175.98
1551,286,260,8,2025-02-21 05:48:07.773017,3704.16
1552,971,199,9,2025-03-29 13:05:47.069146,3237.66
1553,214,471,5,2025-02-10 01:18:51.655183,1458.75
1554,567,376,6,2024-12-28 11:16:52.776596,2397.18
1555,453,181,4,2025-06-05 03:51:34.154729,231.36
1556,173,442,3,2025-08-21 01:52:51.992881,993.69
1557,139,311,3,2025-02-23 16:16:09.712459,1322.82
1558,63,175,7,2025-03-30 13:31:29.614400,2701.72
1559,430,409,4,2025-06-24 03:08:45.354620,186.08
1560,729,172,7,2025-08-19 20:04:00.347873,3042.83
1561,636,195,1,2025-09-23 18:45:26.822106,498.99
1562,834,414,9,2025-03-16 18:44:53.377999,4290.48
1563,914,22,8,2025-08-30 10:35:43.682316,2454.8
1564,638,492,6,2025-08-20 18:34:08.185224,1242.96
1565,843,468,5,2024-12-10 04:29:10.876444,2467.0
1566,596,130,1,2025-06-06 05:17:48.265174,499.72
1567,333,400,6,2025-07-17 13:28:51.267835,1615.08
1568,697,153,2,2025-02-16 02:59:19.741591,877.14
1569,243,365,1,2025-02-11 14:16:15.535684,189.81
1570,466,189,3,2025-02-17 18:17:52.782168,1402.5
1571,289,143,1,2025-06-01 06:04:27.815556,207.26
1572,26,249,7,2024-12-29 02:00:23.718681,1742.23
1573,333,442,1,2025-05-09 23:32:17.790002,331.23
1574,361,338,8,2025-11-05 06:19:25.357623,2506.24
1575,528,42,1,2025-06-19 19:38:24.044120,73.6
1576,634,431,8,2025-06-02 09:31:57.542770,3218.48
1577,717,196,1,2025-07-05 08:14:19.728778,499.65
1578,20,218,7,2024-11-22 13:42:39.395041,1907.57
1579,403,460,8,2025-08-13 04:38:13.803408,2415.36
1580,657,87,3,2025-07-24 02:06:53.904842,375.9
1581,738,15,5,2025-05-14 13:28:43.193051,672.2
1582,930,434,5,2025-08-09 05:39:49.925991,2298.3
1583,62,242,6,2025-03-07 03:29:44.469972,89.4
1584,580,63,5,2025-08-06 22:56:04.480025,669.2
1585,862,84,2,2024-12-25 23:44:52.976357,546.28
1586,546,396,2,2025-01-13 14:51:56.200269,428.86
1587,897,52,9,2025-09-11 09:40:04.046628,4497.39
1588,393,303,8,2025-05-04 06:31:37.137535,585.12
1589,86,162,8,2024-12-18 13:02:23.163011,2624.56
1590,121,431,8,2025-09-18 05:01:25.377950,3218.48
1591,848,390,3,2025-10-04 01:13:22.979705,1288.65
1592,238,317,8,2025-02-18 14:43:01.246579,3442.16
1593,570,486,5,2025-01-05 04:15:10.465516,1117.65
1594,595,346,9,2025-04-30 07:25:11.789987,982.53
1595,853,393,6,2025-07-07 07:00:02.519238,2527.14
1596,403,83,4,2025-01-16 17:56:05.430615,1287.92
1597,181,326,6,2024-12-13 08:40:06.692611,1771.44
1598,723,341,9,2025-04-02 14:27:05.452797,2035.71
1599,114,305,3,2025-10-27 00:59:13.605018,1109.64
1600,437,104,7,2025-08-17 16:47:55.146540,2859.36
1601,250,129,4,2024-12-24 05:40:46.293357,310.6
1602,543,196,2,2025-01-04 18:42:24.733511,999.3
1603,766,273,3,2025-07-26 15:54:44.794406,636.24
1604,873,186,6,2025-01-13 00:45:43.421189,872.76
1605,184,284,4,2025-08-21 09:41:23.802474,280.88
1606,330,473,2,2024-12-24 23:35:12.645452,408.94
1607,882,57,2,2025-07-01 11:48:53.971604,265.46
1608,487,451,9,2024-12-03 06:46:56.443460,2336.13
1609,550,299,9,2025-04-04 10:03:07.285924,1479.87
1610,567,464,4,2025-05-16 11:58:37.700606,48.6
1611,85,63,7,2025-05-20 12:31:58.658119,936.88
1612,493,91,2,2025-03-26 12:21:51.641723,499.1
1613,399,212,8,2024-12-24 22:50:51.906442,2193.36
1614,700,102,1,2025-02-18 09:37:40.889299,43.14
1615,614,38,9,2024-11-21 04:13:07.628947,2002.32
1616,810,368,3,2025-03-13 06:20:30.777858,283.92
1617,250,249,5,2024-12-12 10:17:50.033276,1244.45
1618,900,428,4,2025-03-06 00:00:36.781510,742.76
1619,436,427,3,2024-11-12 03:22:14.261800,1485.66
1620,205,116,4,2025-04-23 18:41:37.170685,676.24
1621,509,405,9,2025-10-12 13:18:53.417470,3680.19
1622,3,31,2,2025-09-22 08:40:54.030398,885.38
1623,356,167,2,2025-01-08 00:40:13.718395,825.9
1624,929,73,3,2025-09-25 08:12:08.048962,1136.25
1625,230,161,5,2025-10-26 23:39:18.559543,478.9
1626,942,315,9,2025-07-20 17:18:42.569383,1569.06
1627,125,303,9,2025-02-07 14:40:00.169923,658.26
1628,521,176,8,2025-09-21 09:53:05.118759,805.12
1629,453,455,6,2025-02-07 07:36:30.016983,853.38
1630,771,126,7,2024-12-02 13:47:55.962554,2849.56
1631,630,280,2,2025-08-24 15:07:27.215657,609.4
1632,472,165,6,2025-04-21 13:03:28.120315,1890.9
1633,958,297,1,2025-03-22 02:12:13.871261,86.69
1634,466,389,8,2025-01-28 23:46:43.915505,2636.96
1635,391,113,8,2024-11-07 22:52:02.645389,1643.28
1636,70,135,8,2025-06-19 02:46:28.649049,758.08
1637,848,469,7,2025-05-08 19:12:48.740324,1094.87
1638,959,429,3,2025-09-10 02:14:20.422054,679.83
1639,332,150,2,2025-08-23 17:50:38.202060,878.54
1640,82,116,5,2025-03-25 04:52:48.313802,845.3
1641,878,236,3,2025-03-06 11:31:54.585743,329.91
1642,9,414,9,2025-07-04 02:31:50.514019,4290.48
1643,792,89,4,2025-04-27 01:54:22.925286,1705.24
1644,343,281,6,2025-07-13 17:15:32.115922,2578.08
1645,601,491,2,2025-06-09 20:46:12.683769,583.26
1646,538,216,4,2024-12-09 14:19:30.634773,703.6
1647,887,134,1,2025-10-06 13:02:54.386156,408.09
1648,455,84,8,2024-12-10 13:37:48.362995,2185.12
1649,211,426,9,2025-04-11 23:23:40.379989,2036.52
1650,338,92,1,2025-09-21 21:06:04.281534,23.74
1651,117,486,1,2025-03-21 07:28:08.246564,223.53
1652,451,187,5,2025-01-30 05:39:25.113191,359.45
1653,253,484,6,2025-08-04 10:45:32.063220,968.76
1654,383,282,8,2024-11-10 19:34:03.659823,576.56
1655,576,80,9,2025-02-02 04:42:33.931551,3082.14
1656,784,399,9,2025-02-16 03:31:16.413502,917.91
1657,479,327,4,2024-12-14 20:00:45.278348,220.28
1658,738,362,4,2025-02-18 21:39:46.701946,794.64
1659,6,108,3,2025-04-07 10:49:05.928711,376.86
1660,1000,470,8,2025-03-08 05:34:49.629452,3002.0
1661,154,187,7,2025-03-16 18:29:44.242891,503.23
1662,571,58,7,2025-06-29 01:11:08.262298,2993.62
1663,123,164,9,2025-06-09 07:03:35.455879,1178.91
1664,724,240,1,2025-01-24 04:49:55.987954,319.14
1665,103,376,6,2025-07-15 23:42:36.355683,2397.18
1666,804,221,4,2025-08-11 14:15:00.289468,1762.28
1667,8,139,5,2025-01-01 00:32:26.508077,302.55
1668,208,238,2,2024-11-07 09:19:34.377664,735.54
1669,406,467,8,2025-01-15 02:21:54.658684,446.72
1670,45,491,4,2025-07-18 21:51:16.242796,1166.52
1671,530,94,3,2025-08-22 02:57:00.992600,520.83
1672,451,468,5,2025-04-30 11:45:28.623304,2467.0
1673,476,437,5,2024-12-06 04:29:15.096655,719.7
1674,907,159,2,2025-06-02 18:30:12.708877,98.0
1675,756,94,9,2025-08-10 18:08:55.798787,1562.49
1676,774,469,3,2025-04-10 21:49:19.266979,469.23
1677,50,49,8,2025-08-31 11:30:09.638306,2814.0
1678,813,483,7,2024-11-22 23:26:59.187978,1579.48
1679,773,424,7,2024-12-07 19:27:47.948180,1153.39
1680,606,212,4,2025-02-27 16:38:10.185601,1096.68
1681,651,251,7,2025-06-03 04:05:28.925204,154.42
1682,646,450,5,2025-09-03 17:53:15.734103,1913.5
1683,290,281,8,2024-11-16 01:06:58.116798,3437.44
1684,804,134,5,2025-03-21 17:05:12.649284,2040.45
1685,508,291,8,2025-08-23 22:40:33.909139,3286.8
1686,956,12,4,2025-08-22 00:14:22.573695,274.6
1687,65,340,1,2025-01-25 23:26:31.935633,271.79
1688,106,385,7,2024-12-04 17:13:03.981443,335.72
1689,123,94,7,2025-06-14 02:20:47.473572,1215.27
1690,496,443,4,2025-05-22 20:42:10.110611,1470.56
1691,2,67,1,2025-10-08 01:53:08.501061,375.64
1692,599,442,2,2025-05-18 13:09:50.115830,662.46
1693,556,430,6,2025-03-29 15:14:30.821863,1387.68
1694,638,443,1,2024-12-09 06:44:38.072751,367.64
1695,342,253,7,2025-08-02 21:06:28.023561,1606.43
1696,438,77,2,2025-09-17 17:49:07.350225,658.52
1697,66,127,8,2025-01-19 09:03:29.584586,1240.64
1698,624,364,2,2025-09-17 09:36:15.879076,665.34
1699,265,20,1,2025-03-23 18:29:41.051311,91.56
1700,767,496,2,2024-12-27 18:03:57.576238,285.18
1701,650,295,9,2025-07-23 17:39:53.904298,2254.95
1702,589,127,5,2025-07-16 14:40:21.642254,775.4
1703,861,251,3,2025-08-09 08:25:55.484755,66.18
1704,885,103,1,2025-08-01 09:41:14.308178,122.91
1705,352,239,8,2025-07-06 15:41:15.194378,280.0
1706,271,220,3,2025-10-11 08:44:42.201713,578.34
1707,902,382,5,2025-01-30 06:15:25.228511,741.55
1708,790,123,1,2025-07-31 14:49:32.518705,233.9
1709,87,208,6,2025-08-04 05:10:50.727509,2893.74
1710,552,248,4,2025-05-21 00:12:46.807709,1156.08
1711,138,377,7,2025-10-31 16:27:16.962190,2018.31
1712,981,37,5,2025-07-09 14:33:31.786184,664.55
1713,454,161,9,2025-08-22 00:15:58.412248,862.02
1714,824,154,5,2025-02-19 15:19:59.989868,147.35
1715,812,344,5,2025-04-05 08:51:47.992263,1207.2
1716,405,241,2,2025-03-18 13:24:36.742629,780.06
1717,333,44,4,2025-01-17 20:52:40.145103,224.52
1718,434,155,5,2025-01-06 00:22:44.648741,483.15
1719,199,27,9,2025-03-23 12:10:27.408251,4392.45
1720,11,490,9,2025-08-21 15:18:23.551412,2712.33
1721,294,300,7,2025-03-25 07:52:37.999421,3198.16
1722,817,453,4,2025-05-01 21:18:48.708427,345.92
1723,966,290,6,2025-08-16 17:17:36.167904,2753.64
1724,431,339,5,2025-09-05 03:14:09.753855,866.1
1725,777,214,8,2025-02-24 04:13:30.668654,1308.64
1726,468,73,8,2025-10-03 06:07:19.309868,3030.0
1727,73,148,2,2025-05-30 04:10:27.280337,393.18
1728,72,328,9,2025-10-12 02:32:41.427692,1371.33
1729,351,74,1,2025-10-27 17:21:37.030834,402.0
1730,678,171,6,2025-09-26 09:40:24.865152,1655.4
1731,567,435,1,2025-03-18 02:03:09.028845,134.28
1732,957,316,3,2025-10-07 05:52:53.778022,1064.13
1733,371,159,9,2024-11-28 03:51:29.504921,441.0
1734,835,430,1,2024-11-08 05:44:00.354940,231.28
1735,153,183,8,2024-12-11 03:10:13.169842,2795.44
1736,506,159,2,2024-11-18 19:42:52.364825,98.0
1737,951,46,9,2025-01-18 21:50:31.823775,234.18
1738,872,177,3,2025-06-12 03:51:15.135940,244.41
1739,565,384,4,2025-03-27 00:04:10.983888,627.16
1740,945,100,6,2025-05-31 00:24:09.291601,2638.56
1741,67,61,4,2025-09-20 01:22:52.624591,1733.04
1742,638,500,6,2025-02-24 21:51:58.893610,1573.08
1743,457,464,8,2025-03-24 04:32:53.040809,97.2
1744,507,106,9,2025-09-23 22:26:02.070471,2137.77
1745,551,241,6,2025-07-27 12:29:35.695004,2340.18
1746,62,231,1,2025-02-28 18:23:49.604578,499.27
1747,747,131,7,2025-05-06 13:39:53.347862,912.17
1748,417,468,8,2025-04-05 00:55:24.847530,3947.2
1749,426,115,8,2025-04-28 16:26:44.454388,2543.52
1750,815,263,4,2025-08-24 19:08:58.759093,916.68
1751,997,349,1,2025-02-17 17:24:04.220894,362.14
1752,637,141,2,2025-11-01 07:47:10.025120,513.26
1753,281,467,7,2025-04-29 02:56:04.243391,390.88
1754,796,36,2,2024-11-29 02:55:44.348281,289.46
1755,354,443,1,2025-05-03 00:47:27.799643,367.64
1756,469,191,7,2024-12-26 16:40:47.120985,323.68
1757,885,285,4,2025-02-11 00:35:49.553178,625.2
1758,531,12,1,2024-12-04 10:51:04.107997,68.65
1759,710,333,3,2025-08-28 14:50:03.322542,611.43
1760,612,179,2,2025-01-01 20:09:56.548215,82.16
1761,826,306,3,2025-10-26 11:01:00.068739,413.49
1762,757,286,8,2024-11-24 19:54:24.991448,3287.52
1763,221,271,4,2024-11-30 02:14:42.460711,747.48
1764,359,298,5,2025-06-18 21:07:52.797303,1595.65
1765,65,448,6,2025-03-31 08:38:28.449311,1256.94
1766,798,473,7,2025-01-25 03:40:20.047083,1431.29
1767,379,352,6,2025-10-14 09:38:08.129552,2990.7
1768,564,411,7,2024-12-07 14:50:35.843357,3314.92
1769,175,239,1,2025-07-03 10:01:54.775567,35.0
1770,674,474,7,2025-07-12 05:35:58.285670,2377.97
1771,353,405,7,2025-07-26 01:11:15.703499,2862.37
1772,731,254,4,2025-11-04 02:19:28.276649,884.08
1773,644,437,8,2025-06-02 06:55:55.630822,1151.52
1774,776,420,1,2025-04-21 10:55:08.051495,329.72
1775,106,340,4,2025-10-21 13:35:45.364239,1087.16
1776,507,65,2,2025-03-08 08:01:09.164659,334.56
1777,328,175,8,2025-09-24 02:31:47.035178,3087.68
1778,279,262,5,2025-09-02 20:55:14.201419,2446.6
1779,36,14,5,2025-10-07 02:40:07.532449,228.5
1780,724,69,5,2025-07-01 17:19:40.787310,106.25
1781,709,462,9,2025-04-12 06:32:53.613263,4125.42
1782,50,481,8,2025-07-11 02:06:31.829686,539.84
1783,97,467,4,2025-10-09 09:09:32.018569,223.36
1784,118,46,6,2025-08-21 06:20:23.578594,156.12
1785,131,185,4,2025-01-19 15:48:36.535962,1366.8
1786,701,34,2,2024-11-19 02:20:59.220259,85.14
1787,362,116,1,2025-05-23 05:31:18.222270,169.06
1788,936,295,9,2025-07-14 18:50:18.300867,2254.95
1789,526,378,4,2025-10-29 00:37:16.344639,1870.48
1790,897,370,9,2025-05-01 03:38:30.867636,3517.65
1791,346,5,1,2025-05-08 13:50:18.104492,194.51
1792,774,4,6,2025-09-26 08:00:04.726673,1789.68
1793,98,470,7,2025-01-30 14:20:13.034838,2626.75
1794,437,274,7,2025-02-03 16:14:41.275748,942.83
1795,850,53,6,2025-07-08 05:53:06.310409,99.36
1796,124,140,7,2024-12-05 14:32:27.598057,2531.2
1797,933,41,3,2025-07-02 22:34:50.033663,677.22
1798,325,344,7,2025-08-15 03:26:27.608309,1690.08
1799,185,2,6,2025-09-12 17:31:58.799721,2673.18
1800,850,443,6,2025-10-04 23:12:50.041235,2205.84
1801,476,9,3,2025-08-19 13:24:18.331414,1163.52
1802,859,29,2,2025-08-15 11:16:08.923454,652.22
1803,218,297,9,2025-06-29 23:01:17.589848,780.21
1804,21,41,1,2025-10-03 18:14:23.485644,225.74
1805,157,334,2,2025-07-06 22:01:04.339545,554.3
1806,325,289,3,2025-01-09 15:04:07.222542,1007.88
1807,88,460,7,2024-12-21 22:53:30.845735,2113.44
1808,43,153,2,2025-03-17 02:32:45.440018,877.14
1809,822,92,8,2025-01-26 16:21:13.210082,189.92
1810,828,421,5,2025-01-10 08:23:44.670784,745.15
1811,55,499,1,2024-11-26 20:09:12.640170,98.6
1812,668,224,8,2025-05-15 14:47:17.402681,3995.6
1813,846,450,6,2025-05-29 20:46:09.492498,2296.2
1814,194,461,6,2025-03-31 03:29:58.333666,1789.38
1815,616,462,6,2025-09-25 06:46:49.921084,2750.28
1816,972,342,6,2025-08-21 19:27:35.968618,993.84
1817,18,458,5,2025-10-14 20:06:08.333245,66.7
1818,974,110,3,2025-05-31 07:50:35.719231,1438.14
1819,351,217,3,2025-04-20 17:27:06.547050,1415.91
1820,300,324,8,2025-10-01 19:52:17.173637,2364.0
1821,517,251,7,2025-10-25 08:25:51.501104,154.42
1822,309,303,2,2024-11-26 02:12:49.875321,146.28
1823,41,111,9,2025-02-11 04:54:33.305211,4006.62
1824,326,342,1,2024-12-04 03:59:34.110703,165.64
1825,425,242,4,2024-12-05 12:01:06.358072,59.6
1826,34,152,6,2025-09-13 05:55:13.160064,117.3
1827,769,463,7,2025-02-26 05:02:32.740603,426.51
1828,527,160,1,2025-07-11 10:15:39.376413,495.41
1829,678,428,1,2024-12-15 06:32:59.727257,185.69
1830,473,328,1,2024-11-26 19:30:31.003359,152.37
1831,156,183,9,2025-10-31 12:46:01.729607,3144.87
1832,257,278,1,2025-03-04 05:44:41.124423,296.51
1833,381,243,4,2025-06-18 16:29:03.406239,926.64
1834,283,193,1,2025-01-07 22:25:37.941985,52.41
1835,457,43,4,2025-02-27 15:13:49.128878,1435.32
1836,498,304,1,2025-11-01 06:03:51.491098,436.52
1837,470,25,8,2024-12-06 19:18:23.388417,1542.16
1838,787,414,7,2025-05-18 19:26:41.356691,3337.04
1839,206,120,7,2025-02-23 03:14:39.753079,97.65
1840,497,446,4,2025-09-30 03:32:51.861354,557.12
1841,581,143,6,2025-06-23 07:39:01.196417,1243.56
1842,158,428,3,2025-01-11 12:24:09.014038,557.07
1843,541,384,1,2025-04-09 10:02:20.698304,156.79
1844,630,134,8,2025-10-19 10:42:12.234425,3264.72
1845,838,149,3,2025-05-24 00:36:42.580902,466.5
1846,676,439,6,2025-01-27 02:15:39.715802,2618.16
1847,973,486,3,2025-05-17 19:45:18.313732,670.59
1848,130,395,4,2024-12-02 21:33:06.341574,678.68
1849,936,251,1,2025-03-16 14:33:01.701553,22.06
1850,129,24,3,2025-04-06 18:09:31.664359,912.45
1851,94,369,3,2025-03-17 18:56:56.176829,1073.31
1852,120,174,2,2025-09-13 22:31:57.292930,506.14
1853,701,495,4,2025-08-14 03:48:14.401432,272.68
1854,990,211,6,2025-04-15 14:34:14.676330,2695.5
1855,865,482,2,2025-01-02 20:02:28.005244,529.02
1856,639,96,8,2025-02-05 05:34:05.791906,1217.76
1857,121,318,5,2025-05-08 19:35:26.988710,209.7
1858,739,179,6,2024-12-21 22:13:23.255566,246.48
1859,698,346,6,2025-05-17 12:46:48.888961,655.02
1860,900,325,9,2025-07-12 22:23:18.574288,3164.31
1861,257,360,5,2025-07-09 15:46:09.971324,1891.3
1862,714,364,5,2025-05-20 01:38:57.925804,1663.35
1863,655,483,5,2025-03-11 22:09:33.009098,1128.2
1864,857,159,4,2025-01-24 07:12:58.724589,196.0
1865,398,155,9,2025-11-05 07:03:13.576198,869.67
1866,365,4,7,2025-06-13 16:21:44.165920,2087.96
1867,428,280,5,2025-01-16 17:22:55.266781,1523.5
1868,271,410,7,2025-02-14 00:22:39.954877,3309.74
1869,677,73,8,2025-01-12 18:37:58.132783,3030.0
1870,19,106,3,2025-08-05 11:44:29.373196,712.59
1871,164,399,8,2025-09-22 04:08:33.977754,815.92
1872,733,489,8,2025-07-13 04:09:38.535536,2196.96
1873,903,295,2,2025-02-03 03:24:41.856917,501.1
1874,266,207,7,2025-07-09 18:44:03.313231,1615.53
1875,703,381,5,2025-03-19 12:00:23.135542,2291.35
1876,890,35,6,2025-09-22 22:29:09.764709,1427.28
1877,210,460,9,2025-06-15 04:24:11.083317,2717.28
1878,317,276,6,2025-06-03 10:36:49.546840,117.3
1879,577,248,2,2025-02-21 08:54:25.718016,578.04
1880,930,193,8,2025-09-11 22:23:01.251919,419.28
1881,61,124,9,2025-08-21 22:12:33.780807,2907.09
1882,29,27,4,2025-04-29 13:28:34.924961,1952.2
1883,182,316,9,2025-07-12 23:31:59.718365,3192.39
1884,511,404,6,2025-10-03 09:45:54.637170,1796.58
1885,491,228,4,2025-03-21 10:53:32.113113,677.08
1886,652,422,2,2024-12-10 08:21:07.770696,251.42
1887,491,348,4,2025-06-06 09:33:21.032957,1018.88
1888,914,317,9,2025-01-25 13:51:37.795067,3872.43
1889,719,430,9,2025-08-15 01:16:59.026275,2081.52
1890,475,106,4,2025-02-04 05:58:23.048183,950.12
1891,136,446,4,2025-06-25 21:53:01.299435,557.12
1892,550,348,8,2025-10-18 20:14:44.122196,2037.76
1893,151,149,4,2024-12-19 08:29:39.331847,622.0
1894,578,260,2,2025-01-18 05:00:03.282093,926.04
1895,298,306,7,2025-05-02 09:30:17.886774,964.81
1896,624,170,5,2025-01-24 14:29:56.541368,1090.05
1897,859,315,8,2025-08-04 01:57:46.578537,1394.72
1898,959,198,3,2025-07-23 13:16:23.958153,292.74
1899,456,109,6,2025-09-26 22:22:43.236009,1606.08
1900,349,208,5,2025-01-19 05:04:54.218213,2411.45
1901,261,182,7,2024-12-28 13:33:37.255116,2404.92
1902,985,54,1,2025-07-15 22:28:53.972891,206.24
1903,1,306,1,2025-03-21 02:59:49.268910,137.83
1904,474,23,7,2024-12-11 07:19:39.308157,143.85
1905,922,327,5,2025-10-27 06:48:56.548598,275.35
1906,96,27,8,2025-08-02 18:45:08.100150,3904.4
1907,886,118,3,2025-04-18 12:52:05.444251,660.84
1908,214,174,3,2025-05-11 00:44:54.293997,759.21
1909,628,420,2,2025-05-03 17:26:57.683019,659.44
1910,857,164,4,2025-04-05 06:36:38.623759,523.96
1911,43,192,7,2025-06-27 22:30:52.423412,2437.4
1912,682,417,8,2024-11-09 02:23:49.732329,1152.56
1913,827,441,1,2025-07-11 02:36:41.036245,486.81
1914,907,308,1,2025-06-19 01:18:27.863724,454.22
1915,176,362,4,2025-02-04 09:50:35.848367,794.64
1916,751,358,1,2025-06-20 07:47:41.719424,45.99
1917,860,485,5,2025-04-04 13:52:57.784227,661.35
1918,219,83,8,2024-11-16 13:59:40.354782,2575.84
1919,526,457,2,2025-03-09 23:18:09.416801,798.78
1920,749,404,8,2025-07-24 22:22:07.046023,2395.44
1921,934,260,7,2025-01-22 10:18:14.780222,3241.14
1922,67,140,5,2025-10-28 23:39:25.289053,1808.0
1923,184,225,3,2024-12-28 04:39:57.014102,776.34
1924,220,103,4,2025-08-30 15:36:48.786065,491.64
1925,370,335,4,2025-04-02 05:29:02.865088,1728.04
1926,340,259,3,2025-03-09 09:01:13.328191,899.76
1927,484,44,6,2025-05-08 06:49:36.438585,336.78
1928,89,355,4,2025-04-16 21:34:16.009687,274.96
1929,320,196,2,2025-09-15 23:01:09.142922,999.3
1930,448,28,4,2025-08-06 18:42:31.749574,502.2
1931,562,36,5,2025-04-05 09:32:15.455322,723.65
1932,972,293,1,2025-10-10 14:24:09.644328,157.69
1933,938,360,1,2025-06-29 15:27:30.766568,378.26
1934,238,81,7,2025-11-03 21:05:48.828737,2588.04
1935,52,243,4,2025-06-24 04:26:54.724074,926.64
1936,850,10,6,2025-03-30 22:31:47.727260,776.76
1937,580,225,9,2024-12-15 02:10:27.730901,2329.02
1938,947,50,3,2025-08-01 08:11:19.480649,1368.24
1939,894,370,8,2025-05-17 11:09:13.181661,3126.8
1940,710,354,8,2025-05-06 13:57:40.636392,776.4
1941,570,228,8,2025-08-29 16:52:49.794734,1354.16
1942,108,31,4,2025-01-15 18:34:25.775975,1770.76
1943,106,121,4,2025-03-12 13:30:53.118021,636.8
1944,27,450,6,2025-02-07 14:46:29.996976,2296.2
1945,892,187,2,2025-10-11 10:42:41.931791,143.78
1946,324,389,7,2025-02-26 01:54:04.954277,2307.34
1947,510,80,2,2025-04-24 21:13:51.977908,684.92
1948,807,142,6,2025-09-26 14:31:00.607420,1823.16
1949,278,255,9,2025-01-29 05:34:54.160971,2259.99
1950,297,288,6,2025-04-29 18:20:26.164925,849.54
1951,84,275,7,2025-10-14 20:18:07.610778,1737.47
1952,212,107,9,2025-06-07 05:56:39.804330,2563.47
1953,682,314,3,2025-10-28 08:22:53.263227,116.46
1954,692,427,9,2025-02-04 17:32:18.307312,4456.98
1955,12,250,3,2025-04-21 14:34:30.868525,416.76
1956,419,16,9,2024-12-30 09:28:56.375445,2315.34
1957,190,61,1,2025-05-02 03:43:54.989781,433.26
1958,725,60,7,2025-11-01 23:15:11.846252,588.35
1959,970,491,9,2025-03-29 09:55:18.516362,2624.67
1960,414,407,4,2025-11-02 13:32:57.272252,571.64
1961,352,427,3,2025-03-18 04:32:12.193197,1485.66
1962,377,82,1,2025-08-12 18:04:43.360815,485.27
1963,915,482,9,2025-11-01 17:20:06.317326,2380.59
1964,718,391,9,2025-03-27 11:07:06.939418,3579.21
1965,812,151,2,2025-05-20 01:08:41.922980,728.86
1966,270,64,1,2025-07-09 09:36:22.157724,367.49
1967,259,335,9,2025-04-27 01:52:01.704864,3888.09
1968,342,50,3,2025-04-20 23:02:38.281100,1368.24
1969,732,279,5,2025-03-22 13:46:19.712013,1107.2
1970,200,96,5,2025-01-13 21:43:51.904934,761.1
1971,179,83,8,2025-07-12 09:52:42.961857,2575.84
1972,212,328,1,2025-11-01 09:01:10.395624,152.37
1973,115,459,1,2025-07-13 08:45:31.406729,266.83
1974,638,333,6,2025-01-10 06:25:26.166838,1222.86
1975,779,236,3,2024-12-25 22:19:32.155198,329.91
1976,982,147,2,2025-08-14 16:27:46.251168,439.18
1977,340,190,7,2025-09-30 10:24:06.273588,1022.7
1978,196,478,8,2025-10-10 21:19:05.376198,955.52
1979,951,230,1,2025-01-19 19:37:20.280331,220.44
1980,500,453,8,2025-09-27 17:27:02.935155,691.84
1981,537,76,3,2025-01-19 00:39:16.177425,1007.31
1982,31,37,6,2025-01-07 06:48:32.650231,797.46
1983,8,315,6,2025-08-30 22:24:17.997150,1046.04
1984,548,457,7,2025-04-03 07:45:28.239700,2795.73
1985,820,340,5,2025-07-24 17:23:16.052741,1358.95
1986,693,255,7,2025-10-31 13:25:25.078318,1757.77
1987,812,365,1,2025-02-16 20:24:58.126715,189.81
1988,219,128,4,2024-12-25 07:15:22.088984,1526.68
1989,706,464,8,2025-01-16 14:27:57.546207,97.2
1990,345,218,9,2025-07-28 17:41:10.805114,2452.59
1991,612,169,9,2025-10-08 01:04:32.606776,547.38
1992,907,198,3,2025-04-12 20:18:38.130938,292.74
1993,636,320,6,2025-03-03 15:02:24.451666,2784.84
1994,127,494,2,2024-11-26 16:40:18.007526,813.36
1995,158,32,1,2024-12-13 10:59:51.420164,325.95
1996,238,70,4,2025-04-22 06:49:16.128221,1844.56
1997,501,144,4,2025-07-16 17:45:37.518007,1686.12
1998,12,399,2,2025-07-03 12:39:29.856017,203.98
1999,558,84,6,2024-11-22 17:08:47.246102,1638.84
2000,243,253,5,2025-04-08 15:49:28.211450,1147.45
2001,96,259,8,2025-02-03 02:47:58.013871,2399.36
2002,503,481,7,2025-10-16 17:37:44.605567,472.36
2003,86,49,1,2025-08-14 11:19:41.322977,351.75
2004,848,370,2,2025-01-20 14:47:29.930705,781.7
2005,751,391,7,2025-10-06 06:38:31.557820,2783.83
2006,536,197,2,2025-10-04 21:22:01.715100,777.66
2007,44,438,3,2025-06-23 13:26:43.557672,867.48
2008,989,33,4,2025-01-11 10:34:23.162481,1721.76
2009,285,440,2,2025-06-13 10:22:40.688627,672.96
2010,181,276,3,2025-09-29 19:10:28.218594,58.65
2011,749,445,6,2025-02-28 13:52:28.650621,2124.9
2012,472,241,4,2025-03-28 21:14:44.482819,1560.12
2013,407,410,6,2025-10-12 01:49:06.586818,2836.92
2014,742,155,9,2025-05-21 06:32:58.077242,869.67
2015,785,421,4,2025-09-19 13:21:24.987128,596.12
2016,494,305,5,2025-07-24 23:54:04.895761,1849.4
2017,691,63,1,2025-08-13 04:58:59.364029,133.84
2018,204,219,7,2024-12-13 12:33:31.037728,1715.7
2019,606,393,7,2025-10-18 02:52:15.076485,2948.33
2020,625,258,3,2025-03-12 10:14:25.445762,1144.83
2021,257,461,1,2025-05-19 09:42:44.363642,298.23
2022,476,435,1,2025-05-13 12:33:13.168869,134.28
2023,927,352,8,2025-04-25 12:33:14.959935,3987.6
2024,531,195,7,2024-12-16 03:54:19.170671,3492.93
2025,640,326,9,2025-04-22 15:13:03.334934,2657.16
2026,563,401,4,2024-12-11 19:23:54.543587,1431.72
2027,164,378,9,2025-09-27 09:51:27.922600,4208.58
2028,625,188,1,2025-09-18 23:51:02.121866,443.15
2029,875,256,7,2024-11-24 19:07:03.531720,2481.15
2030,348,2,5,2025-02-23 19:49:59.613770,2227.65
2031,245,28,3,2025-07-21 04:51:08.144397,376.65
2032,786,144,1,2025-02-08 19:08:18.323118,421.53
2033,417,255,2,2025-05-22 03:25:07.101973,502.22
2034,168,327,6,2025-01-14 10:55:25.706325,330.42
2035,748,142,2,2024-12-29 09:48:20.271467,607.72
2036,898,180,5,2025-02-20 21:21:12.736641,1784.2
2037,249,449,5,2025-10-08 15:21:09.199321,963.3
2038,603,158,6,2025-10-14 19:44:39.675170,2877.0
2039,625,252,6,2025-02-10 10:09:21.397534,146.82
2040,23,287,8,2025-07-08 03:39:39.849929,3146.8
2041,5,431,5,2024-11-06 20:39:54.149661,2011.55
2042,455,394,7,2025-04-04 15:49:59.499235,2930.2
2043,834,357,6,2025-07-13 21:27:25.317142,1071.6
2044,440,242,8,2024-11-24 18:53:03.162936,119.2
2045,260,61,4,2025-01-03 04:45:33.232579,1733.04
2046,602,291,5,2024-11-16 03:24:03.493199,2054.25
2047,258,140,8,2025-01-11 11:48:57.523881,2892.8
2048,912,83,3,2025-05-27 06:15:06.680578,965.94
2049,478,438,8,2025-01-26 06:09:45.637190,2313.28
2050,827,250,7,2025-06-03 15:17:23.465365,972.44
2051,758,269,9,2025-10-19 12:44:16.124433,3607.56
2052,634,399,8,2025-03-09 20:11:46.906424,815.92
2053,124,46,8,2024-12-07 05:54:45.012877,208.16
2054,715,96,1,2025-09-22 15:28:31.432459,152.22
2055,793,170,1,2025-08-30 20:24:18.121948,218.01
2056,478,424,6,2025-10-29 14:01:37.288587,988.62
2057,709,66,6,2025-03-18 16:07:26.130391,1409.04
2058,863,421,1,2025-07-19 00:10:43.153849,149.03
2059,250,432,8,2025-10-30 23:30:05.753328,451.76
2060,808,328,3,2024-12-24 11:16:42.883640,457.11
2061,6,179,6,2024-11-25 14:47:02.357533,246.48
2062,163,232,1,2025-05-30 01:02:54.342207,370.05
2063,245,402,4,2025-09-19 00:03:12.863974,137.6
2064,222,471,9,2024-11-21 12:32:24.576404,2625.75
2065,239,226,3,2025-09-30 00:57:56.409112,778.83
2066,95,244,2,2025-10-19 18:29:08.194640,141.22
2067,401,338,9,2025-10-30 20:16:00.674495,2819.52
2068,754,315,1,2025-04-23 07:14:11.419362,174.34
2069,364,420,9,2024-12-02 16:52:48.394958,2967.48
2070,967,401,5,2025-01-09 13:18:32.398810,1789.65
2071,617,474,2,2025-06-09 15:22:44.036751,679.42
2072,515,213,2,2025-04-03 05:28:21.106141,201.9
2073,446,35,8,2024-11-11 22:54:28.293933,1903.04
2074,350,39,8,2025-06-28 07:15:57.558846,1488.08
2075,728,353,2,2025-06-04 14:14:16.106329,502.24
2076,942,146,7,2025-03-31 06:10:44.676542,241.29
2077,353,12,6,2025-10-29 17:13:26.494139,411.9
2078,75,232,6,2025-03-09 05:21:59.545286,2220.3
2079,378,415,9,2025-07-11 13:21:22.589807,2481.03
2080,977,157,8,2025-09-18 10:39:20.164969,218.0
2081,258,78,6,2024-11-27 15:12:34.057526,1598.04
2082,144,316,9,2025-06-07 10:00:26.287494,3192.39
2083,637,399,6,2025-08-28 00:03:00.322038,611.94
2084,708,348,3,2025-04-28 03:36:50.242570,764.16
2085,286,180,8,2024-11-07 20:10:59.620545,2854.72
2086,830,120,5,2024-12-11 07:09:34.009619,69.75
2087,712,394,1,2025-05-29 09:51:02.233130,418.6
2088,65,88,4,2025-04-05 15:08:43.680847,1095.44
2089,898,89,5,2025-10-28 05:20:25.752670,2131.55
2090,806,75,1,2025-01-18 07:49:10.680399,347.38
2091,916,281,3,2025-08-09 19:21:56.902333,1289.04
2092,786,428,4,2025-07-17 19:40:52.424004,742.76
2093,912,265,6,2025-07-26 07:24:40.961087,72.9
2094,270,249,1,2025-06-02 19:23:43.967540,248.89
2095,65,388,1,2024-11-26 07:54:36.406184,286.47
2096,660,389,2,2025-01-10 15:47:20.023840,659.24
2097,551,336,9,2025-01-27 23:28:16.753935,3593.61
2098,898,465,8,2025-10-06 20:42:21.896123,2676.72
2099,178,118,6,2025-06-12 15:31:00.566709,1321.68
2100,926,441,3,2025-04-09 16:45:00.498966,1460.43
2101,970,394,7,2025-02-19 01:22:26.336515,2930.2
2102,804,263,9,2025-10-09 19:12:41.917910,2062.53
2103,619,374,9,2025-10-22 14:12:01.860627,3617.01
2104,492,267,3,2024-12-09 01:43:47.465307,883.26
2105,381,460,4,2025-02-17 08:55:31.853388,1207.68
2106,157,160,7,2025-10-31 05:48:39.508793,3467.87
2107,734,86,3,2025-05-10 22:12:33.095981,608.61
2108,418,379,9,2025-01-27 03:05:36.820468,3763.98
2109,831,376,5,2025-09-26 18:05:18.283946,1997.65
2110,723,120,2,2025-02-02 12:18:12.668153,27.9
2111,680,272,8,2025-01-03 07:22:17.389644,1868.0
2112,594,33,4,2024-11-14 17:34:19.744789,1721.76
2113,786,381,2,2025-11-01 18:32:48.637059,916.54
2114,785,142,4,2025-03-12 11:02:33.671358,1215.44
2115,551,451,1,2025-02-26 15:16:47.227665,259.57
2116,977,8,3,2024-11-18 23:39:40.260865,955.29
2117,746,442,2,2025-03-27 17:06:54.117859,662.46
2118,949,376,2,2024-11-26 19:19:06.731647,799.06
2119,224,47,8,2025-08-15 12:02:19.962327,2520.8
2120,293,345,6,2024-11-18 08:45:56.256990,2194.14
2121,59,141,4,2025-05-26 14:28:06.117033,1026.52
2122,409,495,6,2025-10-12 02:02:23.953953,409.02
2123,706,237,5,2024-11-14 19:55:27.326026,2039.15
2124,761,291,9,2025-04-23 07:59:51.103145,3697.65
2125,232,56,5,2025-07-04 19:49:41.819287,2174.1
2126,343,53,4,2025-11-01 11:35:02.785192,66.24
2127,239,22,8,2025-10-17 07:53:14.814852,2454.8
2128,566,321,5,2025-07-18 07:42:28.701417,1700.4
2129,786,52,1,2025-02-26 23:38:29.130115,499.71
2130,188,230,6,2025-11-05 23:25:38.780347,1322.64
2131,3,212,3,2025-08-29 05:56:56.660612,822.51
2132,635,463,8,2025-09-26 05:28:33.098067,487.44
2133,891,302,2,2025-01-15 04:57:52.484482,383.82
2134,197,288,3,2025-07-26 03:14:53.117131,424.77
2135,558,235,5,2024-11-10 00:32:33.816652,678.7
2136,739,154,8,2025-09-18 23:07:14.220893,235.76
2137,899,338,7,2024-12-12 08:39:16.244851,2192.96
2138,18,110,5,2025-03-16 22:22:49.473331,2396.9
2139,788,469,3,2025-02-07 06:20:32.790296,469.23
2140,546,191,6,2025-09-18 22:29:17.655014,277.44
2141,748,391,8,2025-09-28 15:35:54.697409,3181.52
2142,3,17,2,2025-04-01 07:17:57.842631,695.9
2143,454,284,5,2025-01-07 15:23:09.135324,351.1
2144,795,488,1,2025-06-02 04:54:05.838546,89.65
2145,43,232,9,2025-02-23 10:25:57.298409,3330.45
2146,256,116,6,2025-03-08 10:49:52.291983,1014.36
2147,668,368,8,2025-05-20 01:22:58.867182,757.12
2148,592,438,3,2025-06-25 11:56:30.321702,867.48
2149,839,162,4,2025-06-07 01:01:51.203939,1312.28
2150,131,39,3,2025-07-03 07:17:57.028657,558.03
2151,303,134,2,2025-04-19 22:09:52.437302,816.18
2152,581,63,4,2025-04-18 17:55:23.160829,535.36
2153,184,298,8,2025-04-18 15:09:40.778800,2553.04
2154,692,287,1,2025-03-24 00:15:07.121850,393.35
2155,176,118,7,2025-01-17 08:18:08.140201,1541.96
2156,475,3,5,2025-01-14 06:42:01.385566,1869.2
2157,856,343,6,2025-04-12 17:56:59.279391,1982.28
2158,542,460,4,2024-11-29 14:51:41.131057,1207.68
2159,230,346,4,2025-09-17 19:37:15.610824,436.68
2160,496,376,4,2025-02-28 18:34:14.600539,1598.12
2161,790,1,5,2025-11-06 04:14:36.146685,483.05
2162,91,377,4,2025-06-13 22:23:59.016319,1153.32
2163,115,460,5,2025-07-19 01:58:06.817055,1509.6
2164,253,53,8,2025-08-23 22:15:24.704070,132.48
2165,559,283,2,2025-02-08 06:11:22.640308,322.06
2166,186,270,9,2025-05-10 06:24:58.423385,981.45
2167,984,30,5,2024-11-06 19:43:52.394615,252.6
2168,860,66,9,2025-05-06 15:10:17.778884,2113.56
2169,153,188,5,2024-12-11 20:53:17.215344,2215.75
2170,26,224,9,2025-03-24 16:16:47.258939,4495.05
2171,135,198,2,2025-03-20 05:12:49.921211,195.16
2172,90,420,8,2025-03-27 05:30:32.619825,2637.76
2173,556,295,5,2025-03-29 12:40:15.653586,1252.75
2174,768,368,1,2025-10-04 05:41:36.586631,94.64
2175,549,440,8,2025-01-12 10:22:45.125189,2691.84
2176,411,33,3,2025-03-12 23:41:39.199747,1291.32
2177,701,466,4,2025-07-06 14:59:54.314177,1542.76
2178,332,470,9,2025-08-03 14:55:46.976519,3377.25
2179,813,430,6,2025-05-30 20:37:21.308846,1387.68
2180,483,492,8,2025-06-20 03:17:36.700766,1657.28
2181,424,19,8,2025-04-22 14:42:19.849157,3072.72
2182,700,438,6,2025-08-04 01:40:04.989480,1734.96
2183,317,220,2,2025-05-30 21:07:18.998988,385.56
2184,773,113,5,2025-10-27 03:30:36.679051,1027.05
2185,117,445,3,2025-06-19 07:10:08.082281,1062.45
2186,497,400,5,2025-05-31 01:12:24.957827,1345.9
2187,396,440,4,2025-02-01 02:48:12.424920,1345.92
2188,356,492,5,2025-07-26 11:27:39.854171,1035.8
2189,672,7,2,2025-06-24 13:20:04.427648,838.66
2190,415,254,6,2025-01-11 16:13:38.084616,1326.12
2191,971,469,1,2025-08-31 00:49:44.857387,156.41
2192,480,220,9,2025-02-04 16:26:37.041227,1735.02
2193,511,457,7,2025-07-27 15:16:26.081403,2795.73
2194,534,455,3,2025-08-02 20:36:43.625342,426.69
2195,826,95,5,2025-05-26 02:01:26.080839,2009.35
2196,333,77,4,2025-06-18 07:14:38.909726,1317.04
2197,895,127,4,2025-06-01 03:06:00.531155,620.32
2198,53,436,7,2025-08-11 21:26:32.747837,1820.63
2199,973,424,7,2025-03-06 21:32:06.329516,1153.39
2200,44,65,6,2025-08-24 11:55:01.497711,1003.68
2201,576,450,6,2025-01-09 21:43:54.083452,2296.2
2202,234,372,6,2025-06-05 17:44:23.678409,1390.26
2203,994,466,8,2025-04-11 03:14:48.666514,3085.52
2204,187,375,1,2025-01-31 16:03:03.881493,392.55
2205,50,172,2,2025-10-10 04:37:27.375170,869.38
2206,186,400,4,2025-06-11 07:53:56.936724,1076.72
2207,791,99,4,2025-01-12 17:40:26.552666,662.72
2208,602,13,1,2025-02-09 03:37:10.922194,410.24
2209,22,75,5,2025-08-09 15:04:54.851455,1736.9
2210,949,461,2,2025-01-18 19:21:26.974179,596.46
2211,519,288,6,2025-09-26 02:03:49.598563,849.54
2212,346,204,4,2025-01-09 02:22:08.638007,511.8
2213,670,179,2,2025-02-12 21:02:47.952374,82.16
2214,17,455,3,2025-07-04 00:50:07.545893,426.69
2215,70,380,3,2025-10-05 12:44:07.166616,895.71
2216,96,461,7,2025-02-26 12:08:55.809610,2087.61
2217,474,242,3,2025-10-09 23:12:36.135508,44.7
2218,513,474,9,2025-02-09 06:51:55.746396,3057.39
2219,788,32,4,2024-11-20 04:27:32.010245,1303.8
2220,538,60,4,2025-02-20 06:52:55.741822,336.2
2221,424,238,3,2025-04-06 17:09:55.178184,1103.31
2222,724,55,3,2025-03-27 06:53:14.571569,741.3
2223,859,241,2,2025-11-02 09:37:52.896542,780.06
2224,309,29,3,2025-02-19 01:17:11.385761,978.33
2225,913,122,8,2025-08-08 03:24:31.523274,2710.96
2226,209,417,1,2025-05-14 13:07:13.202480,144.07
2227,289,92,9,2025-10-24 04:25:28.490574,213.66
2228,537,495,4,2024-12-24 08:15:03.331290,272.68
2229,484,28,6,2025-10-17 08:36:03.395378,753.3
2230,444,267,7,2025-03-21 17:39:17.590756,2060.94
2231,764,171,3,2025-06-23 08:43:44.052242,827.7
2232,338,143,2,2025-11-03 23:32:21.634678,414.52
2233,349,180,9,2025-09-10 09:55:46.348412,3211.56
2234,498,433,5,2025-07-21 17:40:25.147080,639.15
2235,173,215,9,2025-08-25 03:45:52.022098,3252.69
2236,765,427,2,2025-06-25 13:18:44.950962,990.44
2237,161,76,2,2025-03-18 15:05:35.378633,671.54
2238,24,207,5,2024-12-31 19:55:46.895979,1153.95
2239,133,332,5,2025-05-28 10:56:07.306025,559.5
2240,669,187,8,2025-05-11 07:32:15.722747,575.12
2241,397,69,5,2025-10-27 21:00:38.251264,106.25
2242,468,194,3,2025-10-14 17:21:21.142574,268.26
2243,241,449,7,2025-07-07 13:14:03.922636,1348.62
2244,258,424,9,2025-09-11 14:14:29.449559,1482.93
2245,172,139,6,2025-03-23 07:21:11.741887,363.06
2246,910,416,3,2025-10-14 00:16:36.457642,148.62
2247,508,195,5,2024-11-29 22:49:18.791929,2494.95
2248,955,418,8,2025-10-17 16:57:39.695774,463.36
2249,515,294,8,2024-11-18 16:59:47.912007,926.32
2250,409,476,3,2025-01-14 04:04:09.688446,521.91
2251,355,228,2,2024-11-22 23:33:04.007177,338.54
2252,145,107,6,2025-09-20 02:59:56.812066,1708.98
2253,799,224,6,2025-05-11 00:51:52.531707,2996.7
2254,168,462,7,2025-10-15 23:12:00.767374,3208.66
2255,677,44,9,2025-08-06 09:20:37.862932,505.17
2256,992,225,3,2025-05-13 16:27:40.660815,776.34
2257,649,143,6,2025-10-10 07:14:14.846679,1243.56
2258,553,494,9,2025-10-28 13:52:38.246245,3660.12
2259,518,307,5,2025-05-12 04:42:03.257165,399.25
2260,610,492,1,2025-10-14 00:15:25.657592,207.16
2261,434,75,3,2025-11-05 21:41:05.137351,1042.14
2262,16,66,7,2025-04-13 17:36:36.546364,1643.88
2263,805,7,8,2025-01-13 22:45:49.752926,3354.64
2264,752,221,7,2024-11-23 19:15:42.909196,3083.99
2265,256,109,9,2025-08-31 21:01:34.070636,2409.12
2266,26,220,7,2025-02-19 08:27:46.050355,1349.46
2267,292,269,3,2025-10-29 11:38:36.598027,1202.52
2268,742,192,9,2025-06-21 14:04:31.197196,3133.8
2269,366,225,4,2024-12-01 14:11:49.583338,1035.12
2270,604,233,1,2025-09-20 14:16:04.208283,210.87
2271,630,495,4,2024-11-10 14:07:43.972845,272.68
2272,240,281,2,2024-12-25 23:37:41.355099,859.36
2273,77,254,5,2025-10-04 12:45:58.362851,1105.1
2274,459,286,8,2024-12-07 06:13:19.509473,3287.52
2275,644,397,3,2024-12-01 09:13:09.945478,1178.88
2276,937,225,4,2025-10-19 08:28:23.536202,1035.12
2277,182,129,9,2025-09-19 03:28:45.680744,698.85
2278,779,148,5,2024-11-11 21:55:32.181384,982.95
2279,845,431,5,2025-01-14 11:44:30.928489,2011.55
2280,500,466,6,2025-06-04 10:29:08.684380,2314.14
2281,98,423,4,2025-07-15 10:15:19.026131,545.76
2282,126,413,4,2025-10-14 22:38:11.754738,1433.32
2283,57,472,9,2025-07-30 11:10:46.863022,466.47
2284,849,299,8,2025-09-06 01:00:05.785944,1315.44
2285,986,264,1,2025-08-19 06:27:41.111710,374.68
2286,464,310,6,2025-01-03 13:13:39.147765,100.8
2287,283,423,9,2025-10-13 07:20:06.907843,1227.96
2288,310,86,3,2025-01-11 15:48:36.396134,608.61
2289,334,180,7,2025-01-08 09:35:23.914590,2497.88
2290,326,93,6,2025-09-13 14:54:13.045365,1384.14
2291,255,457,7,2025-02-27 07:22:51.132687,2795.73
2292,136,433,3,2025-07-15 01:34:21.769587,383.49
2293,895,105,9,2024-12-13 12:16:44.188004,367.92
2294,214,373,8,2025-02-02 16:04:49.381607,3485.44
2295,5,428,3,2024-12-05 10:03:10.633277,557.07
2296,747,47,6,2025-02-14 08:58:43.878422,1890.6
2297,263,189,5,2025-01-08 20:47:04.042597,2337.5
2298,410,410,8,2025-09-14 13:00:58.896101,3782.56
2299,619,112,2,2025-03-14 09:31:52.698383,462.3
2300,109,112,6,2025-04-07 07:33:10.461005,1386.9
2301,56,56,3,2025-09-02 10:38:57.061884,1304.46
2302,674,319,9,2025-09-28 03:27:19.703508,2281.86
2303,9,4,6,2025-06-16 01:29:54.460363,1789.68
2304,538,150,6,2025-01-08 05:44:14.894583,2635.62
2305,858,370,9,2025-10-19 22:20:44.724337,3517.65
2306,774,74,6,2025-06-14 02:09:00.028774,2412.0
2307,777,253,4,2025-09-18 07:33:32.949514,917.96
2308,281,98,5,2025-03-15 19:29:46.451710,1756.65
2309,656,378,1,2025-01-02 03:50:22.251445,467.62
2310,584,134,4,2025-06-24 00:59:36.646039,1632.36
2311,224,55,7,2025-08-22 18:44:59.874001,1729.7
2312,950,419,6,2025-02-18 13:49:05.281116,2563.74
2313,241,178,3,2025-10-25 08:50:16.590144,1402.65
2314,908,300,7,2025-02-22 04:52:57.625964,3198.16
2315,148,253,2,2025-06-04 05:57:43.590491,458.98
2316,434,61,5,2025-02-25 11:18:56.854023,2166.3
2317,826,47,2,2024-11-17 23:15:34.382315,630.2
2318,591,134,9,2025-07-25 05:01:46.646737,3672.81
2319,891,10,7,2025-02-28 02:28:19.965955,906.22
2320,797,491,4,2025-03-22 12:58:46.093211,1166.52
2321,39,400,4,2025-06-08 16:14:06.593217,1076.72
2322,175,123,7,2025-11-06 00:17:38.612600,1637.3
2323,429,106,3,2025-08-02 04:30:45.425036,712.59
2324,604,343,5,2025-02-22 07:55:02.709998,1651.9
2325,939,489,7,2024-12-14 20:58:06.054444,1922.34
2326,284,95,8,2025-07-08 12:21:53.004520,3214.96
2327,902,429,3,2025-02-22 03:14:42.177176,679.83
2328,399,277,4,2025-09-03 05:33:26.987480,1737.16
2329,590,1,2,2024-11-09 14:28:49.894160,193.22
2330,10,333,6,2024-12-25 01:41:39.747545,1222.86
2331,831,185,9,2025-02-19 21:47:11.967633,3075.3
2332,347,366,6,2025-10-02 12:37:36.101056,1172.58
2333,438,18,2,2025-02-03 01:49:15.955304,469.24
2334,170,302,2,2024-11-26 19:23:28.912931,383.82
2335,177,253,1,2025-10-03 16:35:09.451472,229.49
2336,605,145,9,2025-03-15 04:54:51.805875,1546.11
2337,410,308,5,2025-03-22 01:28:25.993975,2271.1
2338,701,191,8,2024-12-17 16:15:45.572745,369.92
2339,979,308,1,2025-02-14 09:33:01.845163,454.22
2340,175,150,7,2025-06-21 08:12:03.292992,3074.89
2341,593,59,3,2025-07-03 22:09:53.012805,904.44
2342,808,123,3,2025-01-17 01:55:50.814005,701.7
2343,628,59,8,2025-07-28 09:51:45.232713,2411.84
2344,999,452,9,2025-09-27 03:58:35.381432,3462.66
2345,733,78,8,2025-05-29 01:04:28.955536,2130.72
2346,559,500,2,2024-11-25 12:39:52.372143,524.36
2347,88,476,2,2025-10-22 09:01:39.248177,347.94
2348,661,181,5,2025-03-14 03:32:17.272842,289.2
2349,366,271,3,2024-11-14 01:31:54.074656,560.61
2350,146,424,6,2025-03-16 01:13:44.643343,988.62
2351,950,98,5,2025-04-15 05:06:25.092688,1756.65
2352,178,282,1,2025-08-17 05:37:17.243064,72.07
2353,932,193,2,2025-05-26 11:41:52.837373,104.82
2354,501,226,1,2025-02-13 22:01:30.205350,259.61
2355,631,216,2,2024-12-17 22:58:26.253237,351.8
2356,960,122,2,2025-01-08 02:19:06.215247,677.74
2357,544,65,8,2025-04-23 08:16:03.348440,1338.24
2358,275,315,1,2025-04-30 03:18:24.059093,174.34
2359,819,363,4,2025-04-01 19:32:56.999221,173.84
2360,601,59,4,2025-01-22 22:34:36.911148,1205.92
2361,384,302,1,2025-01-20 08:59:41.595607,191.91
2362,769,213,7,2025-05-25 21:50:59.492072,706.65
2363,262,257,2,2025-09-07 06:50:26.622838,890.88
2364,505,207,7,2025-07-18 06:12:32.844814,1615.53
2365,996,146,8,2025-10-06 09:25:42.670562,275.76
2366,398,220,5,2024-11-07 00:08:15.760848,963.9
2367,790,165,8,2025-08-18 00:25:26.290215,2521.2
2368,600,245,5,2025-03-19 03:14:15.020979,1549.4
2369,80,216,3,2025-08-06 18:02:56.875510,527.7
2370,240,94,9,2025-09-07 08:12:09.480489,1562.49
2371,81,224,6,2024-11-22 11:36:31.035995,2996.7
2372,647,105,2,2025-09-12 08:26:57.147825,81.76
2373,319,100,6,2025-04-15 09:12:08.468193,2638.56
2374,802,284,4,2025-04-01 23:18:10.318059,280.88
2375,600,254,4,2025-06-02 00:19:33.915093,884.08
2376,738,456,9,2025-04-29 17:53:21.328969,3320.1
2377,425,320,2,2025-07-30 14:34:11.815778,928.28
2378,17,359,2,2025-09-19 17:16:37.203131,84.56
2379,276,200,7,2025-07-08 20:19:18.381967,3201.38
2380,528,12,2,2025-05-14 16:07:59.704013,137.3
2381,977,491,9,2025-02-28 22:45:35.456096,2624.67
2382,586,184,8,2025-01-13 08:44:37.246390,256.32
2383,532,298,1,2025-08-05 02:24:03.102713,319.13
2384,429,65,1,2025-02-04 07:01:43.732801,167.28
2385,239,80,9,2024-11-24 00:57:20.037024,3082.14
2386,376,336,9,2025-04-08 22:06:14.244406,3593.61
2387,565,281,4,2025-03-07 11:23:27.038381,1718.72
2388,154,301,3,2025-11-03 00:52:15.367648,355.02
2389,656,90,2,2025-06-20 06:32:47.235253,305.02
2390,397,314,8,2025-10-01 23:52:05.110224,310.56
2391,57,128,3,2025-04-07 02:57:36.235004,1145.01
2392,671,424,1,2025-03-13 05:46:34.952687,164.77
2393,525,132,6,2025-08-01 16:15:44.630445,1334.7
2394,898,232,1,2025-05-27 21:16:55.621779,370.05
2395,492,276,3,2025-03-24 16:24:23.784948,58.65
2396,44,474,6,2024-11-24 05:27:02.466613,2038.26
2397,995,370,9,2025-02-09 06:21:18.545713,3517.65
2398,508,298,9,2025-01-07 18:40:47.476131,2872.17
2399,301,461,3,2025-02-20 14:43:57.628724,894.69
2400,69,254,5,2025-08-08 05:41:40.252226,1105.1
2401,45,116,2,2025-10-05 13:00:05.901503,338.12
2402,249,436,3,2025-09-07 02:58:42.800643,780.27
2403,575,475,1,2025-10-23 11:44:25.942604,270.79
2404,73,450,6,2025-02-01 14:17:07.350142,2296.2
2405,664,118,9,2025-01-19 20:47:36.601314,1982.52
2406,804,90,1,2025-09-05 18:10:43.780336,152.51
2407,487,119,6,2025-08-09 21:48:05.081076,1502.16
2408,307,62,6,2025-05-26 11:04:23.282426,425.76
2409,102,330,3,2025-05-26 05:04:25.229570,66.48
2410,723,119,9,2025-03-13 05:41:12.185478,2253.24
2411,568,144,6,2025-05-04 06:39:46.663896,2529.18
2412,873,384,1,2025-02-13 05:19:27.401201,156.79
2413,1,481,8,2025-04-12 03:14:32.618140,539.84
2414,656,454,2,2025-06-30 04:18:55.785774,103.94
2415,306,234,5,2024-12-21 23:18:00.878036,409.1
2416,411,277,1,2025-06-06 09:55:25.945820,434.29
2417,598,173,2,2025-01-10 21:55:35.723821,401.18
2418,18,344,4,2025-04-24 07:37:00.624867,965.76
2419,925,472,9,2025-06-23 22:06:08.770154,466.47
2420,445,281,9,2025-01-14 18:40:58.071172,3867.12
2421,310,38,6,2025-09-16 01:41:15.831511,1334.88
2422,314,498,2,2025-08-12 03:30:44.677556,345.8
2423,928,284,7,2025-10-16 08:10:42.952425,491.54
2424,636,153,5,2025-05-05 02:38:23.497935,2192.85
2425,631,217,7,2024-11-07 13:18:19.375829,3303.79
2426,629,479,5,2025-09-23 02:43:52.262480,1649.1
2427,274,492,8,2025-08-28 08:18:41.178253,1657.28
2428,829,294,3,2024-12-09 07:54:00.230099,347.37
2429,900,332,3,2025-03-26 11:43:37.565851,335.7
2430,306,484,3,2025-10-15 11:20:19.956897,484.38
2431,585,113,1,2025-06-10 01:25:39.160231,205.41
2432,772,497,5,2025-01-06 10:13:22.800818,2492.4
2433,857,445,7,2025-01-12 15:49:36.095890,2479.05
2434,225,167,5,2025-01-26 22:23:09.737571,2064.75
2435,630,240,7,2025-01-16 23:54:33.018776,2233.98
2436,323,393,9,2025-05-10 20:28:39.079582,3790.71
2437,63,86,1,2024-12-07 00:53:24.312715,202.87
2438,977,436,4,2025-05-27 23:35:03.118628,1040.36
2439,212,300,6,2025-09-01 14:57:24.666136,2741.28
2440,86,487,4,2025-02-07 10:46:56.076353,1336.6
2441,827,305,3,2025-02-03 02:23:57.786958,1109.64
2442,978,289,9,2024-11-12 02:07:39.944071,3023.64
2443,447,355,8,2025-06-02 09:03:18.571209,549.92
2444,376,499,9,2025-02-07 19:37:25.531433,887.4
2445,619,57,5,2025-07-05 13:22:04.180586,663.65
2446,287,480,4,2025-07-12 03:41:45.268020,486.72
2447,370,195,8,2024-12-24 09:40:39.591923,3991.92
2448,980,58,2,2025-05-11 08:55:34.574376,855.32
2449,687,233,4,2024-11-18 19:23:34.781775,843.48
2450,968,282,1,2025-09-08 15:08:44.746967,72.07
2451,47,161,5,2025-01-24 05:29:46.547001,478.9
2452,324,101,3,2024-11-29 00:19:09.660899,747.87
2453,318,427,1,2025-01-13 03:30:29.892242,495.22
2454,256,98,8,2025-07-02 23:55:07.501591,2810.64
2455,463,163,7,2025-09-02 03:16:30.112493,2276.54
2456,632,252,6,2025-05-01 13:32:29.669372,146.82
2457,295,433,2,2025-07-27 16:22:23.380618,255.66
2458,335,274,8,2025-01-28 14:47:27.695273,1077.52
2459,701,495,6,2025-08-26 07:25:40.541988,409.02
2460,252,77,6,2025-05-03 06:43:11.317539,1975.56
2461,125,452,6,2025-07-06 03:20:00.353514,2308.44
2462,79,402,5,2025-03-08 14:01:54.960127,172.0
2463,939,439,2,2025-08-04 03:55:30.973732,872.72
2464,297,211,4,2025-08-22 20:31:19.360757,1797.0
2465,703,324,3,2025-09-02 22:38:13.796137,886.5
2466,591,465,5,2025-03-06 11:46:47.049957,1672.95
2467,717,400,4,2024-11-25 13:35:28.056711,1076.72
2468,762,168,1,2025-07-10 14:31:14.009486,121.31
2469,886,19,1,2025-04-02 09:12:49.115776,384.09
2470,960,492,4,2025-02-17 01:27:52.261052,828.64
2471,882,435,6,2025-04-01 21:38:50.959275,805.68
2472,242,165,8,2025-04-06 02:35:20.211975,2521.2
2473,678,78,1,2024-11-17 07:25:06.700748,266.34
2474,498,89,8,2025-09-12 23:02:30.090514,3410.48
2475,827,201,1,2025-02-28 16:56:15.182083,468.45
2476,991,105,8,2024-11-21 21:03:25.730575,327.04
2477,756,233,6,2025-03-11 07:51:22.310117,1265.22
2478,416,194,9,2025-08-09 19:53:57.103285,804.78
2479,972,357,4,2025-10-06 01:25:53.411325,714.4
2480,476,267,3,2025-03-12 01:47:48.553306,883.26
2481,276,467,1,2025-10-24 16:08:02.721291,55.84
2482,303,87,1,2025-06-06 17:32:12.134712,125.3
2483,378,184,5,2025-03-22 20:11:32.226424,160.2
2484,46,120,2,2025-02-22 08:17:31.502075,27.9
2485,364,131,3,2025-09-09 06:37:12.869042,390.93
2486,573,159,6,2025-05-24 18:07:49.287135,294.0
2487,770,247,9,2024-11-16 23:03:30.549704,2898.36
2488,850,273,1,2025-03-27 06:41:33.656314,212.08
2489,138,298,5,2024-12-10 11:54:20.183187,1595.65
2490,494,209,3,2025-03-04 03:27:03.124208,903.78
2491,31,24,8,2025-03-28 21:50:52.612065,2433.2
2492,918,326,8,2025-01-12 18:54:31.440751,2361.92
2493,852,304,2,2025-09-25 01:39:45.456293,873.04
2494,736,354,6,2024-11-07 15:08:49.025564,582.3
2495,897,164,2,2025-09-25 08:11:40.529202,261.98
2496,393,408,1,2025-09-01 18:41:22.855600,105.48
2497,797,257,3,2024-12-01 19:43:38.938980,1336.32
2498,74,301,8,2025-03-04 13:21:45.325742,946.72
2499,731,357,8,2025-06-26 21:09:45.691335,1428.8
2500,490,446,1,2025-08-06 19:48:44.795011,139.28
2501,410,215,5,2025-09-12 14:07:56.011211,1807.05
2502,747,37,3,2025-04-04 13:44:30.403253,398.73
2503,799,200,2,2024-11-19 04:16:15.928157,914.68
2504,421,357,4,2025-06-29 21:15:50.592017,714.4
2505,675,282,5,2024-12-09 14:19:13.119214,360.35
2506,529,346,2,2025-02-12 23:39:23.588489,218.34
2507,797,257,4,2024-11-21 00:20:08.519834,1781.76
2508,60,207,5,2025-02-06 00:58:46.387943,1153.95
2509,389,382,5,2025-09-17 07:21:05.572310,741.55
2510,401,266,6,2025-08-01 13:53:35.493089,169.5
2511,557,383,8,2025-07-11 10:15:44.876715,3854.0
2512,894,274,3,2025-10-07 15:29:26.876522,404.07
2513,856,269,8,2025-11-01 12:56:05.652620,3206.72
2514,128,223,7,2025-07-27 05:42:11.472514,175.98
2515,883,152,6,2025-01-15 05:32:34.813956,117.3
2516,717,97,1,2024-12-03 02:30:36.618009,13.41
2517,411,309,5,2025-08-05 02:53:05.509840,1680.15
2518,793,238,4,2025-06-09 07:24:19.550951,1471.08
2519,915,180,2,2025-03-09 21:15:05.250660,713.68
2520,269,5,6,2025-09-06 19:38:40.336174,1167.06
2521,249,48,2,2025-08-15 03:11:11.057991,660.94
2522,472,238,3,2025-05-26 09:33:53.178000,1103.31
2523,415,35,6,2025-02-14 09:52:29.716798,1427.28
2524,682,77,7,2025-07-28 10:45:26.569759,2304.82
2525,390,13,7,2025-10-13 12:48:19.242646,2871.68
2526,347,399,1,2025-01-06 00:17:14.613170,101.99
2527,538,56,5,2025-01-12 02:51:54.833472,2174.1
2528,188,209,6,2025-10-31 11:22:20.702675,1807.56
2529,485,227,2,2025-08-11 05:14:19.768264,770.64
2530,583,81,6,2025-03-27 23:53:39.332983,2218.32
2531,505,258,9,2025-07-08 23:43:47.145397,3434.49
2532,791,285,7,2024-12-06 17:52:58.573822,1094.1
2533,166,246,3,2025-02-23 05:35:57.177931,413.4
2534,263,336,2,2025-06-27 22:09:03.413295,798.58
2535,127,196,1,2025-11-03 09:17:51.306988,499.65
2536,219,262,1,2025-04-26 19:15:11.245463,489.32
2537,791,469,1,2025-06-28 21:41:42.789797,156.41
2538,393,431,9,2025-07-29 03:21:57.737032,3620.79
2539,832,152,5,2025-01-01 13:51:46.096825,97.75
2540,157,386,9,2025-07-22 14:53:42.690575,3356.28
2541,215,278,9,2025-01-22 14:15:43.238519,2668.59
2542,318,493,5,2025-05-30 09:58:34.479885,1653.15
2543,592,98,9,2025-04-02 03:00:30.540067,3161.97
2544,572,102,4,2024-12-21 19:45:39.227957,172.56
2545,810,486,4,2025-01-09 16:05:09.393986,894.12
2546,95,431,2,2025-02-04 06:27:47.312976,804.62
2547,1,224,6,2025-02-25 14:03:47.467883,2996.7
2548,188,143,4,2025-07-17 02:47:43.908774,829.04
2549,909,250,5,2025-10-17 06:15:22.273905,694.6
2550,316,174,3,2025-06-22 07:08:20.827985,759.21
2551,358,47,6,2025-04-05 12:07:07.267932,1890.6
2552,849,351,1,2025-04-17 17:37:14.138371,123.39
2553,856,62,2,2025-01-22 09:48:34.810844,141.92
2554,60,435,2,2025-02-10 17:14:12.599314,268.56
2555,892,379,8,2024-11-27 21:58:59.350775,3345.76
2556,491,122,8,2025-06-25 01:23:22.441650,2710.96
2557,208,343,7,2025-06-12 02:42:13.252637,2312.66
2558,762,375,5,2025-11-03 13:56:59.003475,1962.75
2559,274,298,6,2025-04-26 19:24:52.810166,1914.78
2560,937,312,2,2025-10-05 15:25:58.463820,901.94
2561,967,50,6,2025-11-05 01:08:54.934710,2736.48
2562,562,7,7,2025-07-14 01:13:30.405847,2935.31
2563,433,496,4,2025-04-25 14:31:28.480726,570.36
2564,957,301,7,2025-04-02 18:36:55.577085,828.38
2565,742,472,6,2025-04-29 10:39:59.563123,310.98
2566,274,325,1,2025-06-26 10:24:41.289990,351.59
2567,460,12,6,2025-07-13 18:32:12.108732,411.9
2568,353,499,6,2025-05-29 01:39:03.115514,591.6
2569,977,418,8,2025-07-17 23:18:05.913376,463.36
2570,875,207,1,2025-08-13 23:57:11.281490,230.79
2571,268,135,6,2025-06-09 09:28:48.815262,568.56
2572,86,44,5,2024-12-29 00:34:22.500729,280.65
2573,134,74,8,2025-03-22 11:06:44.314869,3216.0
2574,707,148,1,2024-11-08 21:27:57.166350,196.59
2575,21,212,5,2025-02-25 21:43:45.678494,1370.85
2576,36,464,6,2025-09-08 03:52:36.538485,72.9
2577,829,485,5,2025-06-20 01:44:23.143396,661.35
2578,473,217,6,2025-04-23 20:45:50.843211,2831.82
2579,361,189,3,2025-05-15 11:53:36.160865,1402.5
2580,859,131,3,2025-02-21 04:36:42.070766,390.93
2581,824,379,7,2025-09-28 16:38:22.905840,2927.54
2582,812,382,8,2025-06-02 20:48:32.593940,1186.48
2583,693,174,1,2025-08-18 11:56:39.513055,253.07
2584,416,134,3,2025-05-09 23:10:25.738923,1224.27
2585,715,298,1,2025-07-01 20:00:09.236989,319.13
2586,541,269,5,2025-09-10 10:32:06.368561,2004.2
2587,739,418,8,2025-01-01 01:47:13.998342,463.36
2588,510,447,6,2025-03-03 19:56:16.363469,100.8
2589,636,221,2,2024-12-09 18:48:37.055774,881.14
2590,356,108,4,2025-06-22 08:56:24.235428,502.48
2591,107,159,4,2025-08-15 11:57:14.408103,196.0
2592,450,34,5,2025-07-29 18:08:08.242200,212.85
2593,613,134,8,2025-04-10 19:15:09.533196,3264.72
2594,771,194,1,2025-03-20 11:51:44.505601,89.42
2595,277,402,2,2025-10-12 01:48:42.046041,68.8
2596,178,318,8,2024-11-24 16:39:41.888792,335.52
2597,177,480,7,2025-10-11 18:32:20.064713,851.76
2598,177,92,4,2025-08-11 12:22:22.592829,94.96
2599,552,184,9,2025-11-04 23:28:11.692509,288.36
2600,525,194,9,2025-05-10 07:33:53.673146,804.78
2601,332,245,2,2025-08-22 02:12:34.841194,619.76
2602,39,400,5,2025-05-04 16:28:29.453618,1345.9
2603,980,200,8,2025-05-08 03:21:48.254208,3658.72
2604,470,447,1,2024-11-27 13:04:50.025211,16.8
2605,353,481,8,2025-02-06 23:39:56.565129,539.84
2606,852,407,4,2025-03-15 12:38:44.329049,571.64
2607,800,448,5,2025-02-26 06:01:04.748746,1047.45
2608,703,158,1,2025-08-09 05:51:40.676662,479.5
2609,864,106,3,2025-08-13 22:20:56.865447,712.59
2610,78,266,5,2025-09-27 16:54:37.234775,141.25
2611,934,359,5,2025-07-18 03:26:50.840177,211.4
2612,142,330,1,2025-10-20 21:28:32.974070,22.16
2613,156,292,3,2025-10-26 09:36:16.448062,162.39
2614,546,30,8,2024-12-07 03:42:32.589058,404.16
2615,552,461,3,2025-08-06 02:40:34.868392,894.69
2616,986,59,2,2025-05-28 19:18:23.001957,602.96
2617,979,65,1,2025-01-14 10:46:17.745958,167.28
2618,487,205,9,2025-01-06 03:44:58.753872,3348.54
2619,28,156,6,2025-09-27 21:41:23.925075,61.32
2620,218,98,2,2025-03-02 22:56:28.362271,702.66
2621,521,75,5,2025-10-25 09:42:05.947110,1736.9
2622,289,103,9,2025-02-21 21:34:39.544370,1106.19
2623,542,57,3,2025-03-28 20:31:47.075331,398.19
2624,952,71,6,2025-10-10 03:57:50.562214,1461.12
2625,432,461,6,2025-03-20 04:59:40.724611,1789.38
2626,848,486,9,2024-12-25 19:25:17.786650,2011.77
2627,731,86,6,2024-12-09 07:08:38.876746,1217.22
2628,426,271,1,2024-12-18 18:02:49.192723,186.87
2629,877,37,5,2025-06-28 10:09:04.777691,664.55
2630,552,28,6,2025-06-16 05:34:48.754159,753.3
2631,410,31,8,2024-11-24 15:17:37.836819,3541.52
2632,790,445,7,2025-07-19 03:01:32.979665,2479.05
2633,988,241,5,2025-06-29 21:12:34.349568,1950.15
2634,475,184,9,2024-12-19 16:40:42.771231,288.36
2635,360,482,4,2025-10-17 08:42:01.622823,1058.04
2636,720,334,9,2025-06-04 01:28:02.974273,2494.35
2637,435,38,1,2025-11-02 14:19:38.041418,222.48
2638,342,376,2,2025-08-11 21:02:02.529647,799.06
2639,61,133,1,2025-04-13 08:56:59.987165,255.29
2640,181,319,6,2024-11-19 14:14:44.269472,1521.24
2641,764,135,1,2024-11-21 07:11:18.721717,94.76
2642,160,360,8,2024-11-23 21:12:00.126257,3026.08
2643,583,288,2,2025-02-28 10:52:23.869084,283.18
2644,211,115,7,2025-04-27 13:50:31.875654,2225.58
2645,781,448,3,2025-04-28 16:24:15.170904,628.47
2646,978,254,8,2025-02-06 15:05:25.759994,1768.16
2647,391,339,5,2025-04-15 15:50:59.986042,866.1
2648,336,377,6,2025-01-03 14:45:13.479936,1729.98
2649,708,150,5,2025-01-07 03:11:46.144869,2196.35
2650,342,282,3,2025-09-20 18:25:43.662082,216.21
2651,167,180,4,2025-07-20 12:48:30.018238,1427.36
2652,314,149,7,2025-06-18 09:32:28.924408,1088.5
2653,1,228,1,2025-04-01 03:01:38.880639,169.27
2654,123,139,9,2025-06-09 10:05:11.613338,544.59
2655,541,158,2,2025-06-26 10:18:30.518346,959.0
2656,757,95,6,2025-02-01 06:23:59.489115,2411.22
2657,180,390,8,2025-09-26 16:02:25.126839,3436.4
2658,703,139,1,2025-03-20 22:11:22.818948,60.51
2659,22,375,1,2025-05-12 19:19:30.844333,392.55
2660,908,395,1,2024-12-10 04:00:56.791685,169.67
2661,988,92,9,2025-08-16 08:15:55.945595,213.66
2662,443,187,6,2025-03-12 19:40:09.882267,431.34
2663,244,168,3,2024-12-17 05:27:03.009282,363.93
2664,471,35,5,2025-06-23 21:31:51.603503,1189.4
2665,890,22,2,2025-03-05 07:44:33.201642,613.7
2666,356,378,9,2025-08-15 18:27:56.992431,4208.58
2667,678,302,6,2025-05-21 19:31:15.540094,1151.46
2668,585,264,7,2024-11-28 11:06:09.196522,2622.76
2669,684,181,2,2025-05-12 23:46:19.402956,115.68
2670,728,453,7,2025-02-01 20:21:41.971260,605.36
2671,388,405,6,2025-10-07 08:49:02.121164,2453.46
2672,177,373,7,2024-11-11 15:14:27.334517,3049.76
2673,488,241,2,2024-12-21 09:56:39.795436,780.06
2674,119,122,2,2025-01-08 14:44:05.493357,677.74
2675,880,455,7,2024-12-08 03:22:00.650566,995.61
2676,131,300,9,2025-04-28 22:43:53.510564,4111.92
2677,763,463,4,2024-12-07 03:26:13.170801,243.72
2678,955,363,3,2025-01-30 22:15:30.828809,130.38
2679,929,292,5,2024-12-10 20:00:19.116295,270.65
2680,859,439,1,2025-04-29 01:26:38.978265,436.36
2681,470,9,6,2025-02-16 16:19:56.396150,2327.04
2682,940,210,5,2025-08-09 00:40:04.524193,164.05
2683,357,113,1,2025-01-25 06:30:40.996905,205.41
2684,927,48,1,2025-09-18 19:42:05.068131,330.47
2685,806,368,7,2025-06-22 14:29:27.908837,662.48
2686,903,6,9,2025-09-21 20:45:37.405426,2964.06
2687,898,166,8,2025-05-13 00:32:42.977763,1727.04
2688,591,142,2,2025-08-04 23:53:24.992313,607.72
2689,822,55,3,2025-03-26 14:02:49.694713,741.3
2690,384,324,4,2025-05-03 13:57:04.796938,1182.0
2691,430,336,9,2025-09-06 15:42:45.467802,3593.61
2692,420,153,8,2025-09-05 19:52:51.528555,3508.56
2693,178,95,8,2025-01-01 22:07:35.266087,3214.96
2694,726,242,4,2025-05-05 23:24:26.773113,59.6
2695,815,289,5,2025-05-07 11:41:08.574172,1679.8
2696,126,453,7,2025-04-24 03:34:20.604429,605.36
2697,766,160,9,2025-01-15 00:16:23.265508,4458.69
2698,458,481,8,2025-10-28 04:13:48.174872,539.84
2699,993,84,1,2025-03-01 00:52:19.793986,273.14
2700,633,453,6,2025-07-19 13:19:28.556042,518.88
2701,830,328,3,2025-08-30 11:03:41.930686,457.11
2702,828,38,1,2025-06-10 04:10:10.576045,222.48
2703,260,288,4,2025-07-08 21:39:00.366763,566.36
2704,912,22,6,2024-12-12 09:14:00.180417,1841.1
2705,509,126,2,2025-08-30 00:33:45.927486,814.16
2706,140,280,6,2024-12-20 15:31:37.978790,1828.2
2707,937,57,4,2025-10-22 17:50:39.228232,530.92
2708,165,422,8,2025-03-24 16:46:55.280683,1005.68
2709,924,463,6,2025-05-11 11:59:01.132254,365.58
2710,20,140,5,2025-04-17 09:43:46.298141,1808.0
2711,562,450,3,2025-10-01 19:53:56.475131,1148.1
2712,873,146,3,2025-07-25 18:36:51.291692,103.41
2713,239,135,8,2025-07-31 19:40:15.589620,758.08
2714,703,100,8,2025-02-27 20:05:15.889337,3518.08
2715,145,331,9,2024-12-06 19:24:04.389196,4469.04
2716,254,310,6,2025-07-31 18:47:37.620209,100.8
2717,304,427,5,2025-03-12 00:12:58.681827,2476.1
2718,629,291,8,2025-10-31 15:27:31.098742,3286.8
2719,161,377,7,2024-11-14 21:40:27.193633,2018.31
2720,797,219,6,2025-09-20 23:45:27.868486,1470.6
2721,372,391,2,2025-09-25 14:58:41.251177,795.38
2722,470,338,2,2025-03-05 11:57:48.376991,626.56
2723,349,424,8,2024-11-07 08:29:52.604831,1318.16
2724,769,482,1,2025-09-05 15:14:12.690799,264.51
2725,833,492,6,2025-03-15 00:38:10.543743,1242.96
2726,337,283,3,2025-07-16 17:28:27.021713,483.09
2727,478,12,8,2025-05-14 01:04:19.565511,549.2
2728,42,388,5,2025-06-22 14:25:37.843332,1432.35
2729,484,181,7,2025-02-09 08:36:42.418627,404.88
2730,149,226,9,2025-10-08 12:45:00.690388,2336.49
2731,82,89,7,2025-10-02 02:48:34.391735,2984.17
2732,180,456,7,2025-07-19 01:27:56.236077,2582.3
2733,305,83,4,2025-01-06 09:14:02.517826,1287.92
2734,500,249,3,2024-12-09 03:57:41.669674,746.67
2735,716,235,2,2025-01-29 16:26:41.600508,271.48
2736,698,228,5,2024-11-06 17:52:48.010152,846.35
2737,22,76,2,2024-11-19 06:01:34.630416,671.54
2738,879,430,5,2025-02-14 01:47:50.871362,1156.4
2739,884,226,7,2025-03-07 17:47:41.023712,1817.27
2740,995,166,7,2025-05-24 21:49:24.314940,1511.16
2741,677,325,2,2025-08-10 14:11:28.646798,703.18
2742,500,238,8,2025-10-08 09:39:18.992195,2942.16
2743,464,170,8,2025-07-18 03:49:53.662637,1744.08
2744,957,120,1,2025-06-14 21:12:43.177408,13.95
2745,985,66,9,2025-03-28 17:52:33.309390,2113.56
2746,440,282,7,2025-02-13 23:25:12.889131,504.49
2747,520,381,8,2025-09-16 13:48:13.823655,3666.16
2748,481,303,1,2025-03-01 21:30:01.201426,73.14
2749,409,88,8,2025-01-02 11:00:02.985346,2190.88
2750,660,415,6,2024-12-13 07:53:08.325444,1654.02
2751,922,116,5,2025-03-29 00:04:35.995192,845.3
2752,873,496,2,2025-04-08 12:42:00.924826,285.18
2753,142,257,3,2025-02-22 18:07:28.011224,1336.32
2754,596,376,3,2025-05-23 11:52:29.556356,1198.59
2755,515,167,7,2024-11-19 13:29:27.289950,2890.65
2756,690,366,8,2025-07-23 00:58:07.593705,1563.44
2757,617,29,1,2025-05-27 14:08:17.609726,326.11
2758,49,205,1,2025-09-06 11:35:55.663148,372.06
2759,721,327,1,2025-01-26 20:08:20.064769,55.07
2760,479,65,1,2025-04-28 19:45:59.047853,167.28
2761,793,318,4,2025-07-14 01:23:51.869958,167.76
2762,619,30,5,2025-01-26 11:27:38.740424,252.6
2763,437,108,9,2025-01-05 09:15:56.951108,1130.58
2764,151,445,9,2025-02-11 11:31:33.697675,3187.35
2765,78,393,3,2025-07-08 12:36:36.344420,1263.57
2766,866,333,2,2025-09-25 10:59:27.603556,407.62
2767,185,69,2,2025-03-10 04:18:51.004816,42.5
2768,431,429,2,2025-01-21 21:15:40.420274,453.22
2769,429,27,5,2025-10-31 10:20:03.594607,2440.25
2770,795,406,5,2024-11-19 10:59:46.664528,2436.7
2771,563,475,8,2025-10-01 10:57:26.361765,2166.32
2772,989,358,7,2024-11-26 07:15:49.649486,321.93
2773,673,404,1,2025-05-20 00:33:59.029440,299.43
2774,864,406,8,2024-12-28 13:00:00.714231,3898.72
2775,967,217,4,2025-09-09 13:19:37.430578,1887.88
2776,629,438,5,2025-08-16 03:57:48.115626,1445.8
2777,6,452,6,2025-03-26 22:13:30.117701,2308.44
2778,785,165,9,2025-01-05 21:21:15.982540,2836.35
2779,731,150,8,2024-11-28 00:24:58.449313,3514.16
2780,605,225,1,2025-03-10 13:50:14.941230,258.78
2781,1,492,7,2025-04-29 00:40:22.611430,1450.12
2782,234,261,5,2025-05-29 12:46:42.769900,732.2
2783,369,318,1,2025-03-02 01:17:41.915520,41.94
2784,811,357,9,2025-03-31 12:16:14.686224,1607.4
2785,216,198,8,2025-10-10 16:28:11.625636,780.64
2786,369,185,1,2024-12-21 14:55:55.643973,341.7
2787,787,492,1,2025-09-30 11:48:15.846184,207.16
2788,678,435,8,2025-01-20 01:04:25.567668,1074.24
2789,505,278,6,2025-10-19 04:52:16.754549,1779.06
2790,756,171,2,2025-07-31 00:22:33.315669,551.8
2791,947,289,8,2025-10-15 20:05:06.795497,2687.68
2792,901,319,8,2025-11-01 09:38:08.841882,2028.32
2793,447,126,2,2025-03-09 04:26:22.409306,814.16
2794,713,192,3,2025-07-31 06:17:18.448314,1044.6
2795,89,465,6,2025-07-05 18:27:12.003049,2007.54
2796,411,29,4,2025-10-10 00:13:13.872217,1304.44
2797,842,329,2,2025-10-04 08:59:28.290843,737.18
2798,403,483,2,2025-09-28 13:05:17.334113,451.28
2799,580,307,8,2025-08-23 02:35:24.060740,638.8
2800,308,465,5,2025-01-21 11:44:49.018544,1672.95
2801,119,55,5,2024-12-23 12:49:48.254035,1235.5
2802,464,437,6,2025-06-26 01:43:57.412855,863.64
2803,847,427,8,2025-05-10 17:32:39.202291,3961.76
2804,144,149,1,2025-02-12 21:25:14.543924,155.5
2805,152,417,7,2024-12-17 01:12:33.846700,1008.49
2806,268,63,8,2025-04-08 08:20:20.708339,1070.72
2807,560,385,8,2025-03-16 11:23:26.349188,383.68
2808,338,308,7,2024-12-23 21:36:12.636647,3179.54
2809,364,475,9,2025-02-19 21:23:33.503522,2437.11
2810,725,81,5,2025-04-20 20:01:52.997929,1848.6
2811,10,262,6,2025-05-19 11:23:06.326455,2935.92
2812,882,279,6,2025-04-23 00:27:17.158316,1328.64
2813,618,43,2,2024-11-07 18:44:07.504990,717.66
2814,91,76,3,2025-01-19 16:07:16.688062,1007.31
2815,8,311,9,2025-03-25 10:58:47.938377,3968.46
2816,860,241,4,2025-10-08 19:01:25.069207,1560.12
2817,148,481,1,2025-09-17 04:12:39.728840,67.48
2818,663,296,1,2024-11-30 10:40:21.705108,369.56
2819,662,337,3,2025-08-06 18:41:58.392008,139.74
2820,319,102,3,2025-06-07 16:16:11.365932,129.42
2821,192,96,9,2025-09-05 15:32:20.457274,1369.98
2822,653,398,2,2025-04-22 05:55:38.136023,154.68
2823,298,232,5,2024-11-11 12:07:23.843020,1850.25
2824,260,387,7,2025-09-07 03:36:16.698692,3306.24
2825,650,459,1,2024-11-23 07:38:26.094363,266.83
2826,171,269,8,2025-03-29 04:39:23.031232,3206.72
2827,86,475,5,2025-03-05 18:50:49.630323,1353.95
2828,523,215,6,2025-02-04 16:35:46.974076,2168.46
2829,661,250,7,2024-12-12 15:41:28.624062,972.44
2830,993,64,5,2025-08-01 08:56:09.036106,1837.45
2831,586,38,5,2025-10-07 13:25:25.794025,1112.4
2832,165,198,3,2025-07-30 11:24:58.641498,292.74
2833,406,195,6,2025-03-26 18:22:59.034590,2993.94
2834,561,279,2,2024-12-27 14:55:19.228077,442.88
2835,627,468,5,2025-04-15 22:40:25.439947,2467.0
2836,345,120,7,2025-06-19 16:50:02.799431,97.65
2837,112,234,7,2025-10-25 00:28:55.738886,572.74
2838,390,96,9,2025-02-21 21:47:07.794255,1369.98
2839,814,249,6,2025-08-07 16:22:40.234148,1493.34
2840,468,480,3,2025-04-25 06:54:17.118634,365.04
2841,981,189,4,2025-08-15 19:11:51.407511,1870.0
2842,113,366,2,2025-03-07 12:19:50.148840,390.86
2843,203,159,8,2024-12-12 20:51:01.100385,392.0
2844,104,102,1,2024-11-19 23:46:17.559761,43.14
2845,982,18,3,2025-01-24 09:43:11.066912,703.86
2846,177,423,6,2024-11-16 13:20:35.931621,818.64
2847,918,19,2,2025-10-18 10:57:26.529215,768.18
2848,535,29,9,2025-09-27 08:53:38.717475,2934.99
2849,729,432,6,2025-11-05 04:22:26.400056,338.82
2850,366,357,4,2025-09-15 16:29:04.871235,714.4
2851,645,234,2,2025-07-15 10:02:58.661947,163.64
2852,425,351,4,2025-06-25 06:04:26.899892,493.56
2853,97,63,9,2025-11-04 10:04:12.896957,1204.56
2854,861,441,4,2025-01-04 12:14:50.185615,1947.24
2855,708,196,3,2025-09-30 10:21:04.519035,1498.95
2856,815,492,2,2024-11-21 21:42:50.328892,414.32
2857,96,129,6,2025-03-31 18:19:31.160303,465.9
2858,920,471,8,2025-10-09 16:57:22.729312,2334.0
2859,22,223,9,2025-09-14 12:47:34.362011,226.26
2860,162,480,5,2024-11-10 05:29:45.144011,608.4
2861,75,316,4,2024-12-10 18:36:30.773969,1418.84
2862,353,205,3,2025-09-19 02:44:55.158713,1116.18
2863,294,66,8,2025-09-19 05:18:05.311193,1878.72
2864,829,118,1,2025-08-20 11:05:29.253408,220.28
2865,369,470,5,2025-01-05 23:12:15.898575,1876.25
2866,208,295,7,2025-03-23 01:53:25.256307,1753.85
2867,953,30,7,2025-05-30 19:04:39.345501,353.64
2868,581,186,2,2025-08-09 10:39:59.296260,290.92
2869,830,46,3,2025-03-22 09:14:09.894902,78.06
2870,308,270,7,2025-06-25 03:51:26.697910,763.35
2871,603,86,1,2025-10-31 21:32:07.185448,202.87
2872,515,75,3,2025-07-11 10:00:46.194065,1042.14
2873,207,207,5,2025-07-19 18:11:27.673354,1153.95
2874,849,68,2,2025-02-02 22:13:42.361086,829.5
2875,27,395,9,2025-11-05 14:20:56.197587,1527.03
2876,766,20,1,2025-04-22 15:02:31.973318,91.56
2877,841,9,6,2025-07-12 02:27:08.179538,2327.04
2878,718,410,7,2025-08-04 16:38:22.623036,3309.74
2879,140,270,9,2025-03-27 04:12:18.548723,981.45
2880,281,33,1,2024-11-21 14:29:03.899555,430.44
2881,793,186,9,2025-01-31 08:34:42.941377,1309.14
2882,486,386,3,2024-12-07 14:14:13.528915,1118.76
2883,62,85,9,2025-07-05 22:42:35.682613,876.51
2884,2,79,4,2025-02-08 08:46:57.080666,1300.2
2885,608,351,2,2025-05-14 11:10:01.677178,246.78
2886,948,134,5,2025-06-05 10:39:48.078377,2040.45
2887,150,249,3,2025-09-14 20:31:36.449832,746.67
2888,222,86,3,2025-07-12 16:00:05.877762,608.61
2889,428,425,6,2024-12-31 05:07:48.546618,2822.76
2890,388,131,5,2025-10-30 18:18:16.128847,651.55
2891,854,430,1,2025-04-18 08:42:17.055475,231.28
2892,331,431,6,2025-10-25 14:58:11.452912,2413.86
2893,447,38,6,2025-04-19 17:00:35.558764,1334.88
2894,404,229,4,2025-08-02 08:41:26.488618,549.6
2895,116,108,4,2025-10-31 14:38:46.444690,502.48
2896,418,385,5,2024-11-09 12:48:09.220341,239.8
2897,536,22,7,2025-11-02 14:25:04.061238,2147.95
2898,450,239,1,2025-09-12 13:21:57.933615,35.0
2899,598,38,8,2025-08-16 14:25:51.724151,1779.84
2900,247,161,8,2025-06-22 12:42:00.864837,766.24
2901,654,414,3,2025-02-17 12:35:53.518537,1430.16
2902,21,387,5,2025-10-14 06:15:01.538404,2361.6
2903,802,163,9,2025-10-04 16:12:45.830321,2926.98
2904,372,59,6,2025-09-02 03:10:48.291182,1808.88
2905,336,360,8,2025-02-22 18:36:13.378099,3026.08
2906,534,172,8,2025-02-04 22:58:41.369168,3477.52
2907,666,359,6,2024-11-15 09:39:27.287981,253.68
2908,808,257,9,2024-12-12 18:48:39.783979,4008.96
2909,692,172,8,2025-06-04 15:48:10.157948,3477.52
2910,434,197,7,2025-08-27 15:20:21.879104,2721.81
2911,656,207,1,2025-05-30 19:31:20.109584,230.79
2912,420,41,1,2025-04-08 06:07:48.774599,225.74
2913,749,344,6,2025-04-14 00:10:39.490157,1448.64
2914,873,229,1,2025-03-21 15:48:54.358000,137.4
2915,854,301,9,2024-12-17 03:11:25.796160,1065.06
2916,303,62,9,2025-06-09 02:39:47.194308,638.64
2917,215,317,6,2025-09-26 14:32:25.804799,2581.62
2918,621,170,2,2025-10-20 04:05:38.378684,436.02
2919,973,382,6,2025-09-10 21:24:23.763392,889.86
2920,159,226,1,2024-12-21 17:12:50.255337,259.61
2921,725,336,9,2025-09-01 05:55:07.597925,3593.61
2922,654,336,7,2025-06-11 11:54:09.119331,2795.03
2923,530,152,6,2024-11-11 21:24:54.105249,117.3
2924,649,44,6,2025-07-12 14:27:19.968624,336.78
2925,259,35,9,2025-02-24 07:47:03.074579,2140.92
2926,575,202,8,2025-02-15 10:53:05.165638,1889.12
2927,4,361,1,2025-05-07 14:47:06.144619,84.05
2928,841,191,4,2025-08-10 06:37:36.117146,184.96
2929,9,284,5,2025-06-20 02:21:51.280438,351.1
2930,287,223,7,2025-10-26 11:55:45.710765,175.98
2931,304,252,2,2025-07-01 11:12:26.646701,48.94
2932,559,239,6,2025-05-06 21:59:43.050246,210.0
2933,91,331,1,2024-11-23 01:32:13.983922,496.56
2934,831,419,1,2025-11-01 10:09:29.527308,427.29
2935,226,481,5,2025-07-24 07:46:54.813367,337.4
2936,116,396,7,2025-02-22 04:04:43.629247,1501.01
2937,168,241,3,2025-02-17 10:58:54.178377,1170.09
2938,771,463,6,2025-08-23 03:20:20.633475,365.58
2939,930,264,2,2025-10-27 01:34:47.413371,749.36
2940,174,132,4,2024-11-08 03:42:31.322541,889.8
2941,469,415,2,2024-11-20 10:05:05.425256,551.34
2942,383,92,2,2025-01-26 03:42:20.640002,47.48
2943,21,172,1,2025-07-25 06:14:29.172349,434.69
2944,905,135,8,2025-03-21 13:07:42.073775,758.08
2945,714,369,1,2025-01-08 02:47:39.797144,357.77
2946,363,350,6,2025-08-05 00:23:30.337568,2666.1
2947,883,168,7,2025-03-07 02:44:37.670989,849.17
2948,706,139,8,2025-08-21 04:31:10.118649,484.08
2949,101,335,7,2025-03-18 08:56:53.716081,3024.07
2950,212,232,7,2025-08-13 01:29:56.503024,2590.35
2951,385,262,7,2025-04-29 11:10:36.284694,3425.24
2952,66,241,7,2025-02-19 16:31:25.236355,2730.21
2953,946,493,4,2024-12-24 15:35:45.885011,1322.52
2954,494,337,1,2025-10-28 02:33:57.126995,46.58
2955,145,130,4,2025-07-29 01:15:53.153262,1998.88
2956,535,239,8,2025-09-09 07:31:37.971220,280.0
2957,679,276,1,2025-07-09 06:39:26.383986,19.55
2958,326,406,8,2025-04-02 00:52:30.921367,3898.72
2959,547,377,9,2025-01-22 17:59:20.702445,2594.97
2960,515,91,8,2025-06-10 14:17:45.182898,1996.4
2961,500,38,5,2024-12-01 04:08:21.715766,1112.4
2962,967,250,3,2025-02-13 20:43:55.797991,416.76
2963,284,468,3,2024-11-16 04:27:21.272440,1480.2
2964,845,45,9,2025-08-23 20:08:41.902044,883.71
2965,966,352,3,2024-11-29 04:24:06.564691,1495.35
2966,875,435,3,2025-10-07 09:24:23.548815,402.84
2967,344,206,9,2025-01-21 08:27:52.358221,4374.99
2968,147,137,2,2024-12-29 15:31:08.663634,843.3
2969,98,22,8,2024-11-27 21:54:52.260682,2454.8
2970,316,411,6,2025-09-11 18:16:31.350843,2841.36
2971,701,442,6,2025-06-20 15:02:05.592245,1987.38
2972,736,425,2,2025-03-29 07:47:37.359471,940.92
2973,996,51,4,2025-09-19 06:55:18.364703,50.48
2974,15,465,7,2025-04-01 14:32:12.091590,2342.13
2975,462,437,6,2025-08-24 19:22:59.268074,863.64
2976,312,377,5,2025-04-22 10:44:13.874166,1441.65
2977,191,171,8,2025-07-23 00:35:14.042655,2207.2
2978,143,404,2,2025-08-14 20:27:04.481773,598.86
2979,905,6,7,2025-08-07 20:31:47.739973,2305.38
2980,979,267,3,2025-02-28 00:17:43.202497,883.26
2981,936,306,9,2025-05-30 17:40:13.979296,1240.47
2982,982,5,4,2025-01-20 02:31:35.441015,778.04
2983,261,50,1,2025-05-18 08:04:32.894020,456.08
2984,565,26,1,2025-10-25 08:02:32.834536,41.98
2985,481,269,1,2024-12-13 00:34:41.792218,400.84
2986,761,64,3,2025-06-26 11:26:22.714365,1102.47
2987,18,223,6,2025-10-26 21:27:20.360291,150.84
2988,354,483,8,2025-01-30 22:03:22.844148,1805.12
2989,977,177,7,2025-03-06 12:45:20.161131,570.29
2990,821,259,9,2025-01-12 08:50:15.657366,2699.28
2991,215,459,3,2025-06-25 13:26:26.892920,800.49
2992,331,64,3,2025-06-30 02:30:35.510004,1102.47
2993,30,207,6,2025-07-29 01:52:06.104319,1384.74
2994,155,307,6,2025-03-28 20:09:57.752120,479.1
2995,685,139,2,2025-06-02 11:25:06.930294,121.02
2996,216,227,6,2025-02-10 09:01:28.239976,2311.92
2997,993,59,1,2025-07-25 18:38:30.005545,301.48
2998,146,259,9,2025-06-23 16:23:22.177568,2699.28
2999,845,464,1,2024-12-28 11:57:35.755369,12.15
3000,386,17,7,2025-10-16 11:01:44.177941,2435.65
3001,709,329,9,2025-10-19 13:21:19.864547,3317.31
3002,439,208,7,2025-10-31 23:20:18.856581,3376.03
3003,873,196,5,2025-10-29 14:33:08.844703,2498.25
3004,891,485,1,2025-08-08 13:00:12.143451,132.27
3005,204,467,4,2025-11-02 16:41:24.050215,223.36
3006,315,155,1,2025-01-20 22:10:31.879815,96.63
3007,935,15,8,2025-01-08 02:04:17.030946,1075.52
3008,673,115,5,2025-01-07 03:55:07.812117,1589.7
3009,21,495,2,2025-07-10 01:00:31.977151,136.34
3010,515,461,1,2025-09-07 01:26:55.080063,298.23
3011,119,313,7,2025-11-05 17:49:51.732361,2310.21
3012,499,312,4,2025-02-13 01:47:08.467002,1803.88
3013,536,56,4,2025-01-21 02:10:33.558589,1739.28
3014,969,366,4,2025-02-28 03:19:14.642325,781.72
3015,423,126,5,2025-03-12 11:43:41.484917,2035.4
3016,785,119,8,2025-04-15 21:27:11.300562,2002.88
3017,215,355,8,2025-06-07 01:10:49.951061,549.92
3018,717,482,1,2025-02-07 10:04:26.845799,264.51
3019,183,183,7,2025-06-07 09:13:56.719340,2446.01
3020,710,64,2,2025-07-13 08:19:12.171944,734.98
3021,589,195,4,2024-11-24 22:45:04.665963,1995.96
3022,802,172,5,2025-01-31 10:57:29.684125,2173.45
3023,432,214,8,2025-10-26 12:18:59.254511,1308.64
3024,786,10,8,2025-05-03 22:18:46.227470,1035.68
3025,680,410,3,2025-04-24 23:16:45.280048,1418.46
3026,353,410,8,2024-12-17 22:45:29.144529,3782.56
3027,414,269,5,2025-03-25 13:05:49.727228,2004.2
3028,687,236,8,2025-08-22 21:43:21.771767,879.76
3029,816,429,5,2024-11-30 07:10:02.583325,1133.05
3030,328,210,6,2025-10-01 03:26:19.921720,196.86
3031,25,326,9,2025-08-03 21:19:04.650891,2657.16
3032,220,432,5,2025-02-27 11:32:58.144289,282.35
3033,560,303,5,2025-02-21 03:31:40.999651,365.7
3034,308,313,9,2025-11-01 10:55:30.278735,2970.27
3035,967,14,4,2025-04-14 23:50:07.709960,182.8
3036,770,65,6,2024-12-17 04:50:31.937747,1003.68
3037,726,366,2,2025-04-16 13:11:09.656468,390.86
3038,329,228,6,2025-02-05 03:27:31.802276,1015.62
3039,345,97,7,2025-03-25 20:13:12.317665,93.87
3040,672,318,2,2025-04-13 04:01:47.542629,83.88
3041,816,312,5,2025-08-25 05:54:21.988697,2254.85
3042,169,333,8,2024-12-14 12:33:57.081333,1630.48
3043,277,262,1,2024-12-16 08:46:05.160492,489.32
3044,975,430,2,2025-09-25 01:45:30.956333,462.56
3045,472,74,2,2025-03-14 20:28:28.340130,804.0
3046,875,21,9,2025-02-16 17:23:06.240761,3702.51
3047,119,302,8,2024-12-19 17:11:36.450064,1535.28
3048,686,418,7,2025-02-04 09:34:54.182155,405.44
3049,212,361,9,2025-09-07 07:06:20.805571,756.45
3050,565,389,1,2025-10-21 09:19:05.761679,329.62
3051,187,130,5,2025-04-13 06:23:54.194769,2498.6
3052,880,485,3,2025-04-03 22:44:23.917991,396.81
3053,441,205,1,2024-12-15 23:14:23.750651,372.06
3054,941,455,1,2024-12-05 07:49:28.210477,142.23
3055,133,250,6,2025-08-03 21:15:40.455960,833.52
3056,490,138,8,2025-10-31 13:32:15.566102,2974.4
3057,288,461,3,2025-04-02 09:50:23.191875,894.69
3058,616,38,4,2025-10-27 23:26:52.251533,889.92
3059,94,9,5,2025-03-03 10:47:36.627305,1939.2
3060,769,377,4,2025-02-24 20:37:22.488800,1153.32
3061,725,366,8,2025-05-21 05:03:53.848319,1563.44
3062,35,494,6,2024-12-09 14:59:20.510448,2440.08
3063,991,6,6,2025-03-07 03:06:27.270895,1976.04
3064,51,358,8,2025-04-29 07:33:51.561724,367.92
3065,812,47,6,2025-07-09 09:05:12.572567,1890.6
3066,339,308,6,2025-10-31 11:11:37.243813,2725.32
3067,165,66,2,2025-08-20 04:20:08.556782,469.68
3068,555,440,7,2024-11-20 01:26:07.233353,2355.36
3069,461,245,3,2024-12-30 20:51:29.356027,929.64
3070,866,11,8,2024-11-24 01:03:13.362634,1697.44
3071,666,146,9,2025-08-08 04:45:50.656987,310.23
3072,725,59,7,2024-12-03 12:33:01.243510,2110.36
3073,889,279,7,2025-09-06 06:26:04.299739,1550.08
3074,543,106,6,2024-11-21 05:52:17.802619,1425.18
3075,209,304,7,2024-11-16 22:40:32.267244,3055.64
3076,365,157,3,2025-04-16 09:36:15.883086,81.75
3077,958,219,1,2025-07-17 15:10:42.960109,245.1
3078,209,319,7,2025-03-20 00:20:16.543279,1774.78
3079,658,378,2,2025-06-18 20:08:39.369602,935.24
3080,64,130,2,2025-01-03 13:04:02.964909,999.44
3081,945,404,7,2025-09-01 21:20:14.718306,2096.01
3082,701,463,6,2025-07-23 00:28:48.698002,365.58
3083,690,261,2,2025-02-13 00:32:57.392336,292.88
3084,872,476,9,2025-11-01 18:45:35.200705,1565.73
3085,766,311,1,2025-02-04 08:19:32.532177,440.94
3086,824,353,5,2025-10-10 12:54:11.284543,1255.6
3087,115,30,6,2024-12-11 16:37:42.501153,303.12
3088,341,63,7,2025-09-07 20:33:38.388341,936.88
3089,500,8,1,2025-02-01 18:03:06.519097,318.43
3090,473,197,5,2025-08-01 04:16:07.912267,1944.15
3091,234,40,2,2025-01-13 10:52:44.711431,711.94
3092,637,421,5,2024-11-21 04:13:20.017030,745.15
3093,225,28,9,2025-03-26 13:08:17.474239,1129.95
3094,553,302,1,2025-03-24 00:35:55.042952,191.91
3095,152,101,1,2025-02-14 08:34:20.681395,249.29
3096,813,458,6,2025-08-18 17:23:17.876446,80.04
3097,121,415,7,2025-02-11 08:52:50.257982,1929.69
3098,833,129,9,2025-08-01 00:52:57.901532,698.85
3099,901,101,2,2025-03-17 23:51:40.984982,498.58
3100,15,115,8,2025-08-29 03:20:52.847785,2543.52
3101,134,358,4,2024-12-03 07:06:24.993176,183.96
3102,248,173,6,2025-09-09 18:45:40.833980,1203.54
3103,308,155,5,2025-01-01 18:27:50.551413,483.15
3104,268,420,5,2025-01-25 10:31:19.279382,1648.6
3105,421,306,1,2025-05-31 13:16:49.970145,137.83
3106,605,308,7,2025-10-08 17:10:42.550932,3179.54
3107,916,131,8,2025-02-22 21:44:09.279753,1042.48
3108,991,411,7,2025-06-06 08:58:17.930136,3314.92
3109,975,112,6,2025-10-22 22:47:34.206385,1386.9
3110,980,124,7,2025-02-21 01:43:31.786876,2261.07
3111,42,407,8,2025-04-29 14:01:30.480503,1143.28
3112,16,20,3,2025-07-16 14:31:45.837901,274.68
3113,262,342,4,2025-02-22 05:30:09.996962,662.56
3114,640,488,4,2025-07-05 05:16:17.534410,358.6
3115,262,196,6,2025-08-05 22:19:46.515799,2997.9
3116,446,477,9,2025-01-01 09:36:09.530333,3280.14
3117,870,403,7,2025-03-28 11:59:54.108756,954.66
3118,293,328,3,2024-11-21 03:51:27.585567,457.11
3119,146,465,6,2025-03-12 08:48:25.267605,2007.54
3120,621,267,6,2025-10-09 19:14:04.296298,1766.52
3121,223,430,5,2024-11-30 15:27:19.400931,1156.4
3122,862,458,3,2025-05-24 09:28:29.918971,40.02
3123,230,103,2,2025-02-23 02:07:38.537261,245.82
3124,167,280,9,2025-06-20 23:19:34.258120,2742.3
3125,12,398,3,2025-07-06 08:47:29.678832,232.02
3126,110,416,7,2025-09-05 04:37:51.616959,346.78
3127,148,500,3,2025-02-22 07:01:35.205591,786.54
3128,729,333,1,2024-12-02 13:33:50.063151,203.81
3129,643,239,5,2025-06-28 11:21:19.106667,175.0
3130,749,15,2,2024-11-19 07:40:09.186177,268.88
3131,76,55,3,2025-09-06 22:34:40.471289,741.3
3132,344,460,3,2025-06-22 19:29:29.064602,905.76
3133,287,129,9,2025-10-24 09:40:04.151495,698.85
3134,322,433,4,2025-10-22 03:07:42.566242,511.32
3135,590,386,8,2025-10-20 15:53:33.339608,2983.36
3136,829,445,2,2025-09-02 18:31:34.417891,708.3
3137,998,428,3,2025-08-25 18:30:57.108094,557.07
3138,969,63,2,2025-08-31 09:34:05.884812,267.68
3139,93,258,2,2025-09-19 06:52:32.025890,763.22
3140,555,67,7,2024-11-16 07:36:12.495028,2629.48
3141,415,380,3,2025-01-09 23:58:46.068788,895.71
3142,143,370,4,2025-07-31 01:15:24.789941,1563.4
3143,1000,329,4,2025-09-07 16:51:57.138785,1474.36
3144,156,342,4,2025-01-23 02:34:10.980642,662.56
3145,486,428,9,2025-07-18 15:40:12.656053,1671.21
3146,449,77,7,2025-04-24 12:33:16.385831,2304.82
3147,855,135,9,2025-07-23 20:20:00.044181,852.84
3148,890,314,3,2025-07-17 08:07:16.411217,116.46
3149,650,449,4,2025-04-20 17:45:09.172602,770.64
3150,334,22,1,2025-02-11 11:59:04.037037,306.85
3151,275,415,3,2025-09-04 23:52:55.695937,827.01
3152,268,437,7,2025-09-12 06:14:21.632826,1007.58
3153,403,179,6,2025-06-13 22:07:01.064446,246.48
3154,690,361,7,2025-10-09 09:24:36.150532,588.35
3155,371,356,9,2024-11-09 15:38:32.011040,1928.07
3156,259,451,6,2024-12-26 16:42:30.711573,1557.42
3157,655,369,4,2025-09-23 00:20:27.199829,1431.08
3158,154,330,7,2024-12-26 20:16:11.717793,155.12
3159,172,315,7,2025-01-21 00:28:53.314750,1220.38
3160,106,180,2,2025-10-18 10:59:19.747461,713.68
3161,484,393,4,2025-09-25 13:02:31.049549,1684.76
3162,993,399,4,2025-10-23 04:58:01.227034,407.96
3163,673,300,5,2025-05-10 14:28:56.179321,2284.4
3164,191,375,2,2025-02-10 07:06:26.701037,785.1
3165,91,226,6,2025-08-13 20:21:02.063219,1557.66
3166,308,273,4,2024-12-28 03:07:15.124390,848.32
3167,562,313,7,2025-01-22 09:43:02.288995,2310.21
3168,669,200,6,2025-02-23 08:04:05.896410,2744.04
3169,942,493,3,2024-11-23 06:09:08.600586,991.89
3170,793,121,4,2025-04-01 23:55:28.513987,636.8
3171,828,146,7,2025-01-08 10:13:41.095974,241.29
3172,729,406,7,2025-02-08 08:30:41.636117,3411.38
3173,693,288,4,2025-08-06 17:46:44.429517,566.36
3174,796,431,4,2025-07-28 03:55:24.866928,1609.24
3175,856,446,8,2025-06-11 10:48:04.201946,1114.24
3176,642,380,3,2025-09-01 06:31:37.014828,895.71
3177,205,21,5,2025-01-30 19:43:47.211143,2056.95
3178,530,337,1,2024-11-29 20:26:09.581933,46.58
3179,567,183,6,2025-08-22 23:21:41.229986,2096.58
3180,418,190,7,2025-09-22 09:42:24.206128,1022.7
3181,588,289,3,2025-09-14 23:26:37.959734,1007.88
3182,268,106,7,2024-12-30 18:22:46.824861,1662.71
3183,972,77,4,2024-11-24 01:48:43.874970,1317.04
3184,407,148,6,2025-06-01 19:54:17.550638,1179.54
3185,293,357,2,2025-05-27 07:22:37.841633,357.2
3186,680,432,9,2025-04-06 19:37:48.346641,508.23
3187,688,209,9,2025-05-20 05:16:31.741089,2711.34
3188,644,36,6,2024-11-13 06:48:48.649500,868.38
3189,195,40,2,2025-04-26 20:28:01.938895,711.94
3190,674,71,3,2025-06-08 03:30:45.041454,730.56
3191,23,101,2,2025-03-07 23:10:45.738889,498.58
3192,633,214,3,2025-06-20 22:46:13.554073,490.74
3193,912,230,4,2025-06-07 15:44:27.664561,881.76
3194,973,71,2,2024-11-07 15:51:43.098589,487.04
3195,122,92,9,2025-08-31 23:00:37.838422,213.66
3196,925,440,8,2025-03-04 20:19:09.190104,2691.84
3197,867,129,7,2024-11-24 00:16:24.179666,543.55
3198,583,447,9,2025-07-21 17:36:51.624328,151.2
3199,15,26,4,2025-07-06 08:28:52.353998,167.92
3200,598,454,1,2025-08-01 14:43:03.465132,51.97
3201,609,272,1,2024-11-23 21:15:42.481101,233.5
3202,526,347,3,2025-03-11 23:27:31.306114,748.62
3203,78,28,5,2024-12-21 22:54:56.780962,627.75
3204,106,99,7,2025-06-27 11:36:22.182898,1159.76
3205,399,269,1,2025-05-17 13:28:14.206991,400.84
3206,750,187,2,2025-01-11 18:21:36.647071,143.78
3207,370,132,4,2025-08-04 15:30:46.211289,889.8
3208,288,381,8,2025-10-03 15:52:04.684614,3666.16
3209,987,293,9,2024-11-10 20:00:50.567480,1419.21
3210,364,378,9,2025-01-09 14:25:45.682762,4208.58
3211,41,311,8,2025-02-27 05:03:40.868142,3527.52
3212,545,261,1,2025-04-16 10:29:15.029677,146.44
3213,7,431,3,2025-02-11 19:59:53.465311,1206.93
3214,714,47,3,2025-02-15 18:10:33.620884,945.3
3215,570,401,6,2025-04-27 16:10:01.792455,2147.58
3216,914,360,8,2025-09-19 13:19:04.134233,3026.08
3217,424,287,3,2025-02-14 23:51:06.808596,1180.05
3218,170,432,6,2025-07-03 04:39:44.811661,338.82
3219,172,307,9,2024-11-11 17:40:40.172699,718.65
3220,928,355,9,2025-04-02 16:33:08.888515,618.66
3221,816,402,2,2025-05-14 22:02:49.064030,68.8
3222,277,113,6,2025-09-06 11:59:23.506864,1232.46
3223,654,443,5,2025-10-19 21:30:55.892156,1838.2
3224,909,299,6,2025-03-25 00:58:14.312243,986.58
3225,846,420,4,2025-04-30 11:29:20.485995,1318.88
3226,889,68,1,2024-11-24 15:37:31.352703,414.75
3227,36,250,5,2025-01-04 18:34:41.655223,694.6
3228,936,51,9,2025-09-29 22:01:51.532532,113.58
3229,318,23,8,2025-06-16 21:13:31.293569,164.4
3230,9,4,1,2025-09-30 14:40:25.084521,298.28
3231,649,483,5,2025-05-10 02:21:03.464904,1128.2
3232,977,126,5,2025-11-04 11:22:34.755517,2035.4
3233,731,321,8,2025-01-30 04:30:36.453336,2720.64
3234,411,488,9,2024-11-28 21:15:32.233724,806.85
3235,654,234,7,2025-01-03 07:11:26.339567,572.74
3236,175,208,2,2025-06-26 19:42:18.316197,964.58
3237,337,288,4,2025-07-14 18:23:17.607060,566.36
3238,957,246,9,2025-05-20 05:11:03.331552,1240.2
3239,747,456,6,2025-04-09 16:04:31.362295,2213.4
3240,954,132,2,2025-07-02 14:41:38.202408,444.9
3241,496,344,8,2025-09-30 04:01:50.118063,1931.52
3242,229,98,4,2024-11-27 21:00:36.045217,1405.32
3243,440,222,7,2025-10-30 01:36:53.363019,1122.8
3244,648,108,9,2025-11-03 20:55:28.405677,1130.58
3245,986,437,5,2025-07-22 04:16:40.428656,719.7
3246,719,229,1,2024-11-24 07:25:29.507466,137.4
3247,813,280,6,2025-08-05 22:48:07.417552,1828.2
3248,589,272,7,2025-08-19 17:56:31.796917,1634.5
3249,552,252,3,2025-08-29 18:13:58.242638,73.41
3250,922,160,8,2025-09-07 09:53:53.532589,3963.28
3251,595,261,8,2024-11-19 01:48:00.396703,1171.52
3252,909,159,4,2025-02-08 06:57:13.191007,196.0
3253,233,1,4,2024-12-09 20:08:28.720519,386.44
3254,607,298,2,2024-11-23 19:57:16.548769,638.26
3255,291,279,8,2025-02-26 08:40:15.378242,1771.52
3256,439,279,8,2025-01-12 01:53:26.887340,1771.52
3257,234,173,2,2025-10-04 22:33:02.504602,401.18
3258,266,388,1,2025-03-23 01:51:55.646159,286.47
3259,687,47,7,2024-12-15 19:30:03.259807,2205.7
3260,763,428,3,2025-02-12 00:33:48.033510,557.07
3261,767,131,6,2025-02-24 18:28:54.084739,781.86
3262,738,224,3,2025-01-02 14:44:21.536175,1498.35
3263,160,205,6,2024-11-19 01:41:35.015347,2232.36
3264,177,494,2,2025-10-26 12:42:33.238084,813.36
3265,942,423,6,2025-09-08 11:19:24.748533,818.64
3266,253,238,5,2025-10-24 02:14:12.662154,1838.85
3267,469,128,9,2025-07-14 02:27:51.703032,3435.03
3268,583,303,6,2025-06-10 10:11:25.885753,438.84
3269,245,3,2,2025-07-03 23:19:24.877991,747.68
3270,308,228,8,2025-09-06 15:42:37.135313,1354.16
3271,871,229,3,2025-07-23 20:31:38.377756,412.2
3272,953,431,5,2025-05-17 20:25:51.872813,2011.55
3273,429,189,8,2025-06-17 14:41:46.988182,3740.0
3274,420,341,4,2025-07-18 02:46:04.820340,904.76
3275,665,200,8,2025-04-27 07:52:04.048544,3658.72
3276,804,487,9,2025-07-02 04:10:03.009833,3007.35
3277,837,468,3,2025-08-20 00:35:14.276320,1480.2
3278,129,306,7,2025-03-10 21:42:06.364489,964.81
3279,892,245,6,2024-12-09 10:03:03.628964,1859.28
3280,407,260,2,2025-01-13 00:49:57.501399,926.04
3281,153,307,6,2025-01-12 06:28:04.587622,479.1
3282,741,386,6,2025-05-23 20:51:59.570025,2237.52
3283,408,273,2,2024-12-06 22:04:22.228678,424.16
3284,626,402,2,2025-05-22 01:18:06.432945,68.8
3285,794,231,6,2025-06-25 01:13:45.591963,2995.62
3286,110,12,7,2025-07-29 18:12:40.113689,480.55
3287,881,364,1,2025-01-29 08:43:08.429355,332.67
3288,808,82,9,2025-06-18 00:43:36.075239,4367.43
3289,962,370,1,2025-04-27 11:05:04.835248,390.85
3290,243,133,4,2025-03-03 03:44:49.640137,1021.16
3291,374,338,4,2025-06-11 20:51:41.999567,1253.12
3292,58,84,7,2025-02-04 02:35:04.146239,1911.98
3293,117,19,5,2024-12-22 19:01:13.310757,1920.45
3294,124,332,4,2025-10-15 17:22:23.803507,447.6
3295,577,151,9,2025-06-21 02:12:00.685151,3279.87
3296,619,421,1,2025-07-31 04:54:55.880424,149.03
3297,637,145,5,2025-06-26 05:39:59.719672,858.95
3298,9,490,9,2025-08-14 14:43:18.534593,2712.33
3299,914,473,3,2025-08-08 20:16:34.275748,613.41
3300,802,266,8,2025-06-21 11:43:00.555373,226.0
3301,845,136,9,2025-07-28 20:47:07.124414,855.27
3302,5,410,9,2025-09-15 04:56:31.881213,4255.38
3303,371,344,5,2025-07-28 03:53:48.882902,1207.2
3304,563,400,5,2025-03-09 14:54:40.671924,1345.9
3305,881,462,8,2025-04-13 14:38:43.673218,3667.04
3306,728,132,9,2025-10-07 20:10:35.752836,2002.05
3307,314,421,3,2025-08-30 08:15:07.827589,447.09
3308,468,383,4,2025-09-16 14:08:02.919962,1927.0
3309,611,63,2,2025-09-20 21:20:24.596709,267.68
3310,916,6,2,2025-06-10 09:03:51.696987,658.68
3311,930,428,9,2025-11-06 12:36:12.523598,1671.21
3312,967,439,5,2025-07-21 10:12:30.015822,2181.8
3313,112,50,9,2025-08-30 15:57:21.211644,4104.72
3314,928,482,2,2025-08-21 06:05:14.537330,529.02
3315,404,156,9,2025-09-23 05:43:58.133866,91.98
3316,371,166,8,2025-08-13 17:16:35.189736,1727.04
3317,455,326,7,2025-09-22 13:35:42.364961,2066.68
3318,405,234,6,2025-06-19 14:16:32.766468,490.92
3319,884,174,9,2025-03-29 02:09:54.910153,2277.63
3320,134,416,9,2025-06-09 16:45:21.701661,445.86
3321,81,301,9,2025-09-16 02:28:41.282955,1065.06
3322,986,423,9,2025-08-29 22:08:46.294976,1227.96
3323,340,437,2,2025-09-23 23:38:14.418603,287.88
3324,36,82,3,2025-01-29 06:22:39.977090,1455.81
3325,689,15,2,2025-06-03 16:37:01.607251,268.88
3326,580,189,8,2025-05-18 04:11:09.558536,3740.0
3327,914,500,9,2025-01-18 07:03:07.409507,2359.62
3328,734,365,8,2025-02-18 02:19:39.399453,1518.48
3329,623,94,9,2025-01-19 07:57:23.743717,1562.49
3330,972,124,4,2025-05-15 04:14:06.241066,1292.04
3331,988,71,4,2024-12-01 22:12:11.886408,974.08
3332,237,233,1,2025-08-26 15:40:40.694155,210.87
3333,289,42,1,2025-10-03 03:41:45.736409,73.6
3334,740,94,5,2024-12-07 03:37:12.460274,868.05
3335,131,351,7,2025-07-13 23:52:58.790752,863.73
3336,198,94,3,2025-02-25 06:53:51.854379,520.83
3337,215,95,3,2025-05-03 19:03:32.922753,1205.61
3338,522,487,7,2024-11-08 05:09:09.810199,2339.05
3339,565,136,4,2025-08-25 01:51:33.584570,380.12
3340,827,303,1,2025-08-30 02:59:51.518544,73.14
3341,455,332,1,2025-10-02 00:19:32.924257,111.9
3342,130,213,5,2024-12-07 15:04:22.520984,504.75
3343,839,219,5,2025-05-11 21:13:32.885655,1225.5
3344,906,255,7,2025-09-30 01:26:50.852494,1757.77
3345,99,187,6,2025-02-18 16:36:17.616338,431.34
3346,701,417,6,2025-05-09 09:35:04.265905,864.42
3347,230,118,1,2025-02-13 18:10:21.029028,220.28
3348,444,369,3,2025-03-26 08:10:07.991045,1073.31
3349,170,260,2,2025-10-05 22:19:31.387519,926.04
3350,70,111,2,2025-10-07 01:03:51.731941,890.36
3351,954,204,5,2024-11-11 04:37:02.495726,639.75
3352,992,401,3,2025-03-21 22:02:18.808480,1073.79
3353,170,92,8,2025-08-20 02:50:42.161110,189.92
3354,432,112,7,2025-08-03 23:24:32.630321,1618.05
3355,724,183,6,2025-03-25 21:36:53.953290,2096.58
3356,948,89,8,2025-03-13 06:46:15.771609,3410.48
3357,701,10,7,2024-11-17 10:59:56.434642,906.22
3358,396,328,4,2025-01-20 21:26:54.519332,609.48
3359,789,283,1,2025-03-09 16:38:54.779631,161.03
3360,760,69,7,2025-01-28 01:54:33.044211,148.75
3361,869,182,3,2025-04-10 18:24:56.352937,1030.68
3362,471,442,1,2025-06-06 06:39:21.560304,331.23
3363,660,485,1,2025-11-04 19:53:13.017121,132.27
3364,599,498,3,2025-09-10 16:45:08.591382,518.7
3365,889,232,1,2025-09-30 11:19:10.544517,370.05
3366,935,40,5,2025-09-18 15:32:27.338785,1779.85
3367,641,37,4,2025-07-30 15:15:12.881332,531.64
3368,533,63,5,2025-02-26 09:18:01.864703,669.2
3369,117,291,6,2025-08-08 08:45:24.626937,2465.1
3370,224,286,3,2025-07-01 21:50:49.884296,1232.82
3371,876,351,7,2025-07-06 07:47:53.203389,863.73
3372,26,399,8,2025-09-19 20:09:10.211876,815.92
3373,533,80,8,2025-01-25 04:55:19.092633,2739.68
3374,536,195,3,2025-06-17 19:23:12.258079,1496.97
3375,958,252,6,2025-07-08 18:14:47.819949,146.82
3376,942,156,5,2025-05-20 14:24:10.143228,51.1
3377,171,434,8,2024-11-27 10:37:19.602800,3677.28
3378,226,49,3,2025-03-17 13:06:38.440691,1055.25
3379,975,242,1,2025-07-29 13:51:01.757634,14.9
3380,692,379,8,2025-02-22 11:20:00.501223,3345.76
3381,652,9,9,2025-04-20 03:29:11.354194,3490.56
3382,85,25,8,2025-03-06 09:19:00.445027,1542.16
3383,588,43,6,2025-05-30 10:19:05.530168,2152.98
3384,253,324,4,2024-11-22 22:42:19.270742,1182.0
3385,840,4,9,2025-10-10 12:22:56.272326,2684.52
3386,49,473,3,2024-12-03 14:24:04.094893,613.41
3387,201,264,6,2025-04-15 23:02:10.197880,2248.08
3388,502,196,5,2025-01-05 20:39:24.012580,2498.25
3389,196,53,6,2025-04-15 15:01:49.525338,99.36
3390,471,168,5,2025-09-17 20:50:19.391911,606.55
3391,961,240,1,2025-05-15 05:40:10.334189,319.14
3392,294,237,7,2025-04-07 18:29:54.017349,2854.81
3393,683,379,5,2025-08-15 12:47:42.224865,2091.1
3394,630,75,8,2025-08-10 02:10:51.212150,2779.04
3395,713,284,7,2025-03-12 23:18:30.890122,491.54
3396,329,422,3,2025-01-27 20:46:15.799816,377.13
3397,857,310,8,2025-07-01 07:50:56.152766,134.4
3398,486,48,9,2025-04-20 07:08:59.894685,2974.23
3399,279,291,3,2025-04-08 20:36:36.120135,1232.55
3400,916,132,2,2025-06-08 14:18:11.962003,444.9
3401,176,442,5,2025-04-30 18:14:17.352216,1656.15
3402,457,255,5,2025-02-21 06:21:44.338917,1255.55
3403,654,468,1,2025-10-25 20:21:52.329302,493.4
3404,115,18,7,2025-08-11 09:17:58.687017,1642.34
3405,637,125,3,2025-02-23 03:04:55.828434,655.44
3406,324,322,8,2024-11-30 08:33:23.612580,2289.52
3407,658,233,1,2025-02-12 11:39:17.081963,210.87
3408,486,254,3,2025-04-12 23:29:09.979714,663.06
3409,81,85,2,2025-03-15 09:48:50.187592,194.78
3410,90,433,6,2025-09-27 11:12:03.086137,766.98
3411,838,162,6,2024-12-23 13:48:39.287055,1968.42
3412,189,208,6,2025-01-28 23:59:38.369040,2893.74
3413,825,42,6,2025-08-17 06:48:31.180718,441.6
3414,28,202,5,2025-02-21 10:04:34.278657,1180.7
3415,237,124,9,2025-03-17 00:12:49.925161,2907.09
3416,469,239,3,2024-11-26 03:40:21.136980,105.0
3417,929,106,1,2025-03-04 23:06:23.319082,237.53
3418,315,92,4,2025-08-21 05:50:53.952564,94.96
3419,23,14,8,2025-06-12 15:05:37.607038,365.6
3420,152,484,8,2024-12-23 08:09:06.976913,1291.68
3421,449,81,4,2025-05-26 21:01:14.550295,1478.88
3422,426,25,7,2024-12-02 05:54:14.717237,1349.39
3423,347,220,9,2024-11-10 06:16:48.123835,1735.02
3424,227,439,8,2025-07-11 03:18:16.565795,3490.88
3425,120,279,8,2025-03-30 17:15:35.689650,1771.52
3426,114,162,3,2025-03-18 08:01:32.871926,984.21
3427,464,258,3,2025-02-11 20:31:47.024974,1144.83
3428,523,159,9,2025-01-05 20:07:15.575429,441.0
3429,907,350,8,2025-04-12 01:39:29.504174,3554.8
3430,999,283,6,2025-07-29 16:40:26.222732,966.18
3431,81,42,6,2025-07-17 11:40:49.742977,441.6
3432,785,47,3,2025-08-13 14:27:25.740571,945.3
3433,949,338,9,2025-02-13 02:56:17.978417,2819.52
3434,891,64,8,2025-04-08 12:45:39.585751,2939.92
3435,742,60,2,2025-05-19 21:13:30.695903,168.1
3436,353,93,2,2025-01-31 14:27:04.926237,461.38
3437,255,497,5,2024-11-14 17:51:39.915431,2492.4
3438,394,417,2,2025-09-03 15:32:45.354165,288.14
3439,877,283,9,2025-07-24 21:06:25.179304,1449.27
3440,202,169,6,2025-06-08 02:50:45.347028,364.92
3441,565,338,9,2025-03-07 14:26:08.797559,2819.52
3442,269,42,6,2025-10-29 19:39:16.719702,441.6
3443,118,183,1,2025-01-03 14:24:14.464249,349.43
3444,9,188,8,2025-02-03 22:57:54.649035,3545.2
3445,920,206,8,2025-02-14 07:43:25.114771,3888.88
3446,144,212,4,2025-02-22 04:37:48.776995,1096.68
3447,601,439,5,2025-02-17 16:51:10.981348,2181.8
3448,794,401,4,2025-01-11 19:30:08.288774,1431.72
3449,993,51,2,2025-03-21 01:41:55.839218,25.24
3450,251,149,8,2025-01-10 20:19:00.065938,1244.0
3451,838,405,5,2025-09-24 01:49:18.598403,2044.55
3452,230,413,4,2025-01-14 06:29:33.620724,1433.32
3453,575,92,6,2025-07-24 02:22:16.801201,142.44
3454,141,171,1,2025-08-02 18:29:49.583845,275.9
3455,953,39,3,2024-11-23 22:29:40.651046,558.03
3456,674,5,1,2025-02-25 10:45:02.256934,194.51
3457,909,349,6,2025-06-07 08:14:10.287945,2172.84
3458,419,28,9,2025-11-01 11:28:26.237833,1129.95
3459,758,481,6,2025-08-11 15:32:25.306737,404.88
3460,677,274,6,2025-02-20 11:07:35.263325,808.14
3461,380,272,1,2024-12-14 16:33:56.631810,233.5
3462,513,2,6,2025-07-12 01:39:28.229061,2673.18
3463,988,426,6,2025-05-23 18:38:50.681448,1357.68
3464,411,416,4,2025-06-04 04:43:30.259355,198.16
3465,916,341,9,2025-08-09 19:05:53.748820,2035.71
3466,656,301,1,2025-10-27 03:00:14.831293,118.34
3467,518,351,7,2025-01-17 22:12:10.490665,863.73
3468,181,492,8,2025-09-30 01:03:38.464971,1657.28
3469,332,158,6,2025-07-01 00:32:07.690752,2877.0
3470,508,25,1,2025-08-31 23:11:25.047233,192.77
3471,544,216,3,2025-05-26 00:01:04.517845,527.7
3472,229,357,6,2025-09-19 00:18:23.920733,1071.6
3473,682,178,4,2025-05-05 10:05:15.171675,1870.2
3474,169,307,4,2025-01-16 14:51:25.594075,319.4
3475,398,69,2,2025-04-11 11:49:23.803293,42.5
3476,209,402,8,2025-07-10 01:06:05.257902,275.2
3477,336,126,5,2025-01-18 11:42:42.140071,2035.4
3478,442,312,6,2025-07-02 07:15:49.524134,2705.82
3479,905,111,2,2025-09-24 20:50:04.213774,890.36
3480,75,432,7,2025-05-11 10:09:41.246633,395.29
3481,491,306,6,2024-12-31 19:17:07.469316,826.98
3482,191,286,2,2025-09-28 06:59:29.017844,821.88
3483,997,214,9,2025-10-03 05:54:38.538274,1472.22
3484,123,376,7,2025-08-17 13:59:32.912624,2796.71
3485,131,23,7,2025-10-26 04:00:27.274903,143.85
3486,840,193,6,2024-11-22 18:16:05.878548,314.46
3487,472,367,3,2025-05-17 05:12:00.142524,445.41
3488,503,335,9,2025-04-30 04:41:50.231026,3888.09
3489,721,291,5,2025-09-28 17:09:08.344379,2054.25
3490,613,387,5,2025-03-07 05:40:38.044525,2361.6
3491,966,40,7,2025-10-29 13:37:19.513754,2491.79
3492,153,39,7,2025-01-27 22:10:15.809241,1302.07
3493,237,151,4,2025-02-26 01:14:28.382756,1457.72
3494,293,7,6,2025-01-04 09:44:36.560340,2515.98
3495,665,12,7,2025-01-09 15:32:51.818719,480.55
3496,703,427,1,2025-03-19 11:14:34.484906,495.22
3497,800,417,2,2024-12-06 13:46:07.013117,288.14
3498,847,221,2,2024-12-28 12:48:05.753349,881.14
3499,628,421,7,2025-04-16 22:54:18.245725,1043.21
3500,156,12,5,2025-03-21 16:56:45.558977,343.25
3501,615,496,1,2025-10-20 09:12:15.427159,142.59
3502,21,393,8,2025-06-24 15:46:10.914183,3369.52
3503,214,43,9,2025-08-20 08:28:42.663072,3229.47
3504,36,34,5,2025-07-18 14:29:14.166055,212.85
3505,647,416,2,2025-03-05 05:19:35.939803,99.08
3506,68,406,6,2024-12-02 23:46:05.997581,2924.04
3507,688,397,4,2025-01-15 10:45:04.513979,1571.84
3508,925,391,2,2025-02-05 03:45:43.542955,795.38
3509,302,164,8,2025-02-14 04:05:14.079604,1047.92
3510,381,82,7,2025-10-11 09:48:03.867539,3396.89
3511,700,147,7,2025-01-27 20:14:49.394403,1537.13
3512,185,131,1,2025-08-08 01:23:15.574593,130.31
3513,187,481,2,2025-03-25 06:17:45.927115,134.96
3514,913,39,2,2025-07-22 14:15:27.868879,372.02
3515,624,298,3,2025-09-20 06:47:34.854099,957.39
3516,215,179,5,2025-04-08 08:13:08.775439,205.4
3517,960,416,1,2024-11-29 20:38:14.021143,49.54
3518,579,407,1,2025-04-02 01:07:28.342246,142.91
3519,596,455,5,2025-01-22 11:47:36.084969,711.15
3520,910,107,8,2025-06-26 05:05:22.580226,2278.64
3521,960,396,7,2025-10-06 08:06:04.784796,1501.01
3522,984,358,4,2025-02-25 22:50:14.082685,183.96
3523,986,236,5,2024-11-22 19:00:27.971669,549.85
3524,704,100,8,2025-02-10 12:16:45.759978,3518.08
3525,495,319,2,2025-10-21 11:32:39.813507,507.08
3526,741,164,2,2025-01-15 01:31:50.333804,261.98
3527,929,234,9,2025-04-05 23:34:08.849554,736.38
3528,202,135,7,2025-02-28 08:20:33.122077,663.32
3529,898,269,1,2025-06-12 00:32:27.508444,400.84
3530,381,134,1,2025-04-27 03:49:04.552354,408.09
3531,461,242,1,2025-10-19 18:36:05.609306,14.9
3532,710,418,2,2025-07-20 15:16:46.903340,115.84
3533,394,241,5,2025-04-23 11:04:34.689784,1950.15
3534,717,172,3,2025-06-04 08:04:03.435691,1304.07
3535,74,301,5,2024-11-18 18:21:24.567154,591.7
3536,71,323,2,2025-02-06 04:22:01.924442,533.16
3537,771,22,2,2024-12-03 14:53:08.123080,613.7
3538,440,132,5,2024-11-16 12:47:13.846817,1112.25
3539,343,204,3,2025-06-14 07:17:10.420992,383.85
3540,539,149,4,2025-02-28 03:25:41.346904,622.0
3541,565,151,2,2025-02-08 13:39:51.031604,728.86
3542,777,399,3,2025-02-16 01:17:03.491132,305.97
3543,295,198,2,2025-10-03 19:43:37.563351,195.16
3544,918,436,6,2025-10-26 07:53:41.617741,1560.54
3545,545,406,1,2025-01-02 03:18:49.049150,487.34
3546,987,284,4,2025-08-28 20:03:09.605829,280.88
3547,116,158,3,2024-12-19 05:51:22.263848,1438.5
3548,376,132,1,2025-04-16 16:49:52.447046,222.45
3549,756,457,1,2024-12-08 08:22:49.124306,399.39
3550,968,285,2,2025-05-08 13:23:02.905204,312.6
3551,286,363,6,2025-02-03 22:49:03.562982,260.76
3552,450,174,4,2024-12-12 10:31:04.914557,1012.28
3553,417,248,4,2024-12-15 11:20:03.366581,1156.08
3554,892,343,3,2024-12-10 05:10:38.883631,991.14
3555,783,149,2,2025-03-14 19:01:15.239157,311.0
3556,7,90,7,2025-08-05 20:59:18.468582,1067.57
3557,845,157,8,2025-09-19 13:25:55.439264,218.0
3558,918,218,6,2025-04-10 11:34:27.792582,1635.06
3559,994,323,1,2025-10-03 01:20:59.318972,266.58
3560,561,380,2,2025-09-29 10:45:05.126921,597.14
3561,600,465,3,2025-08-15 09:59:43.554922,1003.77
3562,10,179,4,2025-02-07 13:55:48.167151,164.32
3563,409,334,6,2025-06-11 07:06:57.117599,1662.9
3564,72,103,6,2025-08-09 15:32:57.426065,737.46
3565,501,250,6,2024-11-16 18:12:03.702232,833.52
3566,107,116,3,2025-08-17 13:28:22.241536,507.18
3567,507,353,8,2025-09-20 13:22:39.723137,2008.96
3568,329,353,6,2025-08-17 06:54:02.378540,1506.72
3569,578,40,2,2025-07-31 12:06:44.590356,711.94
3570,717,344,8,2025-04-18 04:49:03.038967,1931.52
3571,401,319,9,2025-04-21 12:53:19.255966,2281.86
3572,79,153,1,2025-03-24 11:39:06.842535,438.57
3573,376,462,9,2024-12-09 05:24:07.160801,4125.42
3574,670,321,6,2025-01-03 17:56:32.437643,2040.48
3575,566,389,9,2024-11-15 06:27:17.005696,2966.58
3576,370,455,1,2024-12-12 04:39:53.960841,142.23
3577,129,452,3,2025-10-22 05:18:30.744800,1154.22
3578,366,224,8,2025-01-29 05:31:50.770485,3995.6
3579,26,443,5,2025-07-28 00:11:12.569160,1838.2
3580,538,18,9,2024-12-18 09:21:04.870254,2111.58
3581,925,31,8,2025-01-10 19:36:06.102207,3541.52
3582,568,321,9,2025-06-12 21:34:33.752941,3060.72
3583,256,248,1,2025-05-19 06:34:55.786416,289.02
3584,301,297,8,2025-07-04 21:27:59.001628,693.52
3585,473,126,8,2025-02-11 04:02:02.558966,3256.64
3586,385,72,1,2025-11-06 13:58:36.340899,23.77
3587,894,337,1,2025-04-17 16:47:46.106947,46.58
3588,787,192,9,2025-09-08 02:18:10.467371,3133.8
3589,420,197,3,2025-03-09 07:21:32.276305,1166.49
3590,347,369,9,2025-06-29 01:43:14.239038,3219.93
3591,923,345,1,2025-02-13 09:44:00.471073,365.69
3592,37,302,2,2025-05-24 06:19:02.176659,383.82
3593,917,83,9,2025-10-19 18:51:07.081654,2897.82
3594,221,310,6,2025-03-26 19:15:27.758412,100.8
3595,637,350,2,2025-06-15 15:24:36.760368,888.7
3596,319,255,8,2025-08-04 17:29:19.589647,2008.88
3597,817,420,7,2025-02-22 15:04:37.200114,2308.04
3598,754,234,4,2025-08-22 17:57:09.969506,327.28
3599,369,169,7,2025-02-19 02:37:24.842848,425.74
3600,959,413,6,2025-07-25 10:18:09.506816,2149.98
3601,852,296,4,2025-10-03 07:53:58.697983,1478.24
3602,744,206,4,2025-09-12 04:55:24.527746,1944.44
3603,664,494,6,2025-06-04 15:59:32.306331,2440.08
3604,704,386,4,2025-09-25 15:27:29.073807,1491.68
3605,452,194,6,2025-09-29 20:56:09.000699,536.52
3606,848,96,2,2025-01-19 18:58:37.877401,304.44
3607,666,149,2,2025-02-09 14:39:53.167426,311.0
3608,420,423,7,2024-12-31 02:04:47.183466,955.08
3609,897,317,3,2025-07-10 20:48:03.700398,1290.81
3610,906,326,1,2025-03-27 02:07:03.013553,295.24
3611,820,377,8,2025-08-02 17:57:25.414191,2306.64
3612,423,158,9,2024-11-29 19:44:48.184135,4315.5
3613,983,115,5,2025-01-20 07:16:24.369838,1589.7
3614,457,350,8,2024-11-07 14:29:41.295901,3554.8
3615,799,179,3,2025-07-29 06:27:40.320843,123.24
3616,932,489,2,2025-09-24 15:49:02.138188,549.24
3617,318,84,5,2025-01-13 10:53:55.520556,1365.7
3618,863,438,4,2025-06-29 08:17:31.918362,1156.64
3619,420,327,8,2025-06-10 00:37:57.104526,440.56
3620,335,393,1,2025-02-15 05:49:42.947021,421.19
3621,676,269,9,2025-08-15 03:19:26.154996,3607.56
3622,446,400,4,2025-01-20 01:50:02.247671,1076.72
3623,732,124,6,2025-08-19 01:31:51.063645,1938.06
3624,913,282,9,2025-06-23 09:06:29.977457,648.63
3625,278,166,5,2025-01-05 20:13:10.296399,1079.4
3626,779,151,6,2025-02-01 14:15:46.323408,2186.58
3627,684,215,4,2025-05-28 13:19:18.483593,1445.64
3628,825,173,3,2025-04-04 11:09:03.167476,601.77
3629,187,178,4,2025-04-05 21:26:10.797275,1870.2
3630,531,74,1,2025-01-27 09:14:38.779242,402.0
3631,392,408,4,2024-12-20 05:54:07.793089,421.92
3632,131,118,8,2024-12-07 05:13:08.690691,1762.24
3633,554,296,1,2024-12-07 04:11:50.137658,369.56
3634,891,319,3,2025-09-29 11:59:40.546370,760.62
3635,627,425,8,2025-02-22 21:21:23.623714,3763.68
3636,814,299,1,2025-05-22 22:29:17.412662,164.43
3637,34,147,6,2025-08-30 17:03:28.448576,1317.54
3638,173,53,8,2025-08-05 07:44:39.140613,132.48
3639,747,21,5,2024-11-18 14:40:43.180992,2056.95
3640,733,146,3,2025-07-01 18:54:01.341679,103.41
3641,771,47,7,2025-01-14 21:05:15.446442,2205.7
3642,993,316,8,2025-09-13 02:47:41.919566,2837.68
3643,322,347,8,2025-01-15 15:47:30.654574,1996.32
3644,63,359,7,2025-08-09 06:57:49.115372,295.96
3645,245,157,8,2025-02-06 18:38:35.531190,218.0
3646,547,369,3,2025-01-06 16:20:03.338702,1073.31
3647,271,461,5,2025-10-06 11:55:01.142351,1491.15
3648,375,351,9,2025-05-06 12:04:27.221614,1110.51
3649,231,254,1,2024-11-19 12:12:34.607463,221.02
3650,605,13,4,2025-01-18 18:12:52.117489,1640.96
3651,251,176,8,2024-11-21 19:26:31.163158,805.12
3652,883,380,1,2025-07-12 15:46:08.101727,298.57
3653,116,395,4,2025-07-06 07:33:18.683655,678.68
3654,516,266,5,2025-01-24 21:53:44.854216,141.25
3655,944,339,6,2024-11-25 10:48:12.951343,1039.32
3656,663,60,6,2025-05-15 03:32:31.422363,504.3
3657,301,489,5,2025-04-21 02:59:09.760164,1373.1
3658,975,127,8,2024-12-15 04:41:17.526373,1240.64
3659,4,259,9,2025-10-26 10:32:13.179824,2699.28
3660,138,325,3,2025-03-06 05:03:38.420554,1054.77
3661,28,150,3,2025-02-10 13:03:43.342780,1317.81
3662,542,170,7,2025-03-14 04:58:12.481865,1526.07
3663,909,460,6,2025-04-03 20:20:43.228045,1811.52
3664,500,66,1,2025-02-26 23:33:37.561635,234.84
3665,891,435,8,2025-07-06 13:17:13.497807,1074.24
3666,85,105,2,2024-12-11 11:12:18.547745,81.76
3667,223,109,9,2025-10-26 09:29:12.876899,2409.12
3668,719,214,3,2025-08-11 15:19:52.761989,490.74
3669,671,264,5,2025-05-11 09:20:09.245535,1873.4
3670,554,431,8,2025-10-08 15:39:51.123608,3218.48
3671,504,107,5,2025-09-25 06:56:54.654237,1424.15
3672,525,1,5,2024-12-16 16:56:55.437012,483.05
3673,145,307,3,2025-06-16 00:29:25.550354,239.55
3674,96,467,1,2024-11-08 15:21:26.554846,55.84
3675,403,63,2,2024-12-28 12:35:35.267825,267.68
3676,508,182,7,2025-09-22 12:19:53.097219,2404.92
3677,800,317,4,2024-11-30 00:10:26.589136,1721.08
3678,10,299,8,2025-08-10 06:24:06.517221,1315.44
3679,947,39,6,2025-07-14 19:57:07.187126,1116.06
3680,830,234,9,2025-01-28 00:50:07.642843,736.38
3681,629,37,9,2025-10-10 20:41:14.064889,1196.19
3682,911,286,4,2025-10-12 13:11:22.585418,1643.76
3683,726,180,1,2025-05-05 08:21:19.703556,356.84
3684,873,182,8,2025-04-29 21:26:54.422693,2748.48
3685,665,70,2,2025-05-01 22:19:58.930347,922.28
3686,294,273,1,2025-09-28 20:05:53.220790,212.08
3687,416,165,5,2025-10-04 20:24:16.747386,1575.75
3688,22,35,1,2025-10-09 16:26:02.470416,237.88
3689,764,465,1,2025-07-22 10:42:56.976405,334.59
3690,557,396,9,2025-08-07 20:09:00.617875,1929.87
3691,269,23,2,2025-10-22 04:15:08.326855,41.1
3692,718,344,7,2025-09-09 05:19:23.565722,1690.08
3693,700,223,4,2025-05-26 16:21:38.780784,100.56
3694,590,231,7,2025-02-16 21:04:43.622032,3494.89
3695,533,311,7,2025-06-10 01:26:32.371826,3086.58
3696,364,476,1,2025-02-02 05:53:08.141104,173.97
3697,221,308,5,2025-05-01 01:30:05.240377,2271.1
3698,470,189,8,2025-06-24 16:01:56.096030,3740.0
3699,73,449,5,2024-11-11 10:52:07.177825,963.3
3700,217,83,3,2025-06-30 01:25:08.459724,965.94
3701,684,455,9,2024-12-13 02:01:37.415470,1280.07
3702,244,301,1,2024-12-25 14:04:29.097408,118.34
3703,509,477,7,2024-12-26 05:33:05.997877,2551.22
3704,366,79,9,2024-12-27 09:52:19.167763,2925.45
3705,611,205,9,2025-03-12 19:05:11.986352,3348.54
3706,244,32,1,2025-10-17 18:02:25.050653,325.95
3707,140,254,6,2024-11-08 22:58:16.826134,1326.12
3708,723,488,2,2024-11-15 18:48:46.003007,179.3
3709,788,141,3,2024-11-26 05:45:38.089694,769.89
3710,915,430,8,2025-09-30 19:40:53.994784,1850.24
3711,40,203,3,2025-03-11 15:33:23.897430,97.59
3712,908,19,5,2025-09-06 03:24:14.054752,1920.45
3713,976,448,9,2025-03-28 20:28:32.810538,1885.41
3714,63,344,3,2025-01-27 07:18:10.540575,724.32
3715,639,406,7,2024-11-24 16:15:22.556294,3411.38
3716,103,89,4,2025-08-07 02:50:58.466320,1705.24
3717,201,143,7,2025-01-09 08:08:09.479128,1450.82
3718,768,109,1,2025-03-05 04:55:30.923813,267.68
3719,223,158,6,2025-02-03 08:42:47.795883,2877.0
3720,557,48,8,2025-02-26 21:09:27.016752,2643.76
3721,1,219,7,2025-06-02 12:20:48.124089,1715.7
3722,835,479,5,2025-10-10 06:00:21.576931,1649.1
3723,258,143,4,2025-04-25 08:30:18.541588,829.04
3724,744,193,9,2025-06-09 03:33:36.464208,471.69
3725,844,462,7,2025-04-22 01:15:39.285243,3208.66
3726,924,353,9,2025-07-30 23:31:46.352239,2260.08
3727,982,218,5,2024-11-08 20:42:39.851329,1362.55
3728,810,34,8,2025-04-02 15:16:24.166755,340.56
3729,734,489,1,2025-04-10 22:12:46.166470,274.62
3730,421,300,7,2025-08-10 18:02:44.361142,3198.16
3731,701,412,3,2025-01-13 08:10:47.192466,1416.72
3732,94,200,5,2025-03-05 21:34:58.581490,2286.7
3733,662,307,7,2025-05-28 14:15:51.863951,558.95
3734,504,183,3,2025-05-06 08:30:50.374555,1048.29
3735,194,357,4,2025-05-15 20:47:05.093787,714.4
3736,104,461,5,2025-09-22 22:44:46.117750,1491.15
3737,737,200,1,2025-06-18 15:13:34.246859,457.34
3738,78,481,4,2025-09-03 20:22:33.058903,269.92
3739,285,263,8,2025-04-30 15:30:27.807471,1833.36
3740,108,130,9,2025-01-09 22:30:52.302586,4497.48
3741,41,313,1,2025-08-22 00:46:13.781868,330.03
3742,87,336,9,2025-07-06 20:35:28.978422,3593.61
3743,488,461,7,2024-12-04 01:38:51.707797,2087.61
3744,470,150,3,2025-09-28 16:32:58.429736,1317.81
3745,928,285,1,2024-11-21 05:00:45.239551,156.3
3746,855,245,9,2025-02-04 10:51:58.190531,2788.92
3747,510,212,2,2025-07-05 01:32:25.962275,548.34
3748,755,464,6,2025-10-24 11:25:34.158751,72.9
3749,156,476,2,2024-11-14 14:27:11.768979,347.94
3750,451,418,8,2024-11-09 02:55:24.927133,463.36
3751,452,499,6,2025-02-17 02:59:48.866295,591.6
3752,145,303,4,2025-02-11 21:47:48.059784,292.56
3753,227,467,5,2025-10-22 11:49:32.906577,279.2
3754,20,406,1,2025-09-17 09:03:46.605633,487.34
3755,138,117,4,2025-06-07 02:04:27.403449,656.4
3756,647,266,6,2025-01-07 05:32:46.545681,169.5
3757,275,361,8,2025-05-12 02:21:28.575726,672.4
3758,491,16,5,2025-06-29 08:00:43.813555,1286.3
3759,109,77,6,2025-09-15 01:45:29.310693,1975.56
3760,883,120,5,2025-04-23 06:25:14.174756,69.75
3761,750,261,4,2024-12-13 11:13:40.157819,585.76
3762,530,344,1,2025-02-25 21:42:48.088175,241.44
3763,146,499,9,2025-04-03 00:47:01.400713,887.4
3764,375,390,8,2025-10-09 05:59:37.091281,3436.4
3765,428,264,4,2025-02-03 17:48:48.911232,1498.72
3766,371,384,6,2025-10-17 13:11:56.070564,940.74
3767,69,473,7,2025-01-12 04:31:04.776811,1431.29
3768,773,459,5,2025-09-01 00:01:05.058626,1334.15
3769,751,480,1,2025-09-03 06:50:21.015416,121.68
3770,675,355,5,2025-04-01 03:02:26.893672,343.7
3771,774,87,3,2025-01-02 20:40:19.845285,375.9
3772,361,420,5,2025-02-16 18:33:50.842886,1648.6
3773,583,359,3,2025-05-01 11:19:47.794569,126.84
3774,335,34,4,2025-04-15 09:46:05.034223,170.28
3775,639,397,3,2025-10-02 05:29:47.491252,1178.88
3776,291,76,2,2025-05-24 13:46:22.416434,671.54
3777,648,15,2,2025-06-29 07:52:33.066558,268.88
3778,791,291,7,2025-04-30 13:26:20.321108,2875.95
3779,762,238,6,2025-03-12 16:44:16.350810,2206.62
3780,749,497,9,2024-11-20 05:48:39.625021,4486.32
3781,598,59,9,2025-01-10 22:58:28.056502,2713.32
3782,191,293,4,2024-12-31 15:52:13.358366,630.76
3783,24,323,3,2025-09-20 14:45:08.163590,799.74
3784,254,332,2,2025-05-26 04:48:38.629922,223.8
3785,476,63,6,2025-09-18 04:22:21.708649,803.04
3786,48,194,8,2025-09-23 04:09:23.821805,715.36
3787,178,371,3,2025-09-05 12:33:55.834289,1123.02
3788,496,305,5,2025-09-07 02:34:59.546130,1849.4
3789,910,394,9,2025-08-30 19:19:17.226719,3767.4
3790,676,494,1,2025-09-12 18:42:51.061854,406.68
3791,690,302,7,2025-10-21 16:51:45.799262,1343.37
3792,912,103,9,2025-04-04 21:08:28.781920,1106.19
3793,1,204,7,2025-05-21 11:18:21.556089,895.65
3794,490,204,5,2025-06-16 03:32:30.261988,639.75
3795,31,87,8,2025-06-14 22:19:32.988881,1002.4
3796,386,248,2,2025-01-29 11:43:03.765787,578.04
3797,817,114,3,2025-09-03 20:24:15.749516,1372.95
3798,33,58,7,2025-03-27 00:09:02.906532,2993.62
3799,348,495,8,2025-02-24 01:43:15.221710,545.36
3800,669,352,8,2025-09-25 10:32:00.320971,3987.6
3801,84,306,2,2025-01-15 11:13:09.730684,275.66
3802,319,211,7,2025-01-10 09:41:51.785530,3144.75
3803,716,159,8,2025-05-17 15:21:21.824912,392.0
3804,194,169,4,2025-03-27 13:01:06.847851,243.28
3805,137,340,7,2025-07-05 19:00:34.283529,1902.53
3806,186,111,6,2025-03-27 09:34:56.761826,2671.08
3807,357,169,9,2025-02-27 20:40:38.246607,547.38
3808,225,21,3,2025-04-06 15:26:41.389812,1234.17
3809,997,472,4,2025-01-19 19:21:02.555133,207.32
3810,194,184,5,2025-09-17 01:02:59.572052,160.2
3811,836,442,4,2025-06-22 12:53:43.872797,1324.92
3812,290,300,9,2025-10-27 08:48:17.345347,4111.92
3813,854,468,9,2025-06-09 16:34:54.539249,4440.6
3814,14,442,9,2025-01-23 03:51:08.479531,2981.07
3815,388,482,3,2025-03-02 20:04:26.915955,793.53
3816,654,304,6,2025-08-02 03:28:21.817338,2619.12
3817,551,271,6,2025-03-30 07:41:08.179542,1121.22
3818,277,144,6,2025-05-28 12:55:45.283544,2529.18
3819,48,286,8,2025-01-19 20:23:10.359161,3287.52
3820,513,336,4,2024-12-22 22:26:50.624811,1597.16
3821,360,327,4,2025-10-04 04:53:36.021759,220.28
3822,301,412,4,2025-01-14 10:48:49.250478,1888.96
3823,439,345,2,2025-07-16 11:05:21.244468,731.38
3824,14,33,1,2025-02-25 07:00:13.180019,430.44
3825,523,127,5,2025-07-21 05:11:49.474982,775.4
3826,926,268,3,2025-07-28 19:09:42.447870,147.9
3827,504,266,9,2025-09-01 00:56:01.811741,254.25
3828,776,307,4,2025-09-10 06:53:28.769987,319.4
3829,229,403,1,2025-10-09 22:27:40.949343,136.38
3830,885,142,4,2025-02-26 13:10:36.796690,1215.44
3831,484,494,8,2025-04-04 04:24:48.505957,3253.44
3832,997,335,2,2025-02-03 17:38:59.306959,864.02
3833,175,393,3,2025-05-18 22:03:19.411508,1263.57
3834,567,213,6,2025-04-15 06:02:43.923735,605.7
3835,848,119,6,2025-10-06 18:11:29.688842,1502.16
3836,936,344,6,2025-02-15 23:22:58.457640,1448.64
3837,11,318,3,2025-10-15 20:13:30.538794,125.82
3838,315,224,9,2025-01-24 11:17:32.588315,4495.05
3839,674,221,6,2024-12-24 14:23:23.161027,2643.42
3840,381,434,2,2024-12-18 21:23:56.036214,919.32
3841,763,186,2,2024-11-27 05:05:42.625608,290.92
3842,246,32,1,2025-06-09 11:24:24.876603,325.95
3843,166,324,3,2025-03-17 07:28:26.947044,886.5
3844,624,158,3,2024-12-11 05:41:46.238539,1438.5
3845,853,75,8,2025-02-19 05:45:52.787133,2779.04
3846,54,296,8,2025-06-29 13:20:30.112936,2956.48
3847,438,128,6,2025-05-29 15:36:21.622870,2290.02
3848,981,384,1,2025-01-12 18:08:31.035247,156.79
3849,900,39,8,2025-05-31 01:53:30.660459,1488.08
3850,596,417,2,2025-07-20 20:36:56.642246,288.14
3851,926,404,9,2025-02-21 21:17:25.515970,2694.87
3852,984,443,7,2025-03-23 12:30:45.979678,2573.48
3853,314,10,2,2024-12-03 15:40:44.474316,258.92
3854,196,124,6,2025-07-23 12:08:37.406990,1938.06
3855,819,341,2,2025-01-10 18:26:46.467162,452.38
3856,112,206,5,2025-04-12 02:05:49.874027,2430.55
3857,61,411,1,2025-06-07 21:57:53.318878,473.56
3858,260,412,5,2025-04-07 09:49:54.259376,2361.2
3859,201,6,8,2025-01-08 04:01:59.023625,2634.72
3860,465,90,5,2025-06-25 12:49:27.325010,762.55
3861,311,213,1,2025-07-27 00:11:34.120395,100.95
3862,498,120,1,2025-10-27 14:51:25.750801,13.95
3863,429,140,6,2025-03-27 06:09:03.224992,2169.6
3864,107,279,7,2025-04-30 02:52:33.155974,1550.08
3865,808,298,1,2025-02-25 08:04:31.639082,319.13
3866,637,387,6,2025-07-09 23:52:47.882908,2833.92
3867,2,26,7,2025-04-26 22:28:34.501182,293.86
3868,871,250,5,2025-03-04 19:09:54.830074,694.6
3869,211,465,5,2025-10-04 04:58:31.532006,1672.95
3870,92,5,3,2025-01-26 09:08:41.733506,583.53
3871,227,406,3,2025-02-16 08:17:27.378029,1462.02
3872,546,443,7,2025-04-07 10:40:13.463151,2573.48
3873,529,359,3,2025-02-17 18:23:00.862044,126.84
3874,894,459,8,2025-06-04 01:58:17.834368,2134.64
3875,130,460,3,2025-06-02 20:31:45.262054,905.76
3876,454,177,8,2024-12-04 17:23:03.842208,651.76
3877,943,356,7,2025-02-26 09:59:00.812729,1499.61
3878,449,353,4,2025-06-10 20:34:43.644979,1004.48
3879,408,368,6,2025-10-20 03:46:09.268228,567.84
3880,137,203,7,2025-08-01 06:26:44.077932,227.71
3881,929,104,3,2025-08-30 09:58:13.316401,1225.44
3882,470,400,2,2025-03-24 15:54:36.389672,538.36
3883,989,60,2,2025-02-14 23:19:37.944296,168.1
3884,853,38,6,2025-10-30 02:59:10.140216,1334.88
3885,907,396,2,2025-05-23 17:28:36.480129,428.86
3886,754,61,4,2025-08-19 01:34:33.225825,1733.04
3887,308,177,6,2025-10-24 15:58:08.954936,488.82
3888,798,99,5,2025-05-06 07:00:56.903419,828.4
3889,199,299,5,2025-07-23 15:52:22.390677,822.15
3890,454,413,4,2025-04-06 08:45:12.256670,1433.32
3891,227,76,1,2025-03-23 06:18:52.427822,335.77
3892,725,5,5,2025-10-10 14:51:08.790138,972.55
3893,806,12,3,2025-04-13 12:49:16.325476,205.95
3894,547,114,9,2025-08-14 15:57:41.329647,4118.85
3895,840,450,4,2025-05-18 06:16:32.982764,1530.8
3896,482,375,6,2025-03-11 08:48:57.885375,2355.3
3897,479,495,7,2025-05-26 00:45:07.617237,477.19
3898,572,347,9,2025-04-19 11:19:55.762972,2245.86
3899,55,161,3,2025-04-05 14:06:44.928409,287.34
3900,33,388,6,2025-07-28 15:25:24.012559,1718.82
3901,327,471,3,2025-05-06 21:45:20.433409,875.25
3902,569,10,6,2025-10-14 06:04:26.281605,776.76
3903,505,278,2,2025-10-15 10:36:50.644542,593.02
3904,962,209,4,2025-07-03 11:59:07.316847,1205.04
3905,131,2,5,2025-10-16 19:14:21.002894,2227.65
3906,127,295,2,2025-01-15 16:04:08.144041,501.1
3907,996,10,1,2025-05-12 15:00:23.795290,129.46
3908,324,311,2,2025-01-06 01:23:31.157290,881.88
3909,985,456,4,2025-03-08 03:11:27.044354,1475.6
3910,234,479,6,2025-11-01 07:44:03.826533,1978.92
3911,592,324,7,2025-05-02 09:26:45.055295,2068.5
3912,307,370,7,2025-08-06 08:13:41.541379,2735.95
3913,413,35,9,2025-09-30 01:30:40.846516,2140.92
3914,431,107,8,2024-12-28 20:14:10.682249,2278.64
3915,261,205,1,2025-04-07 16:26:15.889294,372.06
3916,292,269,7,2025-03-30 09:45:55.925746,2805.88
3917,981,407,7,2024-11-17 03:58:36.167273,1000.37
3918,450,457,9,2025-02-12 21:55:44.690545,3594.51
3919,402,234,6,2025-01-18 21:01:33.082886,490.92
3920,236,108,7,2025-05-11 14:31:16.923647,879.34
3921,519,49,7,2024-12-27 08:57:26.614728,2462.25
3922,809,182,3,2025-04-02 01:41:01.959780,1030.68
3923,316,339,3,2025-09-30 17:39:23.604074,519.66
3924,643,472,1,2025-06-01 15:15:01.782497,51.83
3925,435,120,7,2025-06-09 21:25:28.802531,97.65
3926,646,297,5,2025-03-12 17:15:39.851392,433.45
3927,865,439,2,2025-05-29 17:36:59.927180,872.72
3928,479,27,4,2025-10-06 21:12:12.970047,1952.2
3929,394,322,8,2025-05-14 19:56:10.028932,2289.52
3930,345,286,9,2025-07-06 14:07:59.070310,3698.46
3931,406,323,3,2025-07-11 20:21:11.044972,799.74
3932,380,324,5,2025-08-14 04:21:03.557353,1477.5
3933,366,297,4,2025-10-14 18:02:54.757877,346.76
3934,156,302,7,2025-10-23 11:52:20.590452,1343.37
3935,164,19,1,2025-02-28 15:30:25.848990,384.09
3936,382,317,8,2025-04-06 04:33:50.038099,3442.16
3937,692,462,8,2025-06-26 19:19:26.007696,3667.04
3938,578,248,6,2025-08-30 04:20:22.753663,1734.12
3939,448,172,2,2025-10-17 01:20:23.650679,869.38
3940,186,195,5,2025-02-28 23:33:57.807950,2494.95
3941,568,386,8,2025-04-02 03:44:37.755313,2983.36
3942,196,198,6,2025-01-27 10:56:37.242084,585.48
3943,593,77,5,2025-08-22 10:23:46.291052,1646.3
3944,207,183,5,2025-02-05 14:48:52.050732,1747.15
3945,696,123,9,2025-03-18 03:09:39.231499,2105.1
3946,937,460,4,2025-05-26 03:09:52.259112,1207.68
3947,269,26,3,2025-04-05 02:49:59.507022,125.94
3948,286,286,2,2025-06-14 16:36:22.404608,821.88
3949,349,68,7,2025-07-07 12:30:16.698147,2903.25
3950,813,307,5,2024-11-25 07:35:10.425900,399.25
3951,223,35,7,2025-09-23 19:42:45.737181,1665.16
3952,39,413,9,2025-09-24 06:02:33.535897,3224.97
3953,623,474,6,2025-01-09 14:26:15.055835,2038.26
3954,129,364,2,2025-08-07 00:06:22.744743,665.34
3955,672,279,5,2025-10-08 22:15:10.701559,1107.2
3956,435,117,4,2025-06-07 19:48:39.502238,656.4
3957,432,90,6,2025-01-16 23:40:22.687149,915.06
3958,18,289,4,2025-06-20 13:52:46.108079,1343.84
3959,352,27,7,2024-12-16 22:53:13.302847,3416.35
3960,725,133,2,2025-08-11 16:09:34.863679,510.58
3961,916,43,3,2025-03-24 23:49:06.808800,1076.49
3962,15,28,3,2025-02-12 07:29:02.388712,376.65
3963,527,48,6,2025-07-18 02:32:33.326405,1982.82
3964,15,86,7,2025-07-16 11:42:35.195890,1420.09
3965,820,386,3,2025-09-10 10:40:45.599248,1118.76
3966,91,14,2,2025-08-31 15:21:19.619403,91.4
3967,884,230,9,2025-08-17 07:47:02.965629,1983.96
3968,178,121,9,2025-02-05 01:47:19.384449,1432.8
3969,767,486,5,2025-05-17 18:21:30.217344,1117.65
3970,197,102,5,2024-11-27 10:59:15.271811,215.7
3971,83,440,1,2025-05-24 12:17:07.858476,336.48
3972,692,172,5,2024-12-15 11:51:08.374540,2173.45
3973,73,182,3,2025-07-16 08:50:06.950413,1030.68
3974,407,384,5,2024-11-20 12:41:28.901723,783.95
3975,828,54,9,2025-01-12 22:13:57.314792,1856.16
3976,439,38,3,2024-12-29 04:51:52.278959,667.44
3977,927,102,2,2025-11-05 19:25:40.926719,86.28
3978,772,55,7,2025-06-21 09:36:39.395434,1729.7
3979,8,386,5,2025-04-27 13:13:46.415100,1864.6
3980,453,162,6,2025-09-08 13:21:37.542806,1968.42
3981,53,39,6,2025-04-20 05:03:16.518337,1116.06
3982,623,439,1,2025-10-03 18:31:25.403099,436.36
3983,334,487,9,2025-08-21 16:22:52.665878,3007.35
3984,717,210,1,2025-10-03 02:09:40.947613,32.81
3985,390,87,9,2025-07-20 08:54:49.906571,1127.7
3986,455,248,4,2025-03-09 15:48:57.562813,1156.08
3987,251,93,6,2025-08-31 14:38:36.129479,1384.14
3988,725,431,8,2025-10-21 14:36:16.970829,3218.48
3989,481,412,8,2025-10-02 06:40:54.279465,3777.92
3990,476,368,5,2025-01-01 03:23:31.487157,473.2
3991,635,116,4,2024-12-04 02:51:39.352122,676.24
3992,409,443,1,2025-07-12 06:30:10.853638,367.64
3993,399,285,9,2025-02-03 10:16:36.620255,1406.7
3994,411,289,2,2025-06-21 13:31:32.025368,671.92
3995,247,68,8,2025-10-27 19:20:08.364116,3318.0
3996,611,317,1,2025-02-28 13:58:47.785254,430.27
3997,571,305,3,2025-04-01 17:37:25.717238,1109.64
3998,176,387,9,2025-02-14 03:26:19.065575,4250.88
3999,818,8,9,2025-01-10 09:02:48.776966,2865.87
4000,572,40,4,2025-02-14 22:49:31.960219,1423.88
4001,193,152,5,2025-09-14 01:07:02.980814,97.75
4002,604,83,5,2025-03-23 06:09:31.658249,1609.9
4003,868,196,7,2025-08-31 02:02:24.837983,3497.55
4004,20,179,3,2025-06-02 11:31:46.463124,123.24
4005,464,439,7,2025-04-25 15:43:31.122333,3054.52
4006,780,128,6,2025-01-06 02:21:40.798589,2290.02
4007,108,258,6,2024-11-15 15:45:54.518147,2289.66
4008,721,428,1,2025-01-07 09:35:36.755061,185.69
4009,351,302,2,2025-07-16 09:45:40.566558,383.82
4010,781,245,5,2025-09-02 01:11:46.663217,1549.4
4011,501,494,5,2025-02-28 06:13:50.953053,2033.4
4012,90,134,9,2025-06-04 11:43:56.694786,3672.81
4013,694,111,7,2024-11-19 03:52:40.553378,3116.26
4014,949,179,2,2025-02-05 14:04:17.330492,82.16
4015,845,64,1,2024-12-14 02:14:12.645235,367.49
4016,898,416,9,2025-01-02 10:59:38.533983,445.86
4017,498,373,9,2025-05-02 13:36:12.346747,3921.12
4018,416,324,5,2025-07-15 06:05:23.907750,1477.5
4019,924,56,1,2025-11-06 15:48:19.553214,434.82
4020,110,125,1,2025-01-17 07:26:53.080300,218.48
4021,213,485,5,2024-12-09 15:18:12.190538,661.35
4022,713,435,3,2025-01-12 06:49:57.443877,402.84
4023,156,353,4,2025-01-27 07:18:30.729060,1004.48
4024,245,455,3,2025-03-26 13:31:31.326388,426.69
4025,315,431,2,2025-05-11 02:48:53.664639,804.62
4026,968,205,1,2025-09-12 13:46:21.869352,372.06
4027,748,201,4,2025-09-16 23:20:56.731889,1873.8
4028,649,34,1,2025-01-08 10:34:19.291412,42.57
4029,146,189,6,2025-01-28 01:08:21.947723,2805.0
4030,870,202,2,2025-10-04 08:28:13.848881,472.28
4031,927,22,5,2025-07-08 14:38:52.639599,1534.25
4032,470,91,5,2025-08-01 12:14:13.364490,1247.75
4033,285,463,4,2024-11-21 06:10:45.490044,243.72
4034,324,273,7,2024-12-21 11:18:58.585590,1484.56
4035,229,151,3,2024-12-14 14:49:09.025766,1093.29
4036,329,262,1,2025-03-23 19:29:06.755405,489.32
4037,292,436,3,2024-11-14 05:11:46.059858,780.27
4038,410,183,1,2025-08-10 11:50:51.796997,349.43
4039,739,41,2,2024-12-12 23:50:52.097937,451.48
4040,46,121,9,2025-05-14 07:19:00.284425,1432.8
4041,904,245,3,2025-07-19 06:19:29.235647,929.64
4042,593,102,1,2025-11-06 12:19:07.095340,43.14
4043,548,274,7,2024-11-26 19:06:47.617710,942.83
4044,864,194,6,2025-03-23 17:18:28.773301,536.52
4045,579,430,1,2024-11-18 20:38:03.324069,231.28
4046,860,281,7,2025-01-12 01:44:31.244352,3007.76
4047,296,481,5,2025-08-29 14:19:51.061448,337.4
4048,132,318,2,2025-01-01 14:32:34.861079,83.88
4049,798,256,3,2025-06-30 01:03:35.349717,1063.35
4050,918,457,6,2025-07-13 03:33:06.423542,2396.34
4051,632,30,8,2025-09-28 13:57:03.905486,404.16
4052,596,199,3,2025-04-01 03:41:51.513721,1079.22
4053,598,394,8,2025-09-13 10:26:20.101884,3348.8
4054,695,371,5,2024-11-07 22:38:28.160069,1871.7
4055,876,179,2,2025-02-09 17:50:54.919367,82.16
4056,327,106,1,2025-03-13 07:40:06.932667,237.53
4057,542,31,6,2025-09-19 04:01:07.404099,2656.14
4058,435,343,9,2025-04-07 05:37:50.356673,2973.42
4059,294,149,1,2025-06-23 09:02:22.955620,155.5
4060,458,127,3,2025-10-07 10:05:04.677816,465.24
4061,168,398,2,2025-05-06 14:49:05.217285,154.68
4062,8,40,7,2025-06-17 17:50:34.967804,2491.79
4063,861,124,9,2025-05-29 05:25:19.743117,2907.09
4064,165,72,2,2025-01-13 23:37:27.120648,47.54
4065,778,304,4,2025-04-04 08:11:27.448302,1746.08
4066,76,150,4,2025-01-15 07:26:18.188022,1757.08
4067,556,242,8,2025-04-05 08:19:30.866803,119.2
4068,445,409,5,2024-12-28 20:59:29.333276,232.6
4069,959,100,2,2025-11-05 09:59:48.023177,879.52
4070,993,24,5,2025-05-21 04:32:42.419828,1520.75
4071,424,79,3,2025-09-27 12:57:10.516555,975.15
4072,210,400,8,2025-07-26 07:01:22.286827,2153.44
4073,662,64,1,2025-04-28 23:10:22.574082,367.49
4074,606,154,4,2025-02-18 00:08:34.155466,117.88
4075,199,243,2,2024-12-22 23:06:32.224033,463.32
4076,538,310,3,2024-11-27 10:55:34.338116,50.4
4077,809,29,6,2024-12-05 17:16:42.238210,1956.66
4078,982,481,1,2025-09-04 13:29:17.352064,67.48
4079,691,218,8,2025-08-20 15:54:00.688987,2180.08
4080,880,234,3,2025-09-02 15:49:51.313709,245.46
4081,369,210,3,2025-01-24 11:23:55.621220,98.43
4082,802,226,6,2025-02-22 22:25:41.318548,1557.66
4083,538,282,6,2025-02-08 04:50:15.641151,432.42
4084,180,183,3,2025-10-23 19:22:17.992794,1048.29
4085,762,494,9,2025-01-30 20:11:19.889976,3660.12
4086,647,282,9,2025-06-22 11:01:19.189625,648.63
4087,537,301,9,2025-07-18 11:26:55.007622,1065.06
4088,170,213,7,2024-11-18 20:07:40.149088,706.65
4089,180,194,2,2024-11-11 08:09:13.618210,178.84
4090,919,361,7,2025-02-23 12:33:01.939369,588.35
4091,778,196,8,2024-12-13 00:47:41.390123,3997.2
4092,411,345,2,2025-02-12 01:52:51.841264,731.38
4093,491,282,7,2025-09-03 21:36:07.861961,504.49
4094,526,67,6,2025-07-22 08:47:33.438849,2253.84
4095,430,124,2,2025-09-21 12:32:44.754014,646.02
4096,122,375,9,2025-06-28 11:10:13.736554,3532.95
4097,323,248,9,2024-12-16 14:01:35.259411,2601.18
4098,908,181,6,2025-08-12 23:00:46.536354,347.04
4099,593,222,4,2025-01-01 05:50:24.632025,641.6
4100,852,482,9,2025-04-01 12:48:23.910425,2380.59
4101,646,146,7,2025-06-10 06:11:18.158784,241.29
4102,967,292,1,2025-05-22 18:27:40.131610,54.13
4103,803,488,7,2025-02-13 16:18:09.150229,627.55
4104,220,231,6,2024-12-15 17:17:09.534518,2995.62
4105,245,406,8,2024-11-24 14:15:01.511317,3898.72
4106,275,104,6,2025-06-16 05:07:21.281022,2450.88
4107,522,152,3,2025-01-17 15:54:20.066162,58.65
4108,972,371,1,2025-05-09 11:26:05.247821,374.34
4109,478,95,9,2025-04-20 05:18:38.710842,3616.83
4110,523,119,8,2025-06-13 23:05:01.982095,2002.88
4111,604,118,2,2025-10-21 08:29:19.288348,440.56
4112,586,480,2,2025-08-13 22:02:54.315717,243.36
4113,607,194,4,2025-07-12 23:26:40.827418,357.68
4114,323,178,6,2024-12-27 16:50:19.324694,2805.3
4115,369,336,5,2025-04-02 01:40:00.121011,1996.45
4116,481,159,6,2024-11-28 09:17:57.197221,294.0
4117,95,215,4,2024-12-28 00:29:13.800643,1445.64
4118,545,292,8,2025-06-14 10:19:07.745493,433.04
4119,338,21,8,2025-10-28 14:26:40.732282,3291.12
4120,996,359,4,2025-07-25 22:51:59.167324,169.12
4121,172,239,7,2025-01-24 04:24:51.707432,245.0
4122,110,161,4,2025-01-11 03:11:09.957658,383.12
4123,202,264,2,2025-01-27 15:50:54.175066,749.36
4124,101,478,8,2025-05-08 09:19:35.349318,955.52
4125,665,301,9,2025-11-06 05:29:44.092312,1065.06
4126,142,322,7,2024-12-08 23:46:22.253572,2003.33
4127,659,479,8,2025-03-08 13:39:25.990810,2638.56
4128,360,165,2,2025-01-20 16:26:16.450491,630.3
4129,164,155,9,2025-01-01 06:32:52.484386,869.67
4130,825,153,6,2025-02-24 19:57:51.727434,2631.42
4131,139,155,8,2025-10-21 19:08:48.293701,773.04
4132,231,167,9,2025-04-05 17:16:20.111787,3716.55
4133,106,252,2,2025-10-16 06:58:58.510306,48.94
4134,603,489,6,2025-08-13 22:53:25.740424,1647.72
4135,952,325,3,2025-07-24 10:19:04.278152,1054.77
4136,34,265,4,2024-12-01 09:08:43.720953,48.6
4137,800,257,8,2025-07-30 23:04:53.112569,3563.52
4138,870,395,4,2025-01-08 18:36:28.039639,678.68
4139,293,268,3,2025-03-13 13:49:37.068673,147.9
4140,239,6,1,2025-05-31 05:46:31.600968,329.34
4141,53,178,2,2025-05-17 00:29:31.182485,935.1
4142,61,145,7,2025-10-16 13:19:31.143874,1202.53
4143,610,357,7,2025-06-21 16:34:27.568354,1250.2
4144,20,413,8,2024-11-30 14:11:28.343210,2866.64
4145,469,321,5,2025-07-28 16:29:01.916531,1700.4
4146,540,9,3,2025-10-23 21:20:34.043940,1163.52
4147,459,308,9,2025-05-10 02:24:12.286918,4087.98
4148,615,359,8,2025-08-26 14:39:43.166326,338.24
4149,267,243,6,2024-12-02 18:25:08.414338,1389.96
4150,411,312,3,2025-05-09 13:11:44.938350,1352.91
4151,107,497,7,2024-12-06 03:48:24.002293,3489.36
4152,50,352,9,2025-01-02 09:14:43.239764,4486.05
4153,547,208,4,2025-04-12 07:12:23.310013,1929.16
4154,358,351,3,2025-05-19 23:49:36.792819,370.17
4155,617,471,7,2025-05-21 09:06:05.706887,2042.25
4156,909,135,1,2025-01-16 04:23:24.810880,94.76
4157,866,479,8,2025-01-07 06:07:02.141840,2638.56
4158,473,335,4,2025-08-17 07:05:45.576222,1728.04
4159,679,32,8,2025-10-04 23:39:01.758036,2607.6
4160,447,500,4,2024-12-24 01:06:51.417829,1048.72
4161,119,373,5,2025-08-09 18:56:38.447786,2178.4
4162,377,7,4,2025-03-18 05:24:01.028082,1677.32
4163,667,261,3,2025-09-29 20:12:39.748783,439.32
4164,669,396,1,2024-11-21 00:23:55.061824,214.43
4165,630,307,6,2025-09-27 20:24:12.260743,479.1
4166,321,417,8,2025-10-26 14:34:21.423616,1152.56
4167,544,273,2,2025-10-19 23:32:46.853038,424.16
4168,518,96,5,2025-02-03 20:42:02.044777,761.1
4169,392,314,1,2025-02-27 02:49:33.661993,38.82
4170,97,252,5,2024-12-25 00:12:37.669116,122.35
4171,698,226,7,2025-05-30 20:36:52.641447,1817.27
4172,624,143,3,2025-06-18 00:36:55.226693,621.78
4173,159,366,6,2025-04-24 09:54:07.996843,1172.58
4174,54,409,8,2025-05-28 12:53:09.536311,372.16
4175,41,243,4,2025-05-21 07:14:46.290256,926.64
4176,682,485,6,2025-01-27 00:08:31.007841,793.62
4177,928,10,2,2025-02-01 04:36:43.328802,258.92
4178,272,256,7,2025-10-14 10:51:14.492430,2481.15
4179,269,182,1,2024-12-14 04:54:56.179349,343.56
4180,595,399,7,2025-10-15 23:45:33.219988,713.93
4181,467,393,4,2025-06-05 11:39:57.928170,1684.76
4182,45,299,1,2025-05-31 04:14:26.464383,164.43
4183,205,65,7,2025-09-02 14:19:33.932047,1170.96
4184,13,154,3,2024-12-27 07:16:59.380097,88.41
4185,487,163,2,2025-08-10 21:37:11.688631,650.44
4186,483,114,1,2025-03-21 23:09:13.926759,457.65
4187,61,199,4,2024-11-20 07:15:03.717497,1438.96
4188,540,50,1,2025-02-06 16:22:48.850771,456.08
4189,876,192,8,2025-04-13 06:10:07.767572,2785.6
4190,49,420,5,2025-02-08 10:56:47.836880,1648.6
4191,852,224,4,2025-10-24 15:40:06.774719,1997.8
4192,889,167,2,2025-03-06 09:58:17.915337,825.9
4193,499,473,9,2025-02-17 03:13:28.295715,1840.23
4194,891,416,1,2025-06-16 01:17:35.418429,49.54
4195,102,430,2,2025-09-17 16:06:57.735359,462.56
4196,31,304,6,2025-11-05 02:31:10.579963,2619.12
4197,227,150,8,2025-03-09 07:08:14.923228,3514.16
4198,962,222,1,2025-10-04 04:31:50.130214,160.4
4199,397,56,2,2025-08-26 15:54:26.262860,869.64
4200,441,51,8,2025-09-21 19:03:47.035951,100.96
4201,894,325,8,2025-01-27 09:07:25.386095,2812.72
4202,585,121,2,2025-06-03 18:16:01.090647,318.4
4203,965,244,2,2024-11-25 13:01:21.487779,141.22
4204,923,405,1,2025-07-15 01:55:14.656100,408.91
4205,494,262,4,2025-06-23 10:19:30.025724,1957.28
4206,31,97,7,2025-03-19 07:49:39.654314,93.87
4207,189,46,9,2025-01-26 20:52:16.487504,234.18
4208,966,68,9,2025-01-02 20:18:19.404786,3732.75
4209,279,294,8,2025-07-01 05:29:33.180278,926.32
4210,852,480,5,2025-08-27 14:36:13.944107,608.4
4211,667,85,3,2025-02-26 13:41:14.458573,292.17
4212,19,35,3,2025-10-17 17:23:55.408044,713.64
4213,346,370,6,2024-12-01 03:12:22.154655,2345.1
4214,958,365,4,2025-10-09 09:39:40.072325,759.24
4215,852,320,8,2025-04-25 07:02:25.262544,3713.12
4216,913,483,9,2025-01-02 23:50:21.607284,2030.76
4217,965,499,1,2024-12-12 23:48:04.121724,98.6
4218,905,155,4,2025-05-18 11:13:15.565267,386.52
4219,318,260,5,2025-11-03 11:28:50.788967,2315.1
4220,804,294,9,2024-11-28 00:50:04.405734,1042.11
4221,916,127,1,2025-04-13 13:46:47.975315,155.08
4222,908,202,9,2025-10-12 23:47:19.822202,2125.26
4223,90,201,8,2025-04-10 21:50:11.143133,3747.6
4224,555,186,2,2025-03-23 06:34:06.508001,290.92
4225,678,460,2,2025-04-13 08:16:28.965455,603.84
4226,387,269,1,2025-09-08 13:40:59.787135,400.84
4227,396,40,6,2024-12-10 12:51:54.251127,2135.82
4228,471,67,2,2025-09-22 14:00:12.522252,751.28
4229,752,443,2,2025-09-11 19:33:29.624668,735.28
4230,171,13,1,2025-05-12 21:50:40.211614,410.24
4231,764,145,2,2025-03-07 22:15:04.093284,343.58
4232,942,371,7,2025-07-25 21:12:05.296034,2620.38
4233,854,199,1,2025-02-03 13:41:08.157261,359.74
4234,603,133,1,2025-08-02 20:32:25.929155,255.29
4235,89,159,6,2025-07-19 19:44:01.044627,294.0
4236,401,490,7,2024-11-14 15:22:29.927989,2109.59
4237,890,111,6,2025-06-25 13:47:06.747352,2671.08
4238,36,23,4,2025-01-06 18:07:42.850453,82.2
4239,778,273,9,2025-02-05 08:39:15.212360,1908.72
4240,495,131,3,2024-11-07 13:02:04.024155,390.93
4241,285,444,7,2025-03-17 22:57:58.249562,2246.72
4242,930,455,5,2025-08-04 00:17:57.077774,711.15
4243,668,51,4,2025-05-19 10:29:27.409067,50.48
4244,442,243,3,2024-12-24 04:07:40.213020,694.98
4245,624,119,7,2025-07-26 10:57:18.036967,1752.52
4246,79,25,1,2024-11-15 00:33:16.917075,192.77
4247,880,198,1,2025-04-13 23:57:23.346800,97.58
4248,702,48,4,2025-08-04 13:55:04.254333,1321.88
4249,339,157,4,2025-01-22 10:35:05.520273,109.0
4250,481,346,7,2025-09-28 14:29:20.254196,764.19
4251,8,226,2,2025-03-03 14:17:20.477029,519.22
4252,904,455,5,2025-03-11 01:31:20.907281,711.15
4253,101,332,6,2025-03-30 08:31:47.992639,671.4
4254,224,14,5,2025-05-10 18:16:15.891890,228.5
4255,407,39,8,2025-08-02 01:48:16.357664,1488.08
4256,779,324,6,2025-05-25 09:52:40.932804,1773.0
4257,193,307,8,2025-11-04 23:24:13.692085,638.8
4258,345,289,9,2025-03-13 18:40:54.503748,3023.64
4259,437,327,7,2024-11-14 06:05:33.423758,385.49
4260,13,370,2,2025-01-28 21:59:05.501584,781.7
4261,831,397,2,2024-12-28 18:33:26.834707,785.92
4262,644,487,8,2025-08-07 09:40:09.200212,2673.2
4263,444,258,3,2025-04-29 03:32:01.871401,1144.83
4264,171,349,8,2025-08-11 07:58:14.559274,2897.12
4265,223,255,3,2025-08-09 15:10:12.829889,753.33
4266,70,409,6,2025-10-30 11:55:46.782326,279.12
4267,254,271,1,2025-02-06 03:20:16.664091,186.87
4268,8,362,6,2025-05-11 18:51:53.957185,1191.96
4269,323,19,5,2025-03-02 01:42:47.875191,1920.45
4270,688,226,8,2025-08-17 04:58:13.641196,2076.88
4271,724,193,2,2025-08-01 14:42:25.531169,104.82
4272,757,224,6,2025-03-11 07:08:01.890445,2996.7
4273,140,29,3,2025-08-03 15:10:32.200123,978.33
4274,497,79,5,2025-10-07 15:19:02.191397,1625.25
4275,167,379,3,2025-04-19 23:39:18.286544,1254.66
4276,319,400,6,2025-04-21 22:46:53.422003,1615.08
4277,743,146,7,2025-04-26 04:38:14.500830,241.29
4278,96,143,2,2025-04-28 06:36:22.152720,414.52
4279,880,224,2,2025-07-28 15:22:48.874826,998.9
4280,832,437,2,2025-06-30 02:22:44.821986,287.88
4281,639,80,7,2024-12-07 18:47:40.732587,2397.22
4282,459,68,4,2025-03-15 18:27:41.298905,1659.0
4283,84,215,2,2025-06-25 10:03:48.085719,722.82
4284,260,212,1,2025-08-13 14:06:24.984034,274.17
4285,515,114,1,2025-10-24 09:59:45.794164,457.65
4286,998,469,7,2025-07-08 08:06:17.393935,1094.87
4287,906,412,5,2025-07-10 14:27:10.160228,2361.2
4288,165,220,5,2025-10-10 19:51:53.911428,963.9
4289,301,223,2,2025-01-08 15:18:41.688973,50.28
4290,530,169,4,2025-01-16 17:19:10.601918,243.28
4291,904,104,4,2025-09-18 15:22:24.218807,1633.92
4292,386,460,6,2025-07-31 19:23:30.013233,1811.52
4293,799,134,9,2025-07-25 22:25:18.489325,3672.81
4294,804,154,9,2025-07-03 16:41:53.760232,265.23
4295,600,31,7,2025-09-26 07:52:17.786431,3098.83
4296,410,252,5,2025-03-22 08:27:20.071671,122.35
4297,821,469,6,2025-11-01 18:48:14.445381,938.46
4298,490,12,1,2025-09-15 19:17:03.588465,68.65
4299,181,342,4,2025-03-18 19:47:43.419509,662.56
4300,41,294,8,2025-05-07 08:20:11.710554,926.32
4301,842,205,2,2024-12-29 05:52:14.740581,744.12
4302,565,416,1,2025-10-29 06:39:09.509974,49.54
4303,805,365,5,2024-12-27 16:59:42.256074,949.05
4304,154,379,8,2025-03-21 02:36:39.475964,3345.76
4305,76,272,9,2025-02-27 17:18:48.815329,2101.5
4306,339,397,4,2025-06-06 23:46:38.413785,1571.84
4307,538,117,4,2025-08-14 20:44:03.618223,656.4
4308,501,152,5,2025-10-30 18:34:19.254571,97.75
4309,4,56,1,2025-07-02 05:35:05.599018,434.82
4310,663,150,6,2025-01-25 18:38:50.467602,2635.62
4311,10,357,9,2025-10-08 01:38:36.550916,1607.4
4312,36,196,7,2025-04-12 23:00:35.842872,3497.55
4313,626,179,7,2025-02-26 03:42:13.972866,287.56
4314,935,370,6,2024-11-19 04:51:24.574933,2345.1
4315,526,314,5,2025-11-01 19:55:43.338273,194.1
4316,162,384,3,2025-05-04 12:14:19.957985,470.37
4317,373,494,3,2025-03-11 04:01:33.083587,1220.04
4318,491,271,6,2024-11-17 15:05:10.966181,1121.22
4319,940,148,7,2025-04-25 14:38:03.244489,1376.13
4320,91,40,7,2025-09-30 13:34:01.223120,2491.79
4321,207,275,9,2025-10-04 20:28:27.047667,2233.89
4322,383,417,2,2024-12-12 11:08:06.706424,288.14
4323,390,114,1,2025-04-21 09:04:07.947927,457.65
4324,104,225,9,2025-06-15 17:52:17.132605,2329.02
4325,232,385,3,2024-11-29 01:52:55.761057,143.88
4326,669,46,3,2025-09-20 16:01:54.630416,78.06
4327,997,343,6,2025-03-18 02:47:35.234174,1982.28
4328,533,95,7,2025-03-06 12:02:29.560760,2813.09
4329,958,479,4,2025-02-20 21:42:10.929698,1319.28
4330,83,277,5,2025-03-03 00:55:33.992964,2171.45
4331,31,26,9,2025-08-30 19:42:40.785085,377.82
4332,584,197,1,2025-10-11 13:15:02.871161,388.83
4333,860,480,5,2024-12-10 03:00:47.029297,608.4
4334,129,155,4,2025-05-02 20:14:46.994003,386.52
4335,483,82,2,2025-11-06 14:43:57.869746,970.54
4336,964,170,4,2024-12-18 04:49:30.198511,872.04
4337,555,474,3,2025-04-18 15:22:01.177817,1019.13
4338,470,461,6,2025-03-10 20:26:06.067380,1789.38
4339,302,272,5,2025-04-13 18:12:51.181943,1167.5
4340,547,84,5,2025-10-24 04:52:24.731224,1365.7
4341,397,273,8,2025-04-14 21:12:05.390589,1696.64
4342,551,404,1,2025-02-24 15:17:38.015022,299.43
4343,581,255,6,2025-09-24 07:29:08.615113,1506.66
4344,838,45,2,2025-03-01 02:29:58.744678,196.38
4345,276,169,5,2025-08-20 10:10:53.243257,304.1
4346,781,338,3,2025-07-12 14:48:07.518286,939.84
4347,449,105,2,2025-05-05 13:03:59.396750,81.76
4348,599,158,8,2025-01-02 12:24:55.741841,3836.0
4349,633,165,4,2024-11-19 17:29:01.989482,1260.6
4350,416,481,7,2024-12-23 23:05:34.919007,472.36
4351,103,441,5,2025-01-16 06:04:06.289023,2434.05
4352,392,7,3,2025-08-11 05:44:14.498602,1257.99
4353,937,385,4,2025-07-28 23:02:17.061715,191.84
4354,714,290,7,2024-12-05 08:25:16.533816,3212.58
4355,992,102,3,2025-08-13 10:38:52.869986,129.42
4356,584,261,8,2025-02-06 19:44:11.659733,1171.52
4357,667,262,2,2025-06-15 00:20:43.917043,978.64
4358,881,52,7,2025-10-14 02:41:58.449365,3497.97
4359,809,298,9,2025-08-14 02:46:17.193365,2872.17
4360,977,198,7,2025-08-17 05:38:48.612367,683.06
4361,316,10,7,2025-01-25 05:18:42.592856,906.22
4362,325,307,5,2025-08-01 10:08:48.348738,399.25
4363,383,173,7,2025-10-15 13:45:48.543344,1404.13
4364,198,367,1,2025-05-30 20:50:10.043618,148.47
4365,559,333,8,2025-10-03 16:01:17.753640,1630.48
4366,129,223,8,2025-02-01 10:38:38.204407,201.12
4367,732,22,6,2024-12-07 23:23:04.730666,1841.1
4368,640,220,5,2024-12-14 21:10:47.093508,963.9
4369,468,461,8,2025-10-08 08:39:34.330893,2385.84
4370,446,282,5,2025-10-03 10:18:40.123823,360.35
4371,733,390,4,2025-10-29 09:51:06.960916,1718.2
4372,351,251,2,2025-02-24 09:20:25.342124,44.12
4373,874,169,1,2025-04-18 00:16:28.995222,60.82
4374,405,448,9,2025-10-02 11:03:57.197579,1885.41
4375,503,162,5,2024-11-28 03:50:19.671847,1640.35
4376,908,38,4,2025-03-07 20:55:06.993634,889.92
4377,541,464,4,2025-02-28 07:07:28.956869,48.6
4378,19,335,6,2025-02-09 02:49:44.561926,2592.06
4379,957,320,2,2025-05-29 23:29:55.546482,928.28
4380,479,376,9,2024-11-20 02:21:59.187637,3595.77
4381,804,110,8,2025-01-18 01:30:36.619651,3835.04
4382,520,476,9,2024-12-22 21:05:32.468174,1565.73
4383,154,286,1,2024-12-05 09:02:25.450309,410.94
4384,477,40,3,2025-08-09 01:02:45.762920,1067.91
4385,469,52,9,2025-06-15 01:09:35.124917,4497.39
4386,680,375,3,2025-10-16 08:26:59.819381,1177.65
4387,977,331,8,2025-09-09 19:23:24.828680,3972.48
4388,269,392,3,2025-03-16 04:18:12.563771,1495.47
4389,301,422,3,2025-10-22 21:13:10.433160,377.13
4390,707,324,4,2025-06-29 12:29:59.673676,1182.0
4391,829,308,7,2024-12-30 06:53:32.486599,3179.54
4392,200,186,4,2024-11-26 05:53:56.876594,581.84
4393,435,281,2,2025-04-19 21:01:43.998308,859.36
4394,956,107,1,2025-01-02 16:25:39.153653,284.83
4395,700,202,3,2025-06-01 20:44:23.729241,708.42
4396,603,199,1,2025-02-08 11:54:59.950875,359.74
4397,278,215,7,2025-07-26 21:04:49.677683,2529.87
4398,154,253,7,2025-06-02 12:45:25.999668,1606.43
4399,294,375,2,2025-08-30 21:33:49.222035,785.1
4400,671,384,9,2025-11-02 08:06:37.642587,1411.11
4401,918,20,1,2025-01-27 06:42:46.142816,91.56
4402,10,338,7,2025-08-16 23:17:26.233061,2192.96
4403,211,438,4,2025-09-21 16:27:55.113176,1156.64
4404,652,400,4,2025-09-20 02:53:41.742084,1076.72
4405,726,134,2,2025-09-03 13:56:10.229307,816.18
4406,467,242,9,2025-07-06 18:50:45.942385,134.1
4407,682,359,5,2025-10-09 05:27:39.322546,211.4
4408,582,475,8,2025-02-06 20:12:57.737993,2166.32
4409,938,450,5,2025-05-23 21:17:51.510256,1913.5
4410,797,394,3,2025-09-09 13:29:46.081380,1255.8
4411,351,64,8,2025-04-14 09:58:38.391448,2939.92
4412,331,9,6,2025-06-04 11:31:26.551628,2327.04
4413,203,305,9,2025-02-16 09:28:25.974083,3328.92
4414,819,393,2,2024-11-17 11:00:06.613552,842.38
4415,803,385,3,2025-06-16 20:29:21.546584,143.88
4416,105,449,4,2024-11-11 20:47:11.525775,770.64
4417,402,49,5,2025-08-25 02:55:22.192099,1758.75
4418,92,25,2,2024-12-06 17:48:20.108918,385.54
4419,693,80,6,2025-02-17 14:58:07.172374,2054.76
4420,27,100,1,2025-03-14 12:36:36.672305,439.76
4421,587,44,8,2025-02-18 22:59:30.424430,449.04
4422,130,369,8,2025-05-13 18:40:48.598742,2862.16
4423,213,394,7,2025-10-15 09:52:13.443761,2930.2
4424,859,130,5,2024-12-17 18:07:46.792099,2498.6
4425,65,64,5,2025-06-04 17:39:14.922158,1837.45
4426,215,170,6,2025-06-14 21:58:13.826159,1308.06
4427,521,189,7,2025-06-30 04:09:34.829821,3272.5
4428,430,138,5,2025-05-29 07:24:57.728072,1859.0
4429,675,479,4,2025-08-15 11:08:42.654465,1319.28
4430,396,459,7,2025-10-30 13:13:55.154303,1867.81
4431,287,278,6,2025-07-24 13:24:19.315909,1779.06
4432,774,480,1,2025-04-11 16:26:15.161155,121.68
4433,387,40,3,2025-04-26 08:48:55.398062,1067.91
4434,490,380,4,2024-11-16 23:41:02.086058,1194.28
4435,836,53,9,2024-12-21 14:57:43.396392,149.04
4436,366,165,5,2025-02-25 14:29:58.279181,1575.75
4437,598,1,7,2025-07-09 13:01:51.187326,676.27
4438,963,256,3,2025-02-13 18:28:29.379246,1063.35
4439,738,126,1,2025-05-23 22:10:25.231217,407.08
4440,440,299,1,2025-02-17 20:34:05.372265,164.43
4441,942,403,1,2025-06-17 03:36:08.110348,136.38
4442,891,238,4,2025-07-08 11:52:57.634896,1471.08
4443,891,456,4,2025-07-07 13:33:24.617647,1475.6
4444,996,411,8,2025-07-05 03:18:25.037656,3788.48
4445,624,273,1,2025-08-12 07:52:05.449294,212.08
4446,858,127,2,2025-09-27 17:41:52.644113,310.16
4447,262,65,6,2025-03-02 19:08:32.628875,1003.68
4448,767,356,2,2025-05-09 22:08:43.368229,428.46
4449,558,220,3,2025-01-14 17:03:59.418024,578.34
4450,886,277,8,2024-12-16 08:06:59.485497,3474.32
4451,877,478,1,2025-06-09 19:47:33.818867,119.44
4452,934,481,5,2025-09-17 22:40:54.291695,337.4
4453,933,388,3,2024-11-19 23:36:10.479183,859.41
4454,71,217,8,2025-05-23 18:02:40.651019,3775.76
4455,635,156,4,2025-06-18 10:10:47.642138,40.88
4456,633,22,8,2025-03-10 05:21:48.693119,2454.8
4457,93,471,5,2025-02-25 05:10:48.353694,1458.75
4458,932,380,7,2025-08-14 23:19:11.467934,2089.99
4459,815,404,1,2025-08-01 23:45:07.623821,299.43
4460,224,122,9,2024-12-15 21:06:36.443582,3049.83
4461,715,333,6,2025-02-26 06:31:28.895820,1222.86
4462,900,476,1,2025-04-01 01:05:48.925583,173.97
4463,118,464,4,2025-02-26 13:02:04.006717,48.6
4464,199,20,8,2025-01-24 23:49:12.190358,732.48
4465,840,398,9,2025-04-02 19:39:52.233075,696.06
4466,766,389,9,2025-02-09 13:25:58.235286,2966.58
4467,439,311,7,2024-12-14 08:36:49.258080,3086.58
4468,280,228,3,2024-11-30 20:46:47.755363,507.81
4469,183,84,7,2024-12-14 09:38:29.807420,1911.98
4470,739,179,6,2025-09-23 05:18:52.414333,246.48
4471,657,148,2,2025-10-29 14:57:50.544433,393.18
4472,368,437,8,2025-02-24 00:57:30.195451,1151.52
4473,69,237,5,2025-04-14 08:40:07.498313,2039.15
4474,875,313,5,2025-09-02 21:53:48.942004,1650.15
4475,49,382,3,2025-07-10 05:39:50.263492,444.93
4476,682,98,1,2025-07-11 06:13:13.684715,351.33
4477,157,171,9,2025-05-26 09:02:27.494761,2483.1
4478,755,471,6,2025-08-31 00:49:10.247769,1750.5
4479,664,465,5,2025-01-28 12:11:58.753058,1672.95
4480,11,306,5,2024-12-15 06:28:04.672966,689.15
4481,852,353,8,2025-10-10 06:02:31.913287,2008.96
4482,374,338,3,2024-12-20 19:05:35.469908,939.84
4483,537,143,8,2025-10-05 16:31:26.583780,1658.08
4484,134,431,7,2025-07-15 05:39:55.063855,2816.17
4485,312,258,7,2025-03-09 07:16:36.693571,2671.27
4486,144,286,3,2024-12-10 20:56:23.206184,1232.82
4487,282,67,9,2025-10-28 08:43:04.227727,3380.76
4488,398,229,6,2024-11-26 19:43:16.988394,824.4
4489,995,367,6,2025-02-03 22:34:51.156138,890.82
4490,264,321,8,2025-09-14 02:53:31.865191,2720.64
4491,952,193,2,2025-03-08 15:15:44.921613,104.82
4492,829,120,6,2025-04-17 09:44:22.526335,83.7
4493,424,421,7,2025-08-04 05:20:55.066906,1043.21
4494,983,40,2,2025-10-30 20:10:54.325345,711.94
4495,210,388,6,2024-11-13 00:47:54.491619,1718.82
4496,239,239,5,2025-04-28 16:50:00.985811,175.0
4497,583,239,5,2025-02-27 18:15:02.882060,175.0
4498,73,31,4,2024-12-01 02:44:04.655030,1770.76
4499,454,53,1,2025-04-04 16:35:23.983571,16.56
4500,760,463,6,2025-09-26 09:13:11.112549,365.58
4501,807,492,2,2025-03-17 03:04:25.103142,414.32
4502,86,64,7,2025-06-02 09:19:06.450043,2572.43
4503,339,7,6,2025-04-07 08:42:29.462568,2515.98
4504,28,422,4,2025-04-10 22:38:00.219667,502.84
4505,575,145,8,2024-12-22 00:42:45.455241,1374.32
4506,701,450,3,2024-11-13 14:34:57.712961,1148.1
4507,41,292,4,2025-07-30 16:19:51.119464,216.52
4508,337,420,7,2025-05-30 10:02:18.415789,2308.04
4509,550,265,9,2024-12-19 05:45:48.591696,109.35
4510,746,474,2,2025-05-03 14:19:22.778889,679.42
4511,412,22,9,2025-10-02 23:14:42.738638,2761.65
4512,727,15,3,2025-08-22 19:57:42.029506,403.32
4513,912,273,9,2025-04-10 01:51:03.859973,1908.72
4514,174,56,5,2025-08-25 02:18:51.023185,2174.1
4515,265,130,8,2025-02-06 14:00:00.083176,3997.76
4516,700,371,2,2025-10-21 07:51:12.771288,748.68
4517,30,257,3,2025-08-25 19:26:02.442676,1336.32
4518,153,323,2,2025-02-25 14:18:02.413649,533.16
4519,731,336,9,2025-06-07 16:41:46.910954,3593.61
4520,332,130,1,2025-08-14 12:05:50.796279,499.72
4521,427,291,6,2025-06-20 17:16:35.835378,2465.1
4522,46,218,6,2025-07-19 05:05:35.182741,1635.06
4523,280,126,1,2025-02-14 03:54:28.981718,407.08
4524,792,96,3,2025-09-28 09:10:03.662176,456.66
4525,129,93,1,2025-08-01 00:34:35.757855,230.69
4526,369,90,4,2025-04-21 12:32:10.334926,610.04
4527,249,132,4,2025-06-05 02:56:07.997655,889.8
4528,477,351,9,2024-12-16 17:50:05.062082,1110.51
4529,168,46,1,2025-08-07 23:26:35.947387,26.02
4530,168,482,4,2025-01-29 10:07:37.641657,1058.04
4531,594,462,7,2024-11-14 15:53:15.139714,3208.66
4532,860,184,1,2025-08-28 01:05:25.434907,32.04
4533,658,382,9,2025-07-06 05:11:55.112075,1334.79
4534,314,445,3,2025-10-09 04:18:03.292121,1062.45
4535,187,375,5,2025-09-28 23:50:28.298881,1962.75
4536,815,147,6,2025-05-08 07:36:49.015828,1317.54
4537,419,485,1,2024-12-27 21:23:02.042079,132.27
4538,52,406,6,2025-10-21 12:21:34.568978,2924.04
4539,549,373,3,2025-01-16 23:21:39.459926,1307.04
4540,767,272,8,2025-03-19 22:37:53.736079,1868.0
4541,892,216,3,2025-06-18 13:24:34.602229,527.7
4542,490,260,6,2025-10-09 05:06:31.064630,2778.12
4543,575,35,9,2025-05-09 15:11:11.818627,2140.92
4544,386,98,7,2025-09-07 12:37:25.813236,2459.31
4545,153,160,4,2025-03-19 23:11:53.199149,1981.64
4546,863,4,4,2025-08-08 00:42:59.360831,1193.12
4547,469,132,2,2025-02-05 10:14:03.817250,444.9
4548,38,55,9,2025-02-08 13:50:38.659211,2223.9
4549,341,15,7,2025-09-27 16:54:41.073482,941.08
4550,583,299,1,2025-01-18 11:48:15.123385,164.43
4551,22,271,1,2025-05-09 15:55:55.553593,186.87
4552,210,426,4,2024-12-31 20:49:38.586241,905.12
4553,895,43,9,2025-05-01 01:12:45.770998,3229.47
4554,437,405,2,2025-08-15 09:05:55.158254,817.82
4555,189,392,3,2025-07-22 03:37:59.689962,1495.47
4556,272,382,8,2025-11-01 09:55:55.429558,1186.48
4557,397,40,1,2024-11-16 20:10:46.690477,355.97
4558,347,119,2,2025-04-03 21:46:11.768807,500.72
4559,24,97,1,2024-11-19 11:06:24.408141,13.41
4560,877,407,9,2025-02-18 00:49:29.380965,1286.19
4561,772,443,1,2024-11-28 16:18:23.784440,367.64
4562,774,273,5,2025-05-22 08:11:23.148699,1060.4
4563,212,27,6,2025-05-21 23:41:40.202150,2928.3
4564,915,54,2,2025-06-02 08:17:26.105437,412.48
4565,910,365,4,2025-04-27 20:09:35.626522,759.24
4566,492,344,1,2025-06-15 03:57:52.942512,241.44
4567,845,284,3,2025-06-19 18:14:46.854222,210.66
4568,281,52,8,2025-04-26 18:38:22.262422,3997.68
4569,917,387,1,2025-10-24 10:01:00.866364,472.32
4570,847,65,1,2024-12-13 16:38:22.188801,167.28
4571,35,422,6,2025-10-14 14:24:43.084490,754.26
4572,526,331,8,2025-06-23 18:42:42.844676,3972.48
4573,481,446,2,2025-06-07 14:02:39.472944,278.56
4574,517,389,4,2025-09-02 20:03:46.264174,1318.48
4575,910,485,6,2025-01-14 02:32:26.318280,793.62
4576,59,479,1,2025-10-20 03:44:50.014227,329.82
4577,126,450,3,2024-11-25 01:35:47.780634,1148.1
4578,620,8,1,2025-05-04 16:37:49.529892,318.43
4579,219,486,9,2025-04-22 15:32:38.561500,2011.77
4580,711,190,1,2025-01-14 06:23:34.718546,146.1
4581,998,60,2,2025-05-28 03:53:45.726668,168.1
4582,456,151,6,2025-03-16 17:49:24.455009,2186.58
4583,352,101,3,2025-01-31 07:50:32.996563,747.87
4584,900,260,3,2025-04-21 09:05:24.309449,1389.06
4585,858,391,1,2025-08-26 21:44:38.352022,397.69
4586,500,347,5,2025-05-30 15:42:04.346906,1247.7
4587,715,366,3,2025-08-05 01:50:41.277071,586.29
4588,911,398,7,2025-07-24 11:37:57.046827,541.38
4589,199,44,2,2025-04-21 11:31:06.225330,112.26
4590,961,148,9,2025-08-08 23:53:24.386523,1769.31
4591,492,290,5,2025-07-12 04:23:58.200710,2294.7
4592,504,463,6,2025-09-13 00:33:55.403698,365.58
4593,396,85,1,2025-10-20 22:19:21.967370,97.39
4594,287,263,8,2025-01-21 20:13:01.463956,1833.36
4595,83,328,6,2025-02-08 11:10:41.481355,914.22
4596,261,149,8,2024-12-21 18:59:57.464884,1244.0
4597,635,352,6,2025-01-17 03:46:53.477512,2990.7
4598,722,380,5,2025-05-17 23:49:27.131834,1492.85
4599,685,6,9,2025-03-13 10:23:09.895832,2964.06
4600,901,337,7,2025-04-25 10:50:27.357871,326.06
4601,444,127,4,2024-12-04 21:03:29.657180,620.32
4602,735,445,2,2025-07-14 11:40:42.224116,708.3
4603,970,380,3,2025-05-01 13:25:59.668136,895.71
4604,772,392,4,2025-06-30 13:02:09.191562,1993.96
4605,315,269,4,2025-05-01 18:13:54.750233,1603.36
4606,118,283,9,2025-02-04 12:27:26.476233,1449.27
4607,732,96,7,2025-07-28 23:34:18.607772,1065.54
4608,108,47,4,2025-03-09 22:30:32.708089,1260.4
4609,915,21,9,2025-10-20 14:59:06.636560,3702.51
4610,261,224,3,2025-09-15 20:31:24.230396,1498.35
4611,196,226,8,2025-02-08 00:36:01.931856,2076.88
4612,932,329,3,2025-03-18 09:06:32.825267,1105.77
4613,283,273,8,2025-01-11 07:50:49.627072,1696.64
4614,881,406,7,2025-05-27 20:24:01.737613,3411.38
4615,410,113,7,2025-06-19 20:41:38.236841,1437.87
4616,73,13,4,2025-06-27 19:59:28.236850,1640.96
4617,551,322,5,2024-11-07 03:35:43.713887,1430.95
4618,23,498,8,2025-01-23 16:44:49.601979,1383.2
4619,763,410,9,2025-02-06 00:45:06.560563,4255.38
4620,354,371,3,2024-12-25 19:25:40.372215,1123.02
4621,995,41,5,2025-03-16 17:52:58.937221,1128.7
4622,852,389,1,2025-03-17 09:34:07.422424,329.62
4623,520,47,7,2025-04-24 22:25:14.621636,2205.7
4624,371,386,3,2025-08-08 08:48:56.249523,1118.76
4625,956,466,2,2025-10-01 08:54:38.420079,771.38
4626,658,410,3,2025-02-14 15:56:13.459162,1418.46
4627,482,108,7,2025-01-31 20:21:05.347110,879.34
4628,636,103,9,2025-04-26 17:11:31.105522,1106.19
4629,78,311,7,2025-11-05 08:21:51.769689,3086.58
4630,802,438,6,2025-05-08 12:14:02.041745,1734.96
4631,66,168,4,2025-01-29 12:49:48.527250,485.24
4632,525,4,2,2025-05-22 15:02:36.091557,596.56
4633,321,445,4,2025-02-07 17:17:03.274643,1416.6
4634,762,113,7,2025-05-20 20:28:01.486750,1437.87
4635,272,377,6,2024-12-31 05:37:20.540204,1729.98
4636,561,491,5,2025-05-12 21:52:11.481116,1458.15
4637,460,255,5,2025-03-12 03:22:28.000565,1255.55
4638,339,438,8,2025-03-14 01:22:32.445723,2313.28
4639,421,347,3,2025-05-27 22:18:19.617882,748.62
4640,250,243,9,2025-05-12 00:14:16.707640,2084.94
4641,248,258,4,2024-12-13 03:02:01.013706,1526.44
4642,219,62,1,2025-01-15 18:34:13.264754,70.96
4643,34,437,3,2024-12-25 06:56:12.697618,431.82
4644,281,204,6,2024-11-24 00:34:31.602264,767.7
4645,937,10,4,2025-01-05 22:27:49.227462,517.84
4646,4,385,5,2025-06-22 01:23:57.857922,239.8
4647,452,387,4,2025-10-14 06:58:39.440903,1889.28
4648,571,48,3,2025-03-23 15:10:09.882679,991.41
4649,651,255,3,2025-09-09 10:21:29.984631,753.33
4650,876,102,9,2025-05-30 11:35:18.067549,388.26
4651,502,87,9,2025-10-23 16:33:28.964260,1127.7
4652,667,350,7,2025-07-28 21:53:41.330153,3110.45
4653,181,98,8,2025-08-01 06:23:39.173631,2810.64
4654,714,133,7,2025-09-12 13:01:25.336212,1787.03
4655,977,10,6,2025-11-03 09:49:12.428978,776.76
4656,42,24,5,2025-02-09 03:05:04.273228,1520.75
4657,852,417,5,2025-09-09 20:11:38.977691,720.35
4658,356,2,9,2025-04-17 07:52:35.957259,4009.77
4659,987,243,8,2025-08-27 07:03:31.515314,1853.28
4660,336,390,3,2024-12-14 18:25:58.169146,1288.65
4661,356,236,1,2025-07-08 16:11:05.132910,109.97
4662,693,370,8,2025-09-09 23:47:38.407931,3126.8
4663,845,53,3,2024-12-06 15:37:26.860553,49.68
4664,526,166,8,2025-11-06 19:01:18.344877,1727.04
4665,582,458,3,2025-04-20 22:01:00.634040,40.02
4666,823,311,8,2025-02-07 23:06:09.395755,3527.52
4667,505,70,7,2025-06-16 03:21:48.120890,3227.98
4668,351,179,8,2025-10-22 21:23:05.368113,328.64
4669,750,244,3,2025-09-21 12:01:28.722138,211.83
4670,118,54,7,2025-03-17 03:30:45.070343,1443.68
4671,605,356,1,2025-10-20 02:32:04.991860,214.23
4672,967,156,2,2025-01-20 09:14:04.750488,20.44
4673,356,39,3,2024-11-26 14:45:12.715746,558.03
4674,200,251,2,2025-05-11 06:57:59.381319,44.12
4675,782,189,5,2025-05-10 01:13:18.935314,2337.5
4676,488,494,8,2025-04-23 22:27:53.489613,3253.44
4677,962,130,6,2025-10-31 12:28:39.210849,2998.32
4678,994,74,1,2025-09-18 11:00:54.654895,402.0
4679,911,197,8,2025-05-19 00:58:38.775980,3110.64
4680,625,190,1,2025-01-14 02:41:52.889754,146.1
4681,807,484,7,2025-10-20 18:11:11.139789,1130.22
4682,914,35,6,2025-09-02 11:05:13.759912,1427.28
4683,327,397,9,2025-02-26 02:03:35.031857,3536.64
4684,573,205,5,2024-12-05 05:20:46.253527,1860.3
4685,295,53,8,2025-09-24 10:47:03.203285,132.48
4686,636,136,9,2024-12-01 14:13:40.688409,855.27
4687,380,333,3,2024-11-07 04:27:29.991302,611.43
4688,554,436,7,2025-02-04 11:20:31.556080,1820.63
4689,446,332,1,2025-05-16 10:12:08.047810,111.9
4690,521,96,3,2025-06-25 08:12:14.648042,456.66
4691,103,228,4,2025-06-02 04:08:57.606738,677.08
4692,900,403,4,2025-07-02 02:07:29.645276,545.52
4693,437,432,5,2025-10-15 06:42:32.673164,282.35
4694,678,148,9,2025-09-22 07:26:21.711472,1769.31
4695,970,35,2,2025-07-22 10:57:53.955878,475.76
4696,710,257,1,2025-10-23 03:22:31.199782,445.44
4697,700,80,3,2024-12-23 18:40:52.979396,1027.38
4698,789,84,4,2025-04-27 22:06:18.521805,1092.56
4699,582,100,3,2024-11-24 05:12:43.280379,1319.28
4700,419,398,4,2025-09-23 21:12:36.551287,309.36
4701,135,375,1,2024-12-13 14:24:27.520783,392.55
4702,974,286,1,2025-11-05 18:50:40.340428,410.94
4703,967,84,9,2024-11-28 14:29:28.114166,2458.26
4704,216,152,8,2025-01-14 22:08:13.566726,156.4
4705,53,182,5,2025-02-08 09:30:45.817276,1717.8
4706,708,292,1,2025-08-06 14:55:55.649117,54.13
4707,616,305,5,2025-06-14 12:49:29.649517,1849.4
4708,232,300,7,2025-01-08 20:32:06.264268,3198.16
4709,347,326,2,2025-02-20 16:29:04.452093,590.48
4710,704,106,7,2024-12-23 15:51:20.530010,1662.71
4711,581,389,8,2025-06-21 15:23:03.598465,2636.96
4712,772,258,5,2024-12-17 10:14:21.794104,1908.05
4713,686,343,6,2025-05-16 14:56:34.753821,1982.28
4714,342,100,4,2025-02-16 03:44:54.662187,1759.04
4715,209,339,8,2025-09-28 12:34:50.263622,1385.76
4716,618,79,3,2025-10-31 05:42:28.387858,975.15
4717,157,402,4,2025-09-16 00:37:22.158134,137.6
4718,290,500,3,2025-03-12 10:46:57.676029,786.54
4719,126,262,6,2025-08-08 22:51:21.280653,2935.92
4720,55,403,3,2025-03-30 16:34:47.790020,409.14
4721,472,280,5,2025-07-04 19:10:02.723451,1523.5
4722,605,50,3,2025-07-25 05:56:21.602413,1368.24
4723,761,300,3,2025-07-12 05:12:50.591886,1370.64
4724,754,475,7,2025-03-06 07:16:52.797460,1895.53
4725,6,175,7,2024-12-06 02:38:58.179039,2701.72
4726,903,13,5,2025-07-21 19:34:41.300984,2051.2
4727,391,408,6,2025-02-19 21:22:33.164114,632.88
4728,812,416,8,2024-12-19 00:05:30.980115,396.32
4729,967,132,8,2025-06-13 16:51:53.416977,1779.6
4730,258,415,8,2025-10-04 03:31:11.416716,2205.36
4731,761,397,1,2025-08-25 05:51:18.188949,392.96
4732,996,247,8,2025-09-09 03:58:42.485712,2576.32
4733,779,272,4,2025-05-31 22:51:38.333284,934.0
4734,854,170,3,2025-05-18 13:01:32.997917,654.03
4735,718,11,7,2024-12-17 15:09:31.644635,1485.26
4736,518,7,6,2025-08-14 04:17:29.567628,2515.98
4737,540,335,4,2025-09-10 03:06:34.590921,1728.04
4738,646,10,3,2025-03-01 22:56:21.656656,388.38
4739,15,250,8,2025-05-29 04:21:30.668942,1111.36
4740,355,117,8,2025-06-26 16:01:31.575799,1312.8
4741,18,99,3,2025-02-23 15:32:32.164751,497.04
4742,253,162,8,2025-01-18 05:49:42.581020,2624.56
4743,531,205,9,2025-06-05 17:06:32.026686,3348.54
4744,33,209,8,2025-06-15 20:08:51.018064,2410.08
4745,5,195,5,2025-03-26 11:26:32.711470,2494.95
4746,411,195,7,2025-05-01 14:16:21.106283,3492.93
4747,422,66,9,2025-05-06 08:55:33.896109,2113.56
4748,135,336,9,2025-08-15 04:20:51.406152,3593.61
4749,470,123,2,2025-06-21 19:30:42.602420,467.8
4750,535,271,5,2025-10-24 21:20:36.566361,934.35
4751,560,91,1,2024-12-27 08:03:34.215639,249.55
4752,640,155,7,2024-12-23 15:39:36.662241,676.41
4753,950,20,5,2025-02-25 23:34:56.342447,457.8
4754,858,393,7,2025-01-05 21:11:29.533562,2948.33
4755,909,167,1,2025-07-23 01:38:00.043674,412.95
4756,578,91,1,2025-07-20 18:21:40.960666,249.55
4757,47,4,4,2025-09-19 14:22:04.524329,1193.12
4758,927,100,6,2025-07-15 19:14:44.994955,2638.56
4759,823,370,9,2025-06-08 18:14:39.012066,3517.65
4760,558,150,6,2025-02-23 17:59:50.412531,2635.62
4761,297,153,3,2025-03-16 18:43:20.111869,1315.71
4762,683,436,1,2025-03-11 03:38:27.499019,260.09
4763,874,3,1,2025-01-22 05:53:08.183293,373.84
4764,202,293,3,2025-09-06 14:35:12.584889,473.07
4765,568,107,2,2025-08-17 14:36:45.545699,569.66
4766,976,126,2,2025-01-23 18:46:28.954237,814.16
4767,443,291,7,2025-06-28 02:54:04.830322,2875.95
4768,357,483,5,2025-02-07 11:19:40.015064,1128.2
4769,754,344,9,2025-04-11 10:05:42.744863,2172.96
4770,534,290,8,2025-01-22 02:03:52.104904,3671.52
4771,390,358,6,2025-09-22 05:59:04.183170,275.94
4772,33,19,6,2025-08-10 11:05:45.431024,2304.54
4773,631,215,2,2025-07-27 21:07:32.304624,722.82
4774,28,101,6,2025-01-24 01:14:33.452254,1495.74
4775,512,410,4,2025-09-20 00:10:30.972155,1891.28
4776,144,451,3,2024-11-11 19:40:41.735363,778.71
4777,570,495,5,2025-05-28 22:41:27.021168,340.85
4778,508,194,6,2025-02-14 00:16:33.233988,536.52
4779,470,382,3,2025-02-20 02:50:23.098585,444.93
4780,549,254,4,2025-04-30 09:12:16.565609,884.08
4781,975,105,8,2025-08-10 09:47:27.613750,327.04
4782,365,450,2,2025-08-30 15:48:36.320936,765.4
4783,757,377,4,2025-05-21 06:40:25.476222,1153.32
4784,836,388,5,2024-12-24 20:08:58.261021,1432.35
4785,491,50,3,2025-04-05 05:56:04.627761,1368.24
4786,214,59,5,2024-11-06 18:42:27.124104,1507.4
4787,596,459,2,2025-02-09 12:44:06.792260,533.66
4788,370,347,2,2025-09-30 03:28:43.081601,499.08
4789,211,243,9,2025-02-05 21:19:26.655294,2084.94
4790,776,71,5,2025-07-13 00:01:16.218145,1217.6
4791,164,245,2,2024-11-25 05:45:34.906287,619.76
4792,203,61,1,2024-12-12 17:35:06.436775,433.26
4793,565,321,2,2025-02-09 18:53:10.625801,680.16
4794,211,436,3,2024-11-08 00:56:12.754816,780.27
4795,900,106,4,2025-10-08 07:20:36.599034,950.12
4796,754,178,5,2025-07-28 03:08:30.154116,2337.75
4797,697,281,1,2025-08-15 02:11:48.178435,429.68
4798,401,314,7,2025-08-11 20:01:42.899564,271.74
4799,992,266,3,2025-04-29 00:49:15.778018,84.75
4800,924,404,8,2024-12-05 11:08:21.289713,2395.44
4801,904,182,9,2025-06-10 22:51:24.991929,3092.04
4802,352,173,8,2024-12-26 07:49:54.788372,1604.72
4803,253,430,7,2025-07-05 20:22:36.464298,1618.96
4804,723,196,3,2024-12-20 06:30:22.380311,1498.95
4805,968,365,1,2025-02-09 06:51:35.532533,189.81
4806,812,130,8,2025-02-18 02:12:05.540007,3997.76
4807,106,208,3,2025-04-19 20:02:12.868561,1446.87
4808,266,277,4,2025-01-16 02:34:45.982568,1737.16
4809,611,158,9,2025-02-11 20:18:24.428791,4315.5
4810,266,2,1,2025-07-04 07:29:34.639031,445.53
4811,956,26,9,2024-11-19 20:40:32.131927,377.82
4812,694,466,2,2025-07-30 09:02:38.596997,771.38
4813,248,130,7,2025-04-07 11:10:35.044108,3498.04
4814,827,56,7,2025-06-04 05:24:41.732485,3043.74
4815,241,28,8,2025-05-23 21:53:34.461469,1004.4
4816,128,280,6,2025-09-27 12:59:52.017669,1828.2
4817,327,134,4,2025-09-24 12:16:04.948035,1632.36
4818,327,274,9,2024-11-10 15:51:37.484535,1212.21
4819,453,454,4,2025-06-11 15:37:47.371185,207.88
4820,560,427,3,2025-02-09 17:24:18.306065,1485.66
4821,519,407,6,2025-02-28 15:47:18.136668,857.46
4822,536,348,3,2025-02-07 16:41:18.206579,764.16
4823,4,138,6,2025-03-19 08:42:28.943813,2230.8
4824,535,317,9,2025-10-09 03:52:33.823665,3872.43
4825,949,22,1,2024-11-14 04:38:16.158701,306.85
4826,307,357,8,2025-07-02 01:32:47.189420,1428.8
4827,795,175,5,2024-12-18 21:33:16.829753,1929.8
4828,365,7,8,2025-06-04 17:19:30.289821,3354.64
4829,754,246,4,2025-06-18 06:15:27.558892,551.2
4830,457,472,3,2025-04-12 23:04:09.127749,155.49
4831,891,377,3,2025-09-22 19:01:15.018076,864.99
4832,405,429,9,2025-09-06 11:19:14.375588,2039.49
4833,614,364,8,2025-06-05 08:13:54.421880,2661.36
4834,658,247,4,2025-09-30 00:44:04.843914,1288.16
4835,315,396,1,2025-07-17 20:45:27.306662,214.43
4836,402,40,8,2025-07-19 07:25:42.998797,2847.76
4837,872,94,4,2025-01-04 03:02:33.811003,694.44
4838,968,465,2,2025-03-22 20:13:59.596279,669.18
4839,968,286,3,2025-09-04 20:00:46.580022,1232.82
4840,556,164,1,2025-02-06 02:30:48.140920,130.99
4841,41,140,3,2025-10-28 14:31:14.470139,1084.8
4842,615,330,1,2025-01-25 05:02:36.284986,22.16
4843,535,187,4,2025-07-05 19:11:23.775787,287.56
4844,309,150,8,2025-07-21 20:42:58.425745,3514.16
4845,253,492,2,2025-01-26 13:11:56.492592,414.32
4846,450,22,2,2024-12-26 05:44:54.189864,613.7
4847,252,462,6,2025-01-13 23:35:26.449339,2750.28
4848,994,301,1,2025-09-12 10:38:46.770822,118.34
4849,312,168,2,2025-08-02 22:17:44.191203,242.62
4850,583,127,2,2025-07-02 06:02:23.697151,310.16
4851,223,425,1,2025-05-04 10:22:15.491366,470.46
4852,647,216,1,2025-08-25 09:48:34.722000,175.9
4853,259,498,4,2025-07-03 15:48:59.476884,691.6
4854,74,343,1,2025-01-29 13:32:35.317837,330.38
4855,516,446,5,2025-09-12 00:28:59.946207,696.4
4856,958,417,1,2025-05-20 09:49:37.363800,144.07
4857,784,357,1,2025-10-11 13:58:01.050078,178.6
4858,228,87,8,2025-10-23 21:27:26.593544,1002.4
4859,168,408,5,2025-04-30 03:40:43.647608,527.4
4860,273,206,3,2024-12-11 09:58:17.085604,1458.33
4861,143,451,9,2025-06-30 08:21:16.990457,2336.13
4862,964,76,4,2025-08-21 15:25:43.113344,1343.08
4863,913,475,5,2025-04-03 02:13:09.304668,1353.95
4864,477,84,3,2025-08-11 23:11:50.122197,819.42
4865,555,124,4,2025-08-23 10:40:11.009813,1292.04
4866,195,352,6,2025-08-05 16:52:51.961767,2990.7
4867,581,301,1,2025-10-19 01:03:51.338667,118.34
4868,194,53,7,2025-10-11 07:17:11.618450,115.92
4869,755,124,1,2025-09-05 10:55:20.751237,323.01
4870,330,474,3,2025-04-13 15:27:25.302792,1019.13
4871,615,267,9,2025-03-23 14:34:26.591574,2649.78
4872,308,257,4,2025-04-22 00:44:05.152694,1781.76
4873,672,118,3,2025-03-16 09:28:14.271589,660.84
4874,810,345,6,2024-11-07 08:02:57.303509,2194.14
4875,396,202,9,2025-05-21 20:29:16.320468,2125.26
4876,79,199,5,2025-05-24 08:12:46.862420,1798.7
4877,878,425,6,2024-12-26 22:25:40.955410,2822.76
4878,21,239,5,2025-09-07 22:41:54.682750,175.0
4879,424,156,6,2025-07-26 00:46:08.117254,61.32
4880,797,10,8,2025-09-20 19:34:13.149583,1035.68
4881,42,5,1,2025-01-07 22:39:28.331292,194.51
4882,337,418,9,2025-10-26 17:10:43.566496,521.28
4883,259,358,7,2025-10-10 10:55:26.560844,321.93
4884,224,19,9,2025-06-18 16:41:36.880490,3456.81
4885,186,194,1,2025-05-22 20:13:08.794771,89.42
4886,697,34,4,2025-04-19 23:29:27.567374,170.28
4887,75,195,4,2025-03-14 03:07:01.116144,1995.96
4888,137,185,1,2025-08-09 04:00:29.648240,341.7
4889,963,264,2,2025-05-14 16:36:44.125102,749.36
4890,887,315,7,2025-07-03 20:46:21.080219,1220.38
4891,846,243,5,2025-07-03 10:14:31.779109,1158.3
4892,175,370,7,2025-05-26 23:59:03.718285,2735.95
4893,388,35,2,2024-12-06 08:45:51.004502,475.76
4894,593,194,7,2025-03-31 23:55:22.690877,625.94
4895,902,240,7,2025-01-19 19:00:06.480117,2233.98
4896,563,155,5,2025-01-24 10:24:01.061381,483.15
4897,106,81,7,2025-05-18 14:38:42.356316,2588.04
4898,341,316,2,2024-12-15 06:25:06.732327,709.42
4899,165,141,5,2025-08-03 08:07:34.731449,1283.15
4900,948,131,1,2025-02-09 09:04:44.293575,130.31
4901,843,493,2,2025-03-04 09:42:10.875911,661.26
4902,42,90,6,2025-04-08 16:39:27.957564,915.06
4903,428,108,2,2025-05-21 08:07:14.815984,251.24
4904,30,136,7,2025-06-30 23:10:42.559891,665.21
4905,406,212,5,2025-04-30 02:24:53.136191,1370.85
4906,681,411,3,2025-01-12 19:59:15.298051,1420.68
4907,109,90,8,2025-01-03 02:22:00.176934,1220.08
4908,225,465,5,2025-08-02 05:30:29.367681,1672.95
4909,120,215,9,2025-10-20 12:22:57.437516,3252.69
4910,293,4,9,2025-02-08 22:54:52.961545,2684.52
4911,989,277,4,2025-11-03 21:11:47.098674,1737.16
4912,314,397,4,2025-01-16 22:50:53.960247,1571.84
4913,551,155,4,2025-06-06 00:37:41.848170,386.52
4914,139,49,2,2024-12-08 17:21:55.883729,703.5
4915,107,52,1,2024-12-30 05:52:31.886070,499.71
4916,78,338,7,2025-05-03 19:02:45.650593,2192.96
4917,761,378,3,2025-06-19 02:48:58.165582,1402.86
4918,429,442,1,2025-05-27 19:10:27.391820,331.23
4919,356,185,9,2025-05-14 23:29:13.511917,3075.3
4920,406,400,5,2025-01-01 21:29:24.058489,1345.9
4921,943,306,6,2025-05-11 17:55:20.035337,826.98
4922,933,399,8,2025-05-13 00:50:02.655697,815.92
4923,568,314,5,2025-02-26 09:05:44.359178,194.1
4924,281,195,4,2025-11-05 08:34:06.012697,1995.96
4925,494,362,8,2025-06-16 00:19:09.667437,1589.28
4926,712,355,1,2025-07-10 17:46:49.002237,68.74
4927,97,272,5,2025-09-10 03:42:37.391398,1167.5
4928,51,302,8,2025-04-07 04:55:48.064064,1535.28
4929,728,403,1,2025-07-22 02:07:21.887928,136.38
4930,982,123,5,2024-11-16 04:25:55.494464,1169.5
4931,726,172,5,2025-04-15 23:31:28.467689,2173.45
4932,551,44,8,2024-12-26 22:29:57.430177,449.04
4933,214,148,4,2025-09-27 07:32:05.358058,786.36
4934,625,91,8,2025-03-11 15:07:50.258514,1996.4
4935,229,292,5,2025-01-20 11:43:24.821542,270.65
4936,835,362,3,2025-05-08 23:55:08.547440,595.98
4937,948,334,2,2025-07-25 23:02:39.622867,554.3
4938,635,472,6,2025-04-10 09:11:31.012843,310.98
4939,214,173,2,2025-09-02 12:13:25.942102,401.18
4940,229,106,5,2025-06-21 08:47:37.286063,1187.65
4941,614,432,2,2025-03-12 16:10:33.946525,112.94
4942,877,126,8,2025-07-24 11:59:17.051200,3256.64
4943,435,198,1,2025-02-13 17:45:59.576583,97.58
4944,818,470,4,2025-04-21 07:31:40.143811,1501.0
4945,189,287,1,2025-05-28 19:44:38.224992,393.35
4946,613,26,7,2025-02-10 23:39:17.275341,293.86
4947,625,247,1,2025-01-29 02:06:20.123080,322.04
4948,39,453,2,2025-02-20 02:27:24.854955,172.96
4949,850,216,3,2025-03-09 17:52:10.904701,527.7
4950,785,277,1,2024-12-19 19:44:41.544208,434.29
4951,830,499,7,2025-10-15 13:33:15.844754,690.2
4952,744,38,2,2025-01-13 03:24:19.342037,444.96
4953,913,60,6,2025-05-17 07:42:49.103352,504.3
4954,255,178,4,2025-08-31 16:50:10.855705,1870.2
4955,434,157,6,2024-12-14 06:42:38.303831,163.5
4956,434,323,3,2025-02-07 04:05:58.792943,799.74
4957,267,432,2,2025-08-13 19:10:36.365001,112.94
4958,299,164,3,2025-08-26 01:12:54.932468,392.97
4959,92,333,2,2025-06-08 21:39:27.118928,407.62
4960,534,84,7,2025-01-22 18:58:15.892138,1911.98
4961,745,157,9,2025-10-29 16:41:07.419109,245.25
4962,367,24,2,2025-02-26 05:39:25.255006,608.3
4963,284,323,6,2025-02-18 02:19:15.557480,1599.48
4964,58,164,5,2025-04-05 18:25:53.891764,654.95
4965,653,189,1,2024-11-07 23:50:21.905507,467.5
4966,894,167,1,2025-09-30 21:44:28.670170,412.95
4967,335,96,8,2024-11-15 10:00:06.694146,1217.76
4968,883,431,3,2025-05-08 02:44:58.349303,1206.93
4969,755,11,2,2025-02-01 03:57:52.298515,424.36
4970,855,241,3,2025-05-10 05:57:29.342088,1170.09
4971,306,374,9,2025-04-15 11:36:00.163240,3617.01
4972,498,117,1,2025-07-10 12:31:54.639504,164.1
4973,619,297,8,2024-11-30 02:35:59.022974,693.52
4974,840,106,1,2025-01-02 02:04:16.197033,237.53
4975,928,100,2,2025-01-02 15:33:05.881537,879.52
4976,806,395,1,2024-12-12 09:39:35.853156,169.67
4977,605,294,9,2024-12-31 13:58:56.349286,1042.11
4978,562,46,7,2025-09-10 06:34:52.959158,182.14
4979,969,90,6,2025-11-05 02:26:42.026164,915.06
4980,876,158,9,2025-07-07 07:11:03.730810,4315.5
4981,599,139,3,2025-03-29 11:29:18.132672,181.53
4982,698,132,1,2025-07-25 21:23:15.669460,222.45
4983,75,379,9,2025-10-22 18:00:53.306041,3763.98
4984,876,495,6,2025-05-12 12:16:25.245314,409.02
4985,547,69,9,2025-09-29 16:34:58.508530,191.25
4986,97,202,9,2025-07-13 09:00:20.128524,2125.26
4987,39,31,5,2024-12-24 22:05:13.978885,2213.45
4988,958,104,8,2025-08-21 12:38:10.813950,3267.84
4989,916,267,3,2025-10-28 19:20:01.473517,883.26
4990,922,6,3,2025-07-21 17:52:27.600163,988.02
4991,846,286,3,2025-01-02 20:38:37.835826,1232.82
4992,831,64,4,2024-11-14 02:40:56.890955,1469.96
4993,498,114,8,2025-04-20 04:09:23.933382,3661.2
4994,574,24,7,2025-08-28 22:29:02.740205,2129.05
4995,471,417,7,2024-12-12 21:11:58.119595,1008.49
4996,464,274,6,2024-12-13 18:42:16.408920,808.14
4997,619,280,2,2024-11-25 07:23:58.979892,609.4
4998,696,291,4,2025-02-11 09:48:08.078177,1643.4
4999,847,383,1,2025-01-21 14:57:40.624994,481.75
5000,834,298,5,2025-09-12 13:48:46.100876,1595.65
